source,benchmark,task,answer_format,question_id,original_id,question,prompt,groundtruth,verification_final
TimeBench,TimeDial,TimeDial,MC,TimeDial-TimeDial-362,563,"There is a two-person dialogue with several options.
Choose all appropriate options to substitute the <mask> in the dialogue, and each question has at least one correct option.
Dialogue: Person1:What did you say ?
Person2: I said it's a lovely day . Why don't we go for a walk ?
Person1: Well , I feel a little tired .
Person2: Come on ! A little labor , much health .
Person1: Then can you wait a few minutes ? I want to finish writing this letter .
Person2: Don't take too long . It would be a shame not to take advantage of such lovely weather .
Person1: I won't be long . <MASK> . Why don't you go ahead and I'll meet you in the park ?
Person2: I Believe I will . Look for me near the lake .

Options: A. No more than ten months
B. No more than ten minutes
C. No more than five minutes
D. No more than two years

","There is a two-person dialogue with several options.
Choose all appropriate options to substitute the <mask> in the dialogue, and each question has at least one correct option.
Dialogue: Person1:What did you say ?
Person2: I said it's a lovely day . Why don't we go for a walk ?
Person1: Well , I feel a little tired .
Person2: Come on ! A little labor , much health .
Person1: Then can you wait a few minutes ? I want to finish writing this letter .
Person2: Don't take too long . It would be a shame not to take advantage of such lovely weather .
Person1: I won't be long . <MASK> . Why don't you go ahead and I'll meet you in the park ?
Person2: I Believe I will . Look for me near the lake .

Options: A. No more than ten months
B. No more than ten minutes
C. No more than five minutes
D. No more than two years

Let's think step by step before providing your final answer. However, you must conclude your assessment with the statement: 'Thus, the correct answer is: X', where 'X' is simply the solution you've determined to be correct. Note that there may be more than one correct option, in which case you must list them all.",B. No more than ten minutes && C. No more than five minutes,1
TimeBench,TimeDial,TimeDial,MC,TimeDial-TimeDial-74,192,"There is a two-person dialogue with several options.
Choose all appropriate options to substitute the <mask> in the dialogue, and each question has at least one correct option.
Dialogue: Person1:How may I help you ?
Person2: I need to return these books .
Person1: Give them here .
Person2: Here they are .
Person1: It appears these books are <MASK> late .
Person2: I forgot they were due .
Person1: You do realize you are going to have to pay late fees , right ?
Person2: How much is the late fee ?
Person1: The late fee is 25 cents a day .
Person2: So I have to pay 25 cents for each day the books are late ?
Person1: It ' s 25 cents for each book .
Person2: That ' s a lot of money .
Options: A. 25 minutes 
B. 10 days due 
C. a day 
D. two weeks

","There is a two-person dialogue with several options.
Choose all appropriate options to substitute the <mask> in the dialogue, and each question has at least one correct option.
Dialogue: Person1:How may I help you ?
Person2: I need to return these books .
Person1: Give them here .
Person2: Here they are .
Person1: It appears these books are <MASK> late .
Person2: I forgot they were due .
Person1: You do realize you are going to have to pay late fees , right ?
Person2: How much is the late fee ?
Person1: The late fee is 25 cents a day .
Person2: So I have to pay 25 cents for each day the books are late ?
Person1: It ' s 25 cents for each book .
Person2: That ' s a lot of money .
Options: A. 25 minutes 
B. 10 days due 
C. a day 
D. two weeks

Let's think step by step before providing your final answer. However, you must conclude your assessment with the statement: 'Thus, the correct answer is: X', where 'X' is simply the solution you've determined to be correct. Note that there may be more than one correct option, in which case you must list them all.",B. 10 days due  && D. two weeks,1
TimeBench,TimeDial,TimeDial,MC,TimeDial-TimeDial-375,788,"There is a two-person dialogue with several options.
Choose all appropriate options to substitute the <mask> in the dialogue, and each question has at least one correct option.
Dialogue: Person1:Good morning ! My name is John White , import manager of the Garden Trading Company of New York .
Person2: Oh , how do you to Mr . White ? My name is Li Ming , here is my card .
Person1: Nice to meet you Mr.Li . We have learned about that you specialize in the export business of electronic products . As you enjoy the highest reputation in the commercial circle , we'd be please to enter into business relations with your firm .
Person2: We share the same desire . Have you seen the display of our products in the exhibition hall downstairs ?
Person1: Yes , I had a look just now , I feel we can do a lot of business in this line .
Person2: Sure , we can . You know , we are been in the line for more than twenty years , and I think our price are competitive comparing with those in the world market .
Person1: Our company enjoys a history of <MASK> , we have wide connection with wholesalers and retailers all over the America , and we have good reputation in the commercial circle .
Person2: Thank you for your information , we can hold more talks later on business details .
Person1: Sure .

Options: A. more than twenty days
B. more than hundred years
C. more than thirty years
D. more than twenty years

","There is a two-person dialogue with several options.
Choose all appropriate options to substitute the <mask> in the dialogue, and each question has at least one correct option.
Dialogue: Person1:Good morning ! My name is John White , import manager of the Garden Trading Company of New York .
Person2: Oh , how do you to Mr . White ? My name is Li Ming , here is my card .
Person1: Nice to meet you Mr.Li . We have learned about that you specialize in the export business of electronic products . As you enjoy the highest reputation in the commercial circle , we'd be please to enter into business relations with your firm .
Person2: We share the same desire . Have you seen the display of our products in the exhibition hall downstairs ?
Person1: Yes , I had a look just now , I feel we can do a lot of business in this line .
Person2: Sure , we can . You know , we are been in the line for more than twenty years , and I think our price are competitive comparing with those in the world market .
Person1: Our company enjoys a history of <MASK> , we have wide connection with wholesalers and retailers all over the America , and we have good reputation in the commercial circle .
Person2: Thank you for your information , we can hold more talks later on business details .
Person1: Sure .

Options: A. more than twenty days
B. more than hundred years
C. more than thirty years
D. more than twenty years

Let's think step by step before providing your final answer. However, you must conclude your assessment with the statement: 'Thus, the correct answer is: X', where 'X' is simply the solution you've determined to be correct. Note that there may be more than one correct option, in which case you must list them all.",C. more than thirty years && D. more than twenty years,1
TimeBench,TimeDial,TimeDial,MC,TimeDial-TimeDial-156,1072,"There is a two-person dialogue with several options.
Choose all appropriate options to substitute the <mask> in the dialogue, and each question has at least one correct option.
Dialogue: Person1:I ' m tired , Larry . Can we have a break ?
Person2: What ? You ' re tired ? But we just started <MASK> .
Person1: I know , but I ' m really tired . My stomach feels funny .
Person2: What ' s the matter ? Didn ' t you sleep well last night ?
Person1: I was too excited to sleep last night . I didn ' t go to sleep until quite late .
Person2: Then when did you go to sleep ?
Person1: About 2 o ' clock in the morning .
Person2: When ?
Person1: About 2 o ' clock .
Person2: Oh , Susie . Didn ' t I tell you over and over again that you wouldn ' t be able to climb the mountain unless you got enough sleep ?
Person1: You did , but I can ' t help it .
Person2: This is a one-day trip . We ' ll have to keep going and try to reach the top by noon or give up right now and go home . Which one do you choose ?
Person1: Which one do I choose ? I don ' t want to give up , but I really feel tired .
Person2: So , make up your mind quickly . Whether to keep going or give up .
Person1: Let me think about it . What should I do ? I think I will not give up .

Options: A. About two seconds ago
B. about twenty minutes ago
C. About four hours ago
D. About fifteen minutes ago

","There is a two-person dialogue with several options.
Choose all appropriate options to substitute the <mask> in the dialogue, and each question has at least one correct option.
Dialogue: Person1:I ' m tired , Larry . Can we have a break ?
Person2: What ? You ' re tired ? But we just started <MASK> .
Person1: I know , but I ' m really tired . My stomach feels funny .
Person2: What ' s the matter ? Didn ' t you sleep well last night ?
Person1: I was too excited to sleep last night . I didn ' t go to sleep until quite late .
Person2: Then when did you go to sleep ?
Person1: About 2 o ' clock in the morning .
Person2: When ?
Person1: About 2 o ' clock .
Person2: Oh , Susie . Didn ' t I tell you over and over again that you wouldn ' t be able to climb the mountain unless you got enough sleep ?
Person1: You did , but I can ' t help it .
Person2: This is a one-day trip . We ' ll have to keep going and try to reach the top by noon or give up right now and go home . Which one do you choose ?
Person1: Which one do I choose ? I don ' t want to give up , but I really feel tired .
Person2: So , make up your mind quickly . Whether to keep going or give up .
Person1: Let me think about it . What should I do ? I think I will not give up .

Options: A. About two seconds ago
B. about twenty minutes ago
C. About four hours ago
D. About fifteen minutes ago

Let's think step by step before providing your final answer. However, you must conclude your assessment with the statement: 'Thus, the correct answer is: X', where 'X' is simply the solution you've determined to be correct. Note that there may be more than one correct option, in which case you must list them all.",B. about twenty minutes ago && D. About fifteen minutes ago,1
TimeBench,TimeDial,TimeDial,MC,TimeDial-TimeDial-378,755,"There is a two-person dialogue with several options.
Choose all appropriate options to substitute the <mask> in the dialogue, and each question has at least one correct option.
Dialogue: Person1:I know that you are interested in our washers .
Person2: Yes , we are thinking of placing an order . However we would like to know what kinds of machines are available for export and in addition your sales terms , including mode of payment , discount and possible date of delivery .
Person1: We supply washers of all types and sizes . We have years of experience in the manufacture of washers .
Person2: We have read about this in your sales literature . Could you give us some idea of your prices ?
Person1: Our prices compare favorably with those offered by other manufactures either in Europe or anywhere else . Here are our latest price lists . You will see that our prices are very attractive .
Person2: Do you take special orders ? That is , do you make machines according to the specific requirements from clients ?
Person1: Sure , we do .
Person2: How long does it usually take you to make delivery ?
Person1: As a rule , we deliver all our orders within three months after receipt of relevant L / C . It takes longer , of course , for special orders . In no case would it take longer than <MASK> .
Person2: Good . One more thing , we'd like you to quote us on CIF basis .
Person1: Okay . No problem .

Options: A. three years 
B. 120 months 
C. six months
D. four months 

","There is a two-person dialogue with several options.
Choose all appropriate options to substitute the <mask> in the dialogue, and each question has at least one correct option.
Dialogue: Person1:I know that you are interested in our washers .
Person2: Yes , we are thinking of placing an order . However we would like to know what kinds of machines are available for export and in addition your sales terms , including mode of payment , discount and possible date of delivery .
Person1: We supply washers of all types and sizes . We have years of experience in the manufacture of washers .
Person2: We have read about this in your sales literature . Could you give us some idea of your prices ?
Person1: Our prices compare favorably with those offered by other manufactures either in Europe or anywhere else . Here are our latest price lists . You will see that our prices are very attractive .
Person2: Do you take special orders ? That is , do you make machines according to the specific requirements from clients ?
Person1: Sure , we do .
Person2: How long does it usually take you to make delivery ?
Person1: As a rule , we deliver all our orders within three months after receipt of relevant L / C . It takes longer , of course , for special orders . In no case would it take longer than <MASK> .
Person2: Good . One more thing , we'd like you to quote us on CIF basis .
Person1: Okay . No problem .

Options: A. three years 
B. 120 months 
C. six months
D. four months 

Let's think step by step before providing your final answer. However, you must conclude your assessment with the statement: 'Thus, the correct answer is: X', where 'X' is simply the solution you've determined to be correct. Note that there may be more than one correct option, in which case you must list them all.",C. six months && D. four months ,1
TimeBench,TimeDial,TimeDial,MC,TimeDial-TimeDial-451,370,"There is a two-person dialogue with several options.
Choose all appropriate options to substitute the <mask> in the dialogue, and each question has at least one correct option.
Dialogue: Person1:Good morning ! May I help you ?
Person2: Yes . My wife and I are interested in renting a house for the summer .
Person1: Do you want a furnished house or an unfurnished one ?
Person2: Furnished .
Person1: Very well . How long do you want the house ? All summer ?
Person2: No , not all summer . Just for six weeks .
Person1: I'm afraid I can only rent it for <MASK> .
Person2: My holiday is only six weeks , but I think my brother and his family would take it for the other two weeks . Is the house in good condition ?
Person1: Yes , it is . It was just painted and it has all the modern conveniences .
Options: A. two weeks
B. two months
C. six days 
D. three months 

","There is a two-person dialogue with several options.
Choose all appropriate options to substitute the <mask> in the dialogue, and each question has at least one correct option.
Dialogue: Person1:Good morning ! May I help you ?
Person2: Yes . My wife and I are interested in renting a house for the summer .
Person1: Do you want a furnished house or an unfurnished one ?
Person2: Furnished .
Person1: Very well . How long do you want the house ? All summer ?
Person2: No , not all summer . Just for six weeks .
Person1: I'm afraid I can only rent it for <MASK> .
Person2: My holiday is only six weeks , but I think my brother and his family would take it for the other two weeks . Is the house in good condition ?
Person1: Yes , it is . It was just painted and it has all the modern conveniences .
Options: A. two weeks
B. two months
C. six days 
D. three months 

Let's think step by step before providing your final answer. However, you must conclude your assessment with the statement: 'Thus, the correct answer is: X', where 'X' is simply the solution you've determined to be correct. Note that there may be more than one correct option, in which case you must list them all.",B. two months && D. three months ,1
TimeBench,TimeDial,TimeDial,MC,TimeDial-TimeDial-407,276,"There is a two-person dialogue with several options.
Choose all appropriate options to substitute the <mask> in the dialogue, and each question has at least one correct option.
Dialogue: Person1:You won ' t believe who ' s been elected to do overtime on the Baker account ! Me ! I ' Ve already logged in <MASK> of overtime !
Person2: Wow ! Why so much ? I thought they were getting you an assistant .
Person1: They were supposed to , but so far nobody ' s turned up , and I ' m left on my own to do the work . This is the first break I ' Ve had all day .
Person2: They ' re really running you into the ground . Why don ' t you ask for some time off ? You could take a long weekend and go away somewhere .
Options: A. five days
B. two minutes
C. 21 hours
D. 20 hours

","There is a two-person dialogue with several options.
Choose all appropriate options to substitute the <mask> in the dialogue, and each question has at least one correct option.
Dialogue: Person1:You won ' t believe who ' s been elected to do overtime on the Baker account ! Me ! I ' Ve already logged in <MASK> of overtime !
Person2: Wow ! Why so much ? I thought they were getting you an assistant .
Person1: They were supposed to , but so far nobody ' s turned up , and I ' m left on my own to do the work . This is the first break I ' Ve had all day .
Person2: They ' re really running you into the ground . Why don ' t you ask for some time off ? You could take a long weekend and go away somewhere .
Options: A. five days
B. two minutes
C. 21 hours
D. 20 hours

Let's think step by step before providing your final answer. However, you must conclude your assessment with the statement: 'Thus, the correct answer is: X', where 'X' is simply the solution you've determined to be correct. Note that there may be more than one correct option, in which case you must list them all.",C. 21 hours && D. 20 hours,1
TimeBench,TimeDial,TimeDial,MC,TimeDial-TimeDial-496,1059,"There is a two-person dialogue with several options.
Choose all appropriate options to substitute the <mask> in the dialogue, and each question has at least one correct option.
Dialogue: Person1:In my country , we go to school from <MASK> until five in the afternoon .
Person2: Five days a week , too ?
Person1: Actually , five and a half.On Saturday , we have classes only in the morning .
Person2: Gosh !
Person1: That's too much for us really .
Person2: Where are you going now ?
Person1: I'm going to try to find out where the school is located .
Person2: When do you start school ?
Person1: I'm going to register right now .
Person2: That's good .

Options: A. 12 o'clock in the morning
B. 8 o'clock in the morning
C. 5 o'clock in the morning
D. 9 o'clock in the morning

","There is a two-person dialogue with several options.
Choose all appropriate options to substitute the <mask> in the dialogue, and each question has at least one correct option.
Dialogue: Person1:In my country , we go to school from <MASK> until five in the afternoon .
Person2: Five days a week , too ?
Person1: Actually , five and a half.On Saturday , we have classes only in the morning .
Person2: Gosh !
Person1: That's too much for us really .
Person2: Where are you going now ?
Person1: I'm going to try to find out where the school is located .
Person2: When do you start school ?
Person1: I'm going to register right now .
Person2: That's good .

Options: A. 12 o'clock in the morning
B. 8 o'clock in the morning
C. 5 o'clock in the morning
D. 9 o'clock in the morning

Let's think step by step before providing your final answer. However, you must conclude your assessment with the statement: 'Thus, the correct answer is: X', where 'X' is simply the solution you've determined to be correct. Note that there may be more than one correct option, in which case you must list them all.",B. 8 o'clock in the morning && D. 9 o'clock in the morning,1
TimeBench,TimeDial,TimeDial,MC,TimeDial-TimeDial-31,438,"There is a two-person dialogue with several options.
Choose all appropriate options to substitute the <mask> in the dialogue, and each question has at least one correct option.
Dialogue: Person1:Can you develop the roll of film ?
Person2: Sure .
Person1: How long does it take ?
Person2: 6 hours . If you are in a hurry we can develop it in <MASK> .
Person1: There is no need . I will come back tomorrow .

Options: A. 3 hours
B. 1 minute
C. 2 hours
D. 12 hours

","There is a two-person dialogue with several options.
Choose all appropriate options to substitute the <mask> in the dialogue, and each question has at least one correct option.
Dialogue: Person1:Can you develop the roll of film ?
Person2: Sure .
Person1: How long does it take ?
Person2: 6 hours . If you are in a hurry we can develop it in <MASK> .
Person1: There is no need . I will come back tomorrow .

Options: A. 3 hours
B. 1 minute
C. 2 hours
D. 12 hours

Let's think step by step before providing your final answer. However, you must conclude your assessment with the statement: 'Thus, the correct answer is: X', where 'X' is simply the solution you've determined to be correct. Note that there may be more than one correct option, in which case you must list them all.",A. 3 hours && C. 2 hours,1
TimeBench,TimeDial,TimeDial,MC,TimeDial-TimeDial-409,1298,"There is a two-person dialogue with several options.
Choose all appropriate options to substitute the <mask> in the dialogue, and each question has at least one correct option.
Dialogue: Person1:Hi , I need a hotel room .
Person2: That's no problem at all . May I have your name , please ?
Person1: Certainly . My name is John Sandals .
Person2: It's a pleasure , Mr . Sandals . My name is Michelle . What days will you need a room ?
Person1: <MASK> through Monday morning , April 17 .
Person2: One minor problem , sir . Our prices are now slightly higher . Is that acceptable , sir ?
Person1: Please tell me the price , so I can make a decision .
Person2: It'll be $ 308 nightly .
Person1: That's a reasonable price .
Person2: Good ! Now , sir , do you have a preference for smoking or nonsmoking ?
Person1: I quit smoking , so nonsmoking .
Person2: I hear you , sir . Nonsmoking . Now , about the bed , is a queen-size okay ?
Person1: A queen sounds great .
Person2: Okay , sir , let me reserve those dates , there . Now , if you'll just tell me your phone number .
Person1: That would be 626-555-1739 .
Person2: That's 626-555-1739 . Thank you so much for choosing our hotel , sir !

Options: A. Saturday evening , April 15
B. Friday afternoon , April 14
C. Thursday night , October 7
D. Monday morning , January 17

","There is a two-person dialogue with several options.
Choose all appropriate options to substitute the <mask> in the dialogue, and each question has at least one correct option.
Dialogue: Person1:Hi , I need a hotel room .
Person2: That's no problem at all . May I have your name , please ?
Person1: Certainly . My name is John Sandals .
Person2: It's a pleasure , Mr . Sandals . My name is Michelle . What days will you need a room ?
Person1: <MASK> through Monday morning , April 17 .
Person2: One minor problem , sir . Our prices are now slightly higher . Is that acceptable , sir ?
Person1: Please tell me the price , so I can make a decision .
Person2: It'll be $ 308 nightly .
Person1: That's a reasonable price .
Person2: Good ! Now , sir , do you have a preference for smoking or nonsmoking ?
Person1: I quit smoking , so nonsmoking .
Person2: I hear you , sir . Nonsmoking . Now , about the bed , is a queen-size okay ?
Person1: A queen sounds great .
Person2: Okay , sir , let me reserve those dates , there . Now , if you'll just tell me your phone number .
Person1: That would be 626-555-1739 .
Person2: That's 626-555-1739 . Thank you so much for choosing our hotel , sir !

Options: A. Saturday evening , April 15
B. Friday afternoon , April 14
C. Thursday night , October 7
D. Monday morning , January 17

Let's think step by step before providing your final answer. However, you must conclude your assessment with the statement: 'Thus, the correct answer is: X', where 'X' is simply the solution you've determined to be correct. Note that there may be more than one correct option, in which case you must list them all.","A. Saturday evening , April 15 && B. Friday afternoon , April 14",1
TimeBench,TimeDial,TimeDial,MC,TimeDial-TimeDial-491,541,"There is a two-person dialogue with several options.
Choose all appropriate options to substitute the <mask> in the dialogue, and each question has at least one correct option.
Dialogue: Person1:Hello ?
Person2: Hi Steve . This is Mike . What are you doing ?
Person1: Oh , hi . I was just watching TV .
Person2: There's nothing to watch right now .
Person1: I know . I was watching a re-run . I have nothing to do and I was bored .
Person2: Me too . Let's get together and do something .
Person1: I'd like to , but I have to meet my parents in an hour for dinner . How about tomorrow ?
Person2: Yeah . Let's plan something tomorrow .
Person1: Did you hear the weather forecast for tomorrow ?
Person2: I think it is going to be the same as today . Clear and sunny .
Person1: That's great . We can do something outdoors then .
Person2: Are there any special events going on tomorrow ?
Person1: Yeah . I think there's a live outdoor concert by the river tomorrow .
Person2: Oh yeah . I heard about that too . Let's go check it out .
Person1: Do you know what time it starts ?
Person2: It starts at <MASK> .
Person1: Let's meet for lunch at eleven thirty and afterwards , we can head over there .
Person2: Perfect . I'll see you in front of the apartment at eleven thirty .

Options: A. Two AM
B. one PM
C. Five AM
D. Twelve PM

","There is a two-person dialogue with several options.
Choose all appropriate options to substitute the <mask> in the dialogue, and each question has at least one correct option.
Dialogue: Person1:Hello ?
Person2: Hi Steve . This is Mike . What are you doing ?
Person1: Oh , hi . I was just watching TV .
Person2: There's nothing to watch right now .
Person1: I know . I was watching a re-run . I have nothing to do and I was bored .
Person2: Me too . Let's get together and do something .
Person1: I'd like to , but I have to meet my parents in an hour for dinner . How about tomorrow ?
Person2: Yeah . Let's plan something tomorrow .
Person1: Did you hear the weather forecast for tomorrow ?
Person2: I think it is going to be the same as today . Clear and sunny .
Person1: That's great . We can do something outdoors then .
Person2: Are there any special events going on tomorrow ?
Person1: Yeah . I think there's a live outdoor concert by the river tomorrow .
Person2: Oh yeah . I heard about that too . Let's go check it out .
Person1: Do you know what time it starts ?
Person2: It starts at <MASK> .
Person1: Let's meet for lunch at eleven thirty and afterwards , we can head over there .
Person2: Perfect . I'll see you in front of the apartment at eleven thirty .

Options: A. Two AM
B. one PM
C. Five AM
D. Twelve PM

Let's think step by step before providing your final answer. However, you must conclude your assessment with the statement: 'Thus, the correct answer is: X', where 'X' is simply the solution you've determined to be correct. Note that there may be more than one correct option, in which case you must list them all.",B. one PM && D. Twelve PM,1
TimeBench,TimeDial,TimeDial,MC,TimeDial-TimeDial-492,398,"There is a two-person dialogue with several options.
Choose all appropriate options to substitute the <mask> in the dialogue, and each question has at least one correct option.
Dialogue: Person1:Excuse me , could you tell me which line I ' m supposed to stand in to buy bubble wrap and to post a package ?
Person2: You can buy the bubble wrap here , but you ' ll have to stand in line over here to post your package .
Person1: That ' s a really long line . How long do you think it ' ll take to get through all those people ?
Person2: It takes <MASK> per person , so it ' ll probably be about an hour ' s wait .
Person1: Can I buy stamps here ?
Person2: Sure . How many would you like ?
Person1: I need 30 for my Christmas cards .
Person2: Are you sending them abroad ?
Person1: Twenty of them are going abroad to China and America .
Person2: Do you have any going anywhere in the EU ? If you do , those are less expensive .
Person1: No .
Person2: Ok , here you go . That will be 18 pounds and seventy two pence .
Person1: And the bubble wrap ?
Person2: That ' s another quid .
Person1: Thanks a lot . You ' Ve been very helpful .

Options: A. about 18 seconds
B. about 4 minutes
C. about 3 minutes
D. about 30 hours

","There is a two-person dialogue with several options.
Choose all appropriate options to substitute the <mask> in the dialogue, and each question has at least one correct option.
Dialogue: Person1:Excuse me , could you tell me which line I ' m supposed to stand in to buy bubble wrap and to post a package ?
Person2: You can buy the bubble wrap here , but you ' ll have to stand in line over here to post your package .
Person1: That ' s a really long line . How long do you think it ' ll take to get through all those people ?
Person2: It takes <MASK> per person , so it ' ll probably be about an hour ' s wait .
Person1: Can I buy stamps here ?
Person2: Sure . How many would you like ?
Person1: I need 30 for my Christmas cards .
Person2: Are you sending them abroad ?
Person1: Twenty of them are going abroad to China and America .
Person2: Do you have any going anywhere in the EU ? If you do , those are less expensive .
Person1: No .
Person2: Ok , here you go . That will be 18 pounds and seventy two pence .
Person1: And the bubble wrap ?
Person2: That ' s another quid .
Person1: Thanks a lot . You ' Ve been very helpful .

Options: A. about 18 seconds
B. about 4 minutes
C. about 3 minutes
D. about 30 hours

Let's think step by step before providing your final answer. However, you must conclude your assessment with the statement: 'Thus, the correct answer is: X', where 'X' is simply the solution you've determined to be correct. Note that there may be more than one correct option, in which case you must list them all.",B. about 4 minutes && C. about 3 minutes,1
TimeBench,TimeDial,TimeDial,MC,TimeDial-TimeDial-357,132,"There is a two-person dialogue with several options.
Choose all appropriate options to substitute the <mask> in the dialogue, and each question has at least one correct option.
Dialogue: Person1:Excuse me . How long has it been since the business was founded ?
Person2: It has been <MASK> since it was founded in 1998 .
Person1: So , it has a history for more than a decade ?
Person2: Yes . And it was incorporated with other businesses in 2008 due to the global financial crisis .
Options: A. 2 months
B. 98 years
C. 15 years
D. 12 years

","There is a two-person dialogue with several options.
Choose all appropriate options to substitute the <mask> in the dialogue, and each question has at least one correct option.
Dialogue: Person1:Excuse me . How long has it been since the business was founded ?
Person2: It has been <MASK> since it was founded in 1998 .
Person1: So , it has a history for more than a decade ?
Person2: Yes . And it was incorporated with other businesses in 2008 due to the global financial crisis .
Options: A. 2 months
B. 98 years
C. 15 years
D. 12 years

Let's think step by step before providing your final answer. However, you must conclude your assessment with the statement: 'Thus, the correct answer is: X', where 'X' is simply the solution you've determined to be correct. Note that there may be more than one correct option, in which case you must list them all.",C. 15 years && D. 12 years,0
TimeBench,TimeDial,TimeDial,MC,TimeDial-TimeDial-77,26,"There is a two-person dialogue with several options.
Choose all appropriate options to substitute the <mask> in the dialogue, and each question has at least one correct option.
Dialogue: Person1:Finally the class is over . Be quick . Ben must have been waiting for long .
Person2: Oh , I am so tired . My back is sore and my neck hurts .
Person1: That's normal . You have been sitting for <MASK> , with your attention highly concentrated .
Person2: You are wrong , Shirley . I was always absent-minded in the class . I meant to concentrate on the class , but I was just so tired . Maybe I am old .
Person1: No . You are just burning yourself out these days . Have a good rest and you will feel energetic again .
Person2: One of my friends took the Adult College Entrance Exam last year . He filled the school column with his name , and his score was relinquished .
Person1: How could he make such a silly mistake ?
Person2: He said he hadn't taken any exams for ten years , and couldn't get used to it immediately . He was extremely nervous then .
Person1: He lost a very good chance to go to college , didn't he ?
Person2: Yeah . The test was fairly easy and almost every test-taker could pass that exam . Adult College Entrance Exam is much easier than college entrance exam . And there are fewer subjects .
Person1: That's a very good lesson . We must familiarize ourselves with the exam from now on .
Options: A. three hours
B. ten years
C. four hours
D. three seconds

","There is a two-person dialogue with several options.
Choose all appropriate options to substitute the <mask> in the dialogue, and each question has at least one correct option.
Dialogue: Person1:Finally the class is over . Be quick . Ben must have been waiting for long .
Person2: Oh , I am so tired . My back is sore and my neck hurts .
Person1: That's normal . You have been sitting for <MASK> , with your attention highly concentrated .
Person2: You are wrong , Shirley . I was always absent-minded in the class . I meant to concentrate on the class , but I was just so tired . Maybe I am old .
Person1: No . You are just burning yourself out these days . Have a good rest and you will feel energetic again .
Person2: One of my friends took the Adult College Entrance Exam last year . He filled the school column with his name , and his score was relinquished .
Person1: How could he make such a silly mistake ?
Person2: He said he hadn't taken any exams for ten years , and couldn't get used to it immediately . He was extremely nervous then .
Person1: He lost a very good chance to go to college , didn't he ?
Person2: Yeah . The test was fairly easy and almost every test-taker could pass that exam . Adult College Entrance Exam is much easier than college entrance exam . And there are fewer subjects .
Person1: That's a very good lesson . We must familiarize ourselves with the exam from now on .
Options: A. three hours
B. ten years
C. four hours
D. three seconds

Let's think step by step before providing your final answer. However, you must conclude your assessment with the statement: 'Thus, the correct answer is: X', where 'X' is simply the solution you've determined to be correct. Note that there may be more than one correct option, in which case you must list them all.",A. three hours && C. four hours,1
TimeBench,TimeDial,TimeDial,MC,TimeDial-TimeDial-462,1248,"There is a two-person dialogue with several options.
Choose all appropriate options to substitute the <mask> in the dialogue, and each question has at least one correct option.
Dialogue: Person1:Can you give me more details on what is included in the package ?
Person2: Sure . The coach leaves at 6:30 a . m . , in front of our office . The drive takes <MASK> , with two stops to see some sights .
Person1: What about the hotel accommodations ?
Person2: You'll be staying at Holiday Inn . It's a three-star hotel with two restaurants and a swimming pool .
Person1: Great . What types of things will we do at Lushun Falls ?
Person2: The second day you take a four-hour city tour . In the afternoon you go on the famous boat cruise under the falls .

Options: A. Nine hours
B. eight hours
C. Five seconds
D. Four minutes

","There is a two-person dialogue with several options.
Choose all appropriate options to substitute the <mask> in the dialogue, and each question has at least one correct option.
Dialogue: Person1:Can you give me more details on what is included in the package ?
Person2: Sure . The coach leaves at 6:30 a . m . , in front of our office . The drive takes <MASK> , with two stops to see some sights .
Person1: What about the hotel accommodations ?
Person2: You'll be staying at Holiday Inn . It's a three-star hotel with two restaurants and a swimming pool .
Person1: Great . What types of things will we do at Lushun Falls ?
Person2: The second day you take a four-hour city tour . In the afternoon you go on the famous boat cruise under the falls .

Options: A. Nine hours
B. eight hours
C. Five seconds
D. Four minutes

Let's think step by step before providing your final answer. However, you must conclude your assessment with the statement: 'Thus, the correct answer is: X', where 'X' is simply the solution you've determined to be correct. Note that there may be more than one correct option, in which case you must list them all.",A. Nine hours && B. eight hours,1
TimeBench,TimeDial,TimeDial,MC,TimeDial-TimeDial-498,1169,"There is a two-person dialogue with several options.
Choose all appropriate options to substitute the <mask> in the dialogue, and each question has at least one correct option.
Dialogue: Person1:Welcome to the Consultancy Department , I'm Greg Wu . What can I assist you with today ?
Person2: I need to do a credit investigation on another company , but I'm worried it'll be a bit difficult .
Person1: How so ?
Person2: Well , it's an American company , you see . I'm worried that there will be too much red tape involved .
Person1: We are able to do credit investigations globally . You have no need to worry .
Person2: Really ? I have been told , by another bank , that it makes it difficult if you want to investigate a company which is registered outside China .
Person1: <MASK> , maybe yes . But nowadays we are a global village , it's easy to deal with any foreign country .
Person2: I'm not exactly prepared right now . How about I go back to the office , get the relevant information and come back before closing ?
Person1: I'll look forward to it and make sure all of the paperwork is ready and waiting .
Person2: I'll return at about 4:30 pm . See you then .

Options: A. 10 years ago
B. 10 decades ago
C. 12 years ago
D. 430 seconds ago

","There is a two-person dialogue with several options.
Choose all appropriate options to substitute the <mask> in the dialogue, and each question has at least one correct option.
Dialogue: Person1:Welcome to the Consultancy Department , I'm Greg Wu . What can I assist you with today ?
Person2: I need to do a credit investigation on another company , but I'm worried it'll be a bit difficult .
Person1: How so ?
Person2: Well , it's an American company , you see . I'm worried that there will be too much red tape involved .
Person1: We are able to do credit investigations globally . You have no need to worry .
Person2: Really ? I have been told , by another bank , that it makes it difficult if you want to investigate a company which is registered outside China .
Person1: <MASK> , maybe yes . But nowadays we are a global village , it's easy to deal with any foreign country .
Person2: I'm not exactly prepared right now . How about I go back to the office , get the relevant information and come back before closing ?
Person1: I'll look forward to it and make sure all of the paperwork is ready and waiting .
Person2: I'll return at about 4:30 pm . See you then .

Options: A. 10 years ago
B. 10 decades ago
C. 12 years ago
D. 430 seconds ago

Let's think step by step before providing your final answer. However, you must conclude your assessment with the statement: 'Thus, the correct answer is: X', where 'X' is simply the solution you've determined to be correct. Note that there may be more than one correct option, in which case you must list them all.",A. 10 years ago && C. 12 years ago,1
TimeBench,TimeDial,TimeDial,MC,TimeDial-TimeDial-212,1220,"There is a two-person dialogue with several options.
Choose all appropriate options to substitute the <mask> in the dialogue, and each question has at least one correct option.
Dialogue: Person1:So how did you meet Bill ?
Person2: I met him through a computer bulletin board .
Person1: Oh , really ? Which bulletin board ?
Person2: It was one I used down at the local coffee house called the San Francisco Net . It's been around since around <MASK> .
Person1: I've heard about that , but I've never tried it .
Person2: You ought to . One dollar buys you 15 minutes of computer time . A Chat session links you with cappuccino sippers in other cafes and also to home computers on the network .
Person1: I have no desire to talk on a network with a bunch of strangers .
Person2: That's the whole point . All your inhibitions disappear because you can ' t see the other person . This network allows you to talk to people whom you normally wouldn ' t talk to .
Person1: I just want a private conversation with one other person .
Person2: You can do that . A private session lets two people talk alone . This techno-chat program lets you talk about anything with everybody , without prejudice because you can ' t see them .
Person1: Well , maybe I'll tag along and watch how you talk .
Person2: That's fine with me , but we'll have to get there early . Because after 8 pm , there is always a long line .
Person1: It ' s that popular ?
Person2: It sure is .

Options: A. 1947
B. 1990
C. 2000
D. 1991

","There is a two-person dialogue with several options.
Choose all appropriate options to substitute the <mask> in the dialogue, and each question has at least one correct option.
Dialogue: Person1:So how did you meet Bill ?
Person2: I met him through a computer bulletin board .
Person1: Oh , really ? Which bulletin board ?
Person2: It was one I used down at the local coffee house called the San Francisco Net . It's been around since around <MASK> .
Person1: I've heard about that , but I've never tried it .
Person2: You ought to . One dollar buys you 15 minutes of computer time . A Chat session links you with cappuccino sippers in other cafes and also to home computers on the network .
Person1: I have no desire to talk on a network with a bunch of strangers .
Person2: That's the whole point . All your inhibitions disappear because you can ' t see the other person . This network allows you to talk to people whom you normally wouldn ' t talk to .
Person1: I just want a private conversation with one other person .
Person2: You can do that . A private session lets two people talk alone . This techno-chat program lets you talk about anything with everybody , without prejudice because you can ' t see them .
Person1: Well , maybe I'll tag along and watch how you talk .
Person2: That's fine with me , but we'll have to get there early . Because after 8 pm , there is always a long line .
Person1: It ' s that popular ?
Person2: It sure is .

Options: A. 1947
B. 1990
C. 2000
D. 1991

Let's think step by step before providing your final answer. However, you must conclude your assessment with the statement: 'Thus, the correct answer is: X', where 'X' is simply the solution you've determined to be correct. Note that there may be more than one correct option, in which case you must list them all.",B. 1990 && D. 1991,1
TimeBench,TimeDial,TimeDial,MC,TimeDial-TimeDial-102,1380,"There is a two-person dialogue with several options.
Choose all appropriate options to substitute the <mask> in the dialogue, and each question has at least one correct option.
Dialogue: Person1:Could I ask some questions regarding to the social benefits ?
Person2: Go ahead , please .
Person1: How long is my paid vacation every year ?
Person2: You ' ll have <MASK> paid vacation every year .
Person1: What about the insurance and housing policies ?
Person2: We will provide you wit life insurance , health insurance , accident insurance , housing benefits , heating allowance and transportation allowance .
Person1: How often is the bonus ?
Person2: You ' ll be paid a bonus at the end of every year .
Person1: Do I have training opportunities ?
Person2: We provide our employees with training opportunities at home and abroad .
Person1: Well , I don ' t have any other questions so far . I would like to think a couple of days before I give you my final answer .
Person2: Sure . I will ask Lucy to call you in two days .
Person1: Ok , thank you for your time and patience .
Person2: You ' re welcome .

Options: A. 10 days
B. Three months
C. One day
D. 15 days

","There is a two-person dialogue with several options.
Choose all appropriate options to substitute the <mask> in the dialogue, and each question has at least one correct option.
Dialogue: Person1:Could I ask some questions regarding to the social benefits ?
Person2: Go ahead , please .
Person1: How long is my paid vacation every year ?
Person2: You ' ll have <MASK> paid vacation every year .
Person1: What about the insurance and housing policies ?
Person2: We will provide you wit life insurance , health insurance , accident insurance , housing benefits , heating allowance and transportation allowance .
Person1: How often is the bonus ?
Person2: You ' ll be paid a bonus at the end of every year .
Person1: Do I have training opportunities ?
Person2: We provide our employees with training opportunities at home and abroad .
Person1: Well , I don ' t have any other questions so far . I would like to think a couple of days before I give you my final answer .
Person2: Sure . I will ask Lucy to call you in two days .
Person1: Ok , thank you for your time and patience .
Person2: You ' re welcome .

Options: A. 10 days
B. Three months
C. One day
D. 15 days

Let's think step by step before providing your final answer. However, you must conclude your assessment with the statement: 'Thus, the correct answer is: X', where 'X' is simply the solution you've determined to be correct. Note that there may be more than one correct option, in which case you must list them all.",A. 10 days && D. 15 days,1
TimeBench,TimeDial,TimeDial,MC,TimeDial-TimeDial-335,1156,"There is a two-person dialogue with several options.
Choose all appropriate options to substitute the <mask> in the dialogue, and each question has at least one correct option.
Dialogue: Person1:What will I earn per year in this job ?
Person2: You can expect to earn sixty-five thousand dollars per year .
Person1: Are we covered by a good benefits plan ?
Person2: The job has a menu plan where you are given a fixed amount of money and you choose what you most need in terms of benefits .
Person1: Can we take personal days off ?
Person2: You get <MASK> paid vacation and an additional 10 days of sick leave .
Person1: What do you offer in terms of a retirement plan ?
Person2: We do not currently offer any retirement plan .
Person1: Do you reimburse for education that relates to my job ?
Person2: We allow several weeks release time each year for our employees to attend job-related seminars and conferences .
Person1: Do you have a benefits brochure ?
Person2: Whoa ! Who said you got the job ?
Options: A. 2 weeks
B. Two months
C. 2 and half weeks 
D. One year

","There is a two-person dialogue with several options.
Choose all appropriate options to substitute the <mask> in the dialogue, and each question has at least one correct option.
Dialogue: Person1:What will I earn per year in this job ?
Person2: You can expect to earn sixty-five thousand dollars per year .
Person1: Are we covered by a good benefits plan ?
Person2: The job has a menu plan where you are given a fixed amount of money and you choose what you most need in terms of benefits .
Person1: Can we take personal days off ?
Person2: You get <MASK> paid vacation and an additional 10 days of sick leave .
Person1: What do you offer in terms of a retirement plan ?
Person2: We do not currently offer any retirement plan .
Person1: Do you reimburse for education that relates to my job ?
Person2: We allow several weeks release time each year for our employees to attend job-related seminars and conferences .
Person1: Do you have a benefits brochure ?
Person2: Whoa ! Who said you got the job ?
Options: A. 2 weeks
B. Two months
C. 2 and half weeks 
D. One year

Let's think step by step before providing your final answer. However, you must conclude your assessment with the statement: 'Thus, the correct answer is: X', where 'X' is simply the solution you've determined to be correct. Note that there may be more than one correct option, in which case you must list them all.",A. 2 weeks && C. 2 and half weeks ,1
TimeBench,TimeDial,TimeDial,MC,TimeDial-TimeDial-174,923,"There is a two-person dialogue with several options.
Choose all appropriate options to substitute the <mask> in the dialogue, and each question has at least one correct option.
Dialogue: Person1:Hello , how are you today . Here for your <MASK> check-up ?
Person2: I'm fine , Dr . Beecham . Yes , just a cleaning and check-up today .
Person1: Oh , fine . Let's take a look .
Person2: ( She probed my teeth and checked my gums . ) Well , it looks like you have a cavity and your crown is loose . We need to fill that cavity before it gets any worse and the crown needs to be refitted . Make an appointment for next week and I'll take care of them .
Person1: Okay , I'll do that , but my crown was just put on last year . Will my dental insurance cover the work ?
Person2: Since you had that done here , we'll take care of it . There won't be a charge . And , your insurance should cover the work on the cavity . Now , I'm going to have the hygienist do your cleaning and I'll see you soon for the other work .
Person1: Thanks , doctor .

Options: A. five year 
B. six month
C. three month 
D. two day 

","There is a two-person dialogue with several options.
Choose all appropriate options to substitute the <mask> in the dialogue, and each question has at least one correct option.
Dialogue: Person1:Hello , how are you today . Here for your <MASK> check-up ?
Person2: I'm fine , Dr . Beecham . Yes , just a cleaning and check-up today .
Person1: Oh , fine . Let's take a look .
Person2: ( She probed my teeth and checked my gums . ) Well , it looks like you have a cavity and your crown is loose . We need to fill that cavity before it gets any worse and the crown needs to be refitted . Make an appointment for next week and I'll take care of them .
Person1: Okay , I'll do that , but my crown was just put on last year . Will my dental insurance cover the work ?
Person2: Since you had that done here , we'll take care of it . There won't be a charge . And , your insurance should cover the work on the cavity . Now , I'm going to have the hygienist do your cleaning and I'll see you soon for the other work .
Person1: Thanks , doctor .

Options: A. five year 
B. six month
C. three month 
D. two day 

Let's think step by step before providing your final answer. However, you must conclude your assessment with the statement: 'Thus, the correct answer is: X', where 'X' is simply the solution you've determined to be correct. Note that there may be more than one correct option, in which case you must list them all.",B. six month && C. three month ,1
TimeBench,TimeDial,TimeDial,MC,TimeDial-TimeDial-410,1018,"There is a two-person dialogue with several options.
Choose all appropriate options to substitute the <mask> in the dialogue, and each question has at least one correct option.
Dialogue: Person1:OK , so this is the main factory area . We're now walking past the printing machine . It's printing in four colours at the moment .
Person2: What's going on over there ?
Person1: They're setting up the machine for a new run .
Person2: How long does that usually take ?
Person1: <MASK> .
Person2: What's happening at the far end ?
Person1: That's the packing line . The goods are being wrapped and loaded onto pallets ready for transportation .

Options: A. About fifteen minutes
B. About twenty seconds
C. About twenty minutes
D. About twenty hours

","There is a two-person dialogue with several options.
Choose all appropriate options to substitute the <mask> in the dialogue, and each question has at least one correct option.
Dialogue: Person1:OK , so this is the main factory area . We're now walking past the printing machine . It's printing in four colours at the moment .
Person2: What's going on over there ?
Person1: They're setting up the machine for a new run .
Person2: How long does that usually take ?
Person1: <MASK> .
Person2: What's happening at the far end ?
Person1: That's the packing line . The goods are being wrapped and loaded onto pallets ready for transportation .

Options: A. About fifteen minutes
B. About twenty seconds
C. About twenty minutes
D. About twenty hours

Let's think step by step before providing your final answer. However, you must conclude your assessment with the statement: 'Thus, the correct answer is: X', where 'X' is simply the solution you've determined to be correct. Note that there may be more than one correct option, in which case you must list them all.",A. About fifteen minutes && C. About twenty minutes,1
TimeBench,TimeDial,TimeDial,MC,TimeDial-TimeDial-71,50,"There is a two-person dialogue with several options.
Choose all appropriate options to substitute the <mask> in the dialogue, and each question has at least one correct option.
Dialogue: Person1:Good morning , you look very tired .
Person2: Yes , I nearly didn't sleep last night .
Person1: Did you hold a party or something else yesterday ?
Person2: No , I just watched Supergirl , and it began too late in the night . I was too excited to get asleep after <MASK> .
Person1: I don't like this program , because there are too many constant arguments between the judges .
Person2: The contestants are different . These girls perform in free styles .
Person1: Do you have much time watching TV ?
Person2: I think less than 3 hours . This year I didn't watch any entertainment programs . Too many ads between the programs . I prefer listening to the radio .
Person1: I don't like ads , either . But ads could bring big profits to the TV station .
Person2: If they could make beautiful ads , I could bear .
Options: A. 4:00 am 
B. 3:00 pm
C. 7 am 
D. one o'clock

","There is a two-person dialogue with several options.
Choose all appropriate options to substitute the <mask> in the dialogue, and each question has at least one correct option.
Dialogue: Person1:Good morning , you look very tired .
Person2: Yes , I nearly didn't sleep last night .
Person1: Did you hold a party or something else yesterday ?
Person2: No , I just watched Supergirl , and it began too late in the night . I was too excited to get asleep after <MASK> .
Person1: I don't like this program , because there are too many constant arguments between the judges .
Person2: The contestants are different . These girls perform in free styles .
Person1: Do you have much time watching TV ?
Person2: I think less than 3 hours . This year I didn't watch any entertainment programs . Too many ads between the programs . I prefer listening to the radio .
Person1: I don't like ads , either . But ads could bring big profits to the TV station .
Person2: If they could make beautiful ads , I could bear .
Options: A. 4:00 am 
B. 3:00 pm
C. 7 am 
D. one o'clock

Let's think step by step before providing your final answer. However, you must conclude your assessment with the statement: 'Thus, the correct answer is: X', where 'X' is simply the solution you've determined to be correct. Note that there may be more than one correct option, in which case you must list them all.",A. 4:00 am  && D. one o'clock,1
TimeBench,TimeDial,TimeDial,MC,TimeDial-TimeDial-210,1265,"There is a two-person dialogue with several options.
Choose all appropriate options to substitute the <mask> in the dialogue, and each question has at least one correct option.
Dialogue: Person1:What can I do for you ?
Person2: My wife and I want to see the places of interest in Shenzhen , Guangzhou and Zhuhai . Can you arrange a tour for us ?
Person1: How long would you like to stay In these cities ?
Person2: Well , <MASK> .
Person1: There is a three-day package tour . You will have 3 full days in the cities . It is a general tour of the cities . The itinerary includes the places of interest such as Window of the World , China Folk Culture Village . Chen Clan Academy , Southern Yue Tomb , and Gongbei Market .
Person2: That sounds good . How much is the tour ?
Person1: 200 yuan for each person .
Person2: What does it include ?
Person1: It includes your air fare , your hotel accommodations and the meals .
Person2: Could we have you make all the necessary plane , hotel , and tour reservations ?
Person1: Yes . we could do that for you .

Options: A. 200 days
B. three days
C. three minutes

","There is a two-person dialogue with several options.
Choose all appropriate options to substitute the <mask> in the dialogue, and each question has at least one correct option.
Dialogue: Person1:What can I do for you ?
Person2: My wife and I want to see the places of interest in Shenzhen , Guangzhou and Zhuhai . Can you arrange a tour for us ?
Person1: How long would you like to stay In these cities ?
Person2: Well , <MASK> .
Person1: There is a three-day package tour . You will have 3 full days in the cities . It is a general tour of the cities . The itinerary includes the places of interest such as Window of the World , China Folk Culture Village . Chen Clan Academy , Southern Yue Tomb , and Gongbei Market .
Person2: That sounds good . How much is the tour ?
Person1: 200 yuan for each person .
Person2: What does it include ?
Person1: It includes your air fare , your hotel accommodations and the meals .
Person2: Could we have you make all the necessary plane , hotel , and tour reservations ?
Person1: Yes . we could do that for you .

Options: A. 200 days
B. three days
C. three minutes

Let's think step by step before providing your final answer. However, you must conclude your assessment with the statement: 'Thus, the correct answer is: X', where 'X' is simply the solution you've determined to be correct. Note that there may be more than one correct option, in which case you must list them all.",B. three days,1
TimeBench,TimeDial,TimeDial,MC,TimeDial-TimeDial-64,110,"There is a two-person dialogue with several options.
Choose all appropriate options to substitute the <mask> in the dialogue, and each question has at least one correct option.
Dialogue: Person1:How much tea are you going to order ?
Person2: We want to order 3,000 cases and hope to deliver the goods in two equal lots .
Person1: When do you want to deliver the goods ?
Person2: We'd like you to execute the first delivery by June 30 and the second delivery by August 15 .
Person1: I'm sorry , but June 30 is quite soon . I can't guarantee 1 500 cases , I'd prefer the first shipment to be 1,000 cases and the next 2,000 cases .
Person2: I can agree to that .
Person1: Let me affirm this again - the first shipment of 1,000 cases , to be delivered in <MASK> , by June 30 , and the second shipment of 2,000 cases by August 15 . Right ?
Person2: Right .
Person1: Well , if there's nothing else , I think we've settled everything .
Person2: Let's hope it's the beginning of a long and prosperous relationship .
Options: A. one month 
B. 27 days
C. 15 seconds 
D. 30 hours 

","There is a two-person dialogue with several options.
Choose all appropriate options to substitute the <mask> in the dialogue, and each question has at least one correct option.
Dialogue: Person1:How much tea are you going to order ?
Person2: We want to order 3,000 cases and hope to deliver the goods in two equal lots .
Person1: When do you want to deliver the goods ?
Person2: We'd like you to execute the first delivery by June 30 and the second delivery by August 15 .
Person1: I'm sorry , but June 30 is quite soon . I can't guarantee 1 500 cases , I'd prefer the first shipment to be 1,000 cases and the next 2,000 cases .
Person2: I can agree to that .
Person1: Let me affirm this again - the first shipment of 1,000 cases , to be delivered in <MASK> , by June 30 , and the second shipment of 2,000 cases by August 15 . Right ?
Person2: Right .
Person1: Well , if there's nothing else , I think we've settled everything .
Person2: Let's hope it's the beginning of a long and prosperous relationship .
Options: A. one month 
B. 27 days
C. 15 seconds 
D. 30 hours 

Let's think step by step before providing your final answer. However, you must conclude your assessment with the statement: 'Thus, the correct answer is: X', where 'X' is simply the solution you've determined to be correct. Note that there may be more than one correct option, in which case you must list them all.",A. one month  && B. 27 days,1
TimeBench,TimeDial,TimeDial,MC,TimeDial-TimeDial-94,1250,"There is a two-person dialogue with several options.
Choose all appropriate options to substitute the <mask> in the dialogue, and each question has at least one correct option.
Dialogue: Person1:Excuse me , driver , you have kept us waiting for 15 minutes . Can't we start the tour right now ?
Person2: I am sorry , sir , there are still <MASK> remaining ... OK , it's time . We will take a roll call before starting the fantasy sightseeing .
Person1: Finally . How long does the tour last ?
Person2: For about 3 hours . Enjoy your trip .

Options: A. 10 minutes
B. 5 minutes
C. 3 hours
D. 15 seconds

","There is a two-person dialogue with several options.
Choose all appropriate options to substitute the <mask> in the dialogue, and each question has at least one correct option.
Dialogue: Person1:Excuse me , driver , you have kept us waiting for 15 minutes . Can't we start the tour right now ?
Person2: I am sorry , sir , there are still <MASK> remaining ... OK , it's time . We will take a roll call before starting the fantasy sightseeing .
Person1: Finally . How long does the tour last ?
Person2: For about 3 hours . Enjoy your trip .

Options: A. 10 minutes
B. 5 minutes
C. 3 hours
D. 15 seconds

Let's think step by step before providing your final answer. However, you must conclude your assessment with the statement: 'Thus, the correct answer is: X', where 'X' is simply the solution you've determined to be correct. Note that there may be more than one correct option, in which case you must list them all.",A. 10 minutes && B. 5 minutes,1
TimeBench,TimeDial,TimeDial,MC,TimeDial-TimeDial-186,1253,"There is a two-person dialogue with several options.
Choose all appropriate options to substitute the <mask> in the dialogue, and each question has at least one correct option.
Dialogue: Person1:Is there anything I can do for you ?
Person2: Yes , I joined your group of bus tour this morning . You promised the journey will <MASK> and we will visit 15 sightseeing spots .
Person1: Yes , sir . We promised that .
Person2: But have 2 - hour journey .
Person1: Really ? I am sorry , sir . We will look into this matter . Would you please wait a moment here ?

Options: A. last  15 days
B. last 3 hours
C. last 1 week
D. last 4 hours

","There is a two-person dialogue with several options.
Choose all appropriate options to substitute the <mask> in the dialogue, and each question has at least one correct option.
Dialogue: Person1:Is there anything I can do for you ?
Person2: Yes , I joined your group of bus tour this morning . You promised the journey will <MASK> and we will visit 15 sightseeing spots .
Person1: Yes , sir . We promised that .
Person2: But have 2 - hour journey .
Person1: Really ? I am sorry , sir . We will look into this matter . Would you please wait a moment here ?

Options: A. last  15 days
B. last 3 hours
C. last 1 week
D. last 4 hours

Let's think step by step before providing your final answer. However, you must conclude your assessment with the statement: 'Thus, the correct answer is: X', where 'X' is simply the solution you've determined to be correct. Note that there may be more than one correct option, in which case you must list them all.",B. last 3 hours && D. last 4 hours,1
TimeBench,TimeDial,TimeDial,MC,TimeDial-TimeDial-34,952,"There is a two-person dialogue with several options.
Choose all appropriate options to substitute the <mask> in the dialogue, and each question has at least one correct option.
Dialogue: Person1:Doctor , I slipped and fell on my way to school . The ground is so slippery from the snow . It seems I can't move my left arm now .
Person2: Let me see . Roll up your sleeve , please . Um ... it's swollen and red here . I'm afraid we'll need to take an X-ray to see if it's broken .
Person1: What if it's broken ?
Person2: Then we'll put you in a cast .
Person1: What do you mean by a cast ?
Person2: Well , we apply tape and plaster to from a solid enclosure to protect the bones from moving . In this way they will heal properly . Take it easy . It won't hurt you . Let me see . The X-ray picture indicates that your humerus is broken in two places . And you'll have to wear the cast for three weeks . You'll need to come back in <MASK> , so I can have another look .

Options: A. two minutes
B. two weeks
C. three years
D. fifteen days

","There is a two-person dialogue with several options.
Choose all appropriate options to substitute the <mask> in the dialogue, and each question has at least one correct option.
Dialogue: Person1:Doctor , I slipped and fell on my way to school . The ground is so slippery from the snow . It seems I can't move my left arm now .
Person2: Let me see . Roll up your sleeve , please . Um ... it's swollen and red here . I'm afraid we'll need to take an X-ray to see if it's broken .
Person1: What if it's broken ?
Person2: Then we'll put you in a cast .
Person1: What do you mean by a cast ?
Person2: Well , we apply tape and plaster to from a solid enclosure to protect the bones from moving . In this way they will heal properly . Take it easy . It won't hurt you . Let me see . The X-ray picture indicates that your humerus is broken in two places . And you'll have to wear the cast for three weeks . You'll need to come back in <MASK> , so I can have another look .

Options: A. two minutes
B. two weeks
C. three years
D. fifteen days

Let's think step by step before providing your final answer. However, you must conclude your assessment with the statement: 'Thus, the correct answer is: X', where 'X' is simply the solution you've determined to be correct. Note that there may be more than one correct option, in which case you must list them all.",B. two weeks && D. fifteen days,1
TimeBench,TimeDial,TimeDial,MC,TimeDial-TimeDial-1,281,"There is a two-person dialogue with several options.
Choose all appropriate options to substitute the <mask> in the dialogue, and each question has at least one correct option.
Dialogue: Person1:Do you have any cars available ?
Person2: We have only one mid-size car left .
Person1: Great , what's the rate per day ?
Person2: It's 40 $ plus tax per day on limited mileage .
Person1: I'm going to need it for <MASK> .
Person2: Can I see your driver's license ?
Person1: Sure , here is my driver's license .
Person2: Please sign here .
Options: A. day 
B. three days
C. 40 minutes 
D. one week 

","There is a two-person dialogue with several options.
Choose all appropriate options to substitute the <mask> in the dialogue, and each question has at least one correct option.
Dialogue: Person1:Do you have any cars available ?
Person2: We have only one mid-size car left .
Person1: Great , what's the rate per day ?
Person2: It's 40 $ plus tax per day on limited mileage .
Person1: I'm going to need it for <MASK> .
Person2: Can I see your driver's license ?
Person1: Sure , here is my driver's license .
Person2: Please sign here .
Options: A. day 
B. three days
C. 40 minutes 
D. one week 

Let's think step by step before providing your final answer. However, you must conclude your assessment with the statement: 'Thus, the correct answer is: X', where 'X' is simply the solution you've determined to be correct. Note that there may be more than one correct option, in which case you must list them all.",B. three days && D. one week ,1
TimeBench,TimeDial,TimeDial,MC,TimeDial-TimeDial-12,903,"There is a two-person dialogue with several options.
Choose all appropriate options to substitute the <mask> in the dialogue, and each question has at least one correct option.
Dialogue: Person1:Room service , what can I do for you ?
Person2: I have some shirts that need laundering , and I ' d like my suit pressed .
Person1: There is a laundry form as well as a bag in your room . Pls fill it out and the maid will come pick it up .
Person2: How long will it take to get my clothes back ?
Person1: To press the suit only takes <MASK> . The laundry will be returned to you tomorrow around noon time . Is that all right ?
Person2: That ' s all right . Pls send someone to pick it up .
Person1: Right away , sir .

Options: A. 3 hours
B. 4 hours
C. 16 hours
D. 3 minutes

","There is a two-person dialogue with several options.
Choose all appropriate options to substitute the <mask> in the dialogue, and each question has at least one correct option.
Dialogue: Person1:Room service , what can I do for you ?
Person2: I have some shirts that need laundering , and I ' d like my suit pressed .
Person1: There is a laundry form as well as a bag in your room . Pls fill it out and the maid will come pick it up .
Person2: How long will it take to get my clothes back ?
Person1: To press the suit only takes <MASK> . The laundry will be returned to you tomorrow around noon time . Is that all right ?
Person2: That ' s all right . Pls send someone to pick it up .
Person1: Right away , sir .

Options: A. 3 hours
B. 4 hours
C. 16 hours
D. 3 minutes

Let's think step by step before providing your final answer. However, you must conclude your assessment with the statement: 'Thus, the correct answer is: X', where 'X' is simply the solution you've determined to be correct. Note that there may be more than one correct option, in which case you must list them all.",A. 3 hours && B. 4 hours,1
TimeBench,TimeDial,TimeDial,MC,TimeDial-TimeDial-416,1162,"There is a two-person dialogue with several options.
Choose all appropriate options to substitute the <mask> in the dialogue, and each question has at least one correct option.
Dialogue: Person1:Look ! Mom , that's amazing ! I can't believe the girls have so neat movements .
Person2: Yeah , they all received very strict training . A minute on the stage takes <MASK> practice .
Person1: And all their movements are so elegant . It seems like dancing in the water .
Person2: Exactly , you know , water ballet puts dancing , music and swimming together .
Person1: There you go ! Daddy has told me that water ballet is also called Synchronized Swimming .
Person2: That's my boy ! Katherine Curtis created this activity in 1920 . And in 1984 , it was authorized as one activity in Olympic Games .
Person1: Wow , Mom is more knowledgeable than Dad . I must learn from you .
Person2: My little boy , you should learn more from me . I'm almost thirty years older than you .
Person1: OK , you're the boss . Look , Mom , one guy has just jumped into the swimming pool .
Person2: Oh , my God . It's so dangerous . And he might break his leg . You mustn't do anything like that .

Options: A. one-day
B. twelve-year
C. thirty-year
D. ten-year

","There is a two-person dialogue with several options.
Choose all appropriate options to substitute the <mask> in the dialogue, and each question has at least one correct option.
Dialogue: Person1:Look ! Mom , that's amazing ! I can't believe the girls have so neat movements .
Person2: Yeah , they all received very strict training . A minute on the stage takes <MASK> practice .
Person1: And all their movements are so elegant . It seems like dancing in the water .
Person2: Exactly , you know , water ballet puts dancing , music and swimming together .
Person1: There you go ! Daddy has told me that water ballet is also called Synchronized Swimming .
Person2: That's my boy ! Katherine Curtis created this activity in 1920 . And in 1984 , it was authorized as one activity in Olympic Games .
Person1: Wow , Mom is more knowledgeable than Dad . I must learn from you .
Person2: My little boy , you should learn more from me . I'm almost thirty years older than you .
Person1: OK , you're the boss . Look , Mom , one guy has just jumped into the swimming pool .
Person2: Oh , my God . It's so dangerous . And he might break his leg . You mustn't do anything like that .

Options: A. one-day
B. twelve-year
C. thirty-year
D. ten-year

Let's think step by step before providing your final answer. However, you must conclude your assessment with the statement: 'Thus, the correct answer is: X', where 'X' is simply the solution you've determined to be correct. Note that there may be more than one correct option, in which case you must list them all.",B. twelve-year && D. ten-year,1
TimeBench,TimeDial,TimeDial,MC,TimeDial-TimeDial-73,982,"There is a two-person dialogue with several options.
Choose all appropriate options to substitute the <mask> in the dialogue, and each question has at least one correct option.
Dialogue: Person1:Waiter , bring me the menu , will you ?
Person2: Just a moment , I'm coming . ( <MASK> ) . Now , what would you like ?
Person1: I'd like to see the menu . Would you get me one , please ?
Person2: Yes , certainly . Here you are .
Person1: Thank you . Ah ! But this is in French . Would you mind giving me the English menu ?
Person2: It's written in English too , in smaller print . There .
Person1: Thanks . I'll need a while to choose . Could you come back in a minute ?
Person2: Right . ( five minutes later ) Now , what are you having ?
Person1: I'm sorry , I haven't decided yet . Do you mind giving me a couple of minutes ?
Person2: All right , but would you be so kind as to make up your mind soon ? We're very busy just now as you can see , sir .

Options: A. a couple of seconds 
B. ten minutes later
C. five hours later 
D. 5 minutes later 

","There is a two-person dialogue with several options.
Choose all appropriate options to substitute the <mask> in the dialogue, and each question has at least one correct option.
Dialogue: Person1:Waiter , bring me the menu , will you ?
Person2: Just a moment , I'm coming . ( <MASK> ) . Now , what would you like ?
Person1: I'd like to see the menu . Would you get me one , please ?
Person2: Yes , certainly . Here you are .
Person1: Thank you . Ah ! But this is in French . Would you mind giving me the English menu ?
Person2: It's written in English too , in smaller print . There .
Person1: Thanks . I'll need a while to choose . Could you come back in a minute ?
Person2: Right . ( five minutes later ) Now , what are you having ?
Person1: I'm sorry , I haven't decided yet . Do you mind giving me a couple of minutes ?
Person2: All right , but would you be so kind as to make up your mind soon ? We're very busy just now as you can see , sir .

Options: A. a couple of seconds 
B. ten minutes later
C. five hours later 
D. 5 minutes later 

Let's think step by step before providing your final answer. However, you must conclude your assessment with the statement: 'Thus, the correct answer is: X', where 'X' is simply the solution you've determined to be correct. Note that there may be more than one correct option, in which case you must list them all.",B. ten minutes later && D. 5 minutes later ,1
TimeBench,TimeDial,TimeDial,MC,TimeDial-TimeDial-132,630,"There is a two-person dialogue with several options.
Choose all appropriate options to substitute the <mask> in the dialogue, and each question has at least one correct option.
Dialogue: Person1:So Chris , I've heard that you're from a big family . How many people ?
Person2: Nine total . Seven children and my parents .
Person1: Seven children ? That's a lot . Why did your parents have so many ?
Person2: Well , my mother came from a big family , and wanted to have one of her own . My father was an only child , and didn't really care about having a large family , but my mother talked him into it .
Person1: Jeez , seven children . That must have a lot of problems . We have four children in my family and my grandparents can never get our names right .
Person2: It can be hard , and there are certain sacrifices you have to make .
Person1: Like what ? I assume that there's no privacy .
Person2: That's one . Another is the lack of personal property . Everything you have , from toys to clothes , is used by your brothers and sisters . Especially clothes . Three quarters of my wardrobe are hand-me-downs .
Person1: And the age gap is also annoying . There's a ten-year difference between my younger brother and me . We have nothing in common .
Person2: Same problem here . There's an <MASK> gap between the oldest and youngest child in my family . The last child was born just as the oldest was going to college .

Options: A. 4 - day
B. 16 - year
C. 18 - year
D. 9 - decades

","There is a two-person dialogue with several options.
Choose all appropriate options to substitute the <mask> in the dialogue, and each question has at least one correct option.
Dialogue: Person1:So Chris , I've heard that you're from a big family . How many people ?
Person2: Nine total . Seven children and my parents .
Person1: Seven children ? That's a lot . Why did your parents have so many ?
Person2: Well , my mother came from a big family , and wanted to have one of her own . My father was an only child , and didn't really care about having a large family , but my mother talked him into it .
Person1: Jeez , seven children . That must have a lot of problems . We have four children in my family and my grandparents can never get our names right .
Person2: It can be hard , and there are certain sacrifices you have to make .
Person1: Like what ? I assume that there's no privacy .
Person2: That's one . Another is the lack of personal property . Everything you have , from toys to clothes , is used by your brothers and sisters . Especially clothes . Three quarters of my wardrobe are hand-me-downs .
Person1: And the age gap is also annoying . There's a ten-year difference between my younger brother and me . We have nothing in common .
Person2: Same problem here . There's an <MASK> gap between the oldest and youngest child in my family . The last child was born just as the oldest was going to college .

Options: A. 4 - day
B. 16 - year
C. 18 - year
D. 9 - decades

Let's think step by step before providing your final answer. However, you must conclude your assessment with the statement: 'Thus, the correct answer is: X', where 'X' is simply the solution you've determined to be correct. Note that there may be more than one correct option, in which case you must list them all.",B. 16 - year && C. 18 - year,1
TimeBench,TimeDial,TimeDial,MC,TimeDial-TimeDial-194,220,"There is a two-person dialogue with several options.
Choose all appropriate options to substitute the <mask> in the dialogue, and each question has at least one correct option.
Dialogue: Person1:Annie , what is troubling you ? You look unhappy .
Person2: A man is pursuing me . He was my schoolmate in college , and he has been carrying a torch for me for three years .
Person1: Do you like him ?
Person2: Yes , I do like him .
Person1: Then why are you hesitating ?
Person2: You know that I have had a series of miserable relationships . Last summer , I fell in love with John . But the romance blossomed for six or <MASK> , and then wilted .
Person1: One love drives out another . You shouldn't be afraid to start a new relationship .
Person2: Maybe you are right .
Options: A. seven weeks
B. seven hours 
C. eight seconds 
D. five months 

","There is a two-person dialogue with several options.
Choose all appropriate options to substitute the <mask> in the dialogue, and each question has at least one correct option.
Dialogue: Person1:Annie , what is troubling you ? You look unhappy .
Person2: A man is pursuing me . He was my schoolmate in college , and he has been carrying a torch for me for three years .
Person1: Do you like him ?
Person2: Yes , I do like him .
Person1: Then why are you hesitating ?
Person2: You know that I have had a series of miserable relationships . Last summer , I fell in love with John . But the romance blossomed for six or <MASK> , and then wilted .
Person1: One love drives out another . You shouldn't be afraid to start a new relationship .
Person2: Maybe you are right .
Options: A. seven weeks
B. seven hours 
C. eight seconds 
D. five months 

Let's think step by step before providing your final answer. However, you must conclude your assessment with the statement: 'Thus, the correct answer is: X', where 'X' is simply the solution you've determined to be correct. Note that there may be more than one correct option, in which case you must list them all.",A. seven weeks && D. five months ,1
TimeBench,TimeDial,TimeDial,MC,TimeDial-TimeDial-56,337,"There is a two-person dialogue with several options.
Choose all appropriate options to substitute the <mask> in the dialogue, and each question has at least one correct option.
Dialogue: Person1:Hello , Sir , may I help you ?
Person2: Yes . I would like some information for requesting a loan .
Person1: Very well , here are the general terms of our loan policies . We pride ourselves in having the lowest interest rate in the country for personal loans .
Person2: I see . So let me get this straight . If I borrow let ' s say , ten thousand dollars , how much will I have to pay each month ?
Person1: It depends on how long you take to pay it back . If we lend you ten thousand dollars at an annual interest rate of ten percent for <MASK> , you would have to pay each month a portion of the loan which is called the principal and another small portion of the annual interest rate . This of course is considering that you don ' t default on a payment !
Person2: It sounds good but , there is just one problem . I have a terrible credit score .
Person1: That is a very serious problem you see , the bank must assess your personal information , past loans , assets and any other relevant information such as your credit score in order to approve your loan .
Person2: You know what ? I don ' t really need the money . Thanks anyways !
Options: A. forty eight months
B. 15 years 
C. 12 months 
D. 2 months 

","There is a two-person dialogue with several options.
Choose all appropriate options to substitute the <mask> in the dialogue, and each question has at least one correct option.
Dialogue: Person1:Hello , Sir , may I help you ?
Person2: Yes . I would like some information for requesting a loan .
Person1: Very well , here are the general terms of our loan policies . We pride ourselves in having the lowest interest rate in the country for personal loans .
Person2: I see . So let me get this straight . If I borrow let ' s say , ten thousand dollars , how much will I have to pay each month ?
Person1: It depends on how long you take to pay it back . If we lend you ten thousand dollars at an annual interest rate of ten percent for <MASK> , you would have to pay each month a portion of the loan which is called the principal and another small portion of the annual interest rate . This of course is considering that you don ' t default on a payment !
Person2: It sounds good but , there is just one problem . I have a terrible credit score .
Person1: That is a very serious problem you see , the bank must assess your personal information , past loans , assets and any other relevant information such as your credit score in order to approve your loan .
Person2: You know what ? I don ' t really need the money . Thanks anyways !
Options: A. forty eight months
B. 15 years 
C. 12 months 
D. 2 months 

Let's think step by step before providing your final answer. However, you must conclude your assessment with the statement: 'Thus, the correct answer is: X', where 'X' is simply the solution you've determined to be correct. Note that there may be more than one correct option, in which case you must list them all.",A. forty eight months && C. 12 months ,1
TimeBench,TimeDial,TimeDial,MC,TimeDial-TimeDial-149,191,"There is a two-person dialogue with several options.
Choose all appropriate options to substitute the <mask> in the dialogue, and each question has at least one correct option.
Dialogue: Person1:I had a terrible journey back from Bangkok last week .
Person2: Really ? Why ? What happened ?
Person1: Well , first of all , the taxi that was taking me from the client's office to the airport broke down on the freeway .
Person2: Oh , no .
Person1: Yes , and the driver didn't speak any English or Chinese and he didn't have a phone on him-can you believe it ? - and his radio didn't work . So there was no way he could get in touch with the office to get them to send another taxi .
Person2: So what did you do ?
Person1: Well , I actually thumbed a lift .
Person2: You what ?
Person1: Yes , I stood on the side of the freeway and stuck my thumb out , and a passing truck stopped and took me to the airport .
Person2: Wow , good for you .
Person1: Yes , except he drove really slowly , and I missed my flight .
Person2: Oh , no !
Person1: Yes , so I had to wait three hours for the next one . I didn't get home till <MASK> , and when I got home I realized I'd left my house keys in my hotel in Bangkok .
Person2: You really have bad luck , don't you ?
Person1: Seems like it .
Options: A. four in the morning
B. 9:00 AM
C. 12:00 am 
D. 3:00 PM

","There is a two-person dialogue with several options.
Choose all appropriate options to substitute the <mask> in the dialogue, and each question has at least one correct option.
Dialogue: Person1:I had a terrible journey back from Bangkok last week .
Person2: Really ? Why ? What happened ?
Person1: Well , first of all , the taxi that was taking me from the client's office to the airport broke down on the freeway .
Person2: Oh , no .
Person1: Yes , and the driver didn't speak any English or Chinese and he didn't have a phone on him-can you believe it ? - and his radio didn't work . So there was no way he could get in touch with the office to get them to send another taxi .
Person2: So what did you do ?
Person1: Well , I actually thumbed a lift .
Person2: You what ?
Person1: Yes , I stood on the side of the freeway and stuck my thumb out , and a passing truck stopped and took me to the airport .
Person2: Wow , good for you .
Person1: Yes , except he drove really slowly , and I missed my flight .
Person2: Oh , no !
Person1: Yes , so I had to wait three hours for the next one . I didn't get home till <MASK> , and when I got home I realized I'd left my house keys in my hotel in Bangkok .
Person2: You really have bad luck , don't you ?
Person1: Seems like it .
Options: A. four in the morning
B. 9:00 AM
C. 12:00 am 
D. 3:00 PM

Let's think step by step before providing your final answer. However, you must conclude your assessment with the statement: 'Thus, the correct answer is: X', where 'X' is simply the solution you've determined to be correct. Note that there may be more than one correct option, in which case you must list them all.",A. four in the morning && C. 12:00 am ,1
TimeBench,TimeDial,TimeDial,MC,TimeDial-TimeDial-205,804,"There is a two-person dialogue with several options.
Choose all appropriate options to substitute the <mask> in the dialogue, and each question has at least one correct option.
Dialogue: Person1:Hello , this is Mr . Smith in Room 502 . Please send up a bellboy . I'm checking out . What time is checking out time ?
Person2: Checking out time is twelve . Guests will avoid an additional days room charge by checking out on time .
Person1: It's nearly 12:00 now . Will I be charged extra ?
Person2: We won't charge any extra if you'd vacate the room by <MASK> .
Person1: Thank you very much . May I leave my baggage here until Thursday ?
Person2: Yes . We can put it in our storage room .
Person1: Will there be any extra charge ?
Person2: There will be no charge on baggage left by guests who have checked out .
Person1: I see . Please prepare my bill and I will be right down to pay it .

Options: A. two o'clock
B. one o'clock
C. seven o'clock
D. twelve o'clock

","There is a two-person dialogue with several options.
Choose all appropriate options to substitute the <mask> in the dialogue, and each question has at least one correct option.
Dialogue: Person1:Hello , this is Mr . Smith in Room 502 . Please send up a bellboy . I'm checking out . What time is checking out time ?
Person2: Checking out time is twelve . Guests will avoid an additional days room charge by checking out on time .
Person1: It's nearly 12:00 now . Will I be charged extra ?
Person2: We won't charge any extra if you'd vacate the room by <MASK> .
Person1: Thank you very much . May I leave my baggage here until Thursday ?
Person2: Yes . We can put it in our storage room .
Person1: Will there be any extra charge ?
Person2: There will be no charge on baggage left by guests who have checked out .
Person1: I see . Please prepare my bill and I will be right down to pay it .

Options: A. two o'clock
B. one o'clock
C. seven o'clock
D. twelve o'clock

Let's think step by step before providing your final answer. However, you must conclude your assessment with the statement: 'Thus, the correct answer is: X', where 'X' is simply the solution you've determined to be correct. Note that there may be more than one correct option, in which case you must list them all.",A. two o'clock && B. one o'clock,1
TimeBench,TimeDial,TimeDial,MC,TimeDial-TimeDial-495,1115,"There is a two-person dialogue with several options.
Choose all appropriate options to substitute the <mask> in the dialogue, and each question has at least one correct option.
Dialogue: Person1:Judy , your husband has a really nice car .
Person2: Thanks . It's a lot better than mine , and it's new .
Person1: Where are you going ?
Person2: We're going to visit my sister in the city .
Person1: I didn't know your sister lives in the city , when did she move there ?
Person2: About a year ago . She lives in an apartment on 3rd street , across from the public library .
Person1: I see . It's almost 5:00 PM now , don't you think there will be a lot of traffic ?
Person2: Oh , we're not driving . We're going to take the subway . The subway only takes <MASK> .
Person1: Yes , but it can be very crowded around this time . I always feel uncomfortable taking the subway .
Person2: I take the subway to work everyday , so I'm used to it now .
Person1: Doesn't your mother live in the city ?
Person2: Yes , she's lived there for about ten years .
Person1: I remember when she moved there . Apartments were a lot cheaper then .
Person2: I know what you mean . It's hard to find anything that's reasonable now .
Person1: Have a good time . Next time you're free , give me a call and we'll go play poker .
Person2: See you later .

Options: A. about a year 
B. about 3 minutes 
C. about ten hours 
D. about 20 minutes

","There is a two-person dialogue with several options.
Choose all appropriate options to substitute the <mask> in the dialogue, and each question has at least one correct option.
Dialogue: Person1:Judy , your husband has a really nice car .
Person2: Thanks . It's a lot better than mine , and it's new .
Person1: Where are you going ?
Person2: We're going to visit my sister in the city .
Person1: I didn't know your sister lives in the city , when did she move there ?
Person2: About a year ago . She lives in an apartment on 3rd street , across from the public library .
Person1: I see . It's almost 5:00 PM now , don't you think there will be a lot of traffic ?
Person2: Oh , we're not driving . We're going to take the subway . The subway only takes <MASK> .
Person1: Yes , but it can be very crowded around this time . I always feel uncomfortable taking the subway .
Person2: I take the subway to work everyday , so I'm used to it now .
Person1: Doesn't your mother live in the city ?
Person2: Yes , she's lived there for about ten years .
Person1: I remember when she moved there . Apartments were a lot cheaper then .
Person2: I know what you mean . It's hard to find anything that's reasonable now .
Person1: Have a good time . Next time you're free , give me a call and we'll go play poker .
Person2: See you later .

Options: A. about a year 
B. about 3 minutes 
C. about ten hours 
D. about 20 minutes

Let's think step by step before providing your final answer. However, you must conclude your assessment with the statement: 'Thus, the correct answer is: X', where 'X' is simply the solution you've determined to be correct. Note that there may be more than one correct option, in which case you must list them all.",B. about 3 minutes  && D. about 20 minutes,1
TimeBench,TimeDial,TimeDial,MC,TimeDial-TimeDial-263,1343,"There is a two-person dialogue with several options.
Choose all appropriate options to substitute the <mask> in the dialogue, and each question has at least one correct option.
Dialogue: Person1:Now please tell me something about your achievements in your work unit .
Person2: All right . In my first teaching position I received the Excellent Teaching award <MASK> in succession .
Person1: Have you received any other honors ?
Person2: Yes . I was chosen as one of ' the Top Ten Prominent Youths of Beijing ' in 2002 .
Person1: Do you have anything published ?
Person2: Yes . I have got two articles in English in The International Youth Writer's Collection .

Options: A. the past two months
B. the past three years
C. the past two years
D. the past ten weeks

","There is a two-person dialogue with several options.
Choose all appropriate options to substitute the <mask> in the dialogue, and each question has at least one correct option.
Dialogue: Person1:Now please tell me something about your achievements in your work unit .
Person2: All right . In my first teaching position I received the Excellent Teaching award <MASK> in succession .
Person1: Have you received any other honors ?
Person2: Yes . I was chosen as one of ' the Top Ten Prominent Youths of Beijing ' in 2002 .
Person1: Do you have anything published ?
Person2: Yes . I have got two articles in English in The International Youth Writer's Collection .

Options: A. the past two months
B. the past three years
C. the past two years
D. the past ten weeks

Let's think step by step before providing your final answer. However, you must conclude your assessment with the statement: 'Thus, the correct answer is: X', where 'X' is simply the solution you've determined to be correct. Note that there may be more than one correct option, in which case you must list them all.",B. the past three years && C. the past two years,1
TimeBench,TimeDial,TimeDial,MC,TimeDial-TimeDial-484,284,"There is a two-person dialogue with several options.
Choose all appropriate options to substitute the <mask> in the dialogue, and each question has at least one correct option.
Dialogue: Person1:How much does it cost to hire a motorbike ?
Person2: For 3 days $ 300 , for 7 days $ 600 .
Person1: Good . I think I'll hire one for <MASK> .
Person2: Okay . I'll write up the paperwork .
Options: A. 3 days
B. 7 days
C. 60 minutes
D. 30 days

","There is a two-person dialogue with several options.
Choose all appropriate options to substitute the <mask> in the dialogue, and each question has at least one correct option.
Dialogue: Person1:How much does it cost to hire a motorbike ?
Person2: For 3 days $ 300 , for 7 days $ 600 .
Person1: Good . I think I'll hire one for <MASK> .
Person2: Okay . I'll write up the paperwork .
Options: A. 3 days
B. 7 days
C. 60 minutes
D. 30 days

Let's think step by step before providing your final answer. However, you must conclude your assessment with the statement: 'Thus, the correct answer is: X', where 'X' is simply the solution you've determined to be correct. Note that there may be more than one correct option, in which case you must list them all.",A. 3 days && B. 7 days,1
TimeBench,TimeDial,TimeDial,MC,TimeDial-TimeDial-80,847,"There is a two-person dialogue with several options.
Choose all appropriate options to substitute the <mask> in the dialogue, and each question has at least one correct option.
Dialogue: Person1:Hello , sir . Have you reserved already ?
Person2: No , is there a single room left ?
Person1: Yes , how long will you intend to stay ?
Person2: For a week or so . Do you give discount for a week or more ?
Person1: Yes , we give 5 % discount for a week and 12 % for <MASK> .
Person2: All right . I will take a room for a week . Here is my passport .

Options: A. 5 hours 
B. 2 weeks
C. 4 weeks 
D. two months 

","There is a two-person dialogue with several options.
Choose all appropriate options to substitute the <mask> in the dialogue, and each question has at least one correct option.
Dialogue: Person1:Hello , sir . Have you reserved already ?
Person2: No , is there a single room left ?
Person1: Yes , how long will you intend to stay ?
Person2: For a week or so . Do you give discount for a week or more ?
Person1: Yes , we give 5 % discount for a week and 12 % for <MASK> .
Person2: All right . I will take a room for a week . Here is my passport .

Options: A. 5 hours 
B. 2 weeks
C. 4 weeks 
D. two months 

Let's think step by step before providing your final answer. However, you must conclude your assessment with the statement: 'Thus, the correct answer is: X', where 'X' is simply the solution you've determined to be correct. Note that there may be more than one correct option, in which case you must list them all.",B. 2 weeks && C. 4 weeks ,1
TimeBench,TimeDial,TimeDial,MC,TimeDial-TimeDial-452,645,"There is a two-person dialogue with several options.
Choose all appropriate options to substitute the <mask> in the dialogue, and each question has at least one correct option.
Dialogue: Person1:Are you free on the thirteenth in the afternoon ?
Person2: No I'm afraid not . I'm meeting Ruth then . How about the fourteenth in the morning ?
Person1: I'm sorry . I'm attending a meeting at the Hilton then .
Person2: What about the next day ?
Person1: No . I'm busy then too . I'm meeting Dorothy Heath at North Bridge Road . Are you free on Thursday afternoon ?
Person2: Yes , I think I am . Let's meet for lunch at mouth restaurant .
Person1: Good idea ! Is <MASK> okay ?
Person2: That's fine . See you there !

Options: A. two o'clock
B. ten o'clock
C. five o'clock
D. one o'clock

","There is a two-person dialogue with several options.
Choose all appropriate options to substitute the <mask> in the dialogue, and each question has at least one correct option.
Dialogue: Person1:Are you free on the thirteenth in the afternoon ?
Person2: No I'm afraid not . I'm meeting Ruth then . How about the fourteenth in the morning ?
Person1: I'm sorry . I'm attending a meeting at the Hilton then .
Person2: What about the next day ?
Person1: No . I'm busy then too . I'm meeting Dorothy Heath at North Bridge Road . Are you free on Thursday afternoon ?
Person2: Yes , I think I am . Let's meet for lunch at mouth restaurant .
Person1: Good idea ! Is <MASK> okay ?
Person2: That's fine . See you there !

Options: A. two o'clock
B. ten o'clock
C. five o'clock
D. one o'clock

Let's think step by step before providing your final answer. However, you must conclude your assessment with the statement: 'Thus, the correct answer is: X', where 'X' is simply the solution you've determined to be correct. Note that there may be more than one correct option, in which case you must list them all.",A. two o'clock && D. one o'clock,1
TimeBench,TimeDial,TimeDial,MC,TimeDial-TimeDial-47,61,"There is a two-person dialogue with several options.
Choose all appropriate options to substitute the <mask> in the dialogue, and each question has at least one correct option.
Dialogue: Person1:What is the annual salary for this job ?
Person2: The annual salary is sixty-five thousand dollars per year .
Person1: What does the benefits package include ?
Person2: This job pays for half of your medical , dental , and disability .
Person1: Do we get paid time off ?
Person2: You have a total of 21 days paid time off which can be used for vacation , personal , or sick leave .
Person1: How about retirement ?
Person2: We still offer a traditional retirement plan that pays out if you stay with the company for <MASK> or more .
Person1: Can I get company provided specialized training ?
Person2: We offer full tuition reimbursement for job related classes .
Person1: Where is the benefits office ?
Person2: It's on the second floor in Suite 201 .
Options: A. 21 days
B. 5 years
C. 10 years
D. five months

","There is a two-person dialogue with several options.
Choose all appropriate options to substitute the <mask> in the dialogue, and each question has at least one correct option.
Dialogue: Person1:What is the annual salary for this job ?
Person2: The annual salary is sixty-five thousand dollars per year .
Person1: What does the benefits package include ?
Person2: This job pays for half of your medical , dental , and disability .
Person1: Do we get paid time off ?
Person2: You have a total of 21 days paid time off which can be used for vacation , personal , or sick leave .
Person1: How about retirement ?
Person2: We still offer a traditional retirement plan that pays out if you stay with the company for <MASK> or more .
Person1: Can I get company provided specialized training ?
Person2: We offer full tuition reimbursement for job related classes .
Person1: Where is the benefits office ?
Person2: It's on the second floor in Suite 201 .
Options: A. 21 days
B. 5 years
C. 10 years
D. five months

Let's think step by step before providing your final answer. However, you must conclude your assessment with the statement: 'Thus, the correct answer is: X', where 'X' is simply the solution you've determined to be correct. Note that there may be more than one correct option, in which case you must list them all.",B. 5 years && C. 10 years,1
TimeBench,TimeDial,TimeDial,MC,TimeDial-TimeDial-239,1028,"There is a two-person dialogue with several options.
Choose all appropriate options to substitute the <mask> in the dialogue, and each question has at least one correct option.
Dialogue: Person1:There's a car waiting for you just outside the door . Right this way , please .
Person2: OK !
Person1: Let me put your cases into the trunk and please get in the back .
Person2: Thanks !
Person1: How was your flight ?
Person2: It's comfortable , but now I'm a little tired .
Person1: We'll reach the Beijing hotel in another ten minutes . When we arrived there , you can go up and have a rest . The hotel has very good service , and it's considered as one of the best hotels here .
Person2: Thank you ! I lived there when I came to Beijing last time . It's comfortable and beautiful .
Person1: If it's convenient for you , Mr . Wu would like to invite you to the banquet in honor of you in the evening .
Person2: Thank you ! I will . When and where will the dinner be ?
Person1: At <MASK> in the International Hotel . We'll pick you up this afternoon . Besides , if you care for visiting , we'll arrange some sightseeing for you .
Person2: Oh , that's nice . Thank you for arranging all of this .

Options: A. one o'clock
B. seven o'clock
C. eleven o'clock
D. six o'clock

","There is a two-person dialogue with several options.
Choose all appropriate options to substitute the <mask> in the dialogue, and each question has at least one correct option.
Dialogue: Person1:There's a car waiting for you just outside the door . Right this way , please .
Person2: OK !
Person1: Let me put your cases into the trunk and please get in the back .
Person2: Thanks !
Person1: How was your flight ?
Person2: It's comfortable , but now I'm a little tired .
Person1: We'll reach the Beijing hotel in another ten minutes . When we arrived there , you can go up and have a rest . The hotel has very good service , and it's considered as one of the best hotels here .
Person2: Thank you ! I lived there when I came to Beijing last time . It's comfortable and beautiful .
Person1: If it's convenient for you , Mr . Wu would like to invite you to the banquet in honor of you in the evening .
Person2: Thank you ! I will . When and where will the dinner be ?
Person1: At <MASK> in the International Hotel . We'll pick you up this afternoon . Besides , if you care for visiting , we'll arrange some sightseeing for you .
Person2: Oh , that's nice . Thank you for arranging all of this .

Options: A. one o'clock
B. seven o'clock
C. eleven o'clock
D. six o'clock

Let's think step by step before providing your final answer. However, you must conclude your assessment with the statement: 'Thus, the correct answer is: X', where 'X' is simply the solution you've determined to be correct. Note that there may be more than one correct option, in which case you must list them all.",B. seven o'clock && D. six o'clock,1
TimeBench,TimeDial,TimeDial,MC,TimeDial-TimeDial-392,1370,"There is a two-person dialogue with several options.
Choose all appropriate options to substitute the <mask> in the dialogue, and each question has at least one correct option.
Dialogue: Person1:May I come in ?
Person2: Come in , please .
Person1: I'm sorry to trouble you , but I'd like to ask when I will get a raise .
Person2: In 3 months or so .
Person1: You said the same thing <MASK> .
Person2: Did I ? Well , anyway , you will get your raise when the economy starts picking up .
Person1: You mean that I won't get a raise until the recession ends ?
Person2: Yes .
Person1: I got the message . I'm quiting .
Person2: Nah , don't be so fast . We like your work here , but this company is on hard times and I can't be handing out raises for anyone .
Person1: I've been here for 3 years , and I haven't had a raise in all that time . If you like my work , it should be reflected in my pay , and I feel it isn't .
Person2: I hear what you're saying , and I wish there were something I could do .
Person1: Very well , consider me gone .

Options: A. 4 days ago
B. 3 years ago
C. two months ago
D. three months ago

","There is a two-person dialogue with several options.
Choose all appropriate options to substitute the <mask> in the dialogue, and each question has at least one correct option.
Dialogue: Person1:May I come in ?
Person2: Come in , please .
Person1: I'm sorry to trouble you , but I'd like to ask when I will get a raise .
Person2: In 3 months or so .
Person1: You said the same thing <MASK> .
Person2: Did I ? Well , anyway , you will get your raise when the economy starts picking up .
Person1: You mean that I won't get a raise until the recession ends ?
Person2: Yes .
Person1: I got the message . I'm quiting .
Person2: Nah , don't be so fast . We like your work here , but this company is on hard times and I can't be handing out raises for anyone .
Person1: I've been here for 3 years , and I haven't had a raise in all that time . If you like my work , it should be reflected in my pay , and I feel it isn't .
Person2: I hear what you're saying , and I wish there were something I could do .
Person1: Very well , consider me gone .

Options: A. 4 days ago
B. 3 years ago
C. two months ago
D. three months ago

Let's think step by step before providing your final answer. However, you must conclude your assessment with the statement: 'Thus, the correct answer is: X', where 'X' is simply the solution you've determined to be correct. Note that there may be more than one correct option, in which case you must list them all.",C. two months ago && D. three months ago,1
TimeBench,TimeDial,TimeDial,MC,TimeDial-TimeDial-353,721,"There is a two-person dialogue with several options.
Choose all appropriate options to substitute the <mask> in the dialogue, and each question has at least one correct option.
Dialogue: Person1:Would you mind if I make a suggestion ?
Person2: Of course not , go ahead .
Person1: Maybe you should try to quit smoking . You know it is very bad for your health .
Person2: Well , sure it is . Actually , I have been cutting down the amount since <MASK> . I used to smoke a pack of cigarettes for a single day . Now I limit it to 6 cigarettes a day .
Person1: You have made a big progress . Quitting smoking is not an easy job . But it will be rewarding in the long run .
Person2: Thank you for your suggestion .
Person1: You ' re welcome .

Options: A. two months ago
B. a day ago
C. three months ago
D. 6 years ago

","There is a two-person dialogue with several options.
Choose all appropriate options to substitute the <mask> in the dialogue, and each question has at least one correct option.
Dialogue: Person1:Would you mind if I make a suggestion ?
Person2: Of course not , go ahead .
Person1: Maybe you should try to quit smoking . You know it is very bad for your health .
Person2: Well , sure it is . Actually , I have been cutting down the amount since <MASK> . I used to smoke a pack of cigarettes for a single day . Now I limit it to 6 cigarettes a day .
Person1: You have made a big progress . Quitting smoking is not an easy job . But it will be rewarding in the long run .
Person2: Thank you for your suggestion .
Person1: You ' re welcome .

Options: A. two months ago
B. a day ago
C. three months ago
D. 6 years ago

Let's think step by step before providing your final answer. However, you must conclude your assessment with the statement: 'Thus, the correct answer is: X', where 'X' is simply the solution you've determined to be correct. Note that there may be more than one correct option, in which case you must list them all.",A. two months ago && C. three months ago,1
TimeBench,TimeDial,TimeDial,MC,TimeDial-TimeDial-342,232,"There is a two-person dialogue with several options.
Choose all appropriate options to substitute the <mask> in the dialogue, and each question has at least one correct option.
Dialogue: Person1:Jack and Mary broke up .
Person2: it ' s so sad . They had been together for only <MASK> . Do you know what the matter was ?
Person1: Mary said Jack was cheating on her . Jack was seeing a girl from his hometown . One day , Mary saw them holding hands and ended the relationship immediately .
Person2: really ? I ' m very surprised . He doesn ' t look like a guy who ' d ever do that sort of thing , right ?
Person1: no , he doesn ' t . Anyway , she found out that he had been two-timing her for a long time .
Person2: maybe it is for the best . They are not suitable for each other because they have nothing in common and are completely different people .
Person1: how so ?
Person2: he is an extrovert while she is an introvert . He likes parties while she hates them .
Person1: poor Mary ! She really liked him .
Person2: anyway , she was right to end things and she deserves better .
Person1: do you think they ' ll get back together ?
Person2: no , I don ' t think so . I know Mary . Once she makes a decision , she won ' t change her mind .
Person1: I hope she ' ll recover soon .
Person2: so do I .
Options: A. six months 
B. two-minutes 
C. two months
D. one day 

","There is a two-person dialogue with several options.
Choose all appropriate options to substitute the <mask> in the dialogue, and each question has at least one correct option.
Dialogue: Person1:Jack and Mary broke up .
Person2: it ' s so sad . They had been together for only <MASK> . Do you know what the matter was ?
Person1: Mary said Jack was cheating on her . Jack was seeing a girl from his hometown . One day , Mary saw them holding hands and ended the relationship immediately .
Person2: really ? I ' m very surprised . He doesn ' t look like a guy who ' d ever do that sort of thing , right ?
Person1: no , he doesn ' t . Anyway , she found out that he had been two-timing her for a long time .
Person2: maybe it is for the best . They are not suitable for each other because they have nothing in common and are completely different people .
Person1: how so ?
Person2: he is an extrovert while she is an introvert . He likes parties while she hates them .
Person1: poor Mary ! She really liked him .
Person2: anyway , she was right to end things and she deserves better .
Person1: do you think they ' ll get back together ?
Person2: no , I don ' t think so . I know Mary . Once she makes a decision , she won ' t change her mind .
Person1: I hope she ' ll recover soon .
Person2: so do I .
Options: A. six months 
B. two-minutes 
C. two months
D. one day 

Let's think step by step before providing your final answer. However, you must conclude your assessment with the statement: 'Thus, the correct answer is: X', where 'X' is simply the solution you've determined to be correct. Note that there may be more than one correct option, in which case you must list them all.",A. six months  && C. two months,1
TimeBench,TimeDial,TimeDial,MC,TimeDial-TimeDial-278,1129,"There is a two-person dialogue with several options.
Choose all appropriate options to substitute the <mask> in the dialogue, and each question has at least one correct option.
Dialogue: Person1:Mr . McKenna , do you have a second ? I need to talk to you about something .
Person2: Sure , Liv , what can I do for you ?
Person1: Well , I was just wondering . . . you see , I know I ' Ve used up all my vacation days this year , but my sister is getting married , and the wedding is overseas , and , well . . .
Person2: You wanna take some time off , is that right ?
Person1: Well , sir , I was just hoping that I might be able to take some unpaid leave this year .
Person2: What dates are you planning on taking off ? I ' ll need <MASK> notice , so that I can plan for your absence .
Person1: I was thinking of taking off from September first until the thirtieth . Would you be okay with that ?
Person2: Well , I guess so .

Options: A. at least three months
B. at least a year
C. at least two months
D. at least one second

","There is a two-person dialogue with several options.
Choose all appropriate options to substitute the <mask> in the dialogue, and each question has at least one correct option.
Dialogue: Person1:Mr . McKenna , do you have a second ? I need to talk to you about something .
Person2: Sure , Liv , what can I do for you ?
Person1: Well , I was just wondering . . . you see , I know I ' Ve used up all my vacation days this year , but my sister is getting married , and the wedding is overseas , and , well . . .
Person2: You wanna take some time off , is that right ?
Person1: Well , sir , I was just hoping that I might be able to take some unpaid leave this year .
Person2: What dates are you planning on taking off ? I ' ll need <MASK> notice , so that I can plan for your absence .
Person1: I was thinking of taking off from September first until the thirtieth . Would you be okay with that ?
Person2: Well , I guess so .

Options: A. at least three months
B. at least a year
C. at least two months
D. at least one second

Let's think step by step before providing your final answer. However, you must conclude your assessment with the statement: 'Thus, the correct answer is: X', where 'X' is simply the solution you've determined to be correct. Note that there may be more than one correct option, in which case you must list them all.",A. at least three months && C. at least two months,1
TimeBench,TimeDial,TimeDial,MC,TimeDial-TimeDial-318,597,"There is a two-person dialogue with several options.
Choose all appropriate options to substitute the <mask> in the dialogue, and each question has at least one correct option.
Dialogue: Person1:Hello , let me introduce myself . I'm your neighbor . My name is Shirley .
Person2: Hi , Shirley . I'm Sophie . It's nice to meet you .
Person1: Nice to meet you , too .
Person2: Please come in .
Person1: Here is a little gift for your family . It's a calendar with all the community events on it . I hope it can be helpful .
Person2: I really appreciate it .
Person1: Since we are neighbors , if you need any help or anything , please come to me .
Person2: I will . Actually , I am worried so much about the security of this community because my house has been burgled twice before .
Person1: Oh , don't worry about that here . There are security guards on duty <MASK> a day and they patrol all over the neighborhood . You know , they are all very strong .
Person2: Really ? That's good . Is there any supermarket in our neighborhood ?
Person1: Of course . There is a Carrefour near the neighborhood . I'll show you there if you want to .
Person2: That's terrific !
Person1: By the way , a party will be held for new neighbors the day after tomorrow . I hope I can see you there .
Person2: Yeah , and we can get to know each other at the party .

Options: A. Ten minutes
B. 24 hours
C. Five hours 
D. All the time 

","There is a two-person dialogue with several options.
Choose all appropriate options to substitute the <mask> in the dialogue, and each question has at least one correct option.
Dialogue: Person1:Hello , let me introduce myself . I'm your neighbor . My name is Shirley .
Person2: Hi , Shirley . I'm Sophie . It's nice to meet you .
Person1: Nice to meet you , too .
Person2: Please come in .
Person1: Here is a little gift for your family . It's a calendar with all the community events on it . I hope it can be helpful .
Person2: I really appreciate it .
Person1: Since we are neighbors , if you need any help or anything , please come to me .
Person2: I will . Actually , I am worried so much about the security of this community because my house has been burgled twice before .
Person1: Oh , don't worry about that here . There are security guards on duty <MASK> a day and they patrol all over the neighborhood . You know , they are all very strong .
Person2: Really ? That's good . Is there any supermarket in our neighborhood ?
Person1: Of course . There is a Carrefour near the neighborhood . I'll show you there if you want to .
Person2: That's terrific !
Person1: By the way , a party will be held for new neighbors the day after tomorrow . I hope I can see you there .
Person2: Yeah , and we can get to know each other at the party .

Options: A. Ten minutes
B. 24 hours
C. Five hours 
D. All the time 

Let's think step by step before providing your final answer. However, you must conclude your assessment with the statement: 'Thus, the correct answer is: X', where 'X' is simply the solution you've determined to be correct. Note that there may be more than one correct option, in which case you must list them all.",B. 24 hours && D. All the time ,1
TimeBench,TimeDial,TimeDial,MC,TimeDial-TimeDial-269,408,"There is a two-person dialogue with several options.
Choose all appropriate options to substitute the <mask> in the dialogue, and each question has at least one correct option.
Dialogue: Person1:Good morning ! May I help you ?
Person2: Yes . My wife and I are interested in renting a house for the summer .
Person1: Do you want a furnished house or an unfurnished one ?
Person2: Furnished .
Person1: Very well . How long do you want the house ? All summer ?
Person2: No , not all summer . Just for six weeks .
Person1: I'm afraid I can only rent it for two months .
Person2: My holiday is only <MASK> , but I think my brother and his family would take it for the other two weeks.Is the house in good condition ?
Person1: Yes , it is . It was just painted and it has all the modern conveniences .

Options: A. Three hours
B. six weeks
C. Five and half weeks
D. Four months

","There is a two-person dialogue with several options.
Choose all appropriate options to substitute the <mask> in the dialogue, and each question has at least one correct option.
Dialogue: Person1:Good morning ! May I help you ?
Person2: Yes . My wife and I are interested in renting a house for the summer .
Person1: Do you want a furnished house or an unfurnished one ?
Person2: Furnished .
Person1: Very well . How long do you want the house ? All summer ?
Person2: No , not all summer . Just for six weeks .
Person1: I'm afraid I can only rent it for two months .
Person2: My holiday is only <MASK> , but I think my brother and his family would take it for the other two weeks.Is the house in good condition ?
Person1: Yes , it is . It was just painted and it has all the modern conveniences .

Options: A. Three hours
B. six weeks
C. Five and half weeks
D. Four months

Let's think step by step before providing your final answer. However, you must conclude your assessment with the statement: 'Thus, the correct answer is: X', where 'X' is simply the solution you've determined to be correct. Note that there may be more than one correct option, in which case you must list them all.",B. six weeks && C. Five and half weeks,1
TimeBench,TimeDial,TimeDial,MC,TimeDial-TimeDial-70,1125,"There is a two-person dialogue with several options.
Choose all appropriate options to substitute the <mask> in the dialogue, and each question has at least one correct option.
Dialogue: Person1:I know in your resume that you have worked in your present company for 3 years , can you tell me why you want to leave your present job and join us ?
Person2: Because the job I am doing in my present company is of no challenge , but I like challenge.Your firm is a young organisation with many innovative ideas . It has been very successful in an expanding market since its establishment <MASK> . Working for you would be exactly the sort of challenge I am looking for .
Person1: Why do you think you are qualified for this position ?
Person2: I have excellent communication skills and I am familiar with the procedures for the last company I worked for . Besides , I am a team player and have great interpersonal skills .

Options: A. 90 years ago
B. 9 years ago
C. 3 days ago
D. 10 years ago

","There is a two-person dialogue with several options.
Choose all appropriate options to substitute the <mask> in the dialogue, and each question has at least one correct option.
Dialogue: Person1:I know in your resume that you have worked in your present company for 3 years , can you tell me why you want to leave your present job and join us ?
Person2: Because the job I am doing in my present company is of no challenge , but I like challenge.Your firm is a young organisation with many innovative ideas . It has been very successful in an expanding market since its establishment <MASK> . Working for you would be exactly the sort of challenge I am looking for .
Person1: Why do you think you are qualified for this position ?
Person2: I have excellent communication skills and I am familiar with the procedures for the last company I worked for . Besides , I am a team player and have great interpersonal skills .

Options: A. 90 years ago
B. 9 years ago
C. 3 days ago
D. 10 years ago

Let's think step by step before providing your final answer. However, you must conclude your assessment with the statement: 'Thus, the correct answer is: X', where 'X' is simply the solution you've determined to be correct. Note that there may be more than one correct option, in which case you must list them all.",B. 9 years ago && D. 10 years ago,1
TimeBench,TimeDial,TimeDial,MC,TimeDial-TimeDial-456,428,"There is a two-person dialogue with several options.
Choose all appropriate options to substitute the <mask> in the dialogue, and each question has at least one correct option.
Dialogue: Person1:Wow , you ' re up early today ! What ' s for breakfast ?
Person2: Well , I felt like baking , so I made some muffins .
Person1: Smells good ! I ' ll make some coffee . Do you want me to make you some eggs ?
Person2: Sure , I'll take mine , sunny side up .
Person1: Www , I don ' t know how you can eat your eggs like that ! Ever since I was small , I ' Ve had eggs and soldiers .
Person2: You know , my dad had scrambled eggs every morning for <MASK> . It drove my mom crazy !
Person1: You know what really drives me crazy ? When I ask for soft boiled eggs , and they overcook them , so they come out hard boiled ! How can you dipyour toast into a hard boiled egg ?
Person2: You ' re so picky sometimes .
Person1: Here you go , honey , fried eggs .
Person2: Dammit ! I asked for sunny side up ! How many times do I have to tell you .

Options: A. twenty years
B. ninety years
C. two days
D. twenty two years

","There is a two-person dialogue with several options.
Choose all appropriate options to substitute the <mask> in the dialogue, and each question has at least one correct option.
Dialogue: Person1:Wow , you ' re up early today ! What ' s for breakfast ?
Person2: Well , I felt like baking , so I made some muffins .
Person1: Smells good ! I ' ll make some coffee . Do you want me to make you some eggs ?
Person2: Sure , I'll take mine , sunny side up .
Person1: Www , I don ' t know how you can eat your eggs like that ! Ever since I was small , I ' Ve had eggs and soldiers .
Person2: You know , my dad had scrambled eggs every morning for <MASK> . It drove my mom crazy !
Person1: You know what really drives me crazy ? When I ask for soft boiled eggs , and they overcook them , so they come out hard boiled ! How can you dipyour toast into a hard boiled egg ?
Person2: You ' re so picky sometimes .
Person1: Here you go , honey , fried eggs .
Person2: Dammit ! I asked for sunny side up ! How many times do I have to tell you .

Options: A. twenty years
B. ninety years
C. two days
D. twenty two years

Let's think step by step before providing your final answer. However, you must conclude your assessment with the statement: 'Thus, the correct answer is: X', where 'X' is simply the solution you've determined to be correct. Note that there may be more than one correct option, in which case you must list them all.",A. twenty years && D. twenty two years,1
TimeBench,TimeDial,TimeDial,MC,TimeDial-TimeDial-466,1058,"There is a two-person dialogue with several options.
Choose all appropriate options to substitute the <mask> in the dialogue, and each question has at least one correct option.
Dialogue: Person1:Hello , Jack . I'm John .
Person2: I'm glad to see you !
Person1: Sit down , please . Maybe you have read the contract , but I want to give you the details again before you sign the contract . You must have a three-month internship .
Person2: Yes , I know .
Person1: When you become a permanent employee , you will have the insurances . You will get monthly pay and will be on eight-hour / day work shift .
Person2: Wait , will I have five insurances and one fund ?
Person1: Yes . You can also enjoy legal holidays and year-end bonus .
Person2: It sounds great !
Person1: If you need to work overtime , you will get twice the usual salary as overtime pay .
Person2: OK .
Person1: You have read the relevant terms of the contract . Do you have other questions ?
Person2: How long will the induction training be ?
Person1: <MASK> .
Person2: I see .
Person1: If you don't have other questions , just sign here .
Person2: OK .

Options: A. About fifteen days
B. About eight minutes
C. About two weeks
D. About three years

","There is a two-person dialogue with several options.
Choose all appropriate options to substitute the <mask> in the dialogue, and each question has at least one correct option.
Dialogue: Person1:Hello , Jack . I'm John .
Person2: I'm glad to see you !
Person1: Sit down , please . Maybe you have read the contract , but I want to give you the details again before you sign the contract . You must have a three-month internship .
Person2: Yes , I know .
Person1: When you become a permanent employee , you will have the insurances . You will get monthly pay and will be on eight-hour / day work shift .
Person2: Wait , will I have five insurances and one fund ?
Person1: Yes . You can also enjoy legal holidays and year-end bonus .
Person2: It sounds great !
Person1: If you need to work overtime , you will get twice the usual salary as overtime pay .
Person2: OK .
Person1: You have read the relevant terms of the contract . Do you have other questions ?
Person2: How long will the induction training be ?
Person1: <MASK> .
Person2: I see .
Person1: If you don't have other questions , just sign here .
Person2: OK .

Options: A. About fifteen days
B. About eight minutes
C. About two weeks
D. About three years

Let's think step by step before providing your final answer. However, you must conclude your assessment with the statement: 'Thus, the correct answer is: X', where 'X' is simply the solution you've determined to be correct. Note that there may be more than one correct option, in which case you must list them all.",A. About fifteen days && C. About two weeks,1
TimeBench,TimeDial,TimeDial,MC,TimeDial-TimeDial-155,1246,"There is a two-person dialogue with several options.
Choose all appropriate options to substitute the <mask> in the dialogue, and each question has at least one correct option.
Dialogue: Person1:Good morning ! What can I do for you ?
Person2: I'm thinking of travelling to Suzhou in July . Could you recommend some tourist programs for that ?
Person1: With pleasure . We arrange two kinds of tourist programs for Suzhou , a six-day tour by train and a <MASK> flying journey .
Person2: How much does a six-day tour by train cost ?
Person1: Five hundred yuan .
Person2: Does that include hotels and meals ?
Person1: Oh , yes , and admission tickets for places of interest as well .
Person2: That sounds reasonable . What about the five-day flying journey ? How much is that ?
Person1: Eight hundred and fifty yuan .
Person2: Covering all expenses ?
Person1: Yes . But there is no half fare for children . They must pay full fare .

Options: A. Five hundred days
B. five-day
C. Eight hundred and fifty seconds
D. four-day

","There is a two-person dialogue with several options.
Choose all appropriate options to substitute the <mask> in the dialogue, and each question has at least one correct option.
Dialogue: Person1:Good morning ! What can I do for you ?
Person2: I'm thinking of travelling to Suzhou in July . Could you recommend some tourist programs for that ?
Person1: With pleasure . We arrange two kinds of tourist programs for Suzhou , a six-day tour by train and a <MASK> flying journey .
Person2: How much does a six-day tour by train cost ?
Person1: Five hundred yuan .
Person2: Does that include hotels and meals ?
Person1: Oh , yes , and admission tickets for places of interest as well .
Person2: That sounds reasonable . What about the five-day flying journey ? How much is that ?
Person1: Eight hundred and fifty yuan .
Person2: Covering all expenses ?
Person1: Yes . But there is no half fare for children . They must pay full fare .

Options: A. Five hundred days
B. five-day
C. Eight hundred and fifty seconds
D. four-day

Let's think step by step before providing your final answer. However, you must conclude your assessment with the statement: 'Thus, the correct answer is: X', where 'X' is simply the solution you've determined to be correct. Note that there may be more than one correct option, in which case you must list them all.",B. five-day && D. four-day,1
TimeBench,TimeDial,TimeDial,MC,TimeDial-TimeDial-83,1033,"There is a two-person dialogue with several options.
Choose all appropriate options to substitute the <mask> in the dialogue, and each question has at least one correct option.
Dialogue: Person1:when do most children start school in your country ?
Person2: In America , most children start primary school at the age of five .
Person1: How much time do primary school students usually spend at school every day ?
Person2: Kindergarten students usually only go to school for <MASK> every day , but after that , they spend about eight hours in school every day .
Person1: do they have to go to school on Saturdays ?
Person2: no , most children in America only go to school Monday through Friday .
Person1: how many subjects do they have to study ?
Person2: In most schools , they study about nine subjects .
Person1: do students have to wear uniforms in schools in America ?
Person2: some private schools require their students to wear uniforms , but public schools don't .
Person1: did you go to a public school or a private school ?
Person2: I went to a private school for elementary school and university , but went to a public school for high school . What about you ?
Person1: I went to a boarding school from nursery school to senior high school .
Person2: did you have to wear uniforms ?
Person1: yes , they were horrible . We had to wear green every day !
Person2: at least you didn't waste time thinking about what you were going to wear every day !
Person1: that's true !

Options: A. about five minutes
B. about eight hours
C. about five hours
D. about four hours

","There is a two-person dialogue with several options.
Choose all appropriate options to substitute the <mask> in the dialogue, and each question has at least one correct option.
Dialogue: Person1:when do most children start school in your country ?
Person2: In America , most children start primary school at the age of five .
Person1: How much time do primary school students usually spend at school every day ?
Person2: Kindergarten students usually only go to school for <MASK> every day , but after that , they spend about eight hours in school every day .
Person1: do they have to go to school on Saturdays ?
Person2: no , most children in America only go to school Monday through Friday .
Person1: how many subjects do they have to study ?
Person2: In most schools , they study about nine subjects .
Person1: do students have to wear uniforms in schools in America ?
Person2: some private schools require their students to wear uniforms , but public schools don't .
Person1: did you go to a public school or a private school ?
Person2: I went to a private school for elementary school and university , but went to a public school for high school . What about you ?
Person1: I went to a boarding school from nursery school to senior high school .
Person2: did you have to wear uniforms ?
Person1: yes , they were horrible . We had to wear green every day !
Person2: at least you didn't waste time thinking about what you were going to wear every day !
Person1: that's true !

Options: A. about five minutes
B. about eight hours
C. about five hours
D. about four hours

Let's think step by step before providing your final answer. However, you must conclude your assessment with the statement: 'Thus, the correct answer is: X', where 'X' is simply the solution you've determined to be correct. Note that there may be more than one correct option, in which case you must list them all.",C. about five hours && D. about four hours,1
TimeBench,TimeDial,TimeDial,MC,TimeDial-TimeDial-478,1430,"There is a two-person dialogue with several options.
Choose all appropriate options to substitute the <mask> in the dialogue, and each question has at least one correct option.
Dialogue: Person1:Good afternoon . May I help you ?
Person2: Yes , I'd like to make a deposit .
Person1: Which type of deposit do you prefer , time deposit or current deposit ?
Person2: I prefer time deposit .
Person1: Okey . The interest rate for time deposit is higher . Could you tell me it's RIB deposit or currency deposit ?
Person2: RIB deposit .
Person1: Is it your first time to make a deposit here ?
Person2: Yes .
Person1: The term of time deposit ranges from three months to five years , including three months , <MASK> , one year , two years , three years and five years . How long would you like to keep your deposit ?
Person2: Six months .
Person1: Fill in this slip in ink , please .
Person2: Here you are .
Person1: All right . Just a moment , please .
Person2: Thank you .

Options: A. six months
B. three decades
C. six days

","There is a two-person dialogue with several options.
Choose all appropriate options to substitute the <mask> in the dialogue, and each question has at least one correct option.
Dialogue: Person1:Good afternoon . May I help you ?
Person2: Yes , I'd like to make a deposit .
Person1: Which type of deposit do you prefer , time deposit or current deposit ?
Person2: I prefer time deposit .
Person1: Okey . The interest rate for time deposit is higher . Could you tell me it's RIB deposit or currency deposit ?
Person2: RIB deposit .
Person1: Is it your first time to make a deposit here ?
Person2: Yes .
Person1: The term of time deposit ranges from three months to five years , including three months , <MASK> , one year , two years , three years and five years . How long would you like to keep your deposit ?
Person2: Six months .
Person1: Fill in this slip in ink , please .
Person2: Here you are .
Person1: All right . Just a moment , please .
Person2: Thank you .

Options: A. six months
B. three decades
C. six days

Let's think step by step before providing your final answer. However, you must conclude your assessment with the statement: 'Thus, the correct answer is: X', where 'X' is simply the solution you've determined to be correct. Note that there may be more than one correct option, in which case you must list them all.",A. six months,1
TimeBench,TimeDial,TimeDial,MC,TimeDial-TimeDial-173,20,"There is a two-person dialogue with several options.
Choose all appropriate options to substitute the <mask> in the dialogue, and each question has at least one correct option.
Dialogue: Person1:If we employ you , what starting salary would you expect ?
Person2: I'd like to start at 3000 yuan a month .
Person1: I think your background and experience are worth the compensation .
Person2: Does it include bonuses ?
Person1: No , there are annual bonuses , <MASK> paid vacation a year , and health insurance .
Person2: Very good .
Options: A. 3 minutes
B. one week
C. two week
D. a year

","There is a two-person dialogue with several options.
Choose all appropriate options to substitute the <mask> in the dialogue, and each question has at least one correct option.
Dialogue: Person1:If we employ you , what starting salary would you expect ?
Person2: I'd like to start at 3000 yuan a month .
Person1: I think your background and experience are worth the compensation .
Person2: Does it include bonuses ?
Person1: No , there are annual bonuses , <MASK> paid vacation a year , and health insurance .
Person2: Very good .
Options: A. 3 minutes
B. one week
C. two week
D. a year

Let's think step by step before providing your final answer. However, you must conclude your assessment with the statement: 'Thus, the correct answer is: X', where 'X' is simply the solution you've determined to be correct. Note that there may be more than one correct option, in which case you must list them all.",B. one week && C. two week,1
TimeBench,TimeDial,TimeDial,MC,TimeDial-TimeDial-181,1422,"There is a two-person dialogue with several options.
Choose all appropriate options to substitute the <mask> in the dialogue, and each question has at least one correct option.
Dialogue: Person1:Are you here to make a deposit Mr Hayes ?
Person2: No , Nancy , today I'm here to make a withdrawal . I made a formal request <MASK> .
Person1: You want to withdraw on your Time Deposit , right ?
Person2: That's correct . But before I do , I was wondering if you could give me some advice .
Person1: Of course , Mr Hayes . That's what I'm here for . What would you like to know ?
Person2: Maybe I'm making a big mistake cashing in my Time Deposit before maturity .
Person1: This bank charges you 6 months interest as a penalty if you withdraw before maturity . Would it be possible to take the money from your Current Account , for example ?
Person2: No , not really . My Current Account is for cash flow and couldn't withstand having all of that money taken from it .

Options: A. 7 days ago
B. 6 months ago
C. 10 days ago
D. 10 minutes ago

","There is a two-person dialogue with several options.
Choose all appropriate options to substitute the <mask> in the dialogue, and each question has at least one correct option.
Dialogue: Person1:Are you here to make a deposit Mr Hayes ?
Person2: No , Nancy , today I'm here to make a withdrawal . I made a formal request <MASK> .
Person1: You want to withdraw on your Time Deposit , right ?
Person2: That's correct . But before I do , I was wondering if you could give me some advice .
Person1: Of course , Mr Hayes . That's what I'm here for . What would you like to know ?
Person2: Maybe I'm making a big mistake cashing in my Time Deposit before maturity .
Person1: This bank charges you 6 months interest as a penalty if you withdraw before maturity . Would it be possible to take the money from your Current Account , for example ?
Person2: No , not really . My Current Account is for cash flow and couldn't withstand having all of that money taken from it .

Options: A. 7 days ago
B. 6 months ago
C. 10 days ago
D. 10 minutes ago

Let's think step by step before providing your final answer. However, you must conclude your assessment with the statement: 'Thus, the correct answer is: X', where 'X' is simply the solution you've determined to be correct. Note that there may be more than one correct option, in which case you must list them all.",A. 7 days ago && C. 10 days ago,1
TimeBench,TimeDial,TimeDial,MC,TimeDial-TimeDial-415,133,"There is a two-person dialogue with several options.
Choose all appropriate options to substitute the <mask> in the dialogue, and each question has at least one correct option.
Dialogue: Person1:Do you have any other questions ?
Person2: Yes , may I ask something about the salary and benefits in your company ?
Person1: According to our regulations , you will be on probation for <MASK> .
Person2: What is the salary while on probation ?
Person1: In this period , you can only get the basic salary , 2,500 yuan per month .
Person2: That sounds fine .
Person1: The salary will be deposited into the bank on the 15th every month . Your salary will be raised every year in October , depending on your performance evaluation.you can get a bonus once a year.and it's normally in December .
Person2: Are there paid holidays ?
Person1: Yes , you may enjoy a seven-day paid holiday in the first year . After that , you can have two more days each year .
Options: A. the first three months
B. the first seven hours
C. the first six months
D. the first two years

","There is a two-person dialogue with several options.
Choose all appropriate options to substitute the <mask> in the dialogue, and each question has at least one correct option.
Dialogue: Person1:Do you have any other questions ?
Person2: Yes , may I ask something about the salary and benefits in your company ?
Person1: According to our regulations , you will be on probation for <MASK> .
Person2: What is the salary while on probation ?
Person1: In this period , you can only get the basic salary , 2,500 yuan per month .
Person2: That sounds fine .
Person1: The salary will be deposited into the bank on the 15th every month . Your salary will be raised every year in October , depending on your performance evaluation.you can get a bonus once a year.and it's normally in December .
Person2: Are there paid holidays ?
Person1: Yes , you may enjoy a seven-day paid holiday in the first year . After that , you can have two more days each year .
Options: A. the first three months
B. the first seven hours
C. the first six months
D. the first two years

Let's think step by step before providing your final answer. However, you must conclude your assessment with the statement: 'Thus, the correct answer is: X', where 'X' is simply the solution you've determined to be correct. Note that there may be more than one correct option, in which case you must list them all.",A. the first three months && C. the first six months,1
TimeBench,TimeDial,TimeDial,MC,TimeDial-TimeDial-363,980,"There is a two-person dialogue with several options.
Choose all appropriate options to substitute the <mask> in the dialogue, and each question has at least one correct option.
Dialogue: Person1:Mrs . Phoebe , let's talk about the delivery arrangement for our goods .
Person2: Sure . What's your date of delivery ?
Person1: I informed my company and was told that the first five thousand by the end of this month .
Person2: What about the balance of the order ? Can they also arrive at our company quickly ?
Person1: We can deliver the balance at the price already quoted in 10 days .
Person2: Can you deliver them earlier ?
Person1: I am afraid we can not do that . Would you be willing to sign an annual contract on the basis we discussed ?
Person2: Possibly , subject to quality and delivery guarantees .
Person1: Of course . Well , in that case we could offer a 5 % discount for a confirmed monthly order for <MASK> .
Person2: I was looking forward to something a bit more substantial . As you know , we have long-time cooperation .
Person1: I'm afraid that's as far as we could go . We'd already be stretching ourselves to the limit .
Person2: Well , let's shake on that and draw up the details of the contract .

Options: A. The next 5 years
B. 10 days
C. the next 12 months
D. The next 6 months

","There is a two-person dialogue with several options.
Choose all appropriate options to substitute the <mask> in the dialogue, and each question has at least one correct option.
Dialogue: Person1:Mrs . Phoebe , let's talk about the delivery arrangement for our goods .
Person2: Sure . What's your date of delivery ?
Person1: I informed my company and was told that the first five thousand by the end of this month .
Person2: What about the balance of the order ? Can they also arrive at our company quickly ?
Person1: We can deliver the balance at the price already quoted in 10 days .
Person2: Can you deliver them earlier ?
Person1: I am afraid we can not do that . Would you be willing to sign an annual contract on the basis we discussed ?
Person2: Possibly , subject to quality and delivery guarantees .
Person1: Of course . Well , in that case we could offer a 5 % discount for a confirmed monthly order for <MASK> .
Person2: I was looking forward to something a bit more substantial . As you know , we have long-time cooperation .
Person1: I'm afraid that's as far as we could go . We'd already be stretching ourselves to the limit .
Person2: Well , let's shake on that and draw up the details of the contract .

Options: A. The next 5 years
B. 10 days
C. the next 12 months
D. The next 6 months

Let's think step by step before providing your final answer. However, you must conclude your assessment with the statement: 'Thus, the correct answer is: X', where 'X' is simply the solution you've determined to be correct. Note that there may be more than one correct option, in which case you must list them all.",C. the next 12 months && D. The next 6 months,1
TimeBench,TimeDial,TimeDial,MC,TimeDial-TimeDial-325,259,"There is a two-person dialogue with several options.
Choose all appropriate options to substitute the <mask> in the dialogue, and each question has at least one correct option.
Dialogue: Person1:You really should stop smoking , you know .
Person2: I know . I know . I don ' t smoke too much , though .
Person1: How many cigarettes do you smoke a day ?
Person2: About a pack , more if I drink .
Person1: Wow . You ' re really a heavy smoker .
Person2: No , I ' m not . My father smoked two packs a day for <MASK> .
Person1: He died of lung cancer , right ?
Person2: Yeah ... you ' re right . I really should stop smoking .
Options: A. forty years
B. 10 days 
C. one year
D. 25 years 

","There is a two-person dialogue with several options.
Choose all appropriate options to substitute the <mask> in the dialogue, and each question has at least one correct option.
Dialogue: Person1:You really should stop smoking , you know .
Person2: I know . I know . I don ' t smoke too much , though .
Person1: How many cigarettes do you smoke a day ?
Person2: About a pack , more if I drink .
Person1: Wow . You ' re really a heavy smoker .
Person2: No , I ' m not . My father smoked two packs a day for <MASK> .
Person1: He died of lung cancer , right ?
Person2: Yeah ... you ' re right . I really should stop smoking .
Options: A. forty years
B. 10 days 
C. one year
D. 25 years 

Let's think step by step before providing your final answer. However, you must conclude your assessment with the statement: 'Thus, the correct answer is: X', where 'X' is simply the solution you've determined to be correct. Note that there may be more than one correct option, in which case you must list them all.",A. forty years && D. 25 years ,1
TimeBench,TimeDial,TimeDial,MC,TimeDial-TimeDial-348,993,"There is a two-person dialogue with several options.
Choose all appropriate options to substitute the <mask> in the dialogue, and each question has at least one correct option.
Dialogue: Person1:What sort of shift-system do you operate ?
Person2: We have a three-shift system - that's three <MASK> shifts each weekday . We're shut at weekends . This week I'm on the early shift .
Person1: Do you ever have to do the night shift ?
Person2: Yes , sometimes . I don't like working nights I have problems sleeping during the day .

Options: A. seven-hour
B. three-minute
C. eight-hour
D. three-days

","There is a two-person dialogue with several options.
Choose all appropriate options to substitute the <mask> in the dialogue, and each question has at least one correct option.
Dialogue: Person1:What sort of shift-system do you operate ?
Person2: We have a three-shift system - that's three <MASK> shifts each weekday . We're shut at weekends . This week I'm on the early shift .
Person1: Do you ever have to do the night shift ?
Person2: Yes , sometimes . I don't like working nights I have problems sleeping during the day .

Options: A. seven-hour
B. three-minute
C. eight-hour
D. three-days

Let's think step by step before providing your final answer. However, you must conclude your assessment with the statement: 'Thus, the correct answer is: X', where 'X' is simply the solution you've determined to be correct. Note that there may be more than one correct option, in which case you must list them all.",A. seven-hour && C. eight-hour,1
TimeBench,TimeDial,TimeDial,MC,TimeDial-TimeDial-87,905,"There is a two-person dialogue with several options.
Choose all appropriate options to substitute the <mask> in the dialogue, and each question has at least one correct option.
Dialogue: Person1:What can I offer you here ?
Person2: I came here to ask for some information .
Person1: Ok . Please go ahead .
Person2: I bought a pair of trousers last year , which I like the best . But this year they don ' t fit me very well . They ' re tight in the waist , baggy at the knees . Can you make some alterations ?
Person1: Oh , we are skillful in doing that . You can trust us . Our shop has a history of <MASK> .
Person2: It seems I find the right place .
Person1: Yes , absolutely ! We have a very good reputation in the neighborhood .
Person2: When can I have my trousers if I bring it to you tomorrow ?
Person1: If you like you can wait here . They will be ready in one hour and a half .
Person2: All right . See you tomorrow .

Options: A. one hour
B. 62 years 
C. more than 20 years
D. 15 days 

","There is a two-person dialogue with several options.
Choose all appropriate options to substitute the <mask> in the dialogue, and each question has at least one correct option.
Dialogue: Person1:What can I offer you here ?
Person2: I came here to ask for some information .
Person1: Ok . Please go ahead .
Person2: I bought a pair of trousers last year , which I like the best . But this year they don ' t fit me very well . They ' re tight in the waist , baggy at the knees . Can you make some alterations ?
Person1: Oh , we are skillful in doing that . You can trust us . Our shop has a history of <MASK> .
Person2: It seems I find the right place .
Person1: Yes , absolutely ! We have a very good reputation in the neighborhood .
Person2: When can I have my trousers if I bring it to you tomorrow ?
Person1: If you like you can wait here . They will be ready in one hour and a half .
Person2: All right . See you tomorrow .

Options: A. one hour
B. 62 years 
C. more than 20 years
D. 15 days 

Let's think step by step before providing your final answer. However, you must conclude your assessment with the statement: 'Thus, the correct answer is: X', where 'X' is simply the solution you've determined to be correct. Note that there may be more than one correct option, in which case you must list them all.",B. 62 years  && C. more than 20 years,1
TimeBench,TimeDial,TimeDial,MC,TimeDial-TimeDial-76,286,"There is a two-person dialogue with several options.
Choose all appropriate options to substitute the <mask> in the dialogue, and each question has at least one correct option.
Dialogue: Person1:Hello , I'd like to subscribe to a magazine .
Person2: What magazine do you want to subscribe for ?
Person1: Fitness Consultant .
Person2: OK , Fitness Consultant . How many subscriptions do you want ?
Person1: Only one , please .
Person2: How long do you want the subscription for ?
Person1: For six months , please .
Person2: Your name , please ?
Person1: Shirley , that's my wife's name . I subscribe to this magazine for her .
Person2: I see . Please put your address here then .
Person1: OK . How much is the subscription ?
Person2: 650 Yuan .
Person1: 650 Yuan ! You must be kidding ! I can subscribe for evening newspapers for <MASK> with that much !
Options: A. six months
B. ten years
C. 65 minutes
D. twelve years

","There is a two-person dialogue with several options.
Choose all appropriate options to substitute the <mask> in the dialogue, and each question has at least one correct option.
Dialogue: Person1:Hello , I'd like to subscribe to a magazine .
Person2: What magazine do you want to subscribe for ?
Person1: Fitness Consultant .
Person2: OK , Fitness Consultant . How many subscriptions do you want ?
Person1: Only one , please .
Person2: How long do you want the subscription for ?
Person1: For six months , please .
Person2: Your name , please ?
Person1: Shirley , that's my wife's name . I subscribe to this magazine for her .
Person2: I see . Please put your address here then .
Person1: OK . How much is the subscription ?
Person2: 650 Yuan .
Person1: 650 Yuan ! You must be kidding ! I can subscribe for evening newspapers for <MASK> with that much !
Options: A. six months
B. ten years
C. 65 minutes
D. twelve years

Let's think step by step before providing your final answer. However, you must conclude your assessment with the statement: 'Thus, the correct answer is: X', where 'X' is simply the solution you've determined to be correct. Note that there may be more than one correct option, in which case you must list them all.",B. ten years && D. twelve years,1
TimeBench,TimeDial,TimeDial,MC,TimeDial-TimeDial-439,439,"There is a two-person dialogue with several options.
Choose all appropriate options to substitute the <mask> in the dialogue, and each question has at least one correct option.
Dialogue: Person1:Excuse me , do the buses stop here ?
Person2: Yes , they all stop at this corner .
Person1: I want to go to Broadway and 82nd Street . Can I take any bus that comes along ?
Person2: You can take any bus except the Number 9 .
Person1: How often do the buses run ?
Person2: They run about every five minutes .
Person1: Fine . How long does it take to get to 82nd Street ?
Person2: About fifteen minutes . It's not far . Are you a stranger in New York ?
Person1: Yes , I am . I arrived only <MASK> from Japan .
Person2: How do you like New York city ?
Person1: I like it very much , but it's a little confusing to me .
Person2: You'll soon get accustomed to it . It's not difficult . Well , here's the bus . Fortunately , it's not full .
Person1: Thank you for the information .
Person2: Don't mention it .

Options: A. three days ago
B. fifteen years ago
C. five decades ago
D. five days ago

","There is a two-person dialogue with several options.
Choose all appropriate options to substitute the <mask> in the dialogue, and each question has at least one correct option.
Dialogue: Person1:Excuse me , do the buses stop here ?
Person2: Yes , they all stop at this corner .
Person1: I want to go to Broadway and 82nd Street . Can I take any bus that comes along ?
Person2: You can take any bus except the Number 9 .
Person1: How often do the buses run ?
Person2: They run about every five minutes .
Person1: Fine . How long does it take to get to 82nd Street ?
Person2: About fifteen minutes . It's not far . Are you a stranger in New York ?
Person1: Yes , I am . I arrived only <MASK> from Japan .
Person2: How do you like New York city ?
Person1: I like it very much , but it's a little confusing to me .
Person2: You'll soon get accustomed to it . It's not difficult . Well , here's the bus . Fortunately , it's not full .
Person1: Thank you for the information .
Person2: Don't mention it .

Options: A. three days ago
B. fifteen years ago
C. five decades ago
D. five days ago

Let's think step by step before providing your final answer. However, you must conclude your assessment with the statement: 'Thus, the correct answer is: X', where 'X' is simply the solution you've determined to be correct. Note that there may be more than one correct option, in which case you must list them all.",A. three days ago && D. five days ago,1
TimeBench,TimeDial,TimeDial,MC,TimeDial-TimeDial-16,351,"There is a two-person dialogue with several options.
Choose all appropriate options to substitute the <mask> in the dialogue, and each question has at least one correct option.
Dialogue: Person1:Your English has really improved in <MASK> you've been here , too .
Person2: Do you have to work late at the computer company again tonight ?
Person1: No , I'm going to leave the office early today . My annual medical check-up is this afternoon .
Person2: How much longer will Mr . Schmidt be up in the mountains ?
Person1: He's on a weeklong meditation retreat and won't be back until this weekend .
Options: A. the five hours 
B. the two months
C. two weeks 
D. the three years 

","There is a two-person dialogue with several options.
Choose all appropriate options to substitute the <mask> in the dialogue, and each question has at least one correct option.
Dialogue: Person1:Your English has really improved in <MASK> you've been here , too .
Person2: Do you have to work late at the computer company again tonight ?
Person1: No , I'm going to leave the office early today . My annual medical check-up is this afternoon .
Person2: How much longer will Mr . Schmidt be up in the mountains ?
Person1: He's on a weeklong meditation retreat and won't be back until this weekend .
Options: A. the five hours 
B. the two months
C. two weeks 
D. the three years 

Let's think step by step before providing your final answer. However, you must conclude your assessment with the statement: 'Thus, the correct answer is: X', where 'X' is simply the solution you've determined to be correct. Note that there may be more than one correct option, in which case you must list them all.",B. the two months && C. two weeks ,1
TimeBench,TimeDial,TimeDial,MC,TimeDial-TimeDial-250,966,"There is a two-person dialogue with several options.
Choose all appropriate options to substitute the <mask> in the dialogue, and each question has at least one correct option.
Dialogue: Person1:Hi , Customer Service Desk . What can I do for you today , sir ?
Person2: Good morning . I bought this vacuum here a few months ago . It doesn ' t work now . Can I return it or get it fixed ?
Person1: Do you have your receipt with you ?
Person2: Yes , I do .
Person1: When did you buy it from our store ?
Person2: Four months ago .
Person1: I ' m sorry . You can ' t return it because too much time has passed since you purchased it . In order to receive a refund , you must return merchandise to the store within 90 days of purchase .
Person2: But the direction book says I will get <MASK> warranty .
Person1: Yes , I know . After 90 days , you need to call the company that manufactured the vacuum to fix it because it ' s still under their warranty . Their phone number should be in the direction book that came with your vacuum .
Person2: Okay . I understand . I ' ll call the Customer Service Office of the manufacturer . Thank you .
Person1: You ' re welcome .

Options: A. Four months
B. One and half year
C. 90 days
D. one-year

","There is a two-person dialogue with several options.
Choose all appropriate options to substitute the <mask> in the dialogue, and each question has at least one correct option.
Dialogue: Person1:Hi , Customer Service Desk . What can I do for you today , sir ?
Person2: Good morning . I bought this vacuum here a few months ago . It doesn ' t work now . Can I return it or get it fixed ?
Person1: Do you have your receipt with you ?
Person2: Yes , I do .
Person1: When did you buy it from our store ?
Person2: Four months ago .
Person1: I ' m sorry . You can ' t return it because too much time has passed since you purchased it . In order to receive a refund , you must return merchandise to the store within 90 days of purchase .
Person2: But the direction book says I will get <MASK> warranty .
Person1: Yes , I know . After 90 days , you need to call the company that manufactured the vacuum to fix it because it ' s still under their warranty . Their phone number should be in the direction book that came with your vacuum .
Person2: Okay . I understand . I ' ll call the Customer Service Office of the manufacturer . Thank you .
Person1: You ' re welcome .

Options: A. Four months
B. One and half year
C. 90 days
D. one-year

Let's think step by step before providing your final answer. However, you must conclude your assessment with the statement: 'Thus, the correct answer is: X', where 'X' is simply the solution you've determined to be correct. Note that there may be more than one correct option, in which case you must list them all.",B. One and half year && D. one-year,1
TimeBench,TimeDial,TimeDial,MC,TimeDial-TimeDial-434,205,"There is a two-person dialogue with several options.
Choose all appropriate options to substitute the <mask> in the dialogue, and each question has at least one correct option.
Dialogue: Person1:Oh Gush ! The first day of my career is over . I can not breathe now after dealing with so many documents . But I heard the notice that our company will hold <MASK> staff training .
Person2: Stop fussing ! It is said that the training is important for our newcomers . And my company also informs me to attend the training next week .
Person1: But for me , the training is waste of my precious time .
Person2: I disagree with you . Companies usually make a workable and reasonable plan for the trainings , so as to improve new comers ' understanding of the company and its rules in short time . Through the training , we get to know many things , such as the corporate culture and spirit . Our newcomers can really grasp the essence of the company
Options: A. three-week
B. one-day
C. three-year
D. two-week

","There is a two-person dialogue with several options.
Choose all appropriate options to substitute the <mask> in the dialogue, and each question has at least one correct option.
Dialogue: Person1:Oh Gush ! The first day of my career is over . I can not breathe now after dealing with so many documents . But I heard the notice that our company will hold <MASK> staff training .
Person2: Stop fussing ! It is said that the training is important for our newcomers . And my company also informs me to attend the training next week .
Person1: But for me , the training is waste of my precious time .
Person2: I disagree with you . Companies usually make a workable and reasonable plan for the trainings , so as to improve new comers ' understanding of the company and its rules in short time . Through the training , we get to know many things , such as the corporate culture and spirit . Our newcomers can really grasp the essence of the company
Options: A. three-week
B. one-day
C. three-year
D. two-week

Let's think step by step before providing your final answer. However, you must conclude your assessment with the statement: 'Thus, the correct answer is: X', where 'X' is simply the solution you've determined to be correct. Note that there may be more than one correct option, in which case you must list them all.",A. three-week && D. two-week,1
TimeBench,TimeDial,TimeDial,MC,TimeDial-TimeDial-20,1216,"There is a two-person dialogue with several options.
Choose all appropriate options to substitute the <mask> in the dialogue, and each question has at least one correct option.
Dialogue: Person1:Welcome to the company . We are conducting a survey of new employees to find out what influenced them to choose our company .
Person2: Honestly , the flexible hours were the main attraction for me . The traditional working day doesn't fit in with me lifestyle ; I love being able to tailor my working hours .
Person1: Yes , flextime has definitely been a good change for us . How do you feel about the pay ?
Person2: At first it is going to be difficult . During <MASK> , I'm on probation . So I won't get sales commissions until after that .
Person1: But there is a big bonus for employees at the end of the probation period .
Person2: Yes , I'm looking forward to that ! I just hope my first performance review is favorable .
Person1: One thing you can be sure of your manager will be quite fair . If your job performance is up to par , you shouldn't be afraid of a performance review ,
Person2: Great ! Then I suppose I'm looking forward to my first promotion , too .

Options: A. the first three months
B. the first two months
C. the first three years
D. the first two minutes

","There is a two-person dialogue with several options.
Choose all appropriate options to substitute the <mask> in the dialogue, and each question has at least one correct option.
Dialogue: Person1:Welcome to the company . We are conducting a survey of new employees to find out what influenced them to choose our company .
Person2: Honestly , the flexible hours were the main attraction for me . The traditional working day doesn't fit in with me lifestyle ; I love being able to tailor my working hours .
Person1: Yes , flextime has definitely been a good change for us . How do you feel about the pay ?
Person2: At first it is going to be difficult . During <MASK> , I'm on probation . So I won't get sales commissions until after that .
Person1: But there is a big bonus for employees at the end of the probation period .
Person2: Yes , I'm looking forward to that ! I just hope my first performance review is favorable .
Person1: One thing you can be sure of your manager will be quite fair . If your job performance is up to par , you shouldn't be afraid of a performance review ,
Person2: Great ! Then I suppose I'm looking forward to my first promotion , too .

Options: A. the first three months
B. the first two months
C. the first three years
D. the first two minutes

Let's think step by step before providing your final answer. However, you must conclude your assessment with the statement: 'Thus, the correct answer is: X', where 'X' is simply the solution you've determined to be correct. Note that there may be more than one correct option, in which case you must list them all.",A. the first three months && B. the first two months,1
TimeBench,TimeDial,TimeDial,MC,TimeDial-TimeDial-57,1112,"There is a two-person dialogue with several options.
Choose all appropriate options to substitute the <mask> in the dialogue, and each question has at least one correct option.
Dialogue: Person1:Where is the boss ? I need him to sign a few documents . I checked in his office , but he is not there . Is he out of the office now ?
Person2: Yes . Today is Tuesday , so the boss went off to his MBA seminar class . He is out of the office every Tuesday and Thursday mornings , and he has classes all day Saturday and Sunday .
Person1: What's he studying ?
Person2: He is finishing up a special continue education program for executives . He can continue working , taking a few of classes here and there , and in <MASK> he will complete his MBA .
Person1: Sounds like a tiring schedule.He ' s probably got a lot of homework too , eh ?
Person2: The classes have him out of the office , so that is stressful for him . But as far as homework goes , it is a breeze for him .
Person1: Why is that ?
Person2: He just has his secretary do his homework for him .

Options: A. 8 years 
B. 2 years
C. today
D. 2 and half years 

","There is a two-person dialogue with several options.
Choose all appropriate options to substitute the <mask> in the dialogue, and each question has at least one correct option.
Dialogue: Person1:Where is the boss ? I need him to sign a few documents . I checked in his office , but he is not there . Is he out of the office now ?
Person2: Yes . Today is Tuesday , so the boss went off to his MBA seminar class . He is out of the office every Tuesday and Thursday mornings , and he has classes all day Saturday and Sunday .
Person1: What's he studying ?
Person2: He is finishing up a special continue education program for executives . He can continue working , taking a few of classes here and there , and in <MASK> he will complete his MBA .
Person1: Sounds like a tiring schedule.He ' s probably got a lot of homework too , eh ?
Person2: The classes have him out of the office , so that is stressful for him . But as far as homework goes , it is a breeze for him .
Person1: Why is that ?
Person2: He just has his secretary do his homework for him .

Options: A. 8 years 
B. 2 years
C. today
D. 2 and half years 

Let's think step by step before providing your final answer. However, you must conclude your assessment with the statement: 'Thus, the correct answer is: X', where 'X' is simply the solution you've determined to be correct. Note that there may be more than one correct option, in which case you must list them all.",B. 2 years && D. 2 and half years ,1
TimeBench,TimeDial,TimeDial,MC,TimeDial-TimeDial-302,1251,"There is a two-person dialogue with several options.
Choose all appropriate options to substitute the <mask> in the dialogue, and each question has at least one correct option.
Dialogue: Person1:Excuse me , driver , you have kept us waiting for <MASK> . Can't we start the tour right now ?
Person2: I am sorry , sir , there are still 5 minutes remaining ... OK , it's time . We will take a roll call before starting the fantasy sightseeing .
Person1: Finally . How long does the tour last ?
Person2: For about 3 hours . Enjoy your trip .

Options: A. 10 minutes
B. 15 minutes
C. 5 seconds
D. 3 hours

","There is a two-person dialogue with several options.
Choose all appropriate options to substitute the <mask> in the dialogue, and each question has at least one correct option.
Dialogue: Person1:Excuse me , driver , you have kept us waiting for <MASK> . Can't we start the tour right now ?
Person2: I am sorry , sir , there are still 5 minutes remaining ... OK , it's time . We will take a roll call before starting the fantasy sightseeing .
Person1: Finally . How long does the tour last ?
Person2: For about 3 hours . Enjoy your trip .

Options: A. 10 minutes
B. 15 minutes
C. 5 seconds
D. 3 hours

Let's think step by step before providing your final answer. However, you must conclude your assessment with the statement: 'Thus, the correct answer is: X', where 'X' is simply the solution you've determined to be correct. Note that there may be more than one correct option, in which case you must list them all.",A. 10 minutes && B. 15 minutes,1
TimeBench,TimeDial,TimeDial,MC,TimeDial-TimeDial-230,770,"There is a two-person dialogue with several options.
Choose all appropriate options to substitute the <mask> in the dialogue, and each question has at least one correct option.
Dialogue: Person1:you are dressed to kill . You look gorgeous , Alexander .
Person2: thanks . This is my power suit . I have a dinner date tonight .
Person1: how did you meet each other ?
Person2: she's a friend of Amy . We met at Amy's birthday party .
Person1: is this your first date ?
Person2: yes . I hope it pans out . Cross your fingers , Lily .
Person1: sure it will . Oh , no , it's seven fifteen already . I'm going to be late for my date .
Person2: oh ... so you buried the hatchet with Steven ?
Person1: absolutely not ! He's a cheater . I will never talk to him again . I'm over with him . He's history !
Person2: then who will you meet tonight ?
Person1: a guy I met on the internet <MASK> .
Person2: really ? Are you sure this is a good idea ?
Person1: please don't be so fussy ! I didn't just meet him yesterday .
Person2: I know , but remember to meet in a public place and don't give out your personal information .

Options: A. three month ago
B. seven day ago
C. fifteen year ago
D. four month ago

","There is a two-person dialogue with several options.
Choose all appropriate options to substitute the <mask> in the dialogue, and each question has at least one correct option.
Dialogue: Person1:you are dressed to kill . You look gorgeous , Alexander .
Person2: thanks . This is my power suit . I have a dinner date tonight .
Person1: how did you meet each other ?
Person2: she's a friend of Amy . We met at Amy's birthday party .
Person1: is this your first date ?
Person2: yes . I hope it pans out . Cross your fingers , Lily .
Person1: sure it will . Oh , no , it's seven fifteen already . I'm going to be late for my date .
Person2: oh ... so you buried the hatchet with Steven ?
Person1: absolutely not ! He's a cheater . I will never talk to him again . I'm over with him . He's history !
Person2: then who will you meet tonight ?
Person1: a guy I met on the internet <MASK> .
Person2: really ? Are you sure this is a good idea ?
Person1: please don't be so fussy ! I didn't just meet him yesterday .
Person2: I know , but remember to meet in a public place and don't give out your personal information .

Options: A. three month ago
B. seven day ago
C. fifteen year ago
D. four month ago

Let's think step by step before providing your final answer. However, you must conclude your assessment with the statement: 'Thus, the correct answer is: X', where 'X' is simply the solution you've determined to be correct. Note that there may be more than one correct option, in which case you must list them all.",A. three month ago && D. four month ago,1
TimeBench,TimeDial,TimeDial,MC,TimeDial-TimeDial-138,1195,"There is a two-person dialogue with several options.
Choose all appropriate options to substitute the <mask> in the dialogue, and each question has at least one correct option.
Dialogue: Person1:What ' s “ pi ” ?
Person2: That ' s the ratio of the circumference of a circle to its diameter , I think .
Person1: I see . What is that ratio exactly ?
Person2: It ' s approximately 3.14 , but the number continues forever . What ' s the diameter of your circle ?
Person1: It ' s 10 centimeters , so the circumference should be 31.4 centimeters .
Person2: Ok . My next problem is to convert 10000 british pounds into us dollars . What ' s the exchange rate at the moment ?
Person1: According to the newspaper , the exchange rate is 1.85 dollars to the pound .
Person2: That means that 10.000 pounds will buy me 18.500 dollars .
Person1: What ' s the next question .
Person2: Fractions . What ' s a quarter and an eighth ? That ' s three-eights . Easy . The next question is “ what are prime numbers ? ” .
Person1: I can help you there . Those are numbers that cannot be created by multiplying two whole numbers , apart from the number itself and 1 , together .
Person2: So , 1,2 and 3 are prime numbers , but 4 isn ' t because 2 * 2 = 4 .
Person1: Exactly . Anything else ?
Person2: How many seconds in an hour ? 60 seconds multiplied by <MASK> equals 3600 seconds altogether .
Person1: You ' ll be a mathematician one day .

Options: A. 60 minutes
B. one day
C. 60 seconds

","There is a two-person dialogue with several options.
Choose all appropriate options to substitute the <mask> in the dialogue, and each question has at least one correct option.
Dialogue: Person1:What ' s “ pi ” ?
Person2: That ' s the ratio of the circumference of a circle to its diameter , I think .
Person1: I see . What is that ratio exactly ?
Person2: It ' s approximately 3.14 , but the number continues forever . What ' s the diameter of your circle ?
Person1: It ' s 10 centimeters , so the circumference should be 31.4 centimeters .
Person2: Ok . My next problem is to convert 10000 british pounds into us dollars . What ' s the exchange rate at the moment ?
Person1: According to the newspaper , the exchange rate is 1.85 dollars to the pound .
Person2: That means that 10.000 pounds will buy me 18.500 dollars .
Person1: What ' s the next question .
Person2: Fractions . What ' s a quarter and an eighth ? That ' s three-eights . Easy . The next question is “ what are prime numbers ? ” .
Person1: I can help you there . Those are numbers that cannot be created by multiplying two whole numbers , apart from the number itself and 1 , together .
Person2: So , 1,2 and 3 are prime numbers , but 4 isn ' t because 2 * 2 = 4 .
Person1: Exactly . Anything else ?
Person2: How many seconds in an hour ? 60 seconds multiplied by <MASK> equals 3600 seconds altogether .
Person1: You ' ll be a mathematician one day .

Options: A. 60 minutes
B. one day
C. 60 seconds

Let's think step by step before providing your final answer. However, you must conclude your assessment with the statement: 'Thus, the correct answer is: X', where 'X' is simply the solution you've determined to be correct. Note that there may be more than one correct option, in which case you must list them all.",A. 60 minutes,1
TimeBench,TimeDial,TimeDial,MC,TimeDial-TimeDial-336,662,"There is a two-person dialogue with several options.
Choose all appropriate options to substitute the <mask> in the dialogue, and each question has at least one correct option.
Dialogue: Person1:Hi Rose , what are you busy with right now ?
Person2: Hi Jack , I'm working on these documents . The manager wants them for half an hour .
Person1: Well , Rose ,
Person2: Is there something you need ?
Person1: Are your free this weekend ?
Person2: Yes , I have nothing to do .
Person1: Great , Is it convenient if i visit you this weekend ?
Person2: I beg your pardon ?
Person1: I'd like to call on you this weekend . I just want to a drop in for a chat .
Person2: Really ? well , ok , you're welcome .
Person1: Is <MASK> . a good time for you ?
Person2: Hmm , how about seven ? I can treat you to dinner .
Person1: Sure , that would be great . I'll bring the wine .
Person2: OK.Then I'll be expecting you .
Person1: I'll be there on time .

Options: A. 5:00 PM
B. 11:00 PM
C. 4:00 PM
D. 7:00 AM

","There is a two-person dialogue with several options.
Choose all appropriate options to substitute the <mask> in the dialogue, and each question has at least one correct option.
Dialogue: Person1:Hi Rose , what are you busy with right now ?
Person2: Hi Jack , I'm working on these documents . The manager wants them for half an hour .
Person1: Well , Rose ,
Person2: Is there something you need ?
Person1: Are your free this weekend ?
Person2: Yes , I have nothing to do .
Person1: Great , Is it convenient if i visit you this weekend ?
Person2: I beg your pardon ?
Person1: I'd like to call on you this weekend . I just want to a drop in for a chat .
Person2: Really ? well , ok , you're welcome .
Person1: Is <MASK> . a good time for you ?
Person2: Hmm , how about seven ? I can treat you to dinner .
Person1: Sure , that would be great . I'll bring the wine .
Person2: OK.Then I'll be expecting you .
Person1: I'll be there on time .

Options: A. 5:00 PM
B. 11:00 PM
C. 4:00 PM
D. 7:00 AM

Let's think step by step before providing your final answer. However, you must conclude your assessment with the statement: 'Thus, the correct answer is: X', where 'X' is simply the solution you've determined to be correct. Note that there may be more than one correct option, in which case you must list them all.",A. 5:00 PM && C. 4:00 PM,1
TimeBench,TimeDial,TimeDial,MC,TimeDial-TimeDial-26,383,"There is a two-person dialogue with several options.
Choose all appropriate options to substitute the <mask> in the dialogue, and each question has at least one correct option.
Dialogue: Person1:What did you say ?
Person2: I said it ' s a lovely day . Why don't we go for a walk ?
Person1: Well , I feel a little tired .
Person2: Come on ! Rest breads rust .
Person1: Then can you wait a few minutes ? I want to finish writing this letter .
Person2: I hope it won't be too long . It would be a shame not to take advantage of such lovely weather .
Person1: It won't be long . <MASK> . Why don't you go ahead and I'll meet you in the park ?
Person2: OK ! See you later !

Options: A. No more than 60 minutes 
B. No more than 2 seconds 
C. No more than ten minutes
D. No more than five minutes 

","There is a two-person dialogue with several options.
Choose all appropriate options to substitute the <mask> in the dialogue, and each question has at least one correct option.
Dialogue: Person1:What did you say ?
Person2: I said it ' s a lovely day . Why don't we go for a walk ?
Person1: Well , I feel a little tired .
Person2: Come on ! Rest breads rust .
Person1: Then can you wait a few minutes ? I want to finish writing this letter .
Person2: I hope it won't be too long . It would be a shame not to take advantage of such lovely weather .
Person1: It won't be long . <MASK> . Why don't you go ahead and I'll meet you in the park ?
Person2: OK ! See you later !

Options: A. No more than 60 minutes 
B. No more than 2 seconds 
C. No more than ten minutes
D. No more than five minutes 

Let's think step by step before providing your final answer. However, you must conclude your assessment with the statement: 'Thus, the correct answer is: X', where 'X' is simply the solution you've determined to be correct. Note that there may be more than one correct option, in which case you must list them all.",C. No more than ten minutes && D. No more than five minutes ,1
TimeBench,TimeDial,TimeDial,MC,TimeDial-TimeDial-465,1087,"There is a two-person dialogue with several options.
Choose all appropriate options to substitute the <mask> in the dialogue, and each question has at least one correct option.
Dialogue: Person1:Dad , what's the date ?
Person2: It's <MASK> .
Person1: In seven days it will be Christmas Day .
Person2: Yes , I know that .
Person1: So , can I buy some new shoes as a Christmas present ?
Person2: Sure , a promise is a promise .

Options: A. December eighteenth
B. December fifteen
C. March seven

","There is a two-person dialogue with several options.
Choose all appropriate options to substitute the <mask> in the dialogue, and each question has at least one correct option.
Dialogue: Person1:Dad , what's the date ?
Person2: It's <MASK> .
Person1: In seven days it will be Christmas Day .
Person2: Yes , I know that .
Person1: So , can I buy some new shoes as a Christmas present ?
Person2: Sure , a promise is a promise .

Options: A. December eighteenth
B. December fifteen
C. March seven

Let's think step by step before providing your final answer. However, you must conclude your assessment with the statement: 'Thus, the correct answer is: X', where 'X' is simply the solution you've determined to be correct. Note that there may be more than one correct option, in which case you must list them all.",A. December eighteenth,1
TimeBench,TimeDial,TimeDial,MC,TimeDial-TimeDial-248,911,"There is a two-person dialogue with several options.
Choose all appropriate options to substitute the <mask> in the dialogue, and each question has at least one correct option.
Dialogue: Person1:Have you got the medicine yet ?
Person2: Yes , I've been given so much , that I simply don't know what to do with it all .
Person1: Well , these are for internal use.You take a packet each time.Four times a day .
Person2: What about these ?
Person1: They're painkillers.You take one tablet when you feel a pain , but not more than once within <MASK> .
Person2: I see.Thank you , doctor .

Options: A. one week 
B. four hours
C. eight hours 
D. four minutes 

","There is a two-person dialogue with several options.
Choose all appropriate options to substitute the <mask> in the dialogue, and each question has at least one correct option.
Dialogue: Person1:Have you got the medicine yet ?
Person2: Yes , I've been given so much , that I simply don't know what to do with it all .
Person1: Well , these are for internal use.You take a packet each time.Four times a day .
Person2: What about these ?
Person1: They're painkillers.You take one tablet when you feel a pain , but not more than once within <MASK> .
Person2: I see.Thank you , doctor .

Options: A. one week 
B. four hours
C. eight hours 
D. four minutes 

Let's think step by step before providing your final answer. However, you must conclude your assessment with the statement: 'Thus, the correct answer is: X', where 'X' is simply the solution you've determined to be correct. Note that there may be more than one correct option, in which case you must list them all.",B. four hours && C. eight hours ,1
TimeBench,TimeDial,TimeDial,MC,TimeDial-TimeDial-118,442,"There is a two-person dialogue with several options.
Choose all appropriate options to substitute the <mask> in the dialogue, and each question has at least one correct option.
Dialogue: Person1:See ? That wasn't so bad .
Person2: Easy for you to say . My bottom still stings .
Person1: It might be sore for a while . You'll be OK . Now let's go home and rest .
Person2: Can't we go to McDonald's first ?
Person1: No , sweetie . I'll make you some tomato soup and rice .
Person2: No , thanks .
Person1: And vegetables with porridge .
Person2: Blah ... What's that ?
Person1: This is all your medicine . You need to take it four times a day for <MASK> straight .

Options: A. five days
B. ten years
C. four seconds
D. three days

","There is a two-person dialogue with several options.
Choose all appropriate options to substitute the <mask> in the dialogue, and each question has at least one correct option.
Dialogue: Person1:See ? That wasn't so bad .
Person2: Easy for you to say . My bottom still stings .
Person1: It might be sore for a while . You'll be OK . Now let's go home and rest .
Person2: Can't we go to McDonald's first ?
Person1: No , sweetie . I'll make you some tomato soup and rice .
Person2: No , thanks .
Person1: And vegetables with porridge .
Person2: Blah ... What's that ?
Person1: This is all your medicine . You need to take it four times a day for <MASK> straight .

Options: A. five days
B. ten years
C. four seconds
D. three days

Let's think step by step before providing your final answer. However, you must conclude your assessment with the statement: 'Thus, the correct answer is: X', where 'X' is simply the solution you've determined to be correct. Note that there may be more than one correct option, in which case you must list them all.",A. five days && D. three days,1
TimeBench,TimeDial,TimeDial,MC,TimeDial-TimeDial-43,1140,"There is a two-person dialogue with several options.
Choose all appropriate options to substitute the <mask> in the dialogue, and each question has at least one correct option.
Dialogue: Person1:Greg . I want to speak to you for a minute .
Person2: Yes . Ms . Gray . Is there something wrong ?
Person1: I ' m afraid there is , Greg . I don ' t mind you taking a break . But you ' Ve been away from your desk for <MASK> already .
Person2: I ' m sorry , Ms . Gray . I must have lost track of the time . I ' ll get back to work , now .

Options: A. twenty-five minutes
B. thirty minutes
C.  a minute
D. twenty hours

","There is a two-person dialogue with several options.
Choose all appropriate options to substitute the <mask> in the dialogue, and each question has at least one correct option.
Dialogue: Person1:Greg . I want to speak to you for a minute .
Person2: Yes . Ms . Gray . Is there something wrong ?
Person1: I ' m afraid there is , Greg . I don ' t mind you taking a break . But you ' Ve been away from your desk for <MASK> already .
Person2: I ' m sorry , Ms . Gray . I must have lost track of the time . I ' ll get back to work , now .

Options: A. twenty-five minutes
B. thirty minutes
C.  a minute
D. twenty hours

Let's think step by step before providing your final answer. However, you must conclude your assessment with the statement: 'Thus, the correct answer is: X', where 'X' is simply the solution you've determined to be correct. Note that there may be more than one correct option, in which case you must list them all.",A. twenty-five minutes && B. thirty minutes,1
TimeBench,TimeDial,TimeDial,MC,TimeDial-TimeDial-221,344,"There is a two-person dialogue with several options.
Choose all appropriate options to substitute the <mask> in the dialogue, and each question has at least one correct option.
Dialogue: Person1:Hello , I would like to buy some business cards .
Person2: Excellent . How many would you like ?
Person1: Two thousand would be fine .
Person2: You need to fill out this form , please .
Person1: All I want is the same thing on this card .
Person2: That will be no problem , sir .
Person1: OK , I'm finished . Here's your form and my old card .
Person2: Very good , sir . Your order will be ready in <MASK> .
Person1: Do you think you could finish it in three days ?
Person2: No problem , sir . But it will cost you extra .
Options: A. 6 days
B. one week
C. three days
D. two months

","There is a two-person dialogue with several options.
Choose all appropriate options to substitute the <mask> in the dialogue, and each question has at least one correct option.
Dialogue: Person1:Hello , I would like to buy some business cards .
Person2: Excellent . How many would you like ?
Person1: Two thousand would be fine .
Person2: You need to fill out this form , please .
Person1: All I want is the same thing on this card .
Person2: That will be no problem , sir .
Person1: OK , I'm finished . Here's your form and my old card .
Person2: Very good , sir . Your order will be ready in <MASK> .
Person1: Do you think you could finish it in three days ?
Person2: No problem , sir . But it will cost you extra .
Options: A. 6 days
B. one week
C. three days
D. two months

Let's think step by step before providing your final answer. However, you must conclude your assessment with the statement: 'Thus, the correct answer is: X', where 'X' is simply the solution you've determined to be correct. Note that there may be more than one correct option, in which case you must list them all.",A. 6 days && B. one week,1
TimeBench,TimeDial,TimeDial,MC,TimeDial-TimeDial-177,190,"There is a two-person dialogue with several options.
Choose all appropriate options to substitute the <mask> in the dialogue, and each question has at least one correct option.
Dialogue: Person1:May I help you with something ?
Person2: I would like to return some books .
Person1: I ' ll take them .
Person2: Here you go .
Person1: These books were due <MASK> .
Person2: Yeah . I totally forgot they were due .
Person1: You will need to pay late fees on these books .
Person2: How much are the late fees ?
Person1: The fee is 25 cents every day .
Person2: I have to pay 25 cents a day ?
Person1: And that ' s for each book that is late .
Person2: That shouldn ' t be a problem .
Options: A. 10 days late 
B. two weeks ago
C. 25 minutes 
D. a day 

","There is a two-person dialogue with several options.
Choose all appropriate options to substitute the <mask> in the dialogue, and each question has at least one correct option.
Dialogue: Person1:May I help you with something ?
Person2: I would like to return some books .
Person1: I ' ll take them .
Person2: Here you go .
Person1: These books were due <MASK> .
Person2: Yeah . I totally forgot they were due .
Person1: You will need to pay late fees on these books .
Person2: How much are the late fees ?
Person1: The fee is 25 cents every day .
Person2: I have to pay 25 cents a day ?
Person1: And that ' s for each book that is late .
Person2: That shouldn ' t be a problem .
Options: A. 10 days late 
B. two weeks ago
C. 25 minutes 
D. a day 

Let's think step by step before providing your final answer. However, you must conclude your assessment with the statement: 'Thus, the correct answer is: X', where 'X' is simply the solution you've determined to be correct. Note that there may be more than one correct option, in which case you must list them all.",A. 10 days late  && B. two weeks ago,1
TimeBench,TimeDial,TimeDial,MC,TimeDial-TimeDial-154,477,"There is a two-person dialogue with several options.
Choose all appropriate options to substitute the <mask> in the dialogue, and each question has at least one correct option.
Dialogue: Person1:Welcome to the National Post . How may I help you ?
Person2: Hi , I would like to send this package to China , and these postcards as well .
Person1: Very well . You will need some stamps for the postcards and I need to weigh that package .
Person2: How much is this going to cost ?
Person1: Well , it depends . Do you want to send it via priority , express or standard mail ?
Person2: What ' s the difference ?
Person1: Well , standard mail can take up to fifteen working days . Priority is a bit faster and will arrive in <MASK> working days . Express is the fastest , but it ' s also the most expensive . It only takes three days and you can track your package online .
Person2: I see . Well , there ' s no rush . Please send it via priority mail . Please be extra careful , the contents of the package are fragile .

Options: A. about twenty to twenty five
B. about three to fifteen
C. about five to eight
D. about six to nine

","There is a two-person dialogue with several options.
Choose all appropriate options to substitute the <mask> in the dialogue, and each question has at least one correct option.
Dialogue: Person1:Welcome to the National Post . How may I help you ?
Person2: Hi , I would like to send this package to China , and these postcards as well .
Person1: Very well . You will need some stamps for the postcards and I need to weigh that package .
Person2: How much is this going to cost ?
Person1: Well , it depends . Do you want to send it via priority , express or standard mail ?
Person2: What ' s the difference ?
Person1: Well , standard mail can take up to fifteen working days . Priority is a bit faster and will arrive in <MASK> working days . Express is the fastest , but it ' s also the most expensive . It only takes three days and you can track your package online .
Person2: I see . Well , there ' s no rush . Please send it via priority mail . Please be extra careful , the contents of the package are fragile .

Options: A. about twenty to twenty five
B. about three to fifteen
C. about five to eight
D. about six to nine

Let's think step by step before providing your final answer. However, you must conclude your assessment with the statement: 'Thus, the correct answer is: X', where 'X' is simply the solution you've determined to be correct. Note that there may be more than one correct option, in which case you must list them all.",C. about five to eight && D. about six to nine,1
TimeBench,TimeDial,TimeDial,MC,TimeDial-TimeDial-232,251,"There is a two-person dialogue with several options.
Choose all appropriate options to substitute the <mask> in the dialogue, and each question has at least one correct option.
Dialogue: Person1:Northward Airways , good morning . May I help you ?
Person2: Yes , do you have any flights to Sydney next Tuesday afternoon ?
Person1: One moment , please ... Yes . There's a flight at 16:45 and one at 18:00 .
Person2: That's fine . Could you tell me how much a return flight costs ? I'll be staying three weeks .
Person1: Economy , business class or first class ticket ?
Person2: Economy , please .
Person1: That would be 346 Euro .
Person2: OK . Could I make a reservation ?
Person1: Certainly . Which flight would you like ?
Person2: The 16:45 , please .
Person1: Could I have your name , please ?
Person2: My name is Mary Jones , that's M-A-R-Y J-O-N-E-S .
Person1: How would you like to pay , Ms . Jones ?
Person2: Can I pay at the check-in desk when I pick up my ticket ?
Person1: Yes , but you will have to confirm this reservation <MASK> before departure time .
Person2: I see .
Person1: Now you have been booked , Ms . Jones . The flight leaves at 16:45 , and your arrival in Sydney will be at 9:00 a . m . , local time . The flight number is NWA 476 .
Person2: Thank you .
Options: A. at least three weeks
B. at least 16 seconds
C. at least two hours
D. at least one hour

","There is a two-person dialogue with several options.
Choose all appropriate options to substitute the <mask> in the dialogue, and each question has at least one correct option.
Dialogue: Person1:Northward Airways , good morning . May I help you ?
Person2: Yes , do you have any flights to Sydney next Tuesday afternoon ?
Person1: One moment , please ... Yes . There's a flight at 16:45 and one at 18:00 .
Person2: That's fine . Could you tell me how much a return flight costs ? I'll be staying three weeks .
Person1: Economy , business class or first class ticket ?
Person2: Economy , please .
Person1: That would be 346 Euro .
Person2: OK . Could I make a reservation ?
Person1: Certainly . Which flight would you like ?
Person2: The 16:45 , please .
Person1: Could I have your name , please ?
Person2: My name is Mary Jones , that's M-A-R-Y J-O-N-E-S .
Person1: How would you like to pay , Ms . Jones ?
Person2: Can I pay at the check-in desk when I pick up my ticket ?
Person1: Yes , but you will have to confirm this reservation <MASK> before departure time .
Person2: I see .
Person1: Now you have been booked , Ms . Jones . The flight leaves at 16:45 , and your arrival in Sydney will be at 9:00 a . m . , local time . The flight number is NWA 476 .
Person2: Thank you .
Options: A. at least three weeks
B. at least 16 seconds
C. at least two hours
D. at least one hour

Let's think step by step before providing your final answer. However, you must conclude your assessment with the statement: 'Thus, the correct answer is: X', where 'X' is simply the solution you've determined to be correct. Note that there may be more than one correct option, in which case you must list them all.",C. at least two hours && D. at least one hour,1
TimeBench,TimeDial,TimeDial,MC,TimeDial-TimeDial-204,572,"There is a two-person dialogue with several options.
Choose all appropriate options to substitute the <mask> in the dialogue, and each question has at least one correct option.
Dialogue: Person1:Hey Lucas , how was your trip to Paris ?
Person2: It was wonderful , but I was so tired .
Person1: Did you go to the top of the Eiffel Tower .
Person2: Yes , that was the first thing we did . We went all the way to the top . There were visitorsfrom all over the world taking photos there .
Person1: What else did you see ?
Person2: Art galleries , cathedrals , statues , fountains , palaces , bistros , there's really too much to say .
Person1: You must have had a great time .
Person2: Yes , at the beginning we were all excited and had lots of fun . However , on the third day of travelling in the city , I felt sick I think I had something bad to eat but it passed by the evening .
Person1: Yes . you need to be careful with what you eat when you're abroad.sometimes new food might disagree with you .
Person2: On <MASK> , we went to taste the French cuisine . That was really fantastic . And no stomach problems .
Person1: That is great . Everyone says French food is wonderful .
Person2: You'll have to try for yourself some day .

Options: A. the fifth day
B. the fourth day
C. the third day
D. the first year

","There is a two-person dialogue with several options.
Choose all appropriate options to substitute the <mask> in the dialogue, and each question has at least one correct option.
Dialogue: Person1:Hey Lucas , how was your trip to Paris ?
Person2: It was wonderful , but I was so tired .
Person1: Did you go to the top of the Eiffel Tower .
Person2: Yes , that was the first thing we did . We went all the way to the top . There were visitorsfrom all over the world taking photos there .
Person1: What else did you see ?
Person2: Art galleries , cathedrals , statues , fountains , palaces , bistros , there's really too much to say .
Person1: You must have had a great time .
Person2: Yes , at the beginning we were all excited and had lots of fun . However , on the third day of travelling in the city , I felt sick I think I had something bad to eat but it passed by the evening .
Person1: Yes . you need to be careful with what you eat when you're abroad.sometimes new food might disagree with you .
Person2: On <MASK> , we went to taste the French cuisine . That was really fantastic . And no stomach problems .
Person1: That is great . Everyone says French food is wonderful .
Person2: You'll have to try for yourself some day .

Options: A. the fifth day
B. the fourth day
C. the third day
D. the first year

Let's think step by step before providing your final answer. However, you must conclude your assessment with the statement: 'Thus, the correct answer is: X', where 'X' is simply the solution you've determined to be correct. Note that there may be more than one correct option, in which case you must list them all.",A. the fifth day && B. the fourth day,1
TimeBench,TimeDial,TimeDial,MC,TimeDial-TimeDial-330,751,"There is a two-person dialogue with several options.
Choose all appropriate options to substitute the <mask> in the dialogue, and each question has at least one correct option.
Dialogue: Person1:What's wrong with you ? You look pale .
Person2: I'm not sure , I feel hot and cold .
Person1: When did the trouble start ?
Person2: I was sick most of the night .
Person1: It sounds like you are coming down with the flu . Let me take your temperature .
Person2: Have I got a high fever ?
Person1: Yes , thirty-eight point seven . Do you have a headache , chest or throat pain ?
Person2: Yes , I have .
Person1: Now , let me have a look at you . I'd like to listen to your chest . Now breathe in , a deep breath , that's it Cough , now again . I want to examine your throat , too . Open wide , say ' Ah - - '
Person2: Aaaaahh , aaaaahh .
Person1: Yes , it does look a bit sore . Let's take an X-ray of your chest and give you a few tests .
Person2: All right , thanks .
Person1: The tests showed nothing wrong . A slight viral infection .
Person2: What shall I do today ?
Person1: I'm giving you some antibiotics and aspirins . Take an aspirin when you've got a fever , and take one antibiotic capsule every four hours , and go home and rest in bed for <MASK> . Drink plenty of water , then you'll feel better . Here's the prescription .

Options: A. three days
B. two days
C. four hours
D. thirty eight months

","There is a two-person dialogue with several options.
Choose all appropriate options to substitute the <mask> in the dialogue, and each question has at least one correct option.
Dialogue: Person1:What's wrong with you ? You look pale .
Person2: I'm not sure , I feel hot and cold .
Person1: When did the trouble start ?
Person2: I was sick most of the night .
Person1: It sounds like you are coming down with the flu . Let me take your temperature .
Person2: Have I got a high fever ?
Person1: Yes , thirty-eight point seven . Do you have a headache , chest or throat pain ?
Person2: Yes , I have .
Person1: Now , let me have a look at you . I'd like to listen to your chest . Now breathe in , a deep breath , that's it Cough , now again . I want to examine your throat , too . Open wide , say ' Ah - - '
Person2: Aaaaahh , aaaaahh .
Person1: Yes , it does look a bit sore . Let's take an X-ray of your chest and give you a few tests .
Person2: All right , thanks .
Person1: The tests showed nothing wrong . A slight viral infection .
Person2: What shall I do today ?
Person1: I'm giving you some antibiotics and aspirins . Take an aspirin when you've got a fever , and take one antibiotic capsule every four hours , and go home and rest in bed for <MASK> . Drink plenty of water , then you'll feel better . Here's the prescription .

Options: A. three days
B. two days
C. four hours
D. thirty eight months

Let's think step by step before providing your final answer. However, you must conclude your assessment with the statement: 'Thus, the correct answer is: X', where 'X' is simply the solution you've determined to be correct. Note that there may be more than one correct option, in which case you must list them all.",A. three days && B. two days,1
TimeBench,TimeDial,TimeDial,MC,TimeDial-TimeDial-32,413,"There is a two-person dialogue with several options.
Choose all appropriate options to substitute the <mask> in the dialogue, and each question has at least one correct option.
Dialogue: Person1:Hello . This is the Stewart Resident .
Person2: Hello . Is Mr . Stewart there ?
Person1: This is Mr . Stewart . Who ' s this ?
Person2: I ' m calling from Bell Canada . We are currently offering a great deal on long distance calling , only $ 17 a month . With this plan you get <MASK> of long distance calls each month without any additional charges .
Person1: I ' m sorry . I ' m not interested in it .
Person2: Okay . Thanks .

Options: A. 300 minutes 
B. 25 hours 
C. 500 minutes
D. 17 seconds 

","There is a two-person dialogue with several options.
Choose all appropriate options to substitute the <mask> in the dialogue, and each question has at least one correct option.
Dialogue: Person1:Hello . This is the Stewart Resident .
Person2: Hello . Is Mr . Stewart there ?
Person1: This is Mr . Stewart . Who ' s this ?
Person2: I ' m calling from Bell Canada . We are currently offering a great deal on long distance calling , only $ 17 a month . With this plan you get <MASK> of long distance calls each month without any additional charges .
Person1: I ' m sorry . I ' m not interested in it .
Person2: Okay . Thanks .

Options: A. 300 minutes 
B. 25 hours 
C. 500 minutes
D. 17 seconds 

Let's think step by step before providing your final answer. However, you must conclude your assessment with the statement: 'Thus, the correct answer is: X', where 'X' is simply the solution you've determined to be correct. Note that there may be more than one correct option, in which case you must list them all.",A. 300 minutes  && C. 500 minutes,1
TimeBench,TimeDial,TimeDial,MC,TimeDial-TimeDial-114,988,"There is a two-person dialogue with several options.
Choose all appropriate options to substitute the <mask> in the dialogue, and each question has at least one correct option.
Dialogue: Person1:Excuse me , do the buses stop here ?
Person2: Yes , they all stop at this corner .
Person1: I want to go to Broadway and 82nd Street . Can I take any bus that comes along ?
Person2: You can take any bus except the Number 9 .
Person1: How often do the buses run ?
Person2: They run about <MASK> .
Person1: Fine . How long does it take to get to 82nd Street ?
Person2: About fifteen minutes . It's not far . Are you a stranger in New York ?
Person1: Yes , I am . I arrived only three days ago from Japan .
Person2: How do you like New York city ?
Person1: I like it very much , but it's a little confusing to me .
Person2: You'll soon get accustomed to it . It's not difficult . Well , here's the bus . Fortunately , it's not full .
Person1: Thank you for the information .
Person2: Don't mention it .

Options: A. every fifteen hours
B. every ten minutes
C. every three seconds
D. every five minutes

","There is a two-person dialogue with several options.
Choose all appropriate options to substitute the <mask> in the dialogue, and each question has at least one correct option.
Dialogue: Person1:Excuse me , do the buses stop here ?
Person2: Yes , they all stop at this corner .
Person1: I want to go to Broadway and 82nd Street . Can I take any bus that comes along ?
Person2: You can take any bus except the Number 9 .
Person1: How often do the buses run ?
Person2: They run about <MASK> .
Person1: Fine . How long does it take to get to 82nd Street ?
Person2: About fifteen minutes . It's not far . Are you a stranger in New York ?
Person1: Yes , I am . I arrived only three days ago from Japan .
Person2: How do you like New York city ?
Person1: I like it very much , but it's a little confusing to me .
Person2: You'll soon get accustomed to it . It's not difficult . Well , here's the bus . Fortunately , it's not full .
Person1: Thank you for the information .
Person2: Don't mention it .

Options: A. every fifteen hours
B. every ten minutes
C. every three seconds
D. every five minutes

Let's think step by step before providing your final answer. However, you must conclude your assessment with the statement: 'Thus, the correct answer is: X', where 'X' is simply the solution you've determined to be correct. Note that there may be more than one correct option, in which case you must list them all.",B. every ten minutes && D. every five minutes,1
TimeBench,TimeDial,TimeDial,MC,TimeDial-TimeDial-471,121,"There is a two-person dialogue with several options.
Choose all appropriate options to substitute the <mask> in the dialogue, and each question has at least one correct option.
Dialogue: Person1:How about 15 % the first six months and the second six months at 12 % with a guarantee of 3000 units ?
Person2: That's a lot to sell with very low profit margins .
Person1: It's about the best we can do , Smith . We need to hammer something out today . If I go back empty-handed , I may be coming back to you soon to ask for a job .
Person2: OK . 17 % the first six months , 14 % for the second .
Person1: Good . Let's iron out the remaining details . When do you want to take delivery ?
Person2: We'd like you to execute the first order by the 31 st .
Person1: Let me run through this again , the first shipment for 1500 units to be delivered in <MASK> by the 31 st .
Person2: Right . We couldn't handle much larger shipments .
Person1: Fine . But I'd prefer the first shipment to be 1000 units , the next 2000 . The 31 st is quite soon , I can't guarantee 1500 .
Person2: I can agree to that . Well , if there's nothing else , I think we've settled everything .
Person1: Tom , this deal promises big returns for both sides . Let's hope it's the beginning of a long and prosperous relationship .
Options: A. 27 days
B. one and half month 
C. six months 
D. today 

","There is a two-person dialogue with several options.
Choose all appropriate options to substitute the <mask> in the dialogue, and each question has at least one correct option.
Dialogue: Person1:How about 15 % the first six months and the second six months at 12 % with a guarantee of 3000 units ?
Person2: That's a lot to sell with very low profit margins .
Person1: It's about the best we can do , Smith . We need to hammer something out today . If I go back empty-handed , I may be coming back to you soon to ask for a job .
Person2: OK . 17 % the first six months , 14 % for the second .
Person1: Good . Let's iron out the remaining details . When do you want to take delivery ?
Person2: We'd like you to execute the first order by the 31 st .
Person1: Let me run through this again , the first shipment for 1500 units to be delivered in <MASK> by the 31 st .
Person2: Right . We couldn't handle much larger shipments .
Person1: Fine . But I'd prefer the first shipment to be 1000 units , the next 2000 . The 31 st is quite soon , I can't guarantee 1500 .
Person2: I can agree to that . Well , if there's nothing else , I think we've settled everything .
Person1: Tom , this deal promises big returns for both sides . Let's hope it's the beginning of a long and prosperous relationship .
Options: A. 27 days
B. one and half month 
C. six months 
D. today 

Let's think step by step before providing your final answer. However, you must conclude your assessment with the statement: 'Thus, the correct answer is: X', where 'X' is simply the solution you've determined to be correct. Note that there may be more than one correct option, in which case you must list them all.",A. 27 days && B. one and half month ,1
TimeBench,TimeDial,TimeDial,MC,TimeDial-TimeDial-272,1089,"There is a two-person dialogue with several options.
Choose all appropriate options to substitute the <mask> in the dialogue, and each question has at least one correct option.
Dialogue: Person1:May I come in ?
Person2: Come in , please .
Person1: I'm sorry to trouble you , but I'd like to ask when I will get a raise .
Person2: In 3 months or so .
Person1: You said the same thing three months ago .
Person2: Did I ? Well , anyway , you will get your raise when the economy starts picking up .
Person1: You mean that I won't get a raise until the recession ends ?
Person2: Yes .
Person1: I got the message . I'm quiting .
Person2: Nah , don't be so fast . We like your work here , but this company is on hard times and I can't be handing out raises for anyone .
Person1: I've been here for <MASK> , and I haven't had a raise in all that time . If you like my work , it should be reflected in my pay , and I feel it isn't .
Person2: I hear what you're saying , and I wish there were something I could do .
Person1: Very well , consider me gone .

Options: A. 3 years
B. three decades
C. 4 years
D. 3 months

","There is a two-person dialogue with several options.
Choose all appropriate options to substitute the <mask> in the dialogue, and each question has at least one correct option.
Dialogue: Person1:May I come in ?
Person2: Come in , please .
Person1: I'm sorry to trouble you , but I'd like to ask when I will get a raise .
Person2: In 3 months or so .
Person1: You said the same thing three months ago .
Person2: Did I ? Well , anyway , you will get your raise when the economy starts picking up .
Person1: You mean that I won't get a raise until the recession ends ?
Person2: Yes .
Person1: I got the message . I'm quiting .
Person2: Nah , don't be so fast . We like your work here , but this company is on hard times and I can't be handing out raises for anyone .
Person1: I've been here for <MASK> , and I haven't had a raise in all that time . If you like my work , it should be reflected in my pay , and I feel it isn't .
Person2: I hear what you're saying , and I wish there were something I could do .
Person1: Very well , consider me gone .

Options: A. 3 years
B. three decades
C. 4 years
D. 3 months

Let's think step by step before providing your final answer. However, you must conclude your assessment with the statement: 'Thus, the correct answer is: X', where 'X' is simply the solution you've determined to be correct. Note that there may be more than one correct option, in which case you must list them all.",A. 3 years && C. 4 years,1
TimeBench,TimeDial,TimeDial,MC,TimeDial-TimeDial-141,746,"There is a two-person dialogue with several options.
Choose all appropriate options to substitute the <mask> in the dialogue, and each question has at least one correct option.
Dialogue: Person1:Good morning , Sir . Where are you going ?
Person2: I ' m going to England by flight BE987 .
Person1: When is your flight ?
Person2: 10:00 AM . When am I supposed to check in ?
Person1: we are checking in . May I have your ticket and your health certificate and your luggage please .
Person2: Here you are .
Person1: Are you keeping the small bag as carry-on luggage , sir ?
Person2: Yes .
Person1: You must weigh that as well .
Person2: all right .
Person1: Your luggage is two pounds over . I ' m afraid They'll be in excess luggage charge , Sir .
Person2: How much must I pay ?
Person1: It ' s ten yuan .
Person2: Here you are .
Person1: This is your luggage check Which You must show when you disembark at your destination and here is your boarding pass and your ticket .
Person2: Thanks .
Person1: Now , please wait until your flight is called . There's <MASK> to go .
Person2: I ' m a little nervous . I ' Ve never flown before .
Person1: There ' s nothing at all to worry about . Once you are in the air , it ' s just like sitting at your sitting room . It ' s going to be a very pleasant flight .

Options: A. about twenty-five minutes
B. about thirty minutes.
C. about 10 hours
D. about two hours

","There is a two-person dialogue with several options.
Choose all appropriate options to substitute the <mask> in the dialogue, and each question has at least one correct option.
Dialogue: Person1:Good morning , Sir . Where are you going ?
Person2: I ' m going to England by flight BE987 .
Person1: When is your flight ?
Person2: 10:00 AM . When am I supposed to check in ?
Person1: we are checking in . May I have your ticket and your health certificate and your luggage please .
Person2: Here you are .
Person1: Are you keeping the small bag as carry-on luggage , sir ?
Person2: Yes .
Person1: You must weigh that as well .
Person2: all right .
Person1: Your luggage is two pounds over . I ' m afraid They'll be in excess luggage charge , Sir .
Person2: How much must I pay ?
Person1: It ' s ten yuan .
Person2: Here you are .
Person1: This is your luggage check Which You must show when you disembark at your destination and here is your boarding pass and your ticket .
Person2: Thanks .
Person1: Now , please wait until your flight is called . There's <MASK> to go .
Person2: I ' m a little nervous . I ' Ve never flown before .
Person1: There ' s nothing at all to worry about . Once you are in the air , it ' s just like sitting at your sitting room . It ' s going to be a very pleasant flight .

Options: A. about twenty-five minutes
B. about thirty minutes.
C. about 10 hours
D. about two hours

Let's think step by step before providing your final answer. However, you must conclude your assessment with the statement: 'Thus, the correct answer is: X', where 'X' is simply the solution you've determined to be correct. Note that there may be more than one correct option, in which case you must list them all.",A. about twenty-five minutes && B. about thirty minutes.,1
TimeBench,TimeDial,TimeDial,MC,TimeDial-TimeDial-58,119,"There is a two-person dialogue with several options.
Choose all appropriate options to substitute the <mask> in the dialogue, and each question has at least one correct option.
Dialogue: Person1:What's your plan for your future ?
Person2: I'd like to work in a law firm to enrich my experience and put what I've learned into practice .
Person1: Have you had any previous experience ?
Person2: Well . During the college years , I worked as a trainee every summer at lawyer's offices . Does that count ?
Person1: Of course it counts . What kind of work did you do there ?
Person2: I did clerical stuff and ran errands .
Person1: In this office , we encourage full attendance by offering a bonus . If you take any leaves , we'll deduct money from your salary .
Person2: May I know about the office hours ?
Person1: Office hours are nine to five-thirty . One hour for lunch . Do you have any questions ?
Person2: Er , may I know how much I will be paid monthly ?
Person1: We'll give you about 3000 to start . There'll be a trial period of <MASK> . After six months , we'll have a job performance review and consider giving you a raise .
Person2: When will I know your decision ?
Person1: I'll call you in a day or two , did you write down your phone number on your resume ?
Person2: Yes , I did . Can you call after 7 p . m . ? I'm usually out in the daytime .
Person1: All right . Good-bye .
Person2: Good-bye .
Options: A. six months
B. one hour
C. six years
D. three month

","There is a two-person dialogue with several options.
Choose all appropriate options to substitute the <mask> in the dialogue, and each question has at least one correct option.
Dialogue: Person1:What's your plan for your future ?
Person2: I'd like to work in a law firm to enrich my experience and put what I've learned into practice .
Person1: Have you had any previous experience ?
Person2: Well . During the college years , I worked as a trainee every summer at lawyer's offices . Does that count ?
Person1: Of course it counts . What kind of work did you do there ?
Person2: I did clerical stuff and ran errands .
Person1: In this office , we encourage full attendance by offering a bonus . If you take any leaves , we'll deduct money from your salary .
Person2: May I know about the office hours ?
Person1: Office hours are nine to five-thirty . One hour for lunch . Do you have any questions ?
Person2: Er , may I know how much I will be paid monthly ?
Person1: We'll give you about 3000 to start . There'll be a trial period of <MASK> . After six months , we'll have a job performance review and consider giving you a raise .
Person2: When will I know your decision ?
Person1: I'll call you in a day or two , did you write down your phone number on your resume ?
Person2: Yes , I did . Can you call after 7 p . m . ? I'm usually out in the daytime .
Person1: All right . Good-bye .
Person2: Good-bye .
Options: A. six months
B. one hour
C. six years
D. three month

Let's think step by step before providing your final answer. However, you must conclude your assessment with the statement: 'Thus, the correct answer is: X', where 'X' is simply the solution you've determined to be correct. Note that there may be more than one correct option, in which case you must list them all.",A. six months && D. three month,1
TimeBench,TimeDial,TimeDial,MC,TimeDial-TimeDial-193,628,"There is a two-person dialogue with several options.
Choose all appropriate options to substitute the <mask> in the dialogue, and each question has at least one correct option.
Dialogue: Person1:Where's Bill ? The ambassador is already here . The meeting is set to start at 9 am .
Person2: He's late again . Traffic is probably holding him up . You know , he commutes from the suburbs . It's not easy commuting every day . We should cut him some slack .
Person1: Even though the traffic is bumper-to-bumper out there , I don't think it's heavy traffic that makes Bill late . He takes the train , remember ?
Person2: Oh , that's right . Well , the train shouldn't be late . That means there is only one explanation ... Bill must have overslept .
Person1: Well , to be fare , since he's coming all the way from Lancaster , he's got to get up much earlier than the rest of us . He must get start on his commute about six thirty , no telling what time he actually gets up .
Person2: That's right , because he's got to get to the train station from his house , then take the blue line into the city , then switch trains to the red line . In all , the trip's got to take <MASK> .
Person1: Why doesn't he just drive to work ?
Person2: It's too difficult to park your car in the city . Also , the traffic coming in from the suburbs is a nightmare .

Options: A. more than 150 minutes
B. more than 6 minutes
C. more than 9 hours
D. more than 2 hours

","There is a two-person dialogue with several options.
Choose all appropriate options to substitute the <mask> in the dialogue, and each question has at least one correct option.
Dialogue: Person1:Where's Bill ? The ambassador is already here . The meeting is set to start at 9 am .
Person2: He's late again . Traffic is probably holding him up . You know , he commutes from the suburbs . It's not easy commuting every day . We should cut him some slack .
Person1: Even though the traffic is bumper-to-bumper out there , I don't think it's heavy traffic that makes Bill late . He takes the train , remember ?
Person2: Oh , that's right . Well , the train shouldn't be late . That means there is only one explanation ... Bill must have overslept .
Person1: Well , to be fare , since he's coming all the way from Lancaster , he's got to get up much earlier than the rest of us . He must get start on his commute about six thirty , no telling what time he actually gets up .
Person2: That's right , because he's got to get to the train station from his house , then take the blue line into the city , then switch trains to the red line . In all , the trip's got to take <MASK> .
Person1: Why doesn't he just drive to work ?
Person2: It's too difficult to park your car in the city . Also , the traffic coming in from the suburbs is a nightmare .

Options: A. more than 150 minutes
B. more than 6 minutes
C. more than 9 hours
D. more than 2 hours

Let's think step by step before providing your final answer. However, you must conclude your assessment with the statement: 'Thus, the correct answer is: X', where 'X' is simply the solution you've determined to be correct. Note that there may be more than one correct option, in which case you must list them all.",A. more than 150 minutes && D. more than 2 hours,1
TimeBench,TimeDial,TimeDial,MC,TimeDial-TimeDial-25,920,"There is a two-person dialogue with several options.
Choose all appropriate options to substitute the <mask> in the dialogue, and each question has at least one correct option.
Dialogue: Person1:Good morning . Venus Real Estate Agency .
Person2: Good morning . I'm calling to ask if you have a vacant apartment .
Person1: Do you have any particular type of apartment in mind ?
Person2: I prefer a one-bedroom apartment .
Person1: Are you renting it alone or with company ?
Person2: I'll share it with one of my friends . What ' s in a one-bedroom apartment ?
Person1: A one-bedroom apartment has one bedroom , a living room , a kitchen and a bathroom .
Person2: Is there any furniture ?
Person1: No , but a fridge and a stove .
Person2: It sounds wonderful . Do I have to sign a lease ? How much should I pay ?
Person1: Yes , it ' s a <MASK> lease . And $ 200 a week with one month refundable deposit .
Person2: When can I come over ?
Person1: Would Friday morning be alright ?
Person2: OK . Good-bye .
Person1: Good-bye .

Options: A. 200 months
B. Six months 
C. one-year
D. Two days

","There is a two-person dialogue with several options.
Choose all appropriate options to substitute the <mask> in the dialogue, and each question has at least one correct option.
Dialogue: Person1:Good morning . Venus Real Estate Agency .
Person2: Good morning . I'm calling to ask if you have a vacant apartment .
Person1: Do you have any particular type of apartment in mind ?
Person2: I prefer a one-bedroom apartment .
Person1: Are you renting it alone or with company ?
Person2: I'll share it with one of my friends . What ' s in a one-bedroom apartment ?
Person1: A one-bedroom apartment has one bedroom , a living room , a kitchen and a bathroom .
Person2: Is there any furniture ?
Person1: No , but a fridge and a stove .
Person2: It sounds wonderful . Do I have to sign a lease ? How much should I pay ?
Person1: Yes , it ' s a <MASK> lease . And $ 200 a week with one month refundable deposit .
Person2: When can I come over ?
Person1: Would Friday morning be alright ?
Person2: OK . Good-bye .
Person1: Good-bye .

Options: A. 200 months
B. Six months 
C. one-year
D. Two days

Let's think step by step before providing your final answer. However, you must conclude your assessment with the statement: 'Thus, the correct answer is: X', where 'X' is simply the solution you've determined to be correct. Note that there may be more than one correct option, in which case you must list them all.",B. Six months  && C. one-year,1
TimeBench,TimeDial,TimeDial,MC,TimeDial-TimeDial-18,820,"There is a two-person dialogue with several options.
Choose all appropriate options to substitute the <mask> in the dialogue, and each question has at least one correct option.
Dialogue: Person1:Excuse me , sir , may I talk to you ?
Person2: Bill ! Sure , come on in . What can I do for you ?
Person1: Well sir , as you know , I have been an employee of this prestigious firm for over ten years .
Person2: Yes .
Person1: I won ' t beat around the bush . Sir , I would like a raise . I currently have three companies after me and so I decided to talk to you first .
Person2: A raise ? Son , I would love to give you a raise , but this is just not the right time .
Person1: I understand your position , and I know that the current economic downturn has had a negative impact on sales , but you must also take into consideration my hard work , pro-activeness and loyalty to this company for over a decade .
Person2: Taking into account these factors , and considering I don ' t want to start a brain drain , I ' m willing to offer you a ten percent raise and an extra <MASK> of vacation time . How does that sound ?
Person1: Great ! It ' s a deal ! Thank you , sir !
Person2: Before you go , just out of curiosity , what companies were after you ?
Person1: Oh , the electric company , gas company and water company !

Options: A. five days
B. ten years
C. three minutes
D. seven days

","There is a two-person dialogue with several options.
Choose all appropriate options to substitute the <mask> in the dialogue, and each question has at least one correct option.
Dialogue: Person1:Excuse me , sir , may I talk to you ?
Person2: Bill ! Sure , come on in . What can I do for you ?
Person1: Well sir , as you know , I have been an employee of this prestigious firm for over ten years .
Person2: Yes .
Person1: I won ' t beat around the bush . Sir , I would like a raise . I currently have three companies after me and so I decided to talk to you first .
Person2: A raise ? Son , I would love to give you a raise , but this is just not the right time .
Person1: I understand your position , and I know that the current economic downturn has had a negative impact on sales , but you must also take into consideration my hard work , pro-activeness and loyalty to this company for over a decade .
Person2: Taking into account these factors , and considering I don ' t want to start a brain drain , I ' m willing to offer you a ten percent raise and an extra <MASK> of vacation time . How does that sound ?
Person1: Great ! It ' s a deal ! Thank you , sir !
Person2: Before you go , just out of curiosity , what companies were after you ?
Person1: Oh , the electric company , gas company and water company !

Options: A. five days
B. ten years
C. three minutes
D. seven days

Let's think step by step before providing your final answer. However, you must conclude your assessment with the statement: 'Thus, the correct answer is: X', where 'X' is simply the solution you've determined to be correct. Note that there may be more than one correct option, in which case you must list them all.",A. five days && D. seven days,1
TimeBench,TimeDial,TimeDial,MC,TimeDial-TimeDial-266,375,"There is a two-person dialogue with several options.
Choose all appropriate options to substitute the <mask> in the dialogue, and each question has at least one correct option.
Dialogue: Person1:Hello Mrs Parker , how have you been ?
Person2: Hello Dr Peters . Just fine thank you . Ricky and I are here for his vaccines .
Person1: Very well . Let's see , according to his vaccination record , Ricky has received his Polio , Tetanus and Hepatitis B shots . He is <MASK> , so he is due for Hepatitis A , Chickenpox and Measles shots .
Person2: What about Rubella and Mumps ?
Person1: Well , I can only give him these for now , and after a couple of weeks I can administer the rest .
Person2: OK , great . Doctor , I think I also may need a Tetanus booster . Last time I got it was maybe fifteen years ago !
Person1: We will check our records and I'll have the nurse administer and the booster as well . Now , please hold Ricky's arm tight , this may sting a little .
Options: A. 14 months old
B. two minutes old
C. fifteen years old
D. 15 months old

","There is a two-person dialogue with several options.
Choose all appropriate options to substitute the <mask> in the dialogue, and each question has at least one correct option.
Dialogue: Person1:Hello Mrs Parker , how have you been ?
Person2: Hello Dr Peters . Just fine thank you . Ricky and I are here for his vaccines .
Person1: Very well . Let's see , according to his vaccination record , Ricky has received his Polio , Tetanus and Hepatitis B shots . He is <MASK> , so he is due for Hepatitis A , Chickenpox and Measles shots .
Person2: What about Rubella and Mumps ?
Person1: Well , I can only give him these for now , and after a couple of weeks I can administer the rest .
Person2: OK , great . Doctor , I think I also may need a Tetanus booster . Last time I got it was maybe fifteen years ago !
Person1: We will check our records and I'll have the nurse administer and the booster as well . Now , please hold Ricky's arm tight , this may sting a little .
Options: A. 14 months old
B. two minutes old
C. fifteen years old
D. 15 months old

Let's think step by step before providing your final answer. However, you must conclude your assessment with the statement: 'Thus, the correct answer is: X', where 'X' is simply the solution you've determined to be correct. Note that there may be more than one correct option, in which case you must list them all.",A. 14 months old && D. 15 months old,1
TimeBench,TimeDial,TimeDial,MC,TimeDial-TimeDial-67,748,"There is a two-person dialogue with several options.
Choose all appropriate options to substitute the <mask> in the dialogue, and each question has at least one correct option.
Dialogue: Person1:Are you coming to the bridal shower for Jane ?
Person2: Yes , I am . When is the wedding ?
Person1: <MASK> .
Person2: August bride . How nice ! By the way , who is going to be the matron of honor ?
Person1: Mrs . White .
Person2: Oh , yeah ? I wonder who is going to give Jane away at the wedding . You know her father passed away several years ago .
Person1: Maybe her uncle will .
Person2: I think so . The wedding will be held at her church , right ?
Person1: Right . Red Rochester will officiate at the wedding .
Person2: Do you know where they will go on their honeymoon ?
Person1: Yes , Jane says they will go to China .

Options: A. June 27
B. Aug 10
C. October 10
D. Aug 8

","There is a two-person dialogue with several options.
Choose all appropriate options to substitute the <mask> in the dialogue, and each question has at least one correct option.
Dialogue: Person1:Are you coming to the bridal shower for Jane ?
Person2: Yes , I am . When is the wedding ?
Person1: <MASK> .
Person2: August bride . How nice ! By the way , who is going to be the matron of honor ?
Person1: Mrs . White .
Person2: Oh , yeah ? I wonder who is going to give Jane away at the wedding . You know her father passed away several years ago .
Person1: Maybe her uncle will .
Person2: I think so . The wedding will be held at her church , right ?
Person1: Right . Red Rochester will officiate at the wedding .
Person2: Do you know where they will go on their honeymoon ?
Person1: Yes , Jane says they will go to China .

Options: A. June 27
B. Aug 10
C. October 10
D. Aug 8

Let's think step by step before providing your final answer. However, you must conclude your assessment with the statement: 'Thus, the correct answer is: X', where 'X' is simply the solution you've determined to be correct. Note that there may be more than one correct option, in which case you must list them all.",B. Aug 10 && D. Aug 8,1
TimeBench,TimeDial,TimeDial,MC,TimeDial-TimeDial-209,674,"There is a two-person dialogue with several options.
Choose all appropriate options to substitute the <mask> in the dialogue, and each question has at least one correct option.
Dialogue: Person1:Hello , Bobby , It seems that I can't arrive at your home by 12 o'clock .
Person2: What happened ? We're all expecting you , Hans , Dick , Archie ...
Person1: I'm so sorry , I've been held up by the damn traffic jam for half an hour . I'd have arrived but for that .
Person2: I see . Where are you now , Li ?
Person1: Thirty meters ahead is the Waterloo Bridge .
Person2: It's not far away from home , It's - let me see – about 20 minutes'walk , Can you walk here ?
Person1: I've thought of that , but what can I do with my car ? If only I had taken a taxi !
Person2: That's too bad , But don't worry.We ' ll put off dinner till <MASK> .
Person1: I'm so terribly sorry to keep you waiting .
Person2: It doesn't matter.Bye .
Person1: Bye .

Options: A. one o'clock
B. 20 o'clock
C. six o'clock
D. two o'clock

","There is a two-person dialogue with several options.
Choose all appropriate options to substitute the <mask> in the dialogue, and each question has at least one correct option.
Dialogue: Person1:Hello , Bobby , It seems that I can't arrive at your home by 12 o'clock .
Person2: What happened ? We're all expecting you , Hans , Dick , Archie ...
Person1: I'm so sorry , I've been held up by the damn traffic jam for half an hour . I'd have arrived but for that .
Person2: I see . Where are you now , Li ?
Person1: Thirty meters ahead is the Waterloo Bridge .
Person2: It's not far away from home , It's - let me see – about 20 minutes'walk , Can you walk here ?
Person1: I've thought of that , but what can I do with my car ? If only I had taken a taxi !
Person2: That's too bad , But don't worry.We ' ll put off dinner till <MASK> .
Person1: I'm so terribly sorry to keep you waiting .
Person2: It doesn't matter.Bye .
Person1: Bye .

Options: A. one o'clock
B. 20 o'clock
C. six o'clock
D. two o'clock

Let's think step by step before providing your final answer. However, you must conclude your assessment with the statement: 'Thus, the correct answer is: X', where 'X' is simply the solution you've determined to be correct. Note that there may be more than one correct option, in which case you must list them all.",A. one o'clock && D. two o'clock,1
TimeBench,TimeDial,TimeDial,MC,TimeDial-TimeDial-480,950,"There is a two-person dialogue with several options.
Choose all appropriate options to substitute the <mask> in the dialogue, and each question has at least one correct option.
Dialogue: Person1:Doctor , I feel much better now . Will I be albe to go home some time this week ?
Person2: That's good to hear . You've had an ideal recovery from your operation . We're going to send you home tomorrow .
Person1: Do you think I can get back to work very soon ?
Person2: Don't be in such a hurry . I'm confident that you'll be completely recovered in 4 to 6 weeks .
Person1: Is there anything I should do ?
Person2: You'd better have a good rest for a week . Be sure to have regular meals . Stay away from alcohol . Give up smoking at least a little while .
Person1: Should I take some medicine ?
Person2: Yes . I'm going to give you some . Take one tablet of this medicine three times a day before meals . For that one , two tablets . And remember to come to the outpatient department for a consultation in <MASK> , please .
Person1: It's very kind of you .
Person2: You're welcome . We wish you a speedy recovery . Goodbye .

Options: A. 15 days
B. 4 hours
C.  6 weeks
D. two weeks

","There is a two-person dialogue with several options.
Choose all appropriate options to substitute the <mask> in the dialogue, and each question has at least one correct option.
Dialogue: Person1:Doctor , I feel much better now . Will I be albe to go home some time this week ?
Person2: That's good to hear . You've had an ideal recovery from your operation . We're going to send you home tomorrow .
Person1: Do you think I can get back to work very soon ?
Person2: Don't be in such a hurry . I'm confident that you'll be completely recovered in 4 to 6 weeks .
Person1: Is there anything I should do ?
Person2: You'd better have a good rest for a week . Be sure to have regular meals . Stay away from alcohol . Give up smoking at least a little while .
Person1: Should I take some medicine ?
Person2: Yes . I'm going to give you some . Take one tablet of this medicine three times a day before meals . For that one , two tablets . And remember to come to the outpatient department for a consultation in <MASK> , please .
Person1: It's very kind of you .
Person2: You're welcome . We wish you a speedy recovery . Goodbye .

Options: A. 15 days
B. 4 hours
C.  6 weeks
D. two weeks

Let's think step by step before providing your final answer. However, you must conclude your assessment with the statement: 'Thus, the correct answer is: X', where 'X' is simply the solution you've determined to be correct. Note that there may be more than one correct option, in which case you must list them all.",A. 15 days && D. two weeks,1
TimeBench,TimeDial,TimeDial,MC,TimeDial-TimeDial-95,382,"There is a two-person dialogue with several options.
Choose all appropriate options to substitute the <mask> in the dialogue, and each question has at least one correct option.
Dialogue: Person1:Come on in . Let me show you around . Here ' s the living room .
Person2: Great . The view from this window is wonderful .
Person1: This is the kitchen .
Person2: It looks new .
Person1: Yes . We just renovated a few month ago .
Person2: I like it .
Person1: Here ' s the master bedroom .
Person2: Wow , it ' s nice . What did you say about the rent ?
Person1: $ 900 a month .
Person2: Does that include utilities ?
Person1: Yes . It includes electricity , water , gas and cable , but the telephone is extra .
Person2: When will it be available ?
Person1: The end of this month .
Person2: I like it a lot but I need to talk with my wife . Can you hold it for me for <MASK> ?
Person1: Sure .
Person2: Thank you very much . I will let you know as soon as possible .

Options: A. a month
B. two days
C. 900 days
D. Three days

","There is a two-person dialogue with several options.
Choose all appropriate options to substitute the <mask> in the dialogue, and each question has at least one correct option.
Dialogue: Person1:Come on in . Let me show you around . Here ' s the living room .
Person2: Great . The view from this window is wonderful .
Person1: This is the kitchen .
Person2: It looks new .
Person1: Yes . We just renovated a few month ago .
Person2: I like it .
Person1: Here ' s the master bedroom .
Person2: Wow , it ' s nice . What did you say about the rent ?
Person1: $ 900 a month .
Person2: Does that include utilities ?
Person1: Yes . It includes electricity , water , gas and cable , but the telephone is extra .
Person2: When will it be available ?
Person1: The end of this month .
Person2: I like it a lot but I need to talk with my wife . Can you hold it for me for <MASK> ?
Person1: Sure .
Person2: Thank you very much . I will let you know as soon as possible .

Options: A. a month
B. two days
C. 900 days
D. Three days

Let's think step by step before providing your final answer. However, you must conclude your assessment with the statement: 'Thus, the correct answer is: X', where 'X' is simply the solution you've determined to be correct. Note that there may be more than one correct option, in which case you must list them all.",B. two days && D. Three days,1
TimeBench,TimeDial,TimeDial,MC,TimeDial-TimeDial-24,667,"There is a two-person dialogue with several options.
Choose all appropriate options to substitute the <mask> in the dialogue, and each question has at least one correct option.
Dialogue: Person1:Excuse me , sir . Could you spare a minute ?
Person2: Uh , yes .
Person1: Do you go to work by train every day .
Person2: Yes . I commute <MASK> a week by train .
Person1: And would you mind telling us what you think of the rail service ?
Person2: It ' s really very good .
Person1: Why do you say that ?
Person2: Well , trains are frequent and come on time .
Person1: Which train do you catch in the evening ?
Person2: I usually take the five thirty home .
Person1: And can you get a seat ?
Person2: No , I usually have to stand .
Person1: Would you agree that the service is fast ?
Person2: Yes , it ' s reasonably fast but it certainly isn ' t cheap . Fares have gone up 25 present .

Options: A. five days
B. 25 days
C. a minute
D. six days

","There is a two-person dialogue with several options.
Choose all appropriate options to substitute the <mask> in the dialogue, and each question has at least one correct option.
Dialogue: Person1:Excuse me , sir . Could you spare a minute ?
Person2: Uh , yes .
Person1: Do you go to work by train every day .
Person2: Yes . I commute <MASK> a week by train .
Person1: And would you mind telling us what you think of the rail service ?
Person2: It ' s really very good .
Person1: Why do you say that ?
Person2: Well , trains are frequent and come on time .
Person1: Which train do you catch in the evening ?
Person2: I usually take the five thirty home .
Person1: And can you get a seat ?
Person2: No , I usually have to stand .
Person1: Would you agree that the service is fast ?
Person2: Yes , it ' s reasonably fast but it certainly isn ' t cheap . Fares have gone up 25 present .

Options: A. five days
B. 25 days
C. a minute
D. six days

Let's think step by step before providing your final answer. However, you must conclude your assessment with the statement: 'Thus, the correct answer is: X', where 'X' is simply the solution you've determined to be correct. Note that there may be more than one correct option, in which case you must list them all.",A. five days && D. six days,1
TimeBench,TimeDial,TimeDial,MC,TimeDial-TimeDial-223,1348,"There is a two-person dialogue with several options.
Choose all appropriate options to substitute the <mask> in the dialogue, and each question has at least one correct option.
Dialogue: Person1:I think you are an excellent person . Honestly speaking , you are very suitable for this job
Person2: Thank you very much for your evaluation . I also like this job very much .
Person1: I want to know your earliest available entry time .
Person2: Oh , let me think ... Maybe <MASK> .
Person1: It's too late . If you could get the job , could you start a little earlier ?
Person2: I'm sorry I can't , because I haven't finished my thesis .
Person1: What a pity !
Person2: When do you usually require the new employee to start ?
Person1: Within two weeks , because the new employees need to receive induction training .
Person2: I will make an arrangement for it .
Person1: I hope you can come to our company to work .
Person2: I will give you an exact reply as soon as possible .
Person1: OK , I will keep this position for you for one week .
Person2: Thank you very much .

Options: A. Three hours later
B. one week
C. One and half months later
D. two months later

","There is a two-person dialogue with several options.
Choose all appropriate options to substitute the <mask> in the dialogue, and each question has at least one correct option.
Dialogue: Person1:I think you are an excellent person . Honestly speaking , you are very suitable for this job
Person2: Thank you very much for your evaluation . I also like this job very much .
Person1: I want to know your earliest available entry time .
Person2: Oh , let me think ... Maybe <MASK> .
Person1: It's too late . If you could get the job , could you start a little earlier ?
Person2: I'm sorry I can't , because I haven't finished my thesis .
Person1: What a pity !
Person2: When do you usually require the new employee to start ?
Person1: Within two weeks , because the new employees need to receive induction training .
Person2: I will make an arrangement for it .
Person1: I hope you can come to our company to work .
Person2: I will give you an exact reply as soon as possible .
Person1: OK , I will keep this position for you for one week .
Person2: Thank you very much .

Options: A. Three hours later
B. one week
C. One and half months later
D. two months later

Let's think step by step before providing your final answer. However, you must conclude your assessment with the statement: 'Thus, the correct answer is: X', where 'X' is simply the solution you've determined to be correct. Note that there may be more than one correct option, in which case you must list them all.",C. One and half months later && D. two months later,1
TimeBench,TimeDial,TimeDial,MC,TimeDial-TimeDial-262,91,"There is a two-person dialogue with several options.
Choose all appropriate options to substitute the <mask> in the dialogue, and each question has at least one correct option.
Dialogue: Person1:Northward Airlines . Can I help you ?
Person2: Hello . I'd like to reconfirm my flight , please .
Person1: May I have your name and flight number , please ?
Person2: My name is Daniel Adams and my flight number is 374 .
Person1: When are you leaving ?
Person2: On May 11th .
Person1: And your destination ?
Person2: Buenos Aires .
Person1: Hold the line , please . ( ... ) All right . Your seat is confirmed , Mr . Adams . You'll be arriving in Buenos Aires at <MASK> p . m . local time .
Person2: Thank you . Can I pick up my ticket when I check in ?
Person1: Yes , but please check in at least one hour before departure time .
Options: A. 3:00 AM
B. 5 o'clock
C. 11:00 AM
D. 4 o'clock

","There is a two-person dialogue with several options.
Choose all appropriate options to substitute the <mask> in the dialogue, and each question has at least one correct option.
Dialogue: Person1:Northward Airlines . Can I help you ?
Person2: Hello . I'd like to reconfirm my flight , please .
Person1: May I have your name and flight number , please ?
Person2: My name is Daniel Adams and my flight number is 374 .
Person1: When are you leaving ?
Person2: On May 11th .
Person1: And your destination ?
Person2: Buenos Aires .
Person1: Hold the line , please . ( ... ) All right . Your seat is confirmed , Mr . Adams . You'll be arriving in Buenos Aires at <MASK> p . m . local time .
Person2: Thank you . Can I pick up my ticket when I check in ?
Person1: Yes , but please check in at least one hour before departure time .
Options: A. 3:00 AM
B. 5 o'clock
C. 11:00 AM
D. 4 o'clock

Let's think step by step before providing your final answer. However, you must conclude your assessment with the statement: 'Thus, the correct answer is: X', where 'X' is simply the solution you've determined to be correct. Note that there may be more than one correct option, in which case you must list them all.",B. 5 o'clock && D. 4 o'clock,1
TimeBench,TimeDial,TimeDial,MC,TimeDial-TimeDial-427,1004,"There is a two-person dialogue with several options.
Choose all appropriate options to substitute the <mask> in the dialogue, and each question has at least one correct option.
Dialogue: Person1:Taxi .
Person2: Yes . Where would you like to go ?
Person1: Central Park , please , but can you make a stop at Union Square ? I wanna pick up my friend there .
Person2: Of course .
Person1: How long do you think it will take to get to Union Square .
Person2: Well . That depends on traffic , you know . It's pretty heavy this afternoon .
Person1: Can you make it in <MASK> . I am already 10 mins late .
Person2: I'll try . Where exactly is your friend waiting ?
Person1: On the 14th Street side . Oh , we are already at the 16th Street . You are fast . Can you make a left at the next corner ?
Person2: You've got it .
Person1: I think he is around here . Can you slow down ? Ah , there he is .
Person2: Here we are , Central Park !
Person1: Thank you . How much is it ?
Person2: Well , it's $ 12 .
Person1: Here's $ 15 . Keep the change .
Person2: Thank you .

Options: A. 15 mins
B. 15 Hours
C. 10 minutes
D. 12 seconds

","There is a two-person dialogue with several options.
Choose all appropriate options to substitute the <mask> in the dialogue, and each question has at least one correct option.
Dialogue: Person1:Taxi .
Person2: Yes . Where would you like to go ?
Person1: Central Park , please , but can you make a stop at Union Square ? I wanna pick up my friend there .
Person2: Of course .
Person1: How long do you think it will take to get to Union Square .
Person2: Well . That depends on traffic , you know . It's pretty heavy this afternoon .
Person1: Can you make it in <MASK> . I am already 10 mins late .
Person2: I'll try . Where exactly is your friend waiting ?
Person1: On the 14th Street side . Oh , we are already at the 16th Street . You are fast . Can you make a left at the next corner ?
Person2: You've got it .
Person1: I think he is around here . Can you slow down ? Ah , there he is .
Person2: Here we are , Central Park !
Person1: Thank you . How much is it ?
Person2: Well , it's $ 12 .
Person1: Here's $ 15 . Keep the change .
Person2: Thank you .

Options: A. 15 mins
B. 15 Hours
C. 10 minutes
D. 12 seconds

Let's think step by step before providing your final answer. However, you must conclude your assessment with the statement: 'Thus, the correct answer is: X', where 'X' is simply the solution you've determined to be correct. Note that there may be more than one correct option, in which case you must list them all.",A. 15 mins && C. 10 minutes,1
TimeBench,TimeDial,TimeDial,MC,TimeDial-TimeDial-6,415,"There is a two-person dialogue with several options.
Choose all appropriate options to substitute the <mask> in the dialogue, and each question has at least one correct option.
Dialogue: Person1:What's the date today Mr.Brown . I don't have a calendar .
Person2: Today is Tuesday , 25th September , 2001 .
Person1: 25th Sep ? Oh , I have an appointment tonight .
Person2: What time is your appointment ?
Person1: It is at 8 o'clock .
Person2: What time is now ? Do you have the correct time ?
Person1: I don't know what time it is.It must be <MASK> . I have to go now . I don't want to be late .
Person2: You won't be late.It ' s still early .

Options: A. about 5 o'clock
B. about 6 o'clock
C. about 11 o'clock
D. about 1 o'clock

","There is a two-person dialogue with several options.
Choose all appropriate options to substitute the <mask> in the dialogue, and each question has at least one correct option.
Dialogue: Person1:What's the date today Mr.Brown . I don't have a calendar .
Person2: Today is Tuesday , 25th September , 2001 .
Person1: 25th Sep ? Oh , I have an appointment tonight .
Person2: What time is your appointment ?
Person1: It is at 8 o'clock .
Person2: What time is now ? Do you have the correct time ?
Person1: I don't know what time it is.It must be <MASK> . I have to go now . I don't want to be late .
Person2: You won't be late.It ' s still early .

Options: A. about 5 o'clock
B. about 6 o'clock
C. about 11 o'clock
D. about 1 o'clock

Let's think step by step before providing your final answer. However, you must conclude your assessment with the statement: 'Thus, the correct answer is: X', where 'X' is simply the solution you've determined to be correct. Note that there may be more than one correct option, in which case you must list them all.",A. about 5 o'clock && B. about 6 o'clock,1
TimeBench,TimeDial,TimeDial,MC,TimeDial-TimeDial-117,1116,"There is a two-person dialogue with several options.
Choose all appropriate options to substitute the <mask> in the dialogue, and each question has at least one correct option.
Dialogue: Person1:Steven , I need badly your help .
Person2: What's the matter ?
Person1: My wife has found that I have an affair with my secretary , and now she is going to divorce me .
Person2: How could you cheat on your wife ? You have been married for <MASK> .
Person1: Yes , I know I'm wrong . But I swear that the affair lasts only for two months . And I still love my wife . I couldn't live without her .
Person2: I will try my best to persuade her to reconsider the divorce . But are you sure that from now on you will be faithful to her forever ?
Person1: Yes , I swear .

Options: A. seventy years
B. ten years
C. fifteen years
D. two months

","There is a two-person dialogue with several options.
Choose all appropriate options to substitute the <mask> in the dialogue, and each question has at least one correct option.
Dialogue: Person1:Steven , I need badly your help .
Person2: What's the matter ?
Person1: My wife has found that I have an affair with my secretary , and now she is going to divorce me .
Person2: How could you cheat on your wife ? You have been married for <MASK> .
Person1: Yes , I know I'm wrong . But I swear that the affair lasts only for two months . And I still love my wife . I couldn't live without her .
Person2: I will try my best to persuade her to reconsider the divorce . But are you sure that from now on you will be faithful to her forever ?
Person1: Yes , I swear .

Options: A. seventy years
B. ten years
C. fifteen years
D. two months

Let's think step by step before providing your final answer. However, you must conclude your assessment with the statement: 'Thus, the correct answer is: X', where 'X' is simply the solution you've determined to be correct. Note that there may be more than one correct option, in which case you must list them all.",B. ten years && C. fifteen years,1
TimeBench,TimeDial,TimeDial,MC,TimeDial-TimeDial-46,429,"There is a two-person dialogue with several options.
Choose all appropriate options to substitute the <mask> in the dialogue, and each question has at least one correct option.
Dialogue: Person1:Waiter , bring me the menu , will you ?
Person2: Just a moment , I'm coming . ( ten minutes later ) . Now , what would you like ?
Person1: I'd like to see the menu . Would you get me one , please ?
Person2: Yes , certainly . Here you are .
Person1: Thank you . Ah ! But this is in French . Would you mind giving me the English menu ?
Person2: It's written in English too , in smaller print . There .
Person1: Thanks . I'll need a while to choose . Could you come back in a minute ?
Person2: Right . ( <MASK> ) Now , what are you having ?
Person1: I'm sorry , I haven't decided yet . Do you mind giving me a couple of minutes ?
Person2: All right , but would you be so kind as to make up your mind soon ? We're very busy just now as you can see , sir .

Options: A. one second later
B. five minutes later
C. ten minutes later
D. five hours later

","There is a two-person dialogue with several options.
Choose all appropriate options to substitute the <mask> in the dialogue, and each question has at least one correct option.
Dialogue: Person1:Waiter , bring me the menu , will you ?
Person2: Just a moment , I'm coming . ( ten minutes later ) . Now , what would you like ?
Person1: I'd like to see the menu . Would you get me one , please ?
Person2: Yes , certainly . Here you are .
Person1: Thank you . Ah ! But this is in French . Would you mind giving me the English menu ?
Person2: It's written in English too , in smaller print . There .
Person1: Thanks . I'll need a while to choose . Could you come back in a minute ?
Person2: Right . ( <MASK> ) Now , what are you having ?
Person1: I'm sorry , I haven't decided yet . Do you mind giving me a couple of minutes ?
Person2: All right , but would you be so kind as to make up your mind soon ? We're very busy just now as you can see , sir .

Options: A. one second later
B. five minutes later
C. ten minutes later
D. five hours later

Let's think step by step before providing your final answer. However, you must conclude your assessment with the statement: 'Thus, the correct answer is: X', where 'X' is simply the solution you've determined to be correct. Note that there may be more than one correct option, in which case you must list them all.",B. five minutes later && C. ten minutes later,1
TimeBench,TimeDial,TimeDial,MC,TimeDial-TimeDial-17,807,"There is a two-person dialogue with several options.
Choose all appropriate options to substitute the <mask> in the dialogue, and each question has at least one correct option.
Dialogue: Person1:I have some good news for you . We've decided we'd like to send you to Shanghai on a business trip this weekend .
Person2: Oh .
Person1: Don't you think that it'd be a good thing for you to get out of the office foe a couple of days ?
Person2: Sure .
Person1: I thought you'd be a bit more excited about this . Everything will be paid for and I'll send my assistant with you to take care of everything for you . All you have to do is to get on the train <MASK> .
Person2: The train ? Will I be flying back then ?
Person1: Oh , no . We've bought your return ticket for you . I think you'll find it comfortable .
Person2: Will the train be very crowded ?
Person1: Oh no . the train hasn't been crowded at all recently . Besides , you're in first-class , so you'll be fine .
Person2: When is the first meeting then ?
Person1: They've scheduled the negotiation meeting for 9
Person2: Where will I be staying ?
Person1: We've booked you a room in the same hotel as your meetings , so you won't need to deal much with the transportation system .
Person2: That's very sensible . Would it be alright if I left early today to prepare for the trip ?
Person1: That's not a problem . Have a nap if you can . You don't know how tight the schedule is for this business trip .

Options: A. tonight at 2 pm
B. tonight at 7 pm
C. tonight at 6 pm
D. today at 9 am

","There is a two-person dialogue with several options.
Choose all appropriate options to substitute the <mask> in the dialogue, and each question has at least one correct option.
Dialogue: Person1:I have some good news for you . We've decided we'd like to send you to Shanghai on a business trip this weekend .
Person2: Oh .
Person1: Don't you think that it'd be a good thing for you to get out of the office foe a couple of days ?
Person2: Sure .
Person1: I thought you'd be a bit more excited about this . Everything will be paid for and I'll send my assistant with you to take care of everything for you . All you have to do is to get on the train <MASK> .
Person2: The train ? Will I be flying back then ?
Person1: Oh , no . We've bought your return ticket for you . I think you'll find it comfortable .
Person2: Will the train be very crowded ?
Person1: Oh no . the train hasn't been crowded at all recently . Besides , you're in first-class , so you'll be fine .
Person2: When is the first meeting then ?
Person1: They've scheduled the negotiation meeting for 9
Person2: Where will I be staying ?
Person1: We've booked you a room in the same hotel as your meetings , so you won't need to deal much with the transportation system .
Person2: That's very sensible . Would it be alright if I left early today to prepare for the trip ?
Person1: That's not a problem . Have a nap if you can . You don't know how tight the schedule is for this business trip .

Options: A. tonight at 2 pm
B. tonight at 7 pm
C. tonight at 6 pm
D. today at 9 am

Let's think step by step before providing your final answer. However, you must conclude your assessment with the statement: 'Thus, the correct answer is: X', where 'X' is simply the solution you've determined to be correct. Note that there may be more than one correct option, in which case you must list them all.",B. tonight at 7 pm && C. tonight at 6 pm,1
TimeBench,TimeDial,TimeDial,MC,TimeDial-TimeDial-463,56,"There is a two-person dialogue with several options.
Choose all appropriate options to substitute the <mask> in the dialogue, and each question has at least one correct option.
Dialogue: Person1:Thank you for agreeing to come in and meet with us today .
Person2: Thank you for inviting me .
Person1: I can see from your resume you were in charge of sales for Corporate World Unlimited from 1997 to 1999 . Can you please tell me about your responsibilities ?
Person2: Yes . I was in charge of profit and loss for the northwest region of Canada . As a manager , I was directly responsible for a 50 % increase in sales over a <MASK> period .
Person1: What , do you believe , are some of the key attributes that helped you to achieve such an outstanding increase in sales ?
Person2: I believe persistence and perseverance are key attributes .
Options: A. four-month
B. 99-hour 
C. 50-seconds 
D. six-month 

","There is a two-person dialogue with several options.
Choose all appropriate options to substitute the <mask> in the dialogue, and each question has at least one correct option.
Dialogue: Person1:Thank you for agreeing to come in and meet with us today .
Person2: Thank you for inviting me .
Person1: I can see from your resume you were in charge of sales for Corporate World Unlimited from 1997 to 1999 . Can you please tell me about your responsibilities ?
Person2: Yes . I was in charge of profit and loss for the northwest region of Canada . As a manager , I was directly responsible for a 50 % increase in sales over a <MASK> period .
Person1: What , do you believe , are some of the key attributes that helped you to achieve such an outstanding increase in sales ?
Person2: I believe persistence and perseverance are key attributes .
Options: A. four-month
B. 99-hour 
C. 50-seconds 
D. six-month 

Let's think step by step before providing your final answer. However, you must conclude your assessment with the statement: 'Thus, the correct answer is: X', where 'X' is simply the solution you've determined to be correct. Note that there may be more than one correct option, in which case you must list them all.",A. four-month && D. six-month ,1
TimeBench,TimeDial,TimeDial,MC,TimeDial-TimeDial-4,1063,"There is a two-person dialogue with several options.
Choose all appropriate options to substitute the <mask> in the dialogue, and each question has at least one correct option.
Dialogue: Person1:Do you have any other questions ?
Person2: Yes , may I ask something about the salary and benefits in your company ?
Person1: According to our regulations , you will be on probation for the first three months .
Person2: What is the salary while on probation ?
Person1: In this period , you can only get the basic salary , 2,500 yuan per month .
Person2: That sounds fine .
Person1: The salary will be deposited into the bank on the 15th every month . Your salary will be raised every year in October , depending on your performance evaluation.you can get a bonus once a year.and it's normally in December .
Person2: Are there paid holidays ?
Person1: Yes , you may enjoy a <MASK> paid holiday in the first year . After that , you can have two more days each year .

Options: A. 10-day 
B. 15 hours 
C. three months 
D. seven-day

","There is a two-person dialogue with several options.
Choose all appropriate options to substitute the <mask> in the dialogue, and each question has at least one correct option.
Dialogue: Person1:Do you have any other questions ?
Person2: Yes , may I ask something about the salary and benefits in your company ?
Person1: According to our regulations , you will be on probation for the first three months .
Person2: What is the salary while on probation ?
Person1: In this period , you can only get the basic salary , 2,500 yuan per month .
Person2: That sounds fine .
Person1: The salary will be deposited into the bank on the 15th every month . Your salary will be raised every year in October , depending on your performance evaluation.you can get a bonus once a year.and it's normally in December .
Person2: Are there paid holidays ?
Person1: Yes , you may enjoy a <MASK> paid holiday in the first year . After that , you can have two more days each year .

Options: A. 10-day 
B. 15 hours 
C. three months 
D. seven-day

Let's think step by step before providing your final answer. However, you must conclude your assessment with the statement: 'Thus, the correct answer is: X', where 'X' is simply the solution you've determined to be correct. Note that there may be more than one correct option, in which case you must list them all.",A. 10-day  && D. seven-day,1
TimeBench,TimeDial,TimeDial,MC,TimeDial-TimeDial-219,354,"There is a two-person dialogue with several options.
Choose all appropriate options to substitute the <mask> in the dialogue, and each question has at least one correct option.
Dialogue: Person1:Hello . My name ' s Linda Brown . What can I do for you today ?
Person2: Hi . I ' m Tom Peterson . I ' m looking for a one-bedroom apartment .
Person1: Certainly . First , I would like to ask you some questions to identify your needs before I show you what we have .
Person2: That ' s fine .
Person1: What price range are you interested in ?
Person2: Well , between $ 350-400 a month .
Person1: Okay . Do you have a special location in mind ?
Person2: I ' d like to live somewhere near the university , or at least on a bus line .
Person1: When would you like to move in ?
Person2: As soon as possible .
Person1: How about the end of this month ?
Person2: Fine .
Person1: Are there any special features that you would like to have , such as , a dishwasher , a balcony , a swimming pool , central air conditionining , etc . ?
Person2: I would like to have a dishwasher and central air conditioning .
Person1: Okay . Here are the photos of the apartments that fit your preferences .
Person2: Thank you . This one looks nice . Is it near the university ?
Person1: Yes . It ' s only <MASK> walk from the campus .
Person2: That ' s good . I ' d like to see it .
Options: A. 5 minutes
B. 40 minutes 
C. 2 minutes 
D. 35 seconds 

","There is a two-person dialogue with several options.
Choose all appropriate options to substitute the <mask> in the dialogue, and each question has at least one correct option.
Dialogue: Person1:Hello . My name ' s Linda Brown . What can I do for you today ?
Person2: Hi . I ' m Tom Peterson . I ' m looking for a one-bedroom apartment .
Person1: Certainly . First , I would like to ask you some questions to identify your needs before I show you what we have .
Person2: That ' s fine .
Person1: What price range are you interested in ?
Person2: Well , between $ 350-400 a month .
Person1: Okay . Do you have a special location in mind ?
Person2: I ' d like to live somewhere near the university , or at least on a bus line .
Person1: When would you like to move in ?
Person2: As soon as possible .
Person1: How about the end of this month ?
Person2: Fine .
Person1: Are there any special features that you would like to have , such as , a dishwasher , a balcony , a swimming pool , central air conditionining , etc . ?
Person2: I would like to have a dishwasher and central air conditioning .
Person1: Okay . Here are the photos of the apartments that fit your preferences .
Person2: Thank you . This one looks nice . Is it near the university ?
Person1: Yes . It ' s only <MASK> walk from the campus .
Person2: That ' s good . I ' d like to see it .
Options: A. 5 minutes
B. 40 minutes 
C. 2 minutes 
D. 35 seconds 

Let's think step by step before providing your final answer. However, you must conclude your assessment with the statement: 'Thus, the correct answer is: X', where 'X' is simply the solution you've determined to be correct. Note that there may be more than one correct option, in which case you must list them all.",A. 5 minutes && C. 2 minutes ,1
TimeBench,TimeDial,TimeDial,MC,TimeDial-TimeDial-406,714,"There is a two-person dialogue with several options.
Choose all appropriate options to substitute the <mask> in the dialogue, and each question has at least one correct option.
Dialogue: Person1:Are you excited about your trip next month ?
Person2: Yes and no . I can ' t wait to go to Europe , but at the same time I am terrified .
Person1: Why ?
Person2: Well , I have acrophobia . I have a chronic fear of flying .
Person1: Oh really ? I have an uncle who is also terrified of flying . It ' s not that bad though , I mean , it is pretty scary to be in this big machine flying through the air at seven hundred miles per hour . I actually have arachnophobia .
Person2: You ' re scared of spiders ? I actually have two more phobias . Acrophobia and glossophobia .
Person1: I guess that explains why you are afraid of flying , but public speaking is not that bad .
Person2: Are you kidding ? When I get on stage , my palms start to sweat , I get really nervous and I can hardly speak .
Person1: Well , I must confess I am a bit claustrophobic . I hate being in an elevator for <MASK> .
Person2: We are such weirdos right ?

Options: A. more than 5 seconds
B. Two hours
C. Three weeks
D. More than 4 seconds

","There is a two-person dialogue with several options.
Choose all appropriate options to substitute the <mask> in the dialogue, and each question has at least one correct option.
Dialogue: Person1:Are you excited about your trip next month ?
Person2: Yes and no . I can ' t wait to go to Europe , but at the same time I am terrified .
Person1: Why ?
Person2: Well , I have acrophobia . I have a chronic fear of flying .
Person1: Oh really ? I have an uncle who is also terrified of flying . It ' s not that bad though , I mean , it is pretty scary to be in this big machine flying through the air at seven hundred miles per hour . I actually have arachnophobia .
Person2: You ' re scared of spiders ? I actually have two more phobias . Acrophobia and glossophobia .
Person1: I guess that explains why you are afraid of flying , but public speaking is not that bad .
Person2: Are you kidding ? When I get on stage , my palms start to sweat , I get really nervous and I can hardly speak .
Person1: Well , I must confess I am a bit claustrophobic . I hate being in an elevator for <MASK> .
Person2: We are such weirdos right ?

Options: A. more than 5 seconds
B. Two hours
C. Three weeks
D. More than 4 seconds

Let's think step by step before providing your final answer. However, you must conclude your assessment with the statement: 'Thus, the correct answer is: X', where 'X' is simply the solution you've determined to be correct. Note that there may be more than one correct option, in which case you must list them all.",A. more than 5 seconds && D. More than 4 seconds,1
TimeBench,TimeDial,TimeDial,MC,TimeDial-TimeDial-111,615,"There is a two-person dialogue with several options.
Choose all appropriate options to substitute the <mask> in the dialogue, and each question has at least one correct option.
Dialogue: Person1:Let's meet tonight at the Thai restaurant at about 5 .
Person2: Fine , I'll take a taxi .
Person1: Why don't you walk ? It's only <MASK> walking and it's a nice evening .
Person2: Never thought about it , I sure you are right . It's quite a short walk .
Person1: Ha-ha , see you then .

Options: A. about 20 minutes
B. about 30 minutes
C. about 2 seconds
D. about 5 hours

","There is a two-person dialogue with several options.
Choose all appropriate options to substitute the <mask> in the dialogue, and each question has at least one correct option.
Dialogue: Person1:Let's meet tonight at the Thai restaurant at about 5 .
Person2: Fine , I'll take a taxi .
Person1: Why don't you walk ? It's only <MASK> walking and it's a nice evening .
Person2: Never thought about it , I sure you are right . It's quite a short walk .
Person1: Ha-ha , see you then .

Options: A. about 20 minutes
B. about 30 minutes
C. about 2 seconds
D. about 5 hours

Let's think step by step before providing your final answer. However, you must conclude your assessment with the statement: 'Thus, the correct answer is: X', where 'X' is simply the solution you've determined to be correct. Note that there may be more than one correct option, in which case you must list them all.",A. about 20 minutes && B. about 30 minutes,1
TimeBench,TimeDial,TimeDial,MC,TimeDial-TimeDial-319,1335,"There is a two-person dialogue with several options.
Choose all appropriate options to substitute the <mask> in the dialogue, and each question has at least one correct option.
Dialogue: Person1:Good morning ! May I help you ?
Person2: Good morning ! Is Mr . Smith in ? I'm Cheng Jun from China National Petroleum Corporation . I'd like to see him .
Person1: Do you have an appointment with Mr . Smith ?
Person2: Am . No , I have an urgency to talk with him .
Person1: Wait a moment , please . I'll tell his secretary that you are here .
Person2: Thank you .
Person1: I'm sorry . He is holding a meeting until <MASK> .
Person2: It's nine o'clock now . And I'll wait for him .

Options: A. seven o'clock
B. ten o'clock
C. three o'clock
D. eleven o'clock

","There is a two-person dialogue with several options.
Choose all appropriate options to substitute the <mask> in the dialogue, and each question has at least one correct option.
Dialogue: Person1:Good morning ! May I help you ?
Person2: Good morning ! Is Mr . Smith in ? I'm Cheng Jun from China National Petroleum Corporation . I'd like to see him .
Person1: Do you have an appointment with Mr . Smith ?
Person2: Am . No , I have an urgency to talk with him .
Person1: Wait a moment , please . I'll tell his secretary that you are here .
Person2: Thank you .
Person1: I'm sorry . He is holding a meeting until <MASK> .
Person2: It's nine o'clock now . And I'll wait for him .

Options: A. seven o'clock
B. ten o'clock
C. three o'clock
D. eleven o'clock

Let's think step by step before providing your final answer. However, you must conclude your assessment with the statement: 'Thus, the correct answer is: X', where 'X' is simply the solution you've determined to be correct. Note that there may be more than one correct option, in which case you must list them all.",B. ten o'clock && D. eleven o'clock,1
TimeBench,TimeDial,TimeDial,MC,TimeDial-TimeDial-438,797,"There is a two-person dialogue with several options.
Choose all appropriate options to substitute the <mask> in the dialogue, and each question has at least one correct option.
Dialogue: Person1:Excuse me , I need to get to Cambridge today .
Person2: Would you like to go by train or by bus ?
Person1: I am not sure , which one is better ?
Person2: The bus is cheaper but also slower . It will take about two-and-a-half hours .
Person1: And how long does the train take ?
Person2: If you take the fast train , it will take <MASK> .
Person1: Where do I catch the train ?
Person2: The trains for Cambridge leave from King's Cross Station . They run approximately every half hour . Most trains to Cambridge go from Platform 9 .
Person1: How do I get to King's Cross ?
Person2: The best way is to take an underground tube train directly to King's Cross . The Underground station is just round the corner from here .
Person1: Can you show me on the map ?
Person2: It is very easy . Just turn right when you leave and then turn right again at the first crossroads . The entrance to the Underground station is about 50 meters further on .
Person1: Thank you very much .
Person2: You're welcome .

Options: A. about one hour
B. about 50 hours
C. about 9 seconds
D. about 50 minutes

","There is a two-person dialogue with several options.
Choose all appropriate options to substitute the <mask> in the dialogue, and each question has at least one correct option.
Dialogue: Person1:Excuse me , I need to get to Cambridge today .
Person2: Would you like to go by train or by bus ?
Person1: I am not sure , which one is better ?
Person2: The bus is cheaper but also slower . It will take about two-and-a-half hours .
Person1: And how long does the train take ?
Person2: If you take the fast train , it will take <MASK> .
Person1: Where do I catch the train ?
Person2: The trains for Cambridge leave from King's Cross Station . They run approximately every half hour . Most trains to Cambridge go from Platform 9 .
Person1: How do I get to King's Cross ?
Person2: The best way is to take an underground tube train directly to King's Cross . The Underground station is just round the corner from here .
Person1: Can you show me on the map ?
Person2: It is very easy . Just turn right when you leave and then turn right again at the first crossroads . The entrance to the Underground station is about 50 meters further on .
Person1: Thank you very much .
Person2: You're welcome .

Options: A. about one hour
B. about 50 hours
C. about 9 seconds
D. about 50 minutes

Let's think step by step before providing your final answer. However, you must conclude your assessment with the statement: 'Thus, the correct answer is: X', where 'X' is simply the solution you've determined to be correct. Note that there may be more than one correct option, in which case you must list them all.",A. about one hour && D. about 50 minutes,1
TimeBench,TimeDial,TimeDial,MC,TimeDial-TimeDial-472,366,"There is a two-person dialogue with several options.
Choose all appropriate options to substitute the <mask> in the dialogue, and each question has at least one correct option.
Dialogue: Person1:I'm so hungry ! I haven't late eaten all day !
Person2: Take your mind off it . Look , Crys.This magazine is on China's top ten beauties !
Person1: They're all so thin ! Her cheekbones are great .
Person2: She doesn't have an ounce of fat on her face .
Person1: The mag says she's 165 centimeters tall and 38 kilos . If only we could be that thin then ...
Person2: Not even drinking milk for <MASK> would get us like that .
Person1: Oh , bathroom blues .
Person2: Look at this girl's gray dress .
Person1: I went to try it on yesterday , but it only came in extra small .
Person2: Last time I wore extra small was when I was in fifth grade .
Person1: ( Weigh herself ) Hey , I lost a kilo in a week with my all-fruit diet . If I keep going , I can wear that dress next month .
Person2: So why are you dieting this time anyway ? Another guy ?
Person1: Dieting . It's the price we pay to make men notice us .
Person2: The girls in this magazine are so slender .
Person1: They're also way younger than us .
Person2: True.You know , I First started dieting when I was ten .
Person1: You never worked out ?
Person2: Oh , no . Too much work . I hate to sweat . It's so gross .
Options: A. two months
B. 16 years
C. a week
D. one month

","There is a two-person dialogue with several options.
Choose all appropriate options to substitute the <mask> in the dialogue, and each question has at least one correct option.
Dialogue: Person1:I'm so hungry ! I haven't late eaten all day !
Person2: Take your mind off it . Look , Crys.This magazine is on China's top ten beauties !
Person1: They're all so thin ! Her cheekbones are great .
Person2: She doesn't have an ounce of fat on her face .
Person1: The mag says she's 165 centimeters tall and 38 kilos . If only we could be that thin then ...
Person2: Not even drinking milk for <MASK> would get us like that .
Person1: Oh , bathroom blues .
Person2: Look at this girl's gray dress .
Person1: I went to try it on yesterday , but it only came in extra small .
Person2: Last time I wore extra small was when I was in fifth grade .
Person1: ( Weigh herself ) Hey , I lost a kilo in a week with my all-fruit diet . If I keep going , I can wear that dress next month .
Person2: So why are you dieting this time anyway ? Another guy ?
Person1: Dieting . It's the price we pay to make men notice us .
Person2: The girls in this magazine are so slender .
Person1: They're also way younger than us .
Person2: True.You know , I First started dieting when I was ten .
Person1: You never worked out ?
Person2: Oh , no . Too much work . I hate to sweat . It's so gross .
Options: A. two months
B. 16 years
C. a week
D. one month

Let's think step by step before providing your final answer. However, you must conclude your assessment with the statement: 'Thus, the correct answer is: X', where 'X' is simply the solution you've determined to be correct. Note that there may be more than one correct option, in which case you must list them all.",A. two months && D. one month,1
TimeBench,TimeDial,TimeDial,MC,TimeDial-TimeDial-8,290,"There is a two-person dialogue with several options.
Choose all appropriate options to substitute the <mask> in the dialogue, and each question has at least one correct option.
Dialogue: Person1:Good evening . This is Peter in Room 310 .
Person2: Good evening . May I help you ?
Person1: I'm going to Beijing early tomorrow morning . And I'd like to request an early morning call . Will that give you much trouble ?
Person2: Oh , no , never . What's the exact time you'd like us to call you tomorrow morning ?
Person1: Well , my train is due to take off at 7:25 a . m . I've no idea how long it'll take to drive to the railway station .
Person2: It won't take long . <MASK> is enough . Is that OK if I call you at 6:30 a . m . ?
Person1: OK , thank you .
Person2: It's a pleasure . Good night . Have a good sleep .
Options: A. 7 hours
B. 20 minutes
C. 25 seconds
D. 25 minutes

","There is a two-person dialogue with several options.
Choose all appropriate options to substitute the <mask> in the dialogue, and each question has at least one correct option.
Dialogue: Person1:Good evening . This is Peter in Room 310 .
Person2: Good evening . May I help you ?
Person1: I'm going to Beijing early tomorrow morning . And I'd like to request an early morning call . Will that give you much trouble ?
Person2: Oh , no , never . What's the exact time you'd like us to call you tomorrow morning ?
Person1: Well , my train is due to take off at 7:25 a . m . I've no idea how long it'll take to drive to the railway station .
Person2: It won't take long . <MASK> is enough . Is that OK if I call you at 6:30 a . m . ?
Person1: OK , thank you .
Person2: It's a pleasure . Good night . Have a good sleep .
Options: A. 7 hours
B. 20 minutes
C. 25 seconds
D. 25 minutes

Let's think step by step before providing your final answer. However, you must conclude your assessment with the statement: 'Thus, the correct answer is: X', where 'X' is simply the solution you've determined to be correct. Note that there may be more than one correct option, in which case you must list them all.",B. 20 minutes && D. 25 minutes,1
TimeBench,TimeDial,TimeDial,MC,TimeDial-TimeDial-38,72,"There is a two-person dialogue with several options.
Choose all appropriate options to substitute the <mask> in the dialogue, and each question has at least one correct option.
Dialogue: Person1:Hi , Anna . I haven ' t seen you for ages . Where have you been ?
Person2: I ' Ve been away on holidays for sometime .
Person1: No wonder I haven ' t seen you recently . Where did you spend your holidays ?
Person2: I went with my husband . Our first stop was Bangkok . We stayed there for 5 days . Then we flew to Hong Kong , stopover for 3 days . Our last stop was China . We visited the Great Wall .
Person1: You must have a wonderful time .
Person2: Yes . We enjoyed ourselves very much . Have you traveled much , Luke ?
Person1: No , my wife doesn ' t like traveling . We haven ' t been traveling for <MASK> . The first time we traveled together was in 1978 when we just got married . We spent our honeymoon in the Alps .
Options: A. more than 3 months
B. more than 5 days
C. more than ten years
D. more than fifteen years

","There is a two-person dialogue with several options.
Choose all appropriate options to substitute the <mask> in the dialogue, and each question has at least one correct option.
Dialogue: Person1:Hi , Anna . I haven ' t seen you for ages . Where have you been ?
Person2: I ' Ve been away on holidays for sometime .
Person1: No wonder I haven ' t seen you recently . Where did you spend your holidays ?
Person2: I went with my husband . Our first stop was Bangkok . We stayed there for 5 days . Then we flew to Hong Kong , stopover for 3 days . Our last stop was China . We visited the Great Wall .
Person1: You must have a wonderful time .
Person2: Yes . We enjoyed ourselves very much . Have you traveled much , Luke ?
Person1: No , my wife doesn ' t like traveling . We haven ' t been traveling for <MASK> . The first time we traveled together was in 1978 when we just got married . We spent our honeymoon in the Alps .
Options: A. more than 3 months
B. more than 5 days
C. more than ten years
D. more than fifteen years

Let's think step by step before providing your final answer. However, you must conclude your assessment with the statement: 'Thus, the correct answer is: X', where 'X' is simply the solution you've determined to be correct. Note that there may be more than one correct option, in which case you must list them all.",C. more than ten years && D. more than fifteen years,1
TimeBench,TimeDial,TimeDial,MC,TimeDial-TimeDial-158,1203,"There is a two-person dialogue with several options.
Choose all appropriate options to substitute the <mask> in the dialogue, and each question has at least one correct option.
Dialogue: Person1:Good morning , Madam . Can I help you ?
Person2: Yes , I ' Ve come to inquire about a 6,000- dollar remittance from California . Has it arrived ?
Person1: May I have your name , please ?
Person2: My name is Jenny Clinton .
Person1: I see . Wait for a moment please . I am sorry , Mrs . Clinton , but the remittance doesn't appear to have arrived yet .
Person2: Really ? It should have arrived . It was sent a week ago .
Person1: If the money was sent by cable , it would have taken about one or two days . But if it was sent by airmail , it would take <MASK> .
Person2: Well , then I'll come again the day after tomorrow .
Person1: Or would you like us to phone you when the money arrives ?
Person2: That would be very kind of you .
Person1: Could you please tell me your phone number , so we'll give you a ring as soon as the remittance has arrived ?
Person2: The phone number is 328 6765 extension 105 .
Person1: Thank you . We'll inform you in time . Goodbye .

Options: A. at least one week
B. at least two minutes
C. at least ten days
D. at least ten weeks

","There is a two-person dialogue with several options.
Choose all appropriate options to substitute the <mask> in the dialogue, and each question has at least one correct option.
Dialogue: Person1:Good morning , Madam . Can I help you ?
Person2: Yes , I ' Ve come to inquire about a 6,000- dollar remittance from California . Has it arrived ?
Person1: May I have your name , please ?
Person2: My name is Jenny Clinton .
Person1: I see . Wait for a moment please . I am sorry , Mrs . Clinton , but the remittance doesn't appear to have arrived yet .
Person2: Really ? It should have arrived . It was sent a week ago .
Person1: If the money was sent by cable , it would have taken about one or two days . But if it was sent by airmail , it would take <MASK> .
Person2: Well , then I'll come again the day after tomorrow .
Person1: Or would you like us to phone you when the money arrives ?
Person2: That would be very kind of you .
Person1: Could you please tell me your phone number , so we'll give you a ring as soon as the remittance has arrived ?
Person2: The phone number is 328 6765 extension 105 .
Person1: Thank you . We'll inform you in time . Goodbye .

Options: A. at least one week
B. at least two minutes
C. at least ten days
D. at least ten weeks

Let's think step by step before providing your final answer. However, you must conclude your assessment with the statement: 'Thus, the correct answer is: X', where 'X' is simply the solution you've determined to be correct. Note that there may be more than one correct option, in which case you must list them all.",A. at least one week && C. at least ten days,1
TimeBench,TimeDial,TimeDial,MC,TimeDial-TimeDial-119,322,"There is a two-person dialogue with several options.
Choose all appropriate options to substitute the <mask> in the dialogue, and each question has at least one correct option.
Dialogue: Person1:Excuse me , can you tell me which is Bob Rice's office ?
Person2: Sure . It's the third office down this hall . Are you looking for Bob ?
Person1: Yes . He told me to come by this morning .
Person2: I'm sorry , but he's not in the office now . Do you have an appointment ?
Person1: An appointment ?
Person2: Yes . What time did he expect you ?
Person1: He said I should come by this morning . He didn't give me a time.He said I could come any time before noon .
Person2: I see . He's usually here on Tuesday mornings ...
Person1: Today is Tuesday .
Person2: I know . He's usually here , but today he went out to a site on the east side .
Person1: That's too bad . I need to discuss these plans with him .
Person2: Why don't you make an appointment for later in the week ?
Person1: Alright .
Person2: He's here on Tuesdays , Wednesdays and Fridays . What day did you want to see him ?
Person1: Friday is good .
Person2: Morning or afternoon ?
Person1: Morning .
Person2: I can put you down for <MASK> . Is that alright ?
Person1: Yes . My name is Laura Wills .
Person2: Alright . I have you down for ten AM this Friday .
Person1: Thank you .
Person2: You are welcome .
Options: A. 8:00 PM 
B. 1:00 PM 
C. nine o'clock
D. ten o'clock

","There is a two-person dialogue with several options.
Choose all appropriate options to substitute the <mask> in the dialogue, and each question has at least one correct option.
Dialogue: Person1:Excuse me , can you tell me which is Bob Rice's office ?
Person2: Sure . It's the third office down this hall . Are you looking for Bob ?
Person1: Yes . He told me to come by this morning .
Person2: I'm sorry , but he's not in the office now . Do you have an appointment ?
Person1: An appointment ?
Person2: Yes . What time did he expect you ?
Person1: He said I should come by this morning . He didn't give me a time.He said I could come any time before noon .
Person2: I see . He's usually here on Tuesday mornings ...
Person1: Today is Tuesday .
Person2: I know . He's usually here , but today he went out to a site on the east side .
Person1: That's too bad . I need to discuss these plans with him .
Person2: Why don't you make an appointment for later in the week ?
Person1: Alright .
Person2: He's here on Tuesdays , Wednesdays and Fridays . What day did you want to see him ?
Person1: Friday is good .
Person2: Morning or afternoon ?
Person1: Morning .
Person2: I can put you down for <MASK> . Is that alright ?
Person1: Yes . My name is Laura Wills .
Person2: Alright . I have you down for ten AM this Friday .
Person1: Thank you .
Person2: You are welcome .
Options: A. 8:00 PM 
B. 1:00 PM 
C. nine o'clock
D. ten o'clock

Let's think step by step before providing your final answer. However, you must conclude your assessment with the statement: 'Thus, the correct answer is: X', where 'X' is simply the solution you've determined to be correct. Note that there may be more than one correct option, in which case you must list them all.",C. nine o'clock && D. ten o'clock,1
TimeBench,TimeDial,TimeDial,MC,TimeDial-TimeDial-115,488,"There is a two-person dialogue with several options.
Choose all appropriate options to substitute the <mask> in the dialogue, and each question has at least one correct option.
Dialogue: Person1:have you moved into your new house yet , Michael ?
Person2: we just moved in yesterday , actually .
Person1: so , what do you think about the place ? Are you glad that you moved in ?
Person2: it's great ! Unfortunately , we're going to spend a fortune doing everything up .
Person1: how old is the house then ?
Person2: it's <MASK> . It has a lot of history !
Person1: sounds fascinating . Where is your new house located ?
Person2: it's just off of the ring road .
Person1: do you have a big yard ?
Person2: it's bigger than our last one . I've got flowers in the front , and fruits , vegetables and a fish pond in the back .
Person1: is your house well-lit ?
Person2: oh , yes . Our windows let plenty of natural light in . They've also got wonderful views of the park behind our house .
Person1: how many rooms does your house have ?
Person2: right now , there are three bedrooms , two barrooms , a kitchen , a sitting room , a dining room , and a living room . We're hoping to add on a green room and a guest bedroom . In fact , when the guest room i
Person1: I'd be up for that !

Options: A. two months old
B. three days old
C. about 200 years old
D. 100 years old

","There is a two-person dialogue with several options.
Choose all appropriate options to substitute the <mask> in the dialogue, and each question has at least one correct option.
Dialogue: Person1:have you moved into your new house yet , Michael ?
Person2: we just moved in yesterday , actually .
Person1: so , what do you think about the place ? Are you glad that you moved in ?
Person2: it's great ! Unfortunately , we're going to spend a fortune doing everything up .
Person1: how old is the house then ?
Person2: it's <MASK> . It has a lot of history !
Person1: sounds fascinating . Where is your new house located ?
Person2: it's just off of the ring road .
Person1: do you have a big yard ?
Person2: it's bigger than our last one . I've got flowers in the front , and fruits , vegetables and a fish pond in the back .
Person1: is your house well-lit ?
Person2: oh , yes . Our windows let plenty of natural light in . They've also got wonderful views of the park behind our house .
Person1: how many rooms does your house have ?
Person2: right now , there are three bedrooms , two barrooms , a kitchen , a sitting room , a dining room , and a living room . We're hoping to add on a green room and a guest bedroom . In fact , when the guest room i
Person1: I'd be up for that !

Options: A. two months old
B. three days old
C. about 200 years old
D. 100 years old

Let's think step by step before providing your final answer. However, you must conclude your assessment with the statement: 'Thus, the correct answer is: X', where 'X' is simply the solution you've determined to be correct. Note that there may be more than one correct option, in which case you must list them all.",C. about 200 years old && D. 100 years old,1
TimeBench,TimeDial,TimeDial,MC,TimeDial-TimeDial-374,68,"There is a two-person dialogue with several options.
Choose all appropriate options to substitute the <mask> in the dialogue, and each question has at least one correct option.
Dialogue: Person1:Good morning , Sir .
Person2: Hello . I'm here today to pay in some foreign currency . Is that possible at this counter ?
Person1: Of course , Sir . What kind of currency would you like to deposit ? And what is the amount you would like to pay in ?
Person2: 10,000 Japanese yen .
Person1: OK , Sir . Would that be Fixed or Current Deposit ?
Person2: Fixed .
Person1: And how long are you depositing for ?
Person2: For <MASK> , that's what I usually do . Better interest , you know .
Options: A. one year
B. ten days
C. six months
D. eight years

","There is a two-person dialogue with several options.
Choose all appropriate options to substitute the <mask> in the dialogue, and each question has at least one correct option.
Dialogue: Person1:Good morning , Sir .
Person2: Hello . I'm here today to pay in some foreign currency . Is that possible at this counter ?
Person1: Of course , Sir . What kind of currency would you like to deposit ? And what is the amount you would like to pay in ?
Person2: 10,000 Japanese yen .
Person1: OK , Sir . Would that be Fixed or Current Deposit ?
Person2: Fixed .
Person1: And how long are you depositing for ?
Person2: For <MASK> , that's what I usually do . Better interest , you know .
Options: A. one year
B. ten days
C. six months
D. eight years

Let's think step by step before providing your final answer. However, you must conclude your assessment with the statement: 'Thus, the correct answer is: X', where 'X' is simply the solution you've determined to be correct. Note that there may be more than one correct option, in which case you must list them all.",A. one year && C. six months,1
TimeBench,TimeDial,TimeDial,MC,TimeDial-TimeDial-182,1202,"There is a two-person dialogue with several options.
Choose all appropriate options to substitute the <mask> in the dialogue, and each question has at least one correct option.
Dialogue: Person1:How are your stocks doing , Jim ?
Person2: Oh , all right . I lost a bunch of money in <MASK> , but this year has been pretty good .
Person1: Yeah , I lost money investing in the internet too .
Person2: Just goes to show that you should buy companies not ideas .
Person1: I changed my strategy around too . I invest in good companies now .
Person2: Yeah , me too . Did you hear about Ted ?
Person1: No . What happened ?
Person2: He lost his kids ' college money by trading .
Person1: Oh , boy . His wife can't be happy about that .

Options: A. Last ten days
B. the last two years
C. Last five months
D. Last one and half year

","There is a two-person dialogue with several options.
Choose all appropriate options to substitute the <mask> in the dialogue, and each question has at least one correct option.
Dialogue: Person1:How are your stocks doing , Jim ?
Person2: Oh , all right . I lost a bunch of money in <MASK> , but this year has been pretty good .
Person1: Yeah , I lost money investing in the internet too .
Person2: Just goes to show that you should buy companies not ideas .
Person1: I changed my strategy around too . I invest in good companies now .
Person2: Yeah , me too . Did you hear about Ted ?
Person1: No . What happened ?
Person2: He lost his kids ' college money by trading .
Person1: Oh , boy . His wife can't be happy about that .

Options: A. Last ten days
B. the last two years
C. Last five months
D. Last one and half year

Let's think step by step before providing your final answer. However, you must conclude your assessment with the statement: 'Thus, the correct answer is: X', where 'X' is simply the solution you've determined to be correct. Note that there may be more than one correct option, in which case you must list them all.",B. the last two years && D. Last one and half year,1
TimeBench,TimeDial,TimeDial,MC,TimeDial-TimeDial-145,962,"There is a two-person dialogue with several options.
Choose all appropriate options to substitute the <mask> in the dialogue, and each question has at least one correct option.
Dialogue: Person1:The mailboxes are right down there , and the laundry room with coin-operated washers and dryers is over there .
Person2: I see . Well , it's nothing spectacular , but it's pretty cheap for an apartment in a decent neighborhood ... O . K . , I think I'll take it .
Person1: All right , do you want to sign a nine-month or a <MASK> lease ?
Person2: I think I'll sign a nine-month lease in case I decide not to go to summer school . I can extend it if I want to stay , can't I ?
Person1: Sure . Just let us know before your lease expires .

Options: A. one-year
B. Ten months
C. Nine days
D. Four weeks

","There is a two-person dialogue with several options.
Choose all appropriate options to substitute the <mask> in the dialogue, and each question has at least one correct option.
Dialogue: Person1:The mailboxes are right down there , and the laundry room with coin-operated washers and dryers is over there .
Person2: I see . Well , it's nothing spectacular , but it's pretty cheap for an apartment in a decent neighborhood ... O . K . , I think I'll take it .
Person1: All right , do you want to sign a nine-month or a <MASK> lease ?
Person2: I think I'll sign a nine-month lease in case I decide not to go to summer school . I can extend it if I want to stay , can't I ?
Person1: Sure . Just let us know before your lease expires .

Options: A. one-year
B. Ten months
C. Nine days
D. Four weeks

Let's think step by step before providing your final answer. However, you must conclude your assessment with the statement: 'Thus, the correct answer is: X', where 'X' is simply the solution you've determined to be correct. Note that there may be more than one correct option, in which case you must list them all.",A. one-year && B. Ten months,1
TimeBench,TimeDial,TimeDial,MC,TimeDial-TimeDial-391,45,"There is a two-person dialogue with several options.
Choose all appropriate options to substitute the <mask> in the dialogue, and each question has at least one correct option.
Dialogue: Person1:Do you have any other questions ?
Person2: Yes , may I ask something about the salary and benefits in your company ?
Person1: According to our regulations , you will be on probation for the first three months .
Person2: What is the salary while on probation ?
Person1: In this period , you can only get the basic salary , 2,500 yuan per month .
Person2: That sounds fine .
Person1: The salary will be deposited into the bank on the 15th every month . Your salary will be raised every year in October , depending on your performance .
Person2: Are there paid holidays ?
Person1: Yes , you may enjoy a <MASK> holiday in the first year . After that , you can have two more days each year .
Options: A. 2-minute 
B. 20-day 
C. three months 
D. seven-day

","There is a two-person dialogue with several options.
Choose all appropriate options to substitute the <mask> in the dialogue, and each question has at least one correct option.
Dialogue: Person1:Do you have any other questions ?
Person2: Yes , may I ask something about the salary and benefits in your company ?
Person1: According to our regulations , you will be on probation for the first three months .
Person2: What is the salary while on probation ?
Person1: In this period , you can only get the basic salary , 2,500 yuan per month .
Person2: That sounds fine .
Person1: The salary will be deposited into the bank on the 15th every month . Your salary will be raised every year in October , depending on your performance .
Person2: Are there paid holidays ?
Person1: Yes , you may enjoy a <MASK> holiday in the first year . After that , you can have two more days each year .
Options: A. 2-minute 
B. 20-day 
C. three months 
D. seven-day

Let's think step by step before providing your final answer. However, you must conclude your assessment with the statement: 'Thus, the correct answer is: X', where 'X' is simply the solution you've determined to be correct. Note that there may be more than one correct option, in which case you must list them all.",B. 20-day  && D. seven-day,1
TimeBench,TimeDial,TimeDial,MC,TimeDial-TimeDial-142,685,"There is a two-person dialogue with several options.
Choose all appropriate options to substitute the <mask> in the dialogue, and each question has at least one correct option.
Dialogue: Person1:hey Ayden , I was wondering if you could do me a favor .
Person2: that depends . What is it ?
Person1: it's kind of a big favor . I'm absolutely flat broke , and I owe my landlady $ 200 . she's given me until Friday to give it to her , but I don't get paid until next Monday . Do you think you could loans
Person2: I'd love to help you out , but I'm a bit short on cash this month as well . I had to get a new engine put into my car , and that ate up my savings .
Person1: if you can't give me the full amount , a fraction of it would still help . I'll pay you back on Monday . I promise .
Person2: let's see , I've got about $ 50 to get me through the weekend . I can only spare about $ 20 . I would give you more if I had it , I just don't have much money to my name right now .
Person1: thanks a lot Ayden . Every little bit will help . Tell you what , if you aren't doing anything tonight , why don't you come over and have dinner at my place .
Person2: that'd be great . Thanks ! What time should I come over ?
Person1: how about at <MASK> ?
Person2: see you then !

Options: A. 6:00 AM
B. 6:00 PM
C. 7:00 PM
D. 12:00 AM

","There is a two-person dialogue with several options.
Choose all appropriate options to substitute the <mask> in the dialogue, and each question has at least one correct option.
Dialogue: Person1:hey Ayden , I was wondering if you could do me a favor .
Person2: that depends . What is it ?
Person1: it's kind of a big favor . I'm absolutely flat broke , and I owe my landlady $ 200 . she's given me until Friday to give it to her , but I don't get paid until next Monday . Do you think you could loans
Person2: I'd love to help you out , but I'm a bit short on cash this month as well . I had to get a new engine put into my car , and that ate up my savings .
Person1: if you can't give me the full amount , a fraction of it would still help . I'll pay you back on Monday . I promise .
Person2: let's see , I've got about $ 50 to get me through the weekend . I can only spare about $ 20 . I would give you more if I had it , I just don't have much money to my name right now .
Person1: thanks a lot Ayden . Every little bit will help . Tell you what , if you aren't doing anything tonight , why don't you come over and have dinner at my place .
Person2: that'd be great . Thanks ! What time should I come over ?
Person1: how about at <MASK> ?
Person2: see you then !

Options: A. 6:00 AM
B. 6:00 PM
C. 7:00 PM
D. 12:00 AM

Let's think step by step before providing your final answer. However, you must conclude your assessment with the statement: 'Thus, the correct answer is: X', where 'X' is simply the solution you've determined to be correct. Note that there may be more than one correct option, in which case you must list them all.",B. 6:00 PM && C. 7:00 PM,1
TimeBench,TimeDial,TimeDial,MC,TimeDial-TimeDial-366,1434,"There is a two-person dialogue with several options.
Choose all appropriate options to substitute the <mask> in the dialogue, and each question has at least one correct option.
Dialogue: Person1:Good morning , Madam . Can I help you ?
Person2: Yes , I ' Ve come to inquire about a 6,000- dollar remittance from California . Has it arrived ?
Person1: May I have your name , please ?
Person2: My name is Jenny Clinton .
Person1: I see . Wait for a moment please . I am sorry , Mrs . Clinton , but the remittance doesn't appear to have arrived yet .
Person2: Really ? It should have arrived . It was sent a week ago .
Person1: If the money was sent by cable , it would have taken about one or <MASK> . But if it was sent by airmail , it would take at least one week .
Person2: Well , then I'll come again the day after tomorrow .
Person1: Or would you like us to phone you when the money arrives ?
Person2: That would be very kind of you .
Person1: Could you please tell me your phone number , so we'll give you a ring as soon as the remittance has arrived ?
Person2: The phone number is 328 6765 extension 105 .
Person1: Thank you . We'll inform you in time . Goodbye .

Options: A. one month
B. one year
C. two days
D. three days

","There is a two-person dialogue with several options.
Choose all appropriate options to substitute the <mask> in the dialogue, and each question has at least one correct option.
Dialogue: Person1:Good morning , Madam . Can I help you ?
Person2: Yes , I ' Ve come to inquire about a 6,000- dollar remittance from California . Has it arrived ?
Person1: May I have your name , please ?
Person2: My name is Jenny Clinton .
Person1: I see . Wait for a moment please . I am sorry , Mrs . Clinton , but the remittance doesn't appear to have arrived yet .
Person2: Really ? It should have arrived . It was sent a week ago .
Person1: If the money was sent by cable , it would have taken about one or <MASK> . But if it was sent by airmail , it would take at least one week .
Person2: Well , then I'll come again the day after tomorrow .
Person1: Or would you like us to phone you when the money arrives ?
Person2: That would be very kind of you .
Person1: Could you please tell me your phone number , so we'll give you a ring as soon as the remittance has arrived ?
Person2: The phone number is 328 6765 extension 105 .
Person1: Thank you . We'll inform you in time . Goodbye .

Options: A. one month
B. one year
C. two days
D. three days

Let's think step by step before providing your final answer. However, you must conclude your assessment with the statement: 'Thus, the correct answer is: X', where 'X' is simply the solution you've determined to be correct. Note that there may be more than one correct option, in which case you must list them all.",C. two days && D. three days,1
TimeBench,TimeDial,TimeDial,MC,TimeDial-TimeDial-68,551,"There is a two-person dialogue with several options.
Choose all appropriate options to substitute the <mask> in the dialogue, and each question has at least one correct option.
Dialogue: Person1:I have a problem .
Person2: What's the problem ?
Person1: My mattress was supposed to be delivered today .
Person2: Is there a problem ?
Person1: The delivery people showed up <MASK> late .
Person2: I apologize for their tardiness .
Person1: I was late for work because of them .
Person2: Again , I do apologize for the inconvenience .
Person1: I want my money back for the delivery .
Person2: Seeing as they were late , that won't be a problem .
Person1: It shouldn't be a problem .
Person2: I'm going to refund your money right now .

Options: A. Three hours
B. four hours
C. Five days
D. Two seconds

","There is a two-person dialogue with several options.
Choose all appropriate options to substitute the <mask> in the dialogue, and each question has at least one correct option.
Dialogue: Person1:I have a problem .
Person2: What's the problem ?
Person1: My mattress was supposed to be delivered today .
Person2: Is there a problem ?
Person1: The delivery people showed up <MASK> late .
Person2: I apologize for their tardiness .
Person1: I was late for work because of them .
Person2: Again , I do apologize for the inconvenience .
Person1: I want my money back for the delivery .
Person2: Seeing as they were late , that won't be a problem .
Person1: It shouldn't be a problem .
Person2: I'm going to refund your money right now .

Options: A. Three hours
B. four hours
C. Five days
D. Two seconds

Let's think step by step before providing your final answer. However, you must conclude your assessment with the statement: 'Thus, the correct answer is: X', where 'X' is simply the solution you've determined to be correct. Note that there may be more than one correct option, in which case you must list them all.",A. Three hours && B. four hours,1
TimeBench,TimeDial,TimeDial,MC,TimeDial-TimeDial-211,1003,"There is a two-person dialogue with several options.
Choose all appropriate options to substitute the <mask> in the dialogue, and each question has at least one correct option.
Dialogue: Person1:Good morning , Mr . Chu . Would you like me to brief your schedule for today ?
Person2: Yes .
Person1: You are scheduled to meet Mr . Thompson of ABC Company at eleven this morning . Then , you have a lunch appointment with Mr . Li . And this afternoon at four you will attend a press conference .
Person2: I am afraid I can't attend the press conference due to an urgent conference with the Board of Directors at <MASK> .
Person1: All right . Do you want me to cancel the reservation for you ?
Person2: Yes , thank you very much . In addition , do you have the marketing proposal ready ?
Person1: The proposal is being repaired right now and I think it will be ready by tomorrow morning .

Options: A. half past four
B. seven
C. eleven
D. four

","There is a two-person dialogue with several options.
Choose all appropriate options to substitute the <mask> in the dialogue, and each question has at least one correct option.
Dialogue: Person1:Good morning , Mr . Chu . Would you like me to brief your schedule for today ?
Person2: Yes .
Person1: You are scheduled to meet Mr . Thompson of ABC Company at eleven this morning . Then , you have a lunch appointment with Mr . Li . And this afternoon at four you will attend a press conference .
Person2: I am afraid I can't attend the press conference due to an urgent conference with the Board of Directors at <MASK> .
Person1: All right . Do you want me to cancel the reservation for you ?
Person2: Yes , thank you very much . In addition , do you have the marketing proposal ready ?
Person1: The proposal is being repaired right now and I think it will be ready by tomorrow morning .

Options: A. half past four
B. seven
C. eleven
D. four

Let's think step by step before providing your final answer. However, you must conclude your assessment with the statement: 'Thus, the correct answer is: X', where 'X' is simply the solution you've determined to be correct. Note that there may be more than one correct option, in which case you must list them all.",A. half past four && D. four,1
TimeBench,TimeDial,TimeDial,MC,TimeDial-TimeDial-494,443,"There is a two-person dialogue with several options.
Choose all appropriate options to substitute the <mask> in the dialogue, and each question has at least one correct option.
Dialogue: Person1:Excuse me , Ma ' am . I would like to mail this package door to door via airmail to London . It is a very important package and has to be sent within <MASK> .
Person2: No problem . But , the postage is much higher than the regular package .
Person1: That's fine with me . I am willing to pay for it as long as you can guarantee me the package can arrive in time .
Person2: OK . All the registered airmail packages can be received in 5 working days .
Person1: I see . How much do I need to pay in total for this package ?
Person2: It's 500 dollars .
Person1: Can I have the receipt ? Just in case I can trace it if something goes wrong .
Person2: Sure ! Please just fill in your I . D . number and ways to contact you here .
Person1: Do I need to include my zip code in the address ?
Person2: You had better include that because it is easier for the mailmen to find the correct mailing address .
Person1: Thank you very much . Here is 500 dollars .
Person2: Here is your receipt . Contact us if your friend still doesn't receive the package after 5 work days .

Options: A. 5 months
B. 4 days
C. 3 days
D. 500 days

","There is a two-person dialogue with several options.
Choose all appropriate options to substitute the <mask> in the dialogue, and each question has at least one correct option.
Dialogue: Person1:Excuse me , Ma ' am . I would like to mail this package door to door via airmail to London . It is a very important package and has to be sent within <MASK> .
Person2: No problem . But , the postage is much higher than the regular package .
Person1: That's fine with me . I am willing to pay for it as long as you can guarantee me the package can arrive in time .
Person2: OK . All the registered airmail packages can be received in 5 working days .
Person1: I see . How much do I need to pay in total for this package ?
Person2: It's 500 dollars .
Person1: Can I have the receipt ? Just in case I can trace it if something goes wrong .
Person2: Sure ! Please just fill in your I . D . number and ways to contact you here .
Person1: Do I need to include my zip code in the address ?
Person2: You had better include that because it is easier for the mailmen to find the correct mailing address .
Person1: Thank you very much . Here is 500 dollars .
Person2: Here is your receipt . Contact us if your friend still doesn't receive the package after 5 work days .

Options: A. 5 months
B. 4 days
C. 3 days
D. 500 days

Let's think step by step before providing your final answer. However, you must conclude your assessment with the statement: 'Thus, the correct answer is: X', where 'X' is simply the solution you've determined to be correct. Note that there may be more than one correct option, in which case you must list them all.",B. 4 days && C. 3 days,1
TimeBench,TimeDial,TimeDial,MC,TimeDial-TimeDial-376,151,"There is a two-person dialogue with several options.
Choose all appropriate options to substitute the <mask> in the dialogue, and each question has at least one correct option.
Dialogue: Person1:Right Rebecca . Now I see that after graduating from University your first job was ...
Person2: For a local paper in York called the York Herald . Actually , I started with them as an intern in the beginning . I was really keen on getting some experience in the journalism , and this seemed like a g
Person1: Certainly . And after your internship ?
Person2: They seemed impressed , and offered me a position as a junior local news reporter . I ended up staying <MASK> there actually . I was in charge of the sports news section of the newspaper . I really
Person1: Yes I see . But you decided to leave them in 2006 right .
Person2: Yes , that ' s right . My husband and I moved to London , and so I managed to find a position with a National newspaper based in London .
Person1: The London Weekly right .
Person2: Yes , in some ways it was a step down from my previous job but it did offer me much better prospects for the future .
Options: A. 20 days 
B. 06 hours 
C. two years
D. 3 and half years 

","There is a two-person dialogue with several options.
Choose all appropriate options to substitute the <mask> in the dialogue, and each question has at least one correct option.
Dialogue: Person1:Right Rebecca . Now I see that after graduating from University your first job was ...
Person2: For a local paper in York called the York Herald . Actually , I started with them as an intern in the beginning . I was really keen on getting some experience in the journalism , and this seemed like a g
Person1: Certainly . And after your internship ?
Person2: They seemed impressed , and offered me a position as a junior local news reporter . I ended up staying <MASK> there actually . I was in charge of the sports news section of the newspaper . I really
Person1: Yes I see . But you decided to leave them in 2006 right .
Person2: Yes , that ' s right . My husband and I moved to London , and so I managed to find a position with a National newspaper based in London .
Person1: The London Weekly right .
Person2: Yes , in some ways it was a step down from my previous job but it did offer me much better prospects for the future .
Options: A. 20 days 
B. 06 hours 
C. two years
D. 3 and half years 

Let's think step by step before providing your final answer. However, you must conclude your assessment with the statement: 'Thus, the correct answer is: X', where 'X' is simply the solution you've determined to be correct. Note that there may be more than one correct option, in which case you must list them all.",C. two years && D. 3 and half years ,1
TimeBench,TimeDial,TimeDial,MC,TimeDial-TimeDial-401,1333,"There is a two-person dialogue with several options.
Choose all appropriate options to substitute the <mask> in the dialogue, and each question has at least one correct option.
Dialogue: Person1:We need to take the accounts system offline to carry out the upgrade . But don't worry , it won't cause too much inconvenience . We're going to do it over the weekend .
Person2: How long will the system be down for ?
Person1: We'll be taking everything offline in about two hours ' time . It'll be down for a minimum of <MASK> . If everything goes according to plan , it should be up again by 6 pm on Saturday .
Person2: That's fine . We've allowed forty-eight hours to be on the safe side .

Options: A. Three minutes
B. Ten hours
C. forty-eight hours
D. twelve hours

","There is a two-person dialogue with several options.
Choose all appropriate options to substitute the <mask> in the dialogue, and each question has at least one correct option.
Dialogue: Person1:We need to take the accounts system offline to carry out the upgrade . But don't worry , it won't cause too much inconvenience . We're going to do it over the weekend .
Person2: How long will the system be down for ?
Person1: We'll be taking everything offline in about two hours ' time . It'll be down for a minimum of <MASK> . If everything goes according to plan , it should be up again by 6 pm on Saturday .
Person2: That's fine . We've allowed forty-eight hours to be on the safe side .

Options: A. Three minutes
B. Ten hours
C. forty-eight hours
D. twelve hours

Let's think step by step before providing your final answer. However, you must conclude your assessment with the statement: 'Thus, the correct answer is: X', where 'X' is simply the solution you've determined to be correct. Note that there may be more than one correct option, in which case you must list them all.",B. Ten hours && D. twelve hours,1
TimeBench,TimeDial,TimeDial,MC,TimeDial-TimeDial-273,1079,"There is a two-person dialogue with several options.
Choose all appropriate options to substitute the <mask> in the dialogue, and each question has at least one correct option.
Dialogue: Person1:Good morning.Are you Mr.Liu ?
Person2: My name is Liu Lichi . How do you do ?
Person1: How do you do ? Please be seated , How is your trip here ?
Person2: Quite good , I think . I came here by bus , and it took me <MASK> .
Person1: Oh , yes.How old are you ?
Person2: Twenty .
Person1: Hum , still a student ?
Person2: Yes , I'm student of grade 3 in the university majoring in economics .
Person1: What subjects are you studying ?
Person2: English , math , commercial and legal studies , and accountancy .
Person1: Have you had any working experience .
Person2: Well , I worked at a supermarket during last summer holidays .
Person1: What do you like to do in your spare time ?
Person2: I like sports very much.Besides that , I also like working on a computer in my spare time .
Person1: How are your English and computer skills ?
Person2: I have passed the CET - 4 and 6.As far as computer is concerned I can use the computer for word processing .
Person1: Okay . Mr.Liu , we'll inform you of the results within a week .

Options: A. About 20 minutes
B. about 15 minutes
C. Twenty seconds
D. a week

","There is a two-person dialogue with several options.
Choose all appropriate options to substitute the <mask> in the dialogue, and each question has at least one correct option.
Dialogue: Person1:Good morning.Are you Mr.Liu ?
Person2: My name is Liu Lichi . How do you do ?
Person1: How do you do ? Please be seated , How is your trip here ?
Person2: Quite good , I think . I came here by bus , and it took me <MASK> .
Person1: Oh , yes.How old are you ?
Person2: Twenty .
Person1: Hum , still a student ?
Person2: Yes , I'm student of grade 3 in the university majoring in economics .
Person1: What subjects are you studying ?
Person2: English , math , commercial and legal studies , and accountancy .
Person1: Have you had any working experience .
Person2: Well , I worked at a supermarket during last summer holidays .
Person1: What do you like to do in your spare time ?
Person2: I like sports very much.Besides that , I also like working on a computer in my spare time .
Person1: How are your English and computer skills ?
Person2: I have passed the CET - 4 and 6.As far as computer is concerned I can use the computer for word processing .
Person1: Okay . Mr.Liu , we'll inform you of the results within a week .

Options: A. About 20 minutes
B. about 15 minutes
C. Twenty seconds
D. a week

Let's think step by step before providing your final answer. However, you must conclude your assessment with the statement: 'Thus, the correct answer is: X', where 'X' is simply the solution you've determined to be correct. Note that there may be more than one correct option, in which case you must list them all.",A. About 20 minutes && B. about 15 minutes,1
TimeBench,TimeDial,TimeDial,MC,TimeDial-TimeDial-110,142,"There is a two-person dialogue with several options.
Choose all appropriate options to substitute the <mask> in the dialogue, and each question has at least one correct option.
Dialogue: Person1:Good morning , Miss Monica . Nice to meet you again !
Person2: Good morning , Mr . Thomas , it is nice to see you too .
Person1: After the internal discussion , we have all agreed that you are the most suitable person for this position among all the candidates . So , today let ' s talk about your expected salary and social benefits . What is your expected salary ?
Person2: I ' Ve worked in the field for <MASK> . Depend on my work qualifications and experience , I would like to have 5000 Yuan to start .
Person1: The basic salary for this position in our company would be 4800 Yuan to start with increases giving according to your performance .
Person2: It is a bit lower than I expected . But I can accept that . What are the working hours ?
Person1: 40 hours a week , Monday to Friday , 9 AM to 5 PM with one hour lunch break every day ..
Person2: Do I have to work on weekend ? If so , how do you pay for the overtime ?
Person1: We do expect overtime work when it is necessary , but we pay twice of the work hour for working on weekends and three times for working on national holidays like Spring Festival and the Mid-Autumn Day .
Person2: Is there probation ?
Person1: No probation is involved . If you feel good , you can start next week .
Options: A. more than 4 years
B. more than 3 years
C. more than 40 hours
D. more than 9 months

","There is a two-person dialogue with several options.
Choose all appropriate options to substitute the <mask> in the dialogue, and each question has at least one correct option.
Dialogue: Person1:Good morning , Miss Monica . Nice to meet you again !
Person2: Good morning , Mr . Thomas , it is nice to see you too .
Person1: After the internal discussion , we have all agreed that you are the most suitable person for this position among all the candidates . So , today let ' s talk about your expected salary and social benefits . What is your expected salary ?
Person2: I ' Ve worked in the field for <MASK> . Depend on my work qualifications and experience , I would like to have 5000 Yuan to start .
Person1: The basic salary for this position in our company would be 4800 Yuan to start with increases giving according to your performance .
Person2: It is a bit lower than I expected . But I can accept that . What are the working hours ?
Person1: 40 hours a week , Monday to Friday , 9 AM to 5 PM with one hour lunch break every day ..
Person2: Do I have to work on weekend ? If so , how do you pay for the overtime ?
Person1: We do expect overtime work when it is necessary , but we pay twice of the work hour for working on weekends and three times for working on national holidays like Spring Festival and the Mid-Autumn Day .
Person2: Is there probation ?
Person1: No probation is involved . If you feel good , you can start next week .
Options: A. more than 4 years
B. more than 3 years
C. more than 40 hours
D. more than 9 months

Let's think step by step before providing your final answer. However, you must conclude your assessment with the statement: 'Thus, the correct answer is: X', where 'X' is simply the solution you've determined to be correct. Note that there may be more than one correct option, in which case you must list them all.",A. more than 4 years && B. more than 3 years,1
TimeBench,TimeDial,TimeDial,MC,TimeDial-TimeDial-249,691,"There is a two-person dialogue with several options.
Choose all appropriate options to substitute the <mask> in the dialogue, and each question has at least one correct option.
Dialogue: Person1:What are the seasons like in your city ?
Person2: Summers is hot and usually lasts a long time . Winters are short , but cold , wet , and windy . I love the summers in my city , but I hate the wintertime .
Person1: Does it ever rain in summer ?
Person2: We usually get a big thunderstorm <MASK> , but apart from that , summers are dry . Thunderstorms make the air fresh again , so most people don ' t mind then .
Person1: What are spring and autumn like ?
Person2: I like spring because flowers bloom and trees grow leaves again . In spring , the weather is very changeable-sometimes cold , sometimes warm . It ' s usually windy with some rain . Autumn is usually sunny an
Person1: Well , I live in the southern hemisphere , so our summertime is your wintertime , and vice versa . We get some rain in every season , but most is in winter . In winter , it sometimes gets cold , but our wine
Person2: Do you usually go on a summer holiday ?
Person1: No , I don ' t . I go on a winter holiday instead . I go somewhere warm .
Person2: I usually go on holiday during the spring or the autumn . I try to go somewhere where the weather is more reliable than in my city .

Options: A. every two hours 
B. every two weeks
C. every one month 
D. every 6 months 

","There is a two-person dialogue with several options.
Choose all appropriate options to substitute the <mask> in the dialogue, and each question has at least one correct option.
Dialogue: Person1:What are the seasons like in your city ?
Person2: Summers is hot and usually lasts a long time . Winters are short , but cold , wet , and windy . I love the summers in my city , but I hate the wintertime .
Person1: Does it ever rain in summer ?
Person2: We usually get a big thunderstorm <MASK> , but apart from that , summers are dry . Thunderstorms make the air fresh again , so most people don ' t mind then .
Person1: What are spring and autumn like ?
Person2: I like spring because flowers bloom and trees grow leaves again . In spring , the weather is very changeable-sometimes cold , sometimes warm . It ' s usually windy with some rain . Autumn is usually sunny an
Person1: Well , I live in the southern hemisphere , so our summertime is your wintertime , and vice versa . We get some rain in every season , but most is in winter . In winter , it sometimes gets cold , but our wine
Person2: Do you usually go on a summer holiday ?
Person1: No , I don ' t . I go on a winter holiday instead . I go somewhere warm .
Person2: I usually go on holiday during the spring or the autumn . I try to go somewhere where the weather is more reliable than in my city .

Options: A. every two hours 
B. every two weeks
C. every one month 
D. every 6 months 

Let's think step by step before providing your final answer. However, you must conclude your assessment with the statement: 'Thus, the correct answer is: X', where 'X' is simply the solution you've determined to be correct. Note that there may be more than one correct option, in which case you must list them all.",B. every two weeks && C. every one month ,1
TimeBench,TimeDial,TimeDial,MC,TimeDial-TimeDial-146,474,"There is a two-person dialogue with several options.
Choose all appropriate options to substitute the <mask> in the dialogue, and each question has at least one correct option.
Dialogue: Person1:Gosh ! The water faucet is dripping badly again .
Person2: You are going to have a huge bill .
Person1: I know . I ' Ve got to get it fixed ASAP .
Person2: Don't you wanna get it fixed now ?
Person1: I wish I could , but I ' Ve got to go now . I have an appointment in <MASK> .
Person2: Well , if you need anything , just let me know .
Person1: Oh , by the way , could you give me a ride ? My car is still in the garage .
Person2: You sure have bad luck these days .

Options: A. 4 hours 
B. 2 seconds        
C. 20 minutes
D. 15 minutes 

","There is a two-person dialogue with several options.
Choose all appropriate options to substitute the <mask> in the dialogue, and each question has at least one correct option.
Dialogue: Person1:Gosh ! The water faucet is dripping badly again .
Person2: You are going to have a huge bill .
Person1: I know . I ' Ve got to get it fixed ASAP .
Person2: Don't you wanna get it fixed now ?
Person1: I wish I could , but I ' Ve got to go now . I have an appointment in <MASK> .
Person2: Well , if you need anything , just let me know .
Person1: Oh , by the way , could you give me a ride ? My car is still in the garage .
Person2: You sure have bad luck these days .

Options: A. 4 hours 
B. 2 seconds        
C. 20 minutes
D. 15 minutes 

Let's think step by step before providing your final answer. However, you must conclude your assessment with the statement: 'Thus, the correct answer is: X', where 'X' is simply the solution you've determined to be correct. Note that there may be more than one correct option, in which case you must list them all.",C. 20 minutes && D. 15 minutes ,1
TimeBench,TimeDial,TimeDial,MC,TimeDial-TimeDial-93,520,"There is a two-person dialogue with several options.
Choose all appropriate options to substitute the <mask> in the dialogue, and each question has at least one correct option.
Dialogue: Person1:This is our first day of class.It ' s better for us to introduce ourselves to each other . Who would like to begin first ? Any volunteers ?
Person2: I'd like to introduce myself first .
Person1: Yes , please .
Person2: My name is Gavin White . I was born and raised in London . After high school , I went to Edinburgh University . I worked for <MASK> to pay for my tuition and then got my Bachelor ' s degree there . Now I've come here to get my Master ' s degree . I am glad to meet all of you and I hope we will become good friends .

Options: A. a day
B. one year
C. two years
D. twenty years

","There is a two-person dialogue with several options.
Choose all appropriate options to substitute the <mask> in the dialogue, and each question has at least one correct option.
Dialogue: Person1:This is our first day of class.It ' s better for us to introduce ourselves to each other . Who would like to begin first ? Any volunteers ?
Person2: I'd like to introduce myself first .
Person1: Yes , please .
Person2: My name is Gavin White . I was born and raised in London . After high school , I went to Edinburgh University . I worked for <MASK> to pay for my tuition and then got my Bachelor ' s degree there . Now I've come here to get my Master ' s degree . I am glad to meet all of you and I hope we will become good friends .

Options: A. a day
B. one year
C. two years
D. twenty years

Let's think step by step before providing your final answer. However, you must conclude your assessment with the statement: 'Thus, the correct answer is: X', where 'X' is simply the solution you've determined to be correct. Note that there may be more than one correct option, in which case you must list them all.",B. one year && C. two years,1
TimeBench,TimeDial,TimeDial,MC,TimeDial-TimeDial-468,275,"There is a two-person dialogue with several options.
Choose all appropriate options to substitute the <mask> in the dialogue, and each question has at least one correct option.
Dialogue: Person1:What do you know about our company ?
Person2: Well , as I know this company is one of the largest and best in this field of business . It mainly produces toys for children . It employs more than 10,000 people throughout the world . The president now is Mr . Jackson . The Shanghai branch was founded five years ago with a staff of more than 2,000 .
Person1: Very good . If you enter this company , what department would you like to work in ?
Person2: May I work in sales department ?
Person1: OK . Oh , how much do you make at your current job , if you don ' t mind my asking ?
Person2: I ' m paid 2,000 yuan per month plus some allowances and bonus as that come to about 3,000 yuan a month . How much will you pay me ?
Person1: Well , the starting salary for a clerk in our company is 2,500 yuan monthly and after three months he would get a raise if his work is satisfactory .
Person2: Do you have any fringe benefits ?
Person1: Sure , we provide semi-annual bonus , a small bonus at Spring Festival , <MASK> paid vacation a year .
Person2: How about insurance and full health insurance ?
Person1: We can buy that for you .
Person2: That sounds good .
Options: A. three weeks
B. five years
C. three months
D. four weeks

","There is a two-person dialogue with several options.
Choose all appropriate options to substitute the <mask> in the dialogue, and each question has at least one correct option.
Dialogue: Person1:What do you know about our company ?
Person2: Well , as I know this company is one of the largest and best in this field of business . It mainly produces toys for children . It employs more than 10,000 people throughout the world . The president now is Mr . Jackson . The Shanghai branch was founded five years ago with a staff of more than 2,000 .
Person1: Very good . If you enter this company , what department would you like to work in ?
Person2: May I work in sales department ?
Person1: OK . Oh , how much do you make at your current job , if you don ' t mind my asking ?
Person2: I ' m paid 2,000 yuan per month plus some allowances and bonus as that come to about 3,000 yuan a month . How much will you pay me ?
Person1: Well , the starting salary for a clerk in our company is 2,500 yuan monthly and after three months he would get a raise if his work is satisfactory .
Person2: Do you have any fringe benefits ?
Person1: Sure , we provide semi-annual bonus , a small bonus at Spring Festival , <MASK> paid vacation a year .
Person2: How about insurance and full health insurance ?
Person1: We can buy that for you .
Person2: That sounds good .
Options: A. three weeks
B. five years
C. three months
D. four weeks

Let's think step by step before providing your final answer. However, you must conclude your assessment with the statement: 'Thus, the correct answer is: X', where 'X' is simply the solution you've determined to be correct. Note that there may be more than one correct option, in which case you must list them all.",A. three weeks && D. four weeks,1
TimeBench,TimeDial,TimeDial,MC,TimeDial-TimeDial-84,355,"There is a two-person dialogue with several options.
Choose all appropriate options to substitute the <mask> in the dialogue, and each question has at least one correct option.
Dialogue: Person1:Hello , Doctor .
Person2: Well , What seems to be the trouble , Mr . Williams ?
Person1: It's nothing serious actually , doctor . It ' s ... Well , I get tired very easily recently , and I often doze off during meetings , office hours and sometimes even while I'm dining .
Person2: How long has this been going on ?
Person1: About two months . I didn't pay much attention to it in the beginning , but you see , I got fired this morning . I dozed off while we were having an important meeting , right in front of the boss . I was very embarrassed .
Person2: How was your appetite ?
Person1: Pretty good , I'd say .
Person2: You haven't lost any weight , have you ?
Person1: No , doctor . I've actually put on two pounds .
Person2: Unbutton your shirt , please .
Person1: Well , doctor ?
Person2: You'll have to have some laboratory examinations to know for sure .
Person1: What examinations ?
Person2: A blood test and during test . You can come back next week , say <MASK> to see the results .
Options: A. 11:00 AM 
B. 2:00 AM 
C. 10:00 PM 
D. 4:00 PM

","There is a two-person dialogue with several options.
Choose all appropriate options to substitute the <mask> in the dialogue, and each question has at least one correct option.
Dialogue: Person1:Hello , Doctor .
Person2: Well , What seems to be the trouble , Mr . Williams ?
Person1: It's nothing serious actually , doctor . It ' s ... Well , I get tired very easily recently , and I often doze off during meetings , office hours and sometimes even while I'm dining .
Person2: How long has this been going on ?
Person1: About two months . I didn't pay much attention to it in the beginning , but you see , I got fired this morning . I dozed off while we were having an important meeting , right in front of the boss . I was very embarrassed .
Person2: How was your appetite ?
Person1: Pretty good , I'd say .
Person2: You haven't lost any weight , have you ?
Person1: No , doctor . I've actually put on two pounds .
Person2: Unbutton your shirt , please .
Person1: Well , doctor ?
Person2: You'll have to have some laboratory examinations to know for sure .
Person1: What examinations ?
Person2: A blood test and during test . You can come back next week , say <MASK> to see the results .
Options: A. 11:00 AM 
B. 2:00 AM 
C. 10:00 PM 
D. 4:00 PM

Let's think step by step before providing your final answer. However, you must conclude your assessment with the statement: 'Thus, the correct answer is: X', where 'X' is simply the solution you've determined to be correct. Note that there may be more than one correct option, in which case you must list them all.",A. 11:00 AM  && D. 4:00 PM,1
TimeBench,TimeDial,TimeDial,MC,TimeDial-TimeDial-246,566,"There is a two-person dialogue with several options.
Choose all appropriate options to substitute the <mask> in the dialogue, and each question has at least one correct option.
Dialogue: Person1:Excuse me . Do you have the time ?
Person2: My watch is a few minutes fast . It's about six forty , I think .
Person1: Is it ? Oh , no . The concert will begin in <MASK> . Are we too late to get there ?
Person2: If we start now , we can make it by taxi .

Options: A. thirty minutes
B. forty hours
C. six seconds
D. twenty minutes

","There is a two-person dialogue with several options.
Choose all appropriate options to substitute the <mask> in the dialogue, and each question has at least one correct option.
Dialogue: Person1:Excuse me . Do you have the time ?
Person2: My watch is a few minutes fast . It's about six forty , I think .
Person1: Is it ? Oh , no . The concert will begin in <MASK> . Are we too late to get there ?
Person2: If we start now , we can make it by taxi .

Options: A. thirty minutes
B. forty hours
C. six seconds
D. twenty minutes

Let's think step by step before providing your final answer. However, you must conclude your assessment with the statement: 'Thus, the correct answer is: X', where 'X' is simply the solution you've determined to be correct. Note that there may be more than one correct option, in which case you must list them all.",A. thirty minutes && D. twenty minutes,1
TimeBench,TimeDial,TimeDial,MC,TimeDial-TimeDial-166,872,"There is a two-person dialogue with several options.
Choose all appropriate options to substitute the <mask> in the dialogue, and each question has at least one correct option.
Dialogue: Person1:I would like to buy a ticket to New York please .
Person2: When do you plan to travel ?
Person1: I ' d like to pack my bags and leave tonight .
Person2: Are you aware that without <MASK> advance notice prices will be very high ?
Person1: Yes I know , but I just got the chance to leave and so I am going to take it no matter what .
Person2: I understand . So that ' s one ticket to New York , and you ' ll be departing tonight . Will that be one-way or round trip ?
Person1: I wish I could stay there , but unfortunately it will have to be a round trip ticket .
Person2: When would you like to return ?
Person1: My return date will be the 14th .
Person2: OK . I have several seats available . Would you like a window seat or an aisle seat ?
Person1: Anything but a center seat is fine with me . The middle seat drives me crazy !
Person2: OK Mr . Lee . I have you booked on flight 513 leaving on the 5th at 11:00 pm and arriving in New York on the 6th at 6
Person1: Will there be any layovers ?
Person2: No , all flights are direct .
Person1: Perfect ! I ' m afraid to ask , but how much is it ?
Person2: $ 800 dollars .

Options: A. two weeks
B. fifteen days
C. five minutes
D. one year

","There is a two-person dialogue with several options.
Choose all appropriate options to substitute the <mask> in the dialogue, and each question has at least one correct option.
Dialogue: Person1:I would like to buy a ticket to New York please .
Person2: When do you plan to travel ?
Person1: I ' d like to pack my bags and leave tonight .
Person2: Are you aware that without <MASK> advance notice prices will be very high ?
Person1: Yes I know , but I just got the chance to leave and so I am going to take it no matter what .
Person2: I understand . So that ' s one ticket to New York , and you ' ll be departing tonight . Will that be one-way or round trip ?
Person1: I wish I could stay there , but unfortunately it will have to be a round trip ticket .
Person2: When would you like to return ?
Person1: My return date will be the 14th .
Person2: OK . I have several seats available . Would you like a window seat or an aisle seat ?
Person1: Anything but a center seat is fine with me . The middle seat drives me crazy !
Person2: OK Mr . Lee . I have you booked on flight 513 leaving on the 5th at 11:00 pm and arriving in New York on the 6th at 6
Person1: Will there be any layovers ?
Person2: No , all flights are direct .
Person1: Perfect ! I ' m afraid to ask , but how much is it ?
Person2: $ 800 dollars .

Options: A. two weeks
B. fifteen days
C. five minutes
D. one year

Let's think step by step before providing your final answer. However, you must conclude your assessment with the statement: 'Thus, the correct answer is: X', where 'X' is simply the solution you've determined to be correct. Note that there may be more than one correct option, in which case you must list them all.",A. two weeks && B. fifteen days,1
TimeBench,TimeDial,TimeDial,MC,TimeDial-TimeDial-164,555,"There is a two-person dialogue with several options.
Choose all appropriate options to substitute the <mask> in the dialogue, and each question has at least one correct option.
Dialogue: Person1:This is today ' s schedule . At eight thirty , conference with the department managers . At 9 o ' clock , live for the workshop where you ' ll award prizes to the stafffor preventatives .
Person2: That ' s great . What are the prizes ?
Person1: 3000 RIB as bonus for each person .
Person2: To encourage the staff increases .
Person1: Ok . Next thing is laying the corner-stone for the new plant at 10 AM . At 12 AM , back here for lunch .
Person2: What about the afternoon ?
Person1: At <MASK> , give a presentation here with the press . At four o ' clock sharp , have dinner with Mr . Smith , manager of NCC .

Options: A. 4:00 PM
B. 2:00 PM
C. 9:00 AM
D. 1:00 PM

","There is a two-person dialogue with several options.
Choose all appropriate options to substitute the <mask> in the dialogue, and each question has at least one correct option.
Dialogue: Person1:This is today ' s schedule . At eight thirty , conference with the department managers . At 9 o ' clock , live for the workshop where you ' ll award prizes to the stafffor preventatives .
Person2: That ' s great . What are the prizes ?
Person1: 3000 RIB as bonus for each person .
Person2: To encourage the staff increases .
Person1: Ok . Next thing is laying the corner-stone for the new plant at 10 AM . At 12 AM , back here for lunch .
Person2: What about the afternoon ?
Person1: At <MASK> , give a presentation here with the press . At four o ' clock sharp , have dinner with Mr . Smith , manager of NCC .

Options: A. 4:00 PM
B. 2:00 PM
C. 9:00 AM
D. 1:00 PM

Let's think step by step before providing your final answer. However, you must conclude your assessment with the statement: 'Thus, the correct answer is: X', where 'X' is simply the solution you've determined to be correct. Note that there may be more than one correct option, in which case you must list them all.",B. 2:00 PM && D. 1:00 PM,1
TimeBench,TimeDial,TimeDial,MC,TimeDial-TimeDial-200,732,"There is a two-person dialogue with several options.
Choose all appropriate options to substitute the <mask> in the dialogue, and each question has at least one correct option.
Dialogue: Person1:Hey , Frank . I heard you got a new job .
Person2: Yeah , Judy . I will be working for the Post Office . It ' s not a bad job .
Person1: Is it true that you have a heavy work schedule ?
Person2: That ' s right . I report to work at 5am everyday , and I only get <MASK> for lunch .
Person1: So , why did you apply for such a demanding job ?
Person2: Well , the government offers its employees excellent health insurance benefits .
Person1: Oh , I see . And can your family utilize 5 the health insurance , too ?
Person2: Yeah , that ' s the best part . All of my children can get free medical care .
Person1: That ' s a great employment benefit !
Person2: Now you know why I wanted to work for the Post Office !

Options: A. 50 minutes
B. 45 minutes
C. 5 hours
D. 5 seconds

","There is a two-person dialogue with several options.
Choose all appropriate options to substitute the <mask> in the dialogue, and each question has at least one correct option.
Dialogue: Person1:Hey , Frank . I heard you got a new job .
Person2: Yeah , Judy . I will be working for the Post Office . It ' s not a bad job .
Person1: Is it true that you have a heavy work schedule ?
Person2: That ' s right . I report to work at 5am everyday , and I only get <MASK> for lunch .
Person1: So , why did you apply for such a demanding job ?
Person2: Well , the government offers its employees excellent health insurance benefits .
Person1: Oh , I see . And can your family utilize 5 the health insurance , too ?
Person2: Yeah , that ' s the best part . All of my children can get free medical care .
Person1: That ' s a great employment benefit !
Person2: Now you know why I wanted to work for the Post Office !

Options: A. 50 minutes
B. 45 minutes
C. 5 hours
D. 5 seconds

Let's think step by step before providing your final answer. However, you must conclude your assessment with the statement: 'Thus, the correct answer is: X', where 'X' is simply the solution you've determined to be correct. Note that there may be more than one correct option, in which case you must list them all.",A. 50 minutes && B. 45 minutes,1
TimeBench,TimeDial,TimeDial,MC,TimeDial-TimeDial-75,816,"There is a two-person dialogue with several options.
Choose all appropriate options to substitute the <mask> in the dialogue, and each question has at least one correct option.
Dialogue: Person1:Excuse me , sir , since my train leaves at 16:00 . Have you a 3 - hour tour ?
Person2: You are lucky , sir . We are about to set out . It's a tour to the White House .
Person1: Well , I have just missed the place . How long does the tour take ?
Person2: <MASK> . You won't get late for your train .
Person1: I hope so .

Options: A. 2 hours
B. 3 hours
C. 16 hours
D. 3 minutes

","There is a two-person dialogue with several options.
Choose all appropriate options to substitute the <mask> in the dialogue, and each question has at least one correct option.
Dialogue: Person1:Excuse me , sir , since my train leaves at 16:00 . Have you a 3 - hour tour ?
Person2: You are lucky , sir . We are about to set out . It's a tour to the White House .
Person1: Well , I have just missed the place . How long does the tour take ?
Person2: <MASK> . You won't get late for your train .
Person1: I hope so .

Options: A. 2 hours
B. 3 hours
C. 16 hours
D. 3 minutes

Let's think step by step before providing your final answer. However, you must conclude your assessment with the statement: 'Thus, the correct answer is: X', where 'X' is simply the solution you've determined to be correct. Note that there may be more than one correct option, in which case you must list them all.",A. 2 hours && B. 3 hours,1
TimeBench,TimeDial,TimeDial,MC,TimeDial-TimeDial-479,1041,"There is a two-person dialogue with several options.
Choose all appropriate options to substitute the <mask> in the dialogue, and each question has at least one correct option.
Dialogue: Person1:Hi , Jenny . Are you going to school now ?
Person2: Yup . I have English at <MASK> .
Person1: Got any plans after the class ?
Person2: Not really . What about you ?
Person1: We will have our midterm exams next month . I plan to look for some important books and study at the library . Do you want to join me ?
Person2: Sure . I need to return some books . They are due today . Besides , I can also read some weekly publications , magazines and newspapers .
Person1: Great . We can go to the swimming pool in the gymnasium after that .
Person2: That sounds like a good idea . We can chill out a little in such a hot summer . Are you good at swimming ?
Person1: Well , that's a good question . I haven't swum for almost two years . I think I need more practice .
Person2: Oh , it's almost 9 . I need to hurry . I am running late now . See you after class in front of the library then . Bye !
Person1: See you then .

Options: A. next month 
B. 9:30 in the morning 
C. 2 o'clock 
D. 9 in the morning

","There is a two-person dialogue with several options.
Choose all appropriate options to substitute the <mask> in the dialogue, and each question has at least one correct option.
Dialogue: Person1:Hi , Jenny . Are you going to school now ?
Person2: Yup . I have English at <MASK> .
Person1: Got any plans after the class ?
Person2: Not really . What about you ?
Person1: We will have our midterm exams next month . I plan to look for some important books and study at the library . Do you want to join me ?
Person2: Sure . I need to return some books . They are due today . Besides , I can also read some weekly publications , magazines and newspapers .
Person1: Great . We can go to the swimming pool in the gymnasium after that .
Person2: That sounds like a good idea . We can chill out a little in such a hot summer . Are you good at swimming ?
Person1: Well , that's a good question . I haven't swum for almost two years . I think I need more practice .
Person2: Oh , it's almost 9 . I need to hurry . I am running late now . See you after class in front of the library then . Bye !
Person1: See you then .

Options: A. next month 
B. 9:30 in the morning 
C. 2 o'clock 
D. 9 in the morning

Let's think step by step before providing your final answer. However, you must conclude your assessment with the statement: 'Thus, the correct answer is: X', where 'X' is simply the solution you've determined to be correct. Note that there may be more than one correct option, in which case you must list them all.",B. 9:30 in the morning  && D. 9 in the morning,1
TimeBench,TimeDial,TimeDial,MC,TimeDial-TimeDial-251,130,"There is a two-person dialogue with several options.
Choose all appropriate options to substitute the <mask> in the dialogue, and each question has at least one correct option.
Dialogue: Person1:Good morning , this is Mary .
Person2: Good morning , this is Jane . This is Apple Co . Ltd .
Person1: Hello , Jane ! Is that the Human Resource Department ?
Person2: Yes , this is . May I help you ?
Person1: I had an interview with your company <MASK> . I am calling to ask about the interview result . I hope you can give me a positive reply .
Person2: Oh , the results have come out , and I can tell you ... Yes , I find your name . You are hired . Congratulations !
Person1: Thank you ! I am glad to hear that . When would it be convenient for me to start working ?
Person2: Next Monday morning .
Person1: What is the starting salary for me ?
Person2: Your starting salary is 2500 yuan a month , and after you become a permanent employee , it will be higher .
Person1: I appreciate the offer . I will come on time next Monday . See you then !
Person2: See you !
Options: A. two minutes ago
B. fifteen days ago
C. five months ago
D. two weeks ago

","There is a two-person dialogue with several options.
Choose all appropriate options to substitute the <mask> in the dialogue, and each question has at least one correct option.
Dialogue: Person1:Good morning , this is Mary .
Person2: Good morning , this is Jane . This is Apple Co . Ltd .
Person1: Hello , Jane ! Is that the Human Resource Department ?
Person2: Yes , this is . May I help you ?
Person1: I had an interview with your company <MASK> . I am calling to ask about the interview result . I hope you can give me a positive reply .
Person2: Oh , the results have come out , and I can tell you ... Yes , I find your name . You are hired . Congratulations !
Person1: Thank you ! I am glad to hear that . When would it be convenient for me to start working ?
Person2: Next Monday morning .
Person1: What is the starting salary for me ?
Person2: Your starting salary is 2500 yuan a month , and after you become a permanent employee , it will be higher .
Person1: I appreciate the offer . I will come on time next Monday . See you then !
Person2: See you !
Options: A. two minutes ago
B. fifteen days ago
C. five months ago
D. two weeks ago

Let's think step by step before providing your final answer. However, you must conclude your assessment with the statement: 'Thus, the correct answer is: X', where 'X' is simply the solution you've determined to be correct. Note that there may be more than one correct option, in which case you must list them all.",B. fifteen days ago && D. two weeks ago,1
TimeBench,TimeDial,TimeDial,MC,TimeDial-TimeDial-311,18,"There is a two-person dialogue with several options.
Choose all appropriate options to substitute the <mask> in the dialogue, and each question has at least one correct option.
Dialogue: Person1:Would you like to travel ?
Person2: Oh , yes . I often went on business trips in <MASK> .
Person1: How many languages can you speak in addition to your mother tongue ?
Person2: I speak English and French in addition to my mother tongue , Chinese .
Person1: That's fine . What salary do you get at your present position ?
Person2: My present monthly salary is $ 1,500 .
Person1: We'll start you off with a base salary of $ 20,000 a year , with bonuses that can add up to $ 40,000 . A company car , and a company pension scheme . Is that acceptable to you ?
Person2: I think so .
Person1: Excellent . Well , thank you very much , Mr . B , and you'll be hearing from us in the next few days , either way .
Person2: Thank you . Mr . A , and I certainly hope the answer will be favorable . Goodbye .
Options: A. the past six months 
B. 20 hours 
C. the past six years
D. 15 days 

","There is a two-person dialogue with several options.
Choose all appropriate options to substitute the <mask> in the dialogue, and each question has at least one correct option.
Dialogue: Person1:Would you like to travel ?
Person2: Oh , yes . I often went on business trips in <MASK> .
Person1: How many languages can you speak in addition to your mother tongue ?
Person2: I speak English and French in addition to my mother tongue , Chinese .
Person1: That's fine . What salary do you get at your present position ?
Person2: My present monthly salary is $ 1,500 .
Person1: We'll start you off with a base salary of $ 20,000 a year , with bonuses that can add up to $ 40,000 . A company car , and a company pension scheme . Is that acceptable to you ?
Person2: I think so .
Person1: Excellent . Well , thank you very much , Mr . B , and you'll be hearing from us in the next few days , either way .
Person2: Thank you . Mr . A , and I certainly hope the answer will be favorable . Goodbye .
Options: A. the past six months 
B. 20 hours 
C. the past six years
D. 15 days 

Let's think step by step before providing your final answer. However, you must conclude your assessment with the statement: 'Thus, the correct answer is: X', where 'X' is simply the solution you've determined to be correct. Note that there may be more than one correct option, in which case you must list them all.",A. the past six months  && C. the past six years,1
TimeBench,TimeDial,TimeDial,MC,TimeDial-TimeDial-300,634,"There is a two-person dialogue with several options.
Choose all appropriate options to substitute the <mask> in the dialogue, and each question has at least one correct option.
Dialogue: Person1:Hey , Sandy , what's new ? Interested in a movie tonight ?
Person2: I wish I could , but I'm busy . I'm going to work at a soup kitchen tonight .
Person1: Soup kitchen ? Is that a new restaurant or something ?
Person2: Nah , it's a place where homelesspeople go to eat .
Person1: How did you get involved in something like that ?
Person2: Well , the minister at my church told us about it , and it seemed interesting . I thought I'd try it once , and if I didn't like it I'd stop .
Person1: So what do you do there ?
Person2: It's simple . All we do is prepare some food , usually sandwiches and some fruit , and give it out to them at the soup kitchen .
Person1: Yeah , it sounds easy . How long does it take ?
Person2: Only <MASK> , for a couple of days a month . Why don't you give it a try ?
Person1: I don't know . I mean , I like helping the community and all that , but I don't know if I have the time ...
Person2: Come on , it's easy , and it'll make you feel good . Why don't you come with me tonight ?

Options: A. About one and half hour
B. About five seconds 
C. about two hours
D. About 24 hours 

","There is a two-person dialogue with several options.
Choose all appropriate options to substitute the <mask> in the dialogue, and each question has at least one correct option.
Dialogue: Person1:Hey , Sandy , what's new ? Interested in a movie tonight ?
Person2: I wish I could , but I'm busy . I'm going to work at a soup kitchen tonight .
Person1: Soup kitchen ? Is that a new restaurant or something ?
Person2: Nah , it's a place where homelesspeople go to eat .
Person1: How did you get involved in something like that ?
Person2: Well , the minister at my church told us about it , and it seemed interesting . I thought I'd try it once , and if I didn't like it I'd stop .
Person1: So what do you do there ?
Person2: It's simple . All we do is prepare some food , usually sandwiches and some fruit , and give it out to them at the soup kitchen .
Person1: Yeah , it sounds easy . How long does it take ?
Person2: Only <MASK> , for a couple of days a month . Why don't you give it a try ?
Person1: I don't know . I mean , I like helping the community and all that , but I don't know if I have the time ...
Person2: Come on , it's easy , and it'll make you feel good . Why don't you come with me tonight ?

Options: A. About one and half hour
B. About five seconds 
C. about two hours
D. About 24 hours 

Let's think step by step before providing your final answer. However, you must conclude your assessment with the statement: 'Thus, the correct answer is: X', where 'X' is simply the solution you've determined to be correct. Note that there may be more than one correct option, in which case you must list them all.",A. About one and half hour && C. about two hours,1
TimeBench,TimeDial,TimeDial,MC,TimeDial-TimeDial-256,506,"There is a two-person dialogue with several options.
Choose all appropriate options to substitute the <mask> in the dialogue, and each question has at least one correct option.
Dialogue: Person1:Finally the class is over . Be quick . Ben must have been waiting for long .
Person2: Oh , I am so tired . My back is sore and my neck hurts .
Person1: That's normal . You have been sitting for three hours , with your attention highly concentrated .
Person2: You are wrong , Shirley . I was always absent-minded in the class . I meant to concentrate on the class , but I was just so tired . Maybe I am old .
Person1: No . You are just burning yourself out these days . Have a good rest and you will feel energetic again .
Person2: One of my friends took the Adult College Entrance Exam last year . He filled the school column with his name , and his score was relinquished .
Person1: How could he make such a silly mistake ?
Person2: He said he hadn't taken any exams for <MASK> , and couldn't get used to it immediately . He was extremely nervous then .
Person1: He lost a very good chance to go to college , didn't he ?
Person2: Yeah . The test was fairly easy and almost every test-taker could pass that exam . Adult College Entrance Exam is much easier than college entrance exam . And there are fewer subjects .
Person1: That's a very good lesson . We must familiarize ourselves with the exam from now on .

Options: A. twelve years
B. two months
C. three hours
D. ten years

","There is a two-person dialogue with several options.
Choose all appropriate options to substitute the <mask> in the dialogue, and each question has at least one correct option.
Dialogue: Person1:Finally the class is over . Be quick . Ben must have been waiting for long .
Person2: Oh , I am so tired . My back is sore and my neck hurts .
Person1: That's normal . You have been sitting for three hours , with your attention highly concentrated .
Person2: You are wrong , Shirley . I was always absent-minded in the class . I meant to concentrate on the class , but I was just so tired . Maybe I am old .
Person1: No . You are just burning yourself out these days . Have a good rest and you will feel energetic again .
Person2: One of my friends took the Adult College Entrance Exam last year . He filled the school column with his name , and his score was relinquished .
Person1: How could he make such a silly mistake ?
Person2: He said he hadn't taken any exams for <MASK> , and couldn't get used to it immediately . He was extremely nervous then .
Person1: He lost a very good chance to go to college , didn't he ?
Person2: Yeah . The test was fairly easy and almost every test-taker could pass that exam . Adult College Entrance Exam is much easier than college entrance exam . And there are fewer subjects .
Person1: That's a very good lesson . We must familiarize ourselves with the exam from now on .

Options: A. twelve years
B. two months
C. three hours
D. ten years

Let's think step by step before providing your final answer. However, you must conclude your assessment with the statement: 'Thus, the correct answer is: X', where 'X' is simply the solution you've determined to be correct. Note that there may be more than one correct option, in which case you must list them all.",A. twelve years && D. ten years,1
TimeBench,TimeDial,TimeDial,MC,TimeDial-TimeDial-226,690,"There is a two-person dialogue with several options.
Choose all appropriate options to substitute the <mask> in the dialogue, and each question has at least one correct option.
Dialogue: Person1:Wow , this is drop-dead gorgeous .
Person2: So no more regret now ?
Person1: Don't remind me of that . This would be the last time I cut any classes for a basketball game .
Person2: Come on . Don't be so hard on yourself . Enjoy your life .
Person1: I just can't help it . Oh , look at Clive , he is really a big hit . They are definitely gonna win .
Person2: It's only <MASK> into the game , too early to cheer up .
Person1: Come on , 18 points already , they are never gonna catch up .
Person2: Who knows ! It's a long game . Look ! That was a really nice shot !
Person1: Thay are coming back to narrow the gap .
Person2: Wait , that guy , I know him . He is just a bench warmer .
Person1: A secret weapon . They'd better set up the defense now .
Person2: Clive is ready to explode . Keep your eyes open .
Person1: Oh , man ! I can't believe it . A slam dunk !
Person2: Good that he resembled his old , quick self .

Options: A. seven minutes
B. 18 hours 
C. five minutes 
D. two seconds

","There is a two-person dialogue with several options.
Choose all appropriate options to substitute the <mask> in the dialogue, and each question has at least one correct option.
Dialogue: Person1:Wow , this is drop-dead gorgeous .
Person2: So no more regret now ?
Person1: Don't remind me of that . This would be the last time I cut any classes for a basketball game .
Person2: Come on . Don't be so hard on yourself . Enjoy your life .
Person1: I just can't help it . Oh , look at Clive , he is really a big hit . They are definitely gonna win .
Person2: It's only <MASK> into the game , too early to cheer up .
Person1: Come on , 18 points already , they are never gonna catch up .
Person2: Who knows ! It's a long game . Look ! That was a really nice shot !
Person1: Thay are coming back to narrow the gap .
Person2: Wait , that guy , I know him . He is just a bench warmer .
Person1: A secret weapon . They'd better set up the defense now .
Person2: Clive is ready to explode . Keep your eyes open .
Person1: Oh , man ! I can't believe it . A slam dunk !
Person2: Good that he resembled his old , quick self .

Options: A. seven minutes
B. 18 hours 
C. five minutes 
D. two seconds

Let's think step by step before providing your final answer. However, you must conclude your assessment with the statement: 'Thus, the correct answer is: X', where 'X' is simply the solution you've determined to be correct. Note that there may be more than one correct option, in which case you must list them all.",A. seven minutes && C. five minutes ,1
TimeBench,TimeDial,TimeDial,MC,TimeDial-TimeDial-354,1084,"There is a two-person dialogue with several options.
Choose all appropriate options to substitute the <mask> in the dialogue, and each question has at least one correct option.
Dialogue: Person1:Hey , there's Leo . I wonder why he's walking arm in arm with that young woman .
Person2: It's as plain as the nose on your face . They're dating each other .
Person1: You're pulling my leg ! She must be <MASK> younger than Leo . Talk about robbing the cradle !
Person2: Well , you can bet this relationship's going to be a flash in the pan .
Person1: It must have been love at first sight because I know he didn't have a girlfriend last week .
Person2: I think you are absolutely right . Actually , my father proposed to my mother after knowing her only two weeks . They got married a month later .

Options: A. thirty years
B. three months
C. two weeks
D. twenty years

","There is a two-person dialogue with several options.
Choose all appropriate options to substitute the <mask> in the dialogue, and each question has at least one correct option.
Dialogue: Person1:Hey , there's Leo . I wonder why he's walking arm in arm with that young woman .
Person2: It's as plain as the nose on your face . They're dating each other .
Person1: You're pulling my leg ! She must be <MASK> younger than Leo . Talk about robbing the cradle !
Person2: Well , you can bet this relationship's going to be a flash in the pan .
Person1: It must have been love at first sight because I know he didn't have a girlfriend last week .
Person2: I think you are absolutely right . Actually , my father proposed to my mother after knowing her only two weeks . They got married a month later .

Options: A. thirty years
B. three months
C. two weeks
D. twenty years

Let's think step by step before providing your final answer. However, you must conclude your assessment with the statement: 'Thus, the correct answer is: X', where 'X' is simply the solution you've determined to be correct. Note that there may be more than one correct option, in which case you must list them all.",A. thirty years && D. twenty years,1
TimeBench,TimeDial,TimeDial,MC,TimeDial-TimeDial-235,80,"There is a two-person dialogue with several options.
Choose all appropriate options to substitute the <mask> in the dialogue, and each question has at least one correct option.
Dialogue: Person1:hi , Natasha , how's life ?
Person2: great . My family came to visit me .
Person1: oh , you must be very happy . How many people are there in your family ?
Person2: my immediate family is very large . It's my mother , my father , my two older brothers , my younger sister and me .
Person1: I have a small family . They are my parents , my younger brother and me .
Person2: I thought you were the only child in the family . Didn't China practice the only-child policy in the early 1980s ?
Person1: yes , it did . But my parents are ethnic minority people . It's a preferential policy for an ethnic minority family to have two children .
Person2: interesting . What do you think about families with only one child ?
Person1: the child must feel very longly . My younger brother is <MASK> younger than me . Before he was born , I used to be the only child and always dreamed that I would have a younger sister or brother one da
Person2: do you get along well with each other ?
Person1: yes , we are very close . He is 12 years old and very smart . He always makes us laugh a lot .
Person2: you are very lucky to have such a nice family .
Person1: thank you .
Options: A. 12 years
B. 9 months
C. 80 years
D. 10 years

","There is a two-person dialogue with several options.
Choose all appropriate options to substitute the <mask> in the dialogue, and each question has at least one correct option.
Dialogue: Person1:hi , Natasha , how's life ?
Person2: great . My family came to visit me .
Person1: oh , you must be very happy . How many people are there in your family ?
Person2: my immediate family is very large . It's my mother , my father , my two older brothers , my younger sister and me .
Person1: I have a small family . They are my parents , my younger brother and me .
Person2: I thought you were the only child in the family . Didn't China practice the only-child policy in the early 1980s ?
Person1: yes , it did . But my parents are ethnic minority people . It's a preferential policy for an ethnic minority family to have two children .
Person2: interesting . What do you think about families with only one child ?
Person1: the child must feel very longly . My younger brother is <MASK> younger than me . Before he was born , I used to be the only child and always dreamed that I would have a younger sister or brother one da
Person2: do you get along well with each other ?
Person1: yes , we are very close . He is 12 years old and very smart . He always makes us laugh a lot .
Person2: you are very lucky to have such a nice family .
Person1: thank you .
Options: A. 12 years
B. 9 months
C. 80 years
D. 10 years

Let's think step by step before providing your final answer. However, you must conclude your assessment with the statement: 'Thus, the correct answer is: X', where 'X' is simply the solution you've determined to be correct. Note that there may be more than one correct option, in which case you must list them all.",A. 12 years && D. 10 years,1
TimeBench,TimeDial,TimeDial,MC,TimeDial-TimeDial-275,516,"There is a two-person dialogue with several options.
Choose all appropriate options to substitute the <mask> in the dialogue, and each question has at least one correct option.
Dialogue: Person1:Excuse me , Miss .
Person2: Yes . May I help you ?
Person1: I'm a graduate student here in mathematics . I've just come from China and I've never used a western library before . I'll be here for <MASK> , so I'd like to learn to use the library as efficiently as possible . I wonder if someone might have time to show me around .
Person2: I'd be very glad to show you around , but I'm very busy right now . Could you come back about 3 thirty ?
Person1: Sure . 3 thirty this afternoon .
Person2: Good . See you later .
Person1: Thank you . Good-bye .

Options: A. five years
B. six years
C. 3 decades
D. 3 seconds

","There is a two-person dialogue with several options.
Choose all appropriate options to substitute the <mask> in the dialogue, and each question has at least one correct option.
Dialogue: Person1:Excuse me , Miss .
Person2: Yes . May I help you ?
Person1: I'm a graduate student here in mathematics . I've just come from China and I've never used a western library before . I'll be here for <MASK> , so I'd like to learn to use the library as efficiently as possible . I wonder if someone might have time to show me around .
Person2: I'd be very glad to show you around , but I'm very busy right now . Could you come back about 3 thirty ?
Person1: Sure . 3 thirty this afternoon .
Person2: Good . See you later .
Person1: Thank you . Good-bye .

Options: A. five years
B. six years
C. 3 decades
D. 3 seconds

Let's think step by step before providing your final answer. However, you must conclude your assessment with the statement: 'Thus, the correct answer is: X', where 'X' is simply the solution you've determined to be correct. Note that there may be more than one correct option, in which case you must list them all.",A. five years && B. six years,1
TimeBench,TimeDial,TimeDial,MC,TimeDial-TimeDial-37,465,"There is a two-person dialogue with several options.
Choose all appropriate options to substitute the <mask> in the dialogue, and each question has at least one correct option.
Dialogue: Person1:Taxi .
Person2: Yes . Where would you like to go ?
Person1: Central Park , please , but can you make a stop at Union Square ? I wanna pick up my friend there .
Person2: Of course .
Person1: How long do you think it will take to get to Union Square .
Person2: Well . That depends on traffic , you know . It's pretty heavy this afternoon .
Person1: Can you make it in 15 mins . I am already <MASK> late .
Person2: I'll try . Where exactly is your friend waiting ?
Person1: On the 14th Street side . Oh , we are already at the 16th Street . You are fast . Can you make a left at the next corner ?
Person2: You've got it .
Person1: I think he is around here . Can you slow down ? Ah , there he is .
Person2: Here we are , Central Park !
Person1: Thank you . How much is it ?
Person2: Well , it's $ 12 .
Person1: Here's $ 15 . Keep the change .
Person2: Thank you .

Options: A. 5 mins
B. 16 seconds
C. 14 hours
D. 10 mins

","There is a two-person dialogue with several options.
Choose all appropriate options to substitute the <mask> in the dialogue, and each question has at least one correct option.
Dialogue: Person1:Taxi .
Person2: Yes . Where would you like to go ?
Person1: Central Park , please , but can you make a stop at Union Square ? I wanna pick up my friend there .
Person2: Of course .
Person1: How long do you think it will take to get to Union Square .
Person2: Well . That depends on traffic , you know . It's pretty heavy this afternoon .
Person1: Can you make it in 15 mins . I am already <MASK> late .
Person2: I'll try . Where exactly is your friend waiting ?
Person1: On the 14th Street side . Oh , we are already at the 16th Street . You are fast . Can you make a left at the next corner ?
Person2: You've got it .
Person1: I think he is around here . Can you slow down ? Ah , there he is .
Person2: Here we are , Central Park !
Person1: Thank you . How much is it ?
Person2: Well , it's $ 12 .
Person1: Here's $ 15 . Keep the change .
Person2: Thank you .

Options: A. 5 mins
B. 16 seconds
C. 14 hours
D. 10 mins

Let's think step by step before providing your final answer. However, you must conclude your assessment with the statement: 'Thus, the correct answer is: X', where 'X' is simply the solution you've determined to be correct. Note that there may be more than one correct option, in which case you must list them all.",A. 5 mins && D. 10 mins,1
TimeBench,TimeDial,TimeDial,MC,TimeDial-TimeDial-197,314,"There is a two-person dialogue with several options.
Choose all appropriate options to substitute the <mask> in the dialogue, and each question has at least one correct option.
Dialogue: Person1:Good morning , sir . Can I help you ?
Person2: I'm due to check out tomorrow , but I'd like to extend my stay by <MASK> .
Person1: Could I have your name and room number ?
Person2: Tom Black in Room 207 .
Person1: Please wait a moment , Mr . Black . I'll have to check the reservation records ... I'm sorry , but we are expecting several tour groups to arrive today . They have booked all the rooms on the 10th floor .
Person2: What can be done then ?
Person1: If you don't mind transferring to another room , we may manage it for you . We usually have cancellations or no-shows .
Person2: That's quite all right . Thank you .
Person1: It's my pleasure .
Options: A. one day
B. 20 seconds
C. 10 years
D. two days

","There is a two-person dialogue with several options.
Choose all appropriate options to substitute the <mask> in the dialogue, and each question has at least one correct option.
Dialogue: Person1:Good morning , sir . Can I help you ?
Person2: I'm due to check out tomorrow , but I'd like to extend my stay by <MASK> .
Person1: Could I have your name and room number ?
Person2: Tom Black in Room 207 .
Person1: Please wait a moment , Mr . Black . I'll have to check the reservation records ... I'm sorry , but we are expecting several tour groups to arrive today . They have booked all the rooms on the 10th floor .
Person2: What can be done then ?
Person1: If you don't mind transferring to another room , we may manage it for you . We usually have cancellations or no-shows .
Person2: That's quite all right . Thank you .
Person1: It's my pleasure .
Options: A. one day
B. 20 seconds
C. 10 years
D. two days

Let's think step by step before providing your final answer. However, you must conclude your assessment with the statement: 'Thus, the correct answer is: X', where 'X' is simply the solution you've determined to be correct. Note that there may be more than one correct option, in which case you must list them all.",A. one day && D. two days,1
TimeBench,TimeDial,TimeDial,MC,TimeDial-TimeDial-365,261,"There is a two-person dialogue with several options.
Choose all appropriate options to substitute the <mask> in the dialogue, and each question has at least one correct option.
Dialogue: Person1:What are your working hours ?
Person2: Eight to twelve in the morning , <MASK> .
Person1: Much better than mine .
Person2: What are your hours ?
Person1: Mine aren't fixed . Sometimes I do the day shift , sometimes the night shift .
Options: A. ten to six in the morning
B. two to six in the afternoon
C. one to five in the afternoon
D. eight to twelve in the evening

","There is a two-person dialogue with several options.
Choose all appropriate options to substitute the <mask> in the dialogue, and each question has at least one correct option.
Dialogue: Person1:What are your working hours ?
Person2: Eight to twelve in the morning , <MASK> .
Person1: Much better than mine .
Person2: What are your hours ?
Person1: Mine aren't fixed . Sometimes I do the day shift , sometimes the night shift .
Options: A. ten to six in the morning
B. two to six in the afternoon
C. one to five in the afternoon
D. eight to twelve in the evening

Let's think step by step before providing your final answer. However, you must conclude your assessment with the statement: 'Thus, the correct answer is: X', where 'X' is simply the solution you've determined to be correct. Note that there may be more than one correct option, in which case you must list them all.",B. two to six in the afternoon && C. one to five in the afternoon,1
TimeBench,TimeDial,TimeDial,MC,TimeDial-TimeDial-245,73,"There is a two-person dialogue with several options.
Choose all appropriate options to substitute the <mask> in the dialogue, and each question has at least one correct option.
Dialogue: Person1:Can you change American dollars into French francs ?
Person2: Yes . How much do you want ?
Person1: Fifty dollars . What is the exchange rate today ?
Person2: One dollar to five francs . Is that all right ?
Person1: Yes , please . And you can cash my traveler's check , can't you ?
Person2: Of course , we can .
Person1: I want to be here tomorrow . What are your business hours ?
Person2: <MASK> .
Person1: Thank you .
Person2: Not at all .
Options: A. 7:00 PM to 9:00 PM 
B. 12:00 AM to 2:00 AM 
C. 9:00 AM to 6:00 PM 
D. 10 o'clock in the morning to 2 o'clock in the afternoon

","There is a two-person dialogue with several options.
Choose all appropriate options to substitute the <mask> in the dialogue, and each question has at least one correct option.
Dialogue: Person1:Can you change American dollars into French francs ?
Person2: Yes . How much do you want ?
Person1: Fifty dollars . What is the exchange rate today ?
Person2: One dollar to five francs . Is that all right ?
Person1: Yes , please . And you can cash my traveler's check , can't you ?
Person2: Of course , we can .
Person1: I want to be here tomorrow . What are your business hours ?
Person2: <MASK> .
Person1: Thank you .
Person2: Not at all .
Options: A. 7:00 PM to 9:00 PM 
B. 12:00 AM to 2:00 AM 
C. 9:00 AM to 6:00 PM 
D. 10 o'clock in the morning to 2 o'clock in the afternoon

Let's think step by step before providing your final answer. However, you must conclude your assessment with the statement: 'Thus, the correct answer is: X', where 'X' is simply the solution you've determined to be correct. Note that there may be more than one correct option, in which case you must list them all.",C. 9:00 AM to 6:00 PM  && D. 10 o'clock in the morning to 2 o'clock in the afternoon,1
TimeBench,TimeDial,TimeDial,MC,TimeDial-TimeDial-440,854,"There is a two-person dialogue with several options.
Choose all appropriate options to substitute the <mask> in the dialogue, and each question has at least one correct option.
Dialogue: Person1:Good morning . Can I help you ?
Person2: Good morning . I'd like to make a reservation to Guangzhou for August 2 .
Person1: Just a moment , please . I'm sorry , sir . There is no ticket available on that day . But we have flights for Guangzhou the next day .
Person2: May I inquire about the departure time ?
Person1: A 9:12 flight in the morning and a 14:00 flight in the afternoon .
Person2: When will the plane reach for the morning flight ?
Person1: At 13:15 .
Person2: OK . I'd like to book a ticket for this one .
Person1: All right , sir . Please reconfirm your ticket no later than 12 o'clock <MASK> before the flight ; otherwise , your reservation will automatically be cancelled .

Options: A. 12 months
B. 2 seconds
C. three days
D. two days

","There is a two-person dialogue with several options.
Choose all appropriate options to substitute the <mask> in the dialogue, and each question has at least one correct option.
Dialogue: Person1:Good morning . Can I help you ?
Person2: Good morning . I'd like to make a reservation to Guangzhou for August 2 .
Person1: Just a moment , please . I'm sorry , sir . There is no ticket available on that day . But we have flights for Guangzhou the next day .
Person2: May I inquire about the departure time ?
Person1: A 9:12 flight in the morning and a 14:00 flight in the afternoon .
Person2: When will the plane reach for the morning flight ?
Person1: At 13:15 .
Person2: OK . I'd like to book a ticket for this one .
Person1: All right , sir . Please reconfirm your ticket no later than 12 o'clock <MASK> before the flight ; otherwise , your reservation will automatically be cancelled .

Options: A. 12 months
B. 2 seconds
C. three days
D. two days

Let's think step by step before providing your final answer. However, you must conclude your assessment with the statement: 'Thus, the correct answer is: X', where 'X' is simply the solution you've determined to be correct. Note that there may be more than one correct option, in which case you must list them all.",C. three days && D. two days,1
TimeBench,TimeDial,TimeDial,MC,TimeDial-TimeDial-287,935,"There is a two-person dialogue with several options.
Choose all appropriate options to substitute the <mask> in the dialogue, and each question has at least one correct option.
Dialogue: Person1:Can you develop the roll of film ?
Person2: Sure .
Person1: How long does it take ?
Person2: <MASK> . If you are in a hurry we can develop it in 3 hours .
Person1: There is no need . I will come back tomorrow .

Options: A. 3 days
B. 5 minutes
C. 6 hours
D. 10 hours

","There is a two-person dialogue with several options.
Choose all appropriate options to substitute the <mask> in the dialogue, and each question has at least one correct option.
Dialogue: Person1:Can you develop the roll of film ?
Person2: Sure .
Person1: How long does it take ?
Person2: <MASK> . If you are in a hurry we can develop it in 3 hours .
Person1: There is no need . I will come back tomorrow .

Options: A. 3 days
B. 5 minutes
C. 6 hours
D. 10 hours

Let's think step by step before providing your final answer. However, you must conclude your assessment with the statement: 'Thus, the correct answer is: X', where 'X' is simply the solution you've determined to be correct. Note that there may be more than one correct option, in which case you must list them all.",C. 6 hours && D. 10 hours,1
TimeBench,TimeDial,TimeDial,MC,TimeDial-TimeDial-60,1238,"There is a two-person dialogue with several options.
Choose all appropriate options to substitute the <mask> in the dialogue, and each question has at least one correct option.
Dialogue: Person1:Could you give some information on your European tours ?
Person2: Our pleasure . We have several package tours you may choose , from ten days to <MASK> in Europe .
Person1: I would be interested in a ten-day trip around Christmas time .
Person2: I have one ten-day tour that is still available . It will depart from New York on December 24th .
Person1: What is the cost ?
Person2: The price for one person for a ten-day tour is only 1,099 US dollars , which includes round trip airfare .
Person1: That sounds reasonable . Let me think it over . And I'll call your back to make reservation .
Person2: Ok , but don't delay too long , or that trip will be all booked .

Options: A. three weeks
B. ten minutes
C. 24 months
D. five weeks

","There is a two-person dialogue with several options.
Choose all appropriate options to substitute the <mask> in the dialogue, and each question has at least one correct option.
Dialogue: Person1:Could you give some information on your European tours ?
Person2: Our pleasure . We have several package tours you may choose , from ten days to <MASK> in Europe .
Person1: I would be interested in a ten-day trip around Christmas time .
Person2: I have one ten-day tour that is still available . It will depart from New York on December 24th .
Person1: What is the cost ?
Person2: The price for one person for a ten-day tour is only 1,099 US dollars , which includes round trip airfare .
Person1: That sounds reasonable . Let me think it over . And I'll call your back to make reservation .
Person2: Ok , but don't delay too long , or that trip will be all booked .

Options: A. three weeks
B. ten minutes
C. 24 months
D. five weeks

Let's think step by step before providing your final answer. However, you must conclude your assessment with the statement: 'Thus, the correct answer is: X', where 'X' is simply the solution you've determined to be correct. Note that there may be more than one correct option, in which case you must list them all.",A. three weeks && D. five weeks,1
TimeBench,TimeDial,TimeDial,MC,TimeDial-TimeDial-112,1377,"There is a two-person dialogue with several options.
Choose all appropriate options to substitute the <mask> in the dialogue, and each question has at least one correct option.
Dialogue: Person1:Good morning , ladies and gentlemen , we are happy you have all come out for our training workshop . Today we have a great line-up of speakers to talk to you . First on our program is a well-renown expert in the field of international economic development , Harvard's own Dr . James Smith . Dr . Smith has been involved in economic research for over twenty years , and has taught at Harvard since 1995 . And now , without further adieu , we'd like to welcome Mr . James Smith .
Person2: Thank you , Mr . Jackson , ladies and gentlemen , colleagues , friends . The subject of my talk is international relations in a morgen world . I plan to say a few words about the current situation in the Middle East and how it affects world economy . I'd like to give you an overview of the way that the economies of seemingly unrelated countries are intertwined . I've divided my talk into three parts , first an overview of international relations , second a discussion of current political situations , and lastly trends for the future . My presentation will take <MASK> , but there will be a twenty-minute break in the middle . We'll stop for lunch at 12 .

Options: A. about two and half hours
B. about 20 hours
C. about 12 seconds
D. about two hours

","There is a two-person dialogue with several options.
Choose all appropriate options to substitute the <mask> in the dialogue, and each question has at least one correct option.
Dialogue: Person1:Good morning , ladies and gentlemen , we are happy you have all come out for our training workshop . Today we have a great line-up of speakers to talk to you . First on our program is a well-renown expert in the field of international economic development , Harvard's own Dr . James Smith . Dr . Smith has been involved in economic research for over twenty years , and has taught at Harvard since 1995 . And now , without further adieu , we'd like to welcome Mr . James Smith .
Person2: Thank you , Mr . Jackson , ladies and gentlemen , colleagues , friends . The subject of my talk is international relations in a morgen world . I plan to say a few words about the current situation in the Middle East and how it affects world economy . I'd like to give you an overview of the way that the economies of seemingly unrelated countries are intertwined . I've divided my talk into three parts , first an overview of international relations , second a discussion of current political situations , and lastly trends for the future . My presentation will take <MASK> , but there will be a twenty-minute break in the middle . We'll stop for lunch at 12 .

Options: A. about two and half hours
B. about 20 hours
C. about 12 seconds
D. about two hours

Let's think step by step before providing your final answer. However, you must conclude your assessment with the statement: 'Thus, the correct answer is: X', where 'X' is simply the solution you've determined to be correct. Note that there may be more than one correct option, in which case you must list them all.",A. about two and half hours && D. about two hours,1
TimeBench,TimeDial,TimeDial,MC,TimeDial-TimeDial-90,476,"There is a two-person dialogue with several options.
Choose all appropriate options to substitute the <mask> in the dialogue, and each question has at least one correct option.
Dialogue: Person1:Excuse me . I've been waiting here for 15 mins . Do you know how often does No . 3 run ?
Person2: Oh , it runs <MASK> . You must have missed it , when you came here . It should be here any minute now .
Person1: It seems that you have got here at a good time . Do you have a bus schedule ?
Person2: Yes , I do . You can go to the Transport Department to get yourself a bus schedule and a bus route map .
Person1: I see , thank you .

Options: A. every 20 mins
B. Every five hours
C. Every two seconds
D. Every 25 mins

","There is a two-person dialogue with several options.
Choose all appropriate options to substitute the <mask> in the dialogue, and each question has at least one correct option.
Dialogue: Person1:Excuse me . I've been waiting here for 15 mins . Do you know how often does No . 3 run ?
Person2: Oh , it runs <MASK> . You must have missed it , when you came here . It should be here any minute now .
Person1: It seems that you have got here at a good time . Do you have a bus schedule ?
Person2: Yes , I do . You can go to the Transport Department to get yourself a bus schedule and a bus route map .
Person1: I see , thank you .

Options: A. every 20 mins
B. Every five hours
C. Every two seconds
D. Every 25 mins

Let's think step by step before providing your final answer. However, you must conclude your assessment with the statement: 'Thus, the correct answer is: X', where 'X' is simply the solution you've determined to be correct. Note that there may be more than one correct option, in which case you must list them all.",A. every 20 mins && D. Every 25 mins,1
TimeBench,TimeDial,TimeDial,MC,TimeDial-TimeDial-437,825,"There is a two-person dialogue with several options.
Choose all appropriate options to substitute the <mask> in the dialogue, and each question has at least one correct option.
Dialogue: Person1:Good morning . I'd like to buy tickets to Paris .
Person2: How many of you ?
Person1: Four . Two adults and two children . Is there any discount ?
Person2: Yes . Babies under six months are free of charge . We offer 50 % discount to children under 7 . How old are your children ?
Person1: One is <MASK> and the other is years old .
Person2: Altogether you have to pay $ 800 .
Options: A. 7 minutes
B. 5 months
C. 4 months
D. 50 years

","There is a two-person dialogue with several options.
Choose all appropriate options to substitute the <mask> in the dialogue, and each question has at least one correct option.
Dialogue: Person1:Good morning . I'd like to buy tickets to Paris .
Person2: How many of you ?
Person1: Four . Two adults and two children . Is there any discount ?
Person2: Yes . Babies under six months are free of charge . We offer 50 % discount to children under 7 . How old are your children ?
Person1: One is <MASK> and the other is years old .
Person2: Altogether you have to pay $ 800 .
Options: A. 7 minutes
B. 5 months
C. 4 months
D. 50 years

Let's think step by step before providing your final answer. However, you must conclude your assessment with the statement: 'Thus, the correct answer is: X', where 'X' is simply the solution you've determined to be correct. Note that there may be more than one correct option, in which case you must list them all.",B. 5 months && C. 4 months,1
TimeBench,TimeDial,TimeDial,MC,TimeDial-TimeDial-361,1362,"There is a two-person dialogue with several options.
Choose all appropriate options to substitute the <mask> in the dialogue, and each question has at least one correct option.
Dialogue: Person1:Have you ever been involved in the auditing work ?
Person2: Yes , I have . I was employed by the financial section of the university ever since I graduated . I worked there for 3 years . Then I had worked in a bank for <MASK> .
Person1: How long did it take you to become an auditor ?
Person2: Very short time . I became an auditor within three months .

Options: A. 4 years
B. 3 years
C. 3 decades
D. 3 days

","There is a two-person dialogue with several options.
Choose all appropriate options to substitute the <mask> in the dialogue, and each question has at least one correct option.
Dialogue: Person1:Have you ever been involved in the auditing work ?
Person2: Yes , I have . I was employed by the financial section of the university ever since I graduated . I worked there for 3 years . Then I had worked in a bank for <MASK> .
Person1: How long did it take you to become an auditor ?
Person2: Very short time . I became an auditor within three months .

Options: A. 4 years
B. 3 years
C. 3 decades
D. 3 days

Let's think step by step before providing your final answer. However, you must conclude your assessment with the statement: 'Thus, the correct answer is: X', where 'X' is simply the solution you've determined to be correct. Note that there may be more than one correct option, in which case you must list them all.",A. 4 years && B. 3 years,1
TimeBench,TimeDial,TimeDial,MC,TimeDial-TimeDial-347,144,"There is a two-person dialogue with several options.
Choose all appropriate options to substitute the <mask> in the dialogue, and each question has at least one correct option.
Dialogue: Person1:How can I help you ?
Person2: Yes , I am James Mason from Anderson and Associates . I would like to see Mr . Smith .
Person1: Do you have an appointment ?
Person2: Yes , he knows I'm coming . Our meeting is set for <MASK> .
Person1: I wonder if Mr . Smith forgot your meeting . I am afraid he left this office this morning and is not expected back until after 4 pm . Let me find out if he made arrangements for someone else to meet with you in his place . Will you please have a seat ?
Person2: Sure .
Person1: Yes , Mr . Mason , I just checked with our office manager , Ms . Terry , she said Mr . Smith briefed her on your project . She is just finishing up a meeting now . She could be with your shortly . Would you like me to show you around while you are waiting ?
Person2: That would be very nice . Thank you .
Person1: Right this way , Mr . Mason . We can start with our front office . When Ms . Terry is ready , you may take the elevator at the front to the 6th floor . There is a conference room already prepared
Options: A. 7:00 PM 
B. 2 o'clock
C. 11:00 am 
D. 12:00 AM 

","There is a two-person dialogue with several options.
Choose all appropriate options to substitute the <mask> in the dialogue, and each question has at least one correct option.
Dialogue: Person1:How can I help you ?
Person2: Yes , I am James Mason from Anderson and Associates . I would like to see Mr . Smith .
Person1: Do you have an appointment ?
Person2: Yes , he knows I'm coming . Our meeting is set for <MASK> .
Person1: I wonder if Mr . Smith forgot your meeting . I am afraid he left this office this morning and is not expected back until after 4 pm . Let me find out if he made arrangements for someone else to meet with you in his place . Will you please have a seat ?
Person2: Sure .
Person1: Yes , Mr . Mason , I just checked with our office manager , Ms . Terry , she said Mr . Smith briefed her on your project . She is just finishing up a meeting now . She could be with your shortly . Would you like me to show you around while you are waiting ?
Person2: That would be very nice . Thank you .
Person1: Right this way , Mr . Mason . We can start with our front office . When Ms . Terry is ready , you may take the elevator at the front to the 6th floor . There is a conference room already prepared
Options: A. 7:00 PM 
B. 2 o'clock
C. 11:00 am 
D. 12:00 AM 

Let's think step by step before providing your final answer. However, you must conclude your assessment with the statement: 'Thus, the correct answer is: X', where 'X' is simply the solution you've determined to be correct. Note that there may be more than one correct option, in which case you must list them all.",B. 2 o'clock && C. 11:00 am ,1
TimeBench,TimeDial,TimeDial,MC,TimeDial-TimeDial-339,829,"There is a two-person dialogue with several options.
Choose all appropriate options to substitute the <mask> in the dialogue, and each question has at least one correct option.
Dialogue: Person1:Good morning , Miss Monica . Nice to meet you again !
Person2: Good morning , Mr . Thomas , it is nice to see you too .
Person1: After the internal discussion , we have all agreed that you are the most suitable person for this position among all the candidates . So , today let ' s talk about your expected salary and social benefits . What is your expected salary ?
Person2: I ' Ve worked in the field for more than 4 years . Depend on my work qualifications and experience , I would like to have 5000 Yuan to start .
Person1: The basic salary for this position in our company would be 4800 Yuan to start with increases giving according to your performance .
Person2: It is a bit lower than I expected . But I can accept that . What are the working hours ?
Person1: 40 hours a week , Monday to Friday , 9 AM to 5 PM with <MASK> lunch break every day ..
Person2: Do I have to work on weekend ? If so , how do you pay for the overtime ?
Person1: We do expect overtime work when it is necessary , but we pay twice of the work hour for working on weekends and three times for working on national holidays like Spring Festival and the Mid-Autumn Day .
Person2: Is there probation ?
Person1: No probation is involved . If you feel good , you can start next week .

Options: A. 5 hours
B. one hour
C. 40 hours
D. 45 minutes

","There is a two-person dialogue with several options.
Choose all appropriate options to substitute the <mask> in the dialogue, and each question has at least one correct option.
Dialogue: Person1:Good morning , Miss Monica . Nice to meet you again !
Person2: Good morning , Mr . Thomas , it is nice to see you too .
Person1: After the internal discussion , we have all agreed that you are the most suitable person for this position among all the candidates . So , today let ' s talk about your expected salary and social benefits . What is your expected salary ?
Person2: I ' Ve worked in the field for more than 4 years . Depend on my work qualifications and experience , I would like to have 5000 Yuan to start .
Person1: The basic salary for this position in our company would be 4800 Yuan to start with increases giving according to your performance .
Person2: It is a bit lower than I expected . But I can accept that . What are the working hours ?
Person1: 40 hours a week , Monday to Friday , 9 AM to 5 PM with <MASK> lunch break every day ..
Person2: Do I have to work on weekend ? If so , how do you pay for the overtime ?
Person1: We do expect overtime work when it is necessary , but we pay twice of the work hour for working on weekends and three times for working on national holidays like Spring Festival and the Mid-Autumn Day .
Person2: Is there probation ?
Person1: No probation is involved . If you feel good , you can start next week .

Options: A. 5 hours
B. one hour
C. 40 hours
D. 45 minutes

Let's think step by step before providing your final answer. However, you must conclude your assessment with the statement: 'Thus, the correct answer is: X', where 'X' is simply the solution you've determined to be correct. Note that there may be more than one correct option, in which case you must list them all.",B. one hour && D. 45 minutes,1
TimeBench,TimeDial,TimeDial,MC,TimeDial-TimeDial-159,930,"There is a two-person dialogue with several options.
Choose all appropriate options to substitute the <mask> in the dialogue, and each question has at least one correct option.
Dialogue: Person1:I think I've looked everywhere , but I haven't seen a swimming pool here .
Person2: This hotel has no full-size pool , but we do have swim stations in our gym .
Person1: Swim stations ? Whoever heard of such a thing ?
Person2: You swim in a swim station just like you run on a treadmill .
Person1: All that exercise in a little pool ! Do I have to pay anything ?
Person2: The swim stations are available to all guests for no charge .
Person1: Very good . Now can you tell me the hours of operation ?
Person2: They're available anytime between 7 a . m . and 10 p . m . , <MASK> a week .
Person1: Wow ! I can't wait to change into my trunks !
Person2: The swim stations are very popular , sir . I hope you don't find a line down there .

Options: A. 7 seconds
B. 10 hours
C. six days 
D. seven days

","There is a two-person dialogue with several options.
Choose all appropriate options to substitute the <mask> in the dialogue, and each question has at least one correct option.
Dialogue: Person1:I think I've looked everywhere , but I haven't seen a swimming pool here .
Person2: This hotel has no full-size pool , but we do have swim stations in our gym .
Person1: Swim stations ? Whoever heard of such a thing ?
Person2: You swim in a swim station just like you run on a treadmill .
Person1: All that exercise in a little pool ! Do I have to pay anything ?
Person2: The swim stations are available to all guests for no charge .
Person1: Very good . Now can you tell me the hours of operation ?
Person2: They're available anytime between 7 a . m . and 10 p . m . , <MASK> a week .
Person1: Wow ! I can't wait to change into my trunks !
Person2: The swim stations are very popular , sir . I hope you don't find a line down there .

Options: A. 7 seconds
B. 10 hours
C. six days 
D. seven days

Let's think step by step before providing your final answer. However, you must conclude your assessment with the statement: 'Thus, the correct answer is: X', where 'X' is simply the solution you've determined to be correct. Note that there may be more than one correct option, in which case you must list them all.",C. six days  && D. seven days,1
TimeBench,TimeDial,TimeDial,MC,TimeDial-TimeDial-394,300,"There is a two-person dialogue with several options.
Choose all appropriate options to substitute the <mask> in the dialogue, and each question has at least one correct option.
Dialogue: Person1:Excuse me , driver , you have kept us waiting for 15 minutes . Can't we start the tour right now ?
Person2: I am sorry , sir , there are still 5 minutes remaining ... OK , it's time . We will take a roll call before starting the fantasy sightseeing .
Person1: Finally . How long does the tour last ?
Person2: For <MASK> . Enjoy your trip .
Options: A. about 4 hours
B. about 3 hours
C. about 5 minutes
D. about 15 days

","There is a two-person dialogue with several options.
Choose all appropriate options to substitute the <mask> in the dialogue, and each question has at least one correct option.
Dialogue: Person1:Excuse me , driver , you have kept us waiting for 15 minutes . Can't we start the tour right now ?
Person2: I am sorry , sir , there are still 5 minutes remaining ... OK , it's time . We will take a roll call before starting the fantasy sightseeing .
Person1: Finally . How long does the tour last ?
Person2: For <MASK> . Enjoy your trip .
Options: A. about 4 hours
B. about 3 hours
C. about 5 minutes
D. about 15 days

Let's think step by step before providing your final answer. However, you must conclude your assessment with the statement: 'Thus, the correct answer is: X', where 'X' is simply the solution you've determined to be correct. Note that there may be more than one correct option, in which case you must list them all.",A. about 4 hours && B. about 3 hours,1
TimeBench,TimeDial,TimeDial,MC,TimeDial-TimeDial-104,782,"There is a two-person dialogue with several options.
Choose all appropriate options to substitute the <mask> in the dialogue, and each question has at least one correct option.
Dialogue: Person1:Even with volume sales our costs for the Exec User won't go down much .
Person2: Just what are you proposing ?
Person1: We could take a cut on the price . But 25 % would reduce much our profit margin . We suggest a compromise 10 % .
Person2: That's a big change from 25 % ! 10 % is beyond my negotiating limit . Any other ideas ?
Person1: I don't think I can change it right now . Why don't we talk again tomorrow ?
Person2: Sure . I have to talk to my office anyway . I hope we can find some common ground on this .
Person1: Robert , I have been instructed to reject the numbers you proposed , but we can try to come up with something else .
Person2: I hope so , Dana . My instructions are to negotiate hard on this deal , but I'm trying very hard to reach some middle ground .
Person1: I understand . We propose a structured deal . For the first six months , we get a discount of 20 % and <MASK> we get 15 % .
Person2: Dana . I can't bring those numbers back to my office , they'll turn it down flat .
Person1: Then you'll have to think of something better , Robert .

Options: A. the next six months
B. the next 25 years
C. the next 10 days
D. the next one year

","There is a two-person dialogue with several options.
Choose all appropriate options to substitute the <mask> in the dialogue, and each question has at least one correct option.
Dialogue: Person1:Even with volume sales our costs for the Exec User won't go down much .
Person2: Just what are you proposing ?
Person1: We could take a cut on the price . But 25 % would reduce much our profit margin . We suggest a compromise 10 % .
Person2: That's a big change from 25 % ! 10 % is beyond my negotiating limit . Any other ideas ?
Person1: I don't think I can change it right now . Why don't we talk again tomorrow ?
Person2: Sure . I have to talk to my office anyway . I hope we can find some common ground on this .
Person1: Robert , I have been instructed to reject the numbers you proposed , but we can try to come up with something else .
Person2: I hope so , Dana . My instructions are to negotiate hard on this deal , but I'm trying very hard to reach some middle ground .
Person1: I understand . We propose a structured deal . For the first six months , we get a discount of 20 % and <MASK> we get 15 % .
Person2: Dana . I can't bring those numbers back to my office , they'll turn it down flat .
Person1: Then you'll have to think of something better , Robert .

Options: A. the next six months
B. the next 25 years
C. the next 10 days
D. the next one year

Let's think step by step before providing your final answer. However, you must conclude your assessment with the statement: 'Thus, the correct answer is: X', where 'X' is simply the solution you've determined to be correct. Note that there may be more than one correct option, in which case you must list them all.",A. the next six months && D. the next one year,1
TimeBench,TimeDial,TimeDial,MC,TimeDial-TimeDial-82,348,"There is a two-person dialogue with several options.
Choose all appropriate options to substitute the <mask> in the dialogue, and each question has at least one correct option.
Dialogue: Person1:Why should I buy this MD player ?
Person2: Well , it has a lithium battery that lasts for 24 hours and it has a <MASK> anti-skip mode for when you're playing sports .
Person1: What else ?
Person2: Using MP3 mode , you can download about 10 hours of music from either your CD player , or your computer's hard disk onto one mini-disk .
Person1: But how's the sound quality ?
Person2: You can choose from several play modes , or you can use the full-spectrum equalization , 3 D mode and Mega Bass features . We rec-ommend using it with the studio monitor headphones .
Person1: Is that it ?
Person2: It's ultra-compact , it has a brushed , titanium metal body and a rubber shock-proof , weather-proof case with a belt clip .
Options: A. 24 hours
B. 60 second
C. 10 hours
D. 160 second

","There is a two-person dialogue with several options.
Choose all appropriate options to substitute the <mask> in the dialogue, and each question has at least one correct option.
Dialogue: Person1:Why should I buy this MD player ?
Person2: Well , it has a lithium battery that lasts for 24 hours and it has a <MASK> anti-skip mode for when you're playing sports .
Person1: What else ?
Person2: Using MP3 mode , you can download about 10 hours of music from either your CD player , or your computer's hard disk onto one mini-disk .
Person1: But how's the sound quality ?
Person2: You can choose from several play modes , or you can use the full-spectrum equalization , 3 D mode and Mega Bass features . We rec-ommend using it with the studio monitor headphones .
Person1: Is that it ?
Person2: It's ultra-compact , it has a brushed , titanium metal body and a rubber shock-proof , weather-proof case with a belt clip .
Options: A. 24 hours
B. 60 second
C. 10 hours
D. 160 second

Let's think step by step before providing your final answer. However, you must conclude your assessment with the statement: 'Thus, the correct answer is: X', where 'X' is simply the solution you've determined to be correct. Note that there may be more than one correct option, in which case you must list them all.",B. 60 second && D. 160 second,1
TimeBench,TimeDial,TimeDial,MC,TimeDial-TimeDial-315,742,"There is a two-person dialogue with several options.
Choose all appropriate options to substitute the <mask> in the dialogue, and each question has at least one correct option.
Dialogue: Person1:this is the route I thought we could take on our hike on Saturday afternoon .
Person2: how long is it altogether ?
Person1: it ' s about six or seven miles . That ' s about the kilometers .
Person2: that sounds OK . So , we start here at the car park and walk along the path to the waterfall .
Person1: right . Then we turn left and walk up this small hill . The view from the top of the hill is worth the climb . We can eat a snack there .
Person2: then we will follow this path down the hill to the old church .
Person1: we can spend a few minutes looking around the church . Then , we turn right and walk along this path .
Person2: this path leads to the cave . Can we look inside the cave ?
Person1: yes , we can , but it isn ' t very interesting .
Person2: then we turn south and come back to the car park along this path .
Person1: that ' s right .
Person2: how long do you think it will take us to complete the walk ?
Person1: I think it will take <MASK> , including breaks .
Person2: that ' s fine . Are there signposts along the way , in case we get lost ?
Person1: yes , there are . They tell use which way to go and how far we have to walk .

Options: A. about four hours
B. a few minutes
C. about ten hours
D. about three hours

","There is a two-person dialogue with several options.
Choose all appropriate options to substitute the <mask> in the dialogue, and each question has at least one correct option.
Dialogue: Person1:this is the route I thought we could take on our hike on Saturday afternoon .
Person2: how long is it altogether ?
Person1: it ' s about six or seven miles . That ' s about the kilometers .
Person2: that sounds OK . So , we start here at the car park and walk along the path to the waterfall .
Person1: right . Then we turn left and walk up this small hill . The view from the top of the hill is worth the climb . We can eat a snack there .
Person2: then we will follow this path down the hill to the old church .
Person1: we can spend a few minutes looking around the church . Then , we turn right and walk along this path .
Person2: this path leads to the cave . Can we look inside the cave ?
Person1: yes , we can , but it isn ' t very interesting .
Person2: then we turn south and come back to the car park along this path .
Person1: that ' s right .
Person2: how long do you think it will take us to complete the walk ?
Person1: I think it will take <MASK> , including breaks .
Person2: that ' s fine . Are there signposts along the way , in case we get lost ?
Person1: yes , there are . They tell use which way to go and how far we have to walk .

Options: A. about four hours
B. a few minutes
C. about ten hours
D. about three hours

Let's think step by step before providing your final answer. However, you must conclude your assessment with the statement: 'Thus, the correct answer is: X', where 'X' is simply the solution you've determined to be correct. Note that there may be more than one correct option, in which case you must list them all.",A. about four hours && D. about three hours,1
TimeBench,TimeDial,TimeDial,MC,TimeDial-TimeDial-470,610,"There is a two-person dialogue with several options.
Choose all appropriate options to substitute the <mask> in the dialogue, and each question has at least one correct option.
Dialogue: Person1:You are quite busy every day .
Person2: Yes . Work starts at eight and I arrive home after six .
Person1: So you have to work all day .
Person2: I can take a break at lunch time , but it is only <MASK> .
Person1: I see you sometimes work on weekends , too .
Person2: Yes , I really don't like it .

Options: A. 2 minutes 
B. 6 hours 
C. 30 minutes
D. 45 minutes 

","There is a two-person dialogue with several options.
Choose all appropriate options to substitute the <mask> in the dialogue, and each question has at least one correct option.
Dialogue: Person1:You are quite busy every day .
Person2: Yes . Work starts at eight and I arrive home after six .
Person1: So you have to work all day .
Person2: I can take a break at lunch time , but it is only <MASK> .
Person1: I see you sometimes work on weekends , too .
Person2: Yes , I really don't like it .

Options: A. 2 minutes 
B. 6 hours 
C. 30 minutes
D. 45 minutes 

Let's think step by step before providing your final answer. However, you must conclude your assessment with the statement: 'Thus, the correct answer is: X', where 'X' is simply the solution you've determined to be correct. Note that there may be more than one correct option, in which case you must list them all.",C. 30 minutes && D. 45 minutes ,1
TimeBench,TimeDial,TimeDial,MC,TimeDial-TimeDial-297,1194,"There is a two-person dialogue with several options.
Choose all appropriate options to substitute the <mask> in the dialogue, and each question has at least one correct option.
Dialogue: Person1:Welcome to IBA . What can we do for you ?
Person2: It's a bit of a problem situation , actually ... you see , our company has a Corporate Account with you , but unfortunately , we've been experiencing cash flow problems recently .
Person1: I'm sorry to hear that . We value all of our customers , regardless of circumstances . What can we do to help ?
Person2: We are going to need a loan . I'm not sure what loan is suitable for us , though .
Person1: If you think it will be very short-term , I would recommend you go with the <MASK> loan . Then it can be paid back quicker , so you won't have to consider it in the future .
Person2: That seems like a good idea , it's for wages , you see .

Options: A. one-day 
B. one-year 
C. 60 - day
D. 30-day 

","There is a two-person dialogue with several options.
Choose all appropriate options to substitute the <mask> in the dialogue, and each question has at least one correct option.
Dialogue: Person1:Welcome to IBA . What can we do for you ?
Person2: It's a bit of a problem situation , actually ... you see , our company has a Corporate Account with you , but unfortunately , we've been experiencing cash flow problems recently .
Person1: I'm sorry to hear that . We value all of our customers , regardless of circumstances . What can we do to help ?
Person2: We are going to need a loan . I'm not sure what loan is suitable for us , though .
Person1: If you think it will be very short-term , I would recommend you go with the <MASK> loan . Then it can be paid back quicker , so you won't have to consider it in the future .
Person2: That seems like a good idea , it's for wages , you see .

Options: A. one-day 
B. one-year 
C. 60 - day
D. 30-day 

Let's think step by step before providing your final answer. However, you must conclude your assessment with the statement: 'Thus, the correct answer is: X', where 'X' is simply the solution you've determined to be correct. Note that there may be more than one correct option, in which case you must list them all.",C. 60 - day && D. 30-day ,1
TimeBench,TimeDial,TimeDial,MC,TimeDial-TimeDial-417,915,"There is a two-person dialogue with several options.
Choose all appropriate options to substitute the <mask> in the dialogue, and each question has at least one correct option.
Dialogue: Person1:Hello , Anna . Come in and sit down .
Person2: Hello , doctor .
Person1: What's the matter ?
Person2: I've got a backache .
Person1: Do you often suffer from backache ?
Person2: No , I don't . I've never had a bad one before .
Person1: When did it start ?
Person2: About four days ago .
Person1: Well , go home and rest in bed for two days , then you'll feel better .
Person2: Can you give me some medicine ? It's very painful .
Person1: Yes , I'll give you some pills . Take one a time and three times a day , and come back in <MASK> . If you don't feel ...

Options: A. five days
B. two seconds
C. three days
D. four months

","There is a two-person dialogue with several options.
Choose all appropriate options to substitute the <mask> in the dialogue, and each question has at least one correct option.
Dialogue: Person1:Hello , Anna . Come in and sit down .
Person2: Hello , doctor .
Person1: What's the matter ?
Person2: I've got a backache .
Person1: Do you often suffer from backache ?
Person2: No , I don't . I've never had a bad one before .
Person1: When did it start ?
Person2: About four days ago .
Person1: Well , go home and rest in bed for two days , then you'll feel better .
Person2: Can you give me some medicine ? It's very painful .
Person1: Yes , I'll give you some pills . Take one a time and three times a day , and come back in <MASK> . If you don't feel ...

Options: A. five days
B. two seconds
C. three days
D. four months

Let's think step by step before providing your final answer. However, you must conclude your assessment with the statement: 'Thus, the correct answer is: X', where 'X' is simply the solution you've determined to be correct. Note that there may be more than one correct option, in which case you must list them all.",A. five days && C. three days,1
TimeBench,TimeDial,TimeDial,MC,TimeDial-TimeDial-147,817,"There is a two-person dialogue with several options.
Choose all appropriate options to substitute the <mask> in the dialogue, and each question has at least one correct option.
Dialogue: Person1:Is there anything I can do for you ?
Person2: Yes , I joined your group of bus tour this morning . You promised the journey will last 3 hours and we will visit 15 sightseeing spots .
Person1: Yes , sir . We promised that .
Person2: But have <MASK> journey .
Person1: Really ? I am sorry , sir . We will look into this matter . Would you please wait a moment here ?

Options: A. one and half hour 
B. 2 - hour
C. 15 seconds 
D. 3 days 

","There is a two-person dialogue with several options.
Choose all appropriate options to substitute the <mask> in the dialogue, and each question has at least one correct option.
Dialogue: Person1:Is there anything I can do for you ?
Person2: Yes , I joined your group of bus tour this morning . You promised the journey will last 3 hours and we will visit 15 sightseeing spots .
Person1: Yes , sir . We promised that .
Person2: But have <MASK> journey .
Person1: Really ? I am sorry , sir . We will look into this matter . Would you please wait a moment here ?

Options: A. one and half hour 
B. 2 - hour
C. 15 seconds 
D. 3 days 

Let's think step by step before providing your final answer. However, you must conclude your assessment with the statement: 'Thus, the correct answer is: X', where 'X' is simply the solution you've determined to be correct. Note that there may be more than one correct option, in which case you must list them all.",A. one and half hour  && B. 2 - hour,1
TimeBench,TimeDial,TimeDial,MC,TimeDial-TimeDial-393,396,"There is a two-person dialogue with several options.
Choose all appropriate options to substitute the <mask> in the dialogue, and each question has at least one correct option.
Dialogue: Person1:Excuse me , is this the right counter for express mail ?
Person2: Yes , it is . What can I do for you ?
Person1: I want to send some important documents to Canada for my postgraduate admission .
Person2: Are they urgent , please ?
Person1: Yes , the deadline for applying is 1st Feb , so I hope they will arrive in 3 days .
Person2: Well , DHL is famous for its speed and reliability . It is the fastest international postal service available . The document will arrive in two or <MASK> .
Person1: Really ? But can you guarantee the safety ?
Person2: Yes , I promise . Your document won't be broken or lost . All the items are handled by special staff and carried by a courier . It is reliable .
Person1: OK . I will send them now .
Person2: Please write the address and remittee on the express order and make sure there is no mistake on them .
Person1: All right . Here you are .
Person2: This is your receipt which you have to keep until the remittee receives the express . You can also check your post on our web . The post number is on the top of the receipt .
Person1: Thank you . I have got quite clear idea of it .

Options: A. three months 
B. three days
C. four seconds 
D. four days 

","There is a two-person dialogue with several options.
Choose all appropriate options to substitute the <mask> in the dialogue, and each question has at least one correct option.
Dialogue: Person1:Excuse me , is this the right counter for express mail ?
Person2: Yes , it is . What can I do for you ?
Person1: I want to send some important documents to Canada for my postgraduate admission .
Person2: Are they urgent , please ?
Person1: Yes , the deadline for applying is 1st Feb , so I hope they will arrive in 3 days .
Person2: Well , DHL is famous for its speed and reliability . It is the fastest international postal service available . The document will arrive in two or <MASK> .
Person1: Really ? But can you guarantee the safety ?
Person2: Yes , I promise . Your document won't be broken or lost . All the items are handled by special staff and carried by a courier . It is reliable .
Person1: OK . I will send them now .
Person2: Please write the address and remittee on the express order and make sure there is no mistake on them .
Person1: All right . Here you are .
Person2: This is your receipt which you have to keep until the remittee receives the express . You can also check your post on our web . The post number is on the top of the receipt .
Person1: Thank you . I have got quite clear idea of it .

Options: A. three months 
B. three days
C. four seconds 
D. four days 

Let's think step by step before providing your final answer. However, you must conclude your assessment with the statement: 'Thus, the correct answer is: X', where 'X' is simply the solution you've determined to be correct. Note that there may be more than one correct option, in which case you must list them all.",B. three days && D. four days ,1
TimeBench,TimeDial,TimeDial,MC,TimeDial-TimeDial-148,640,"There is a two-person dialogue with several options.
Choose all appropriate options to substitute the <mask> in the dialogue, and each question has at least one correct option.
Dialogue: Person1:When can we expect you for dinner ? Can you come tonight ?
Person2: Not tonight . I promised to go to a concert with my sister .
Person1: Well ... How about Friday then ?
Person2: That sounds fine .
Person1: Good . Shall we say <MASK> ?
Person2: I'll be there . You're still a fabulous cook , aren't you ?
Person1: That'll be for you to decide . I've got a new dish that I want to try out on you .
Person2: I'm ready . I'll look forward to it all Friday !

Options: A. Six o'clock
B. Twelve o'clock
C. One o'clock
D. seven o'clock

","There is a two-person dialogue with several options.
Choose all appropriate options to substitute the <mask> in the dialogue, and each question has at least one correct option.
Dialogue: Person1:When can we expect you for dinner ? Can you come tonight ?
Person2: Not tonight . I promised to go to a concert with my sister .
Person1: Well ... How about Friday then ?
Person2: That sounds fine .
Person1: Good . Shall we say <MASK> ?
Person2: I'll be there . You're still a fabulous cook , aren't you ?
Person1: That'll be for you to decide . I've got a new dish that I want to try out on you .
Person2: I'm ready . I'll look forward to it all Friday !

Options: A. Six o'clock
B. Twelve o'clock
C. One o'clock
D. seven o'clock

Let's think step by step before providing your final answer. However, you must conclude your assessment with the statement: 'Thus, the correct answer is: X', where 'X' is simply the solution you've determined to be correct. Note that there may be more than one correct option, in which case you must list them all.",A. Six o'clock && D. seven o'clock,1
TimeBench,TimeDial,TimeDial,MC,TimeDial-TimeDial-288,1158,"There is a two-person dialogue with several options.
Choose all appropriate options to substitute the <mask> in the dialogue, and each question has at least one correct option.
Dialogue: Person1:Excuse me . Where is Q-Duck ? I remember it was around the second intersection of this street .
Person2: Q-Duck ? Do you mean the famous roast-duck store ?
Person1: Yes , definitely .
Person2: They have moved to some other places long time ago .
Person1: Wow , this place is quite different from <MASK> when I first came to China .
Person2: Yeah , a lot of changes have happened here .
Person1: This street used to have few stores . But now , you can see supermarkets , shopping malls and department stores everywhere .
Person2: Yeah , they are my wife's heaven , but not mine . I always get lost in the supermarket .
Person1: Me too ! I was lost three times ten years ago . There were no English directions then .
Person2: Is that better now ?
Person1: Yeah , there are many English signs , and wrong spellings as many as them .

Options: A. Fours hours
B. Five days
C. Nine years ago
D. ten years ago

","There is a two-person dialogue with several options.
Choose all appropriate options to substitute the <mask> in the dialogue, and each question has at least one correct option.
Dialogue: Person1:Excuse me . Where is Q-Duck ? I remember it was around the second intersection of this street .
Person2: Q-Duck ? Do you mean the famous roast-duck store ?
Person1: Yes , definitely .
Person2: They have moved to some other places long time ago .
Person1: Wow , this place is quite different from <MASK> when I first came to China .
Person2: Yeah , a lot of changes have happened here .
Person1: This street used to have few stores . But now , you can see supermarkets , shopping malls and department stores everywhere .
Person2: Yeah , they are my wife's heaven , but not mine . I always get lost in the supermarket .
Person1: Me too ! I was lost three times ten years ago . There were no English directions then .
Person2: Is that better now ?
Person1: Yeah , there are many English signs , and wrong spellings as many as them .

Options: A. Fours hours
B. Five days
C. Nine years ago
D. ten years ago

Let's think step by step before providing your final answer. However, you must conclude your assessment with the statement: 'Thus, the correct answer is: X', where 'X' is simply the solution you've determined to be correct. Note that there may be more than one correct option, in which case you must list them all.",C. Nine years ago && D. ten years ago,1
TimeBench,TimeDial,TimeDial,MC,TimeDial-TimeDial-124,1307,"There is a two-person dialogue with several options.
Choose all appropriate options to substitute the <mask> in the dialogue, and each question has at least one correct option.
Dialogue: Person1:How's Jimmy today ?
Person2: Better , thank you , doctor .
Person1: Can I see him please , Mrs Williams ?
Person2: Certainly , doctor . Come upstairs .
Person1: You look very well , Jimmy . You are better now , but you mustn't get up yet.You must stay in bed for another two days.The boy mustn't go to school yet , Mrs Williams . And he mustn't eat rich food .
Person2: Does he have a temperature , doctor ?
Person1: No , he doesn ' t .
Person2: Must he stay in bed ?
Person1: Yes . He must remain in bed for <MASK> . He can get up for about two hours each day , but you must keep the room warm . Where's Mr Williams this evening ?
Person2: He's in bed , doctor . Can you see him , please ? He has a bad cold , too !

Options: A. another two minutes
B. another two days
C. another three days
D. another two years

","There is a two-person dialogue with several options.
Choose all appropriate options to substitute the <mask> in the dialogue, and each question has at least one correct option.
Dialogue: Person1:How's Jimmy today ?
Person2: Better , thank you , doctor .
Person1: Can I see him please , Mrs Williams ?
Person2: Certainly , doctor . Come upstairs .
Person1: You look very well , Jimmy . You are better now , but you mustn't get up yet.You must stay in bed for another two days.The boy mustn't go to school yet , Mrs Williams . And he mustn't eat rich food .
Person2: Does he have a temperature , doctor ?
Person1: No , he doesn ' t .
Person2: Must he stay in bed ?
Person1: Yes . He must remain in bed for <MASK> . He can get up for about two hours each day , but you must keep the room warm . Where's Mr Williams this evening ?
Person2: He's in bed , doctor . Can you see him , please ? He has a bad cold , too !

Options: A. another two minutes
B. another two days
C. another three days
D. another two years

Let's think step by step before providing your final answer. However, you must conclude your assessment with the statement: 'Thus, the correct answer is: X', where 'X' is simply the solution you've determined to be correct. Note that there may be more than one correct option, in which case you must list them all.",B. another two days && C. another three days,1
TimeBench,TimeDial,TimeDial,MC,TimeDial-TimeDial-369,537,"There is a two-person dialogue with several options.
Choose all appropriate options to substitute the <mask> in the dialogue, and each question has at least one correct option.
Dialogue: Person1:What can I do for you today ?
Person2: I need to return a book .
Person1: Can I do anything else for you ?
Person2: I want to check these books out .
Person1: Is that all ?
Person2: That ' s all .
Person1: May I see your library card , please ?
Person2: It ' s right here .
Person1: Will that be all for today ?
Person2: Yes . That ' s it .
Person1: These are due back in <MASK> .
Person2: All right . Have a good night .

Options: A. today 
B. one week 
C. 6 months 
D. two weeks

","There is a two-person dialogue with several options.
Choose all appropriate options to substitute the <mask> in the dialogue, and each question has at least one correct option.
Dialogue: Person1:What can I do for you today ?
Person2: I need to return a book .
Person1: Can I do anything else for you ?
Person2: I want to check these books out .
Person1: Is that all ?
Person2: That ' s all .
Person1: May I see your library card , please ?
Person2: It ' s right here .
Person1: Will that be all for today ?
Person2: Yes . That ' s it .
Person1: These are due back in <MASK> .
Person2: All right . Have a good night .

Options: A. today 
B. one week 
C. 6 months 
D. two weeks

Let's think step by step before providing your final answer. However, you must conclude your assessment with the statement: 'Thus, the correct answer is: X', where 'X' is simply the solution you've determined to be correct. Note that there may be more than one correct option, in which case you must list them all.",B. one week  && D. two weeks,1
TimeBench,TimeDial,TimeDial,MC,TimeDial-TimeDial-97,1106,"There is a two-person dialogue with several options.
Choose all appropriate options to substitute the <mask> in the dialogue, and each question has at least one correct option.
Dialogue: Person1:Hello , Anna speaking !
Person2: Hey , Anna , this is Jason .
Person1: Jason , where have you been hiding lately ? You know it's been a long time since your last call . Have you been good ?
Person2: Yes . How are you , Anna ?
Person1: I am fine . What have you been doing ?
Person2: Working . I've been really busy these days . I got a promotion .
Person1: That's great , congratulations !
Person2: Thanks . I am feeling pretty good about myself too . You know , bigger office , a raise and even an assistant .
Person1: That's good . So I guess I'll have to make an appointment to see you .
Person2: You are kidding .
Person1: How long have you been working there ?
Person2: A bit over <MASK> . This is a fast-moving company , and seniority isn ' t the only factor in deciding promotions .
Person1: How do you like your new boss ?
Person2: She is very nice and open-minded .
Person1: Much better than the last one , huh ?
Person2: Yeah . He was a real slave driver . He probably would have loved it if we were robots .
Person1: Forget about him . Come over to my house tonight . Let's get drunk .
Person2: Good . Tonight 8 o'clock .
Person1: 8 it is . See you then .
Person2: Bye .

Options: A. 8 weeks
B. three years
C. two years
D. four days

","There is a two-person dialogue with several options.
Choose all appropriate options to substitute the <mask> in the dialogue, and each question has at least one correct option.
Dialogue: Person1:Hello , Anna speaking !
Person2: Hey , Anna , this is Jason .
Person1: Jason , where have you been hiding lately ? You know it's been a long time since your last call . Have you been good ?
Person2: Yes . How are you , Anna ?
Person1: I am fine . What have you been doing ?
Person2: Working . I've been really busy these days . I got a promotion .
Person1: That's great , congratulations !
Person2: Thanks . I am feeling pretty good about myself too . You know , bigger office , a raise and even an assistant .
Person1: That's good . So I guess I'll have to make an appointment to see you .
Person2: You are kidding .
Person1: How long have you been working there ?
Person2: A bit over <MASK> . This is a fast-moving company , and seniority isn ' t the only factor in deciding promotions .
Person1: How do you like your new boss ?
Person2: She is very nice and open-minded .
Person1: Much better than the last one , huh ?
Person2: Yeah . He was a real slave driver . He probably would have loved it if we were robots .
Person1: Forget about him . Come over to my house tonight . Let's get drunk .
Person2: Good . Tonight 8 o'clock .
Person1: 8 it is . See you then .
Person2: Bye .

Options: A. 8 weeks
B. three years
C. two years
D. four days

Let's think step by step before providing your final answer. However, you must conclude your assessment with the statement: 'Thus, the correct answer is: X', where 'X' is simply the solution you've determined to be correct. Note that there may be more than one correct option, in which case you must list them all.",B. three years && C. two years,1
TimeBench,TimeDial,TimeDial,MC,TimeDial-TimeDial-144,143,"There is a two-person dialogue with several options.
Choose all appropriate options to substitute the <mask> in the dialogue, and each question has at least one correct option.
Dialogue: Person1:Hi , I ' d like to have my phone turned on , please .
Person2: At what address , sir ?
Person1: 345 Lincoln Avenue . Oklahoma City .
Person2: O . K . Your name please ?
Person1: John Smith .
Person2: One moment please . Very well , Mr . Smith . I need to ask you a few questions .
Person1: Very well .
Person2: The interview will take about 15 minutes , and your phone will be turned on in <MASK> .
Person1: Fifteen minutes ? I ' m sorry , but I ' ll have to call back . I need to get back to work .
Person2: O . K . Mr . Smith . Thanks for calling .
Options: A. 45 seconds 
B. Fifteen minutes 
C. 10 hours 
D. 24 hours

","There is a two-person dialogue with several options.
Choose all appropriate options to substitute the <mask> in the dialogue, and each question has at least one correct option.
Dialogue: Person1:Hi , I ' d like to have my phone turned on , please .
Person2: At what address , sir ?
Person1: 345 Lincoln Avenue . Oklahoma City .
Person2: O . K . Your name please ?
Person1: John Smith .
Person2: One moment please . Very well , Mr . Smith . I need to ask you a few questions .
Person1: Very well .
Person2: The interview will take about 15 minutes , and your phone will be turned on in <MASK> .
Person1: Fifteen minutes ? I ' m sorry , but I ' ll have to call back . I need to get back to work .
Person2: O . K . Mr . Smith . Thanks for calling .
Options: A. 45 seconds 
B. Fifteen minutes 
C. 10 hours 
D. 24 hours

Let's think step by step before providing your final answer. However, you must conclude your assessment with the statement: 'Thus, the correct answer is: X', where 'X' is simply the solution you've determined to be correct. Note that there may be more than one correct option, in which case you must list them all.",C. 10 hours  && D. 24 hours,0
TimeBench,TimeDial,TimeDial,MC,TimeDial-TimeDial-240,548,"There is a two-person dialogue with several options.
Choose all appropriate options to substitute the <mask> in the dialogue, and each question has at least one correct option.
Dialogue: Person1:May I help you ?
Person2: What time will the library be closing ?
Person1: It closes at six .
Person2: Does it always close at six ?
Person1: No , not every day .
Person2: Will the library be open on Saturday ?
Person1: Absolutely .
Person2: What are your hours on Saturday ?
Person1: Saturday ' s hours are from <MASK> to six-thirty at night .
Person2: All right . Thank you .
Person1: What else can I help you with ?
Person2: That ' s it . Thank you .

Options: A. six in the morning 
B. nine in the morning
C. two in the afternoon
D. ten in the morning

","There is a two-person dialogue with several options.
Choose all appropriate options to substitute the <mask> in the dialogue, and each question has at least one correct option.
Dialogue: Person1:May I help you ?
Person2: What time will the library be closing ?
Person1: It closes at six .
Person2: Does it always close at six ?
Person1: No , not every day .
Person2: Will the library be open on Saturday ?
Person1: Absolutely .
Person2: What are your hours on Saturday ?
Person1: Saturday ' s hours are from <MASK> to six-thirty at night .
Person2: All right . Thank you .
Person1: What else can I help you with ?
Person2: That ' s it . Thank you .

Options: A. six in the morning 
B. nine in the morning
C. two in the afternoon
D. ten in the morning

Let's think step by step before providing your final answer. However, you must conclude your assessment with the statement: 'Thus, the correct answer is: X', where 'X' is simply the solution you've determined to be correct. Note that there may be more than one correct option, in which case you must list them all.",B. nine in the morning && D. ten in the morning,1
TimeBench,TimeDial,TimeDial,MC,TimeDial-TimeDial-443,578,"There is a two-person dialogue with several options.
Choose all appropriate options to substitute the <mask> in the dialogue, and each question has at least one correct option.
Dialogue: Person1:I'm too tired now . I've already worked for <MASK> overtime !
Person2: God ! Don't you think they should get you an assistant ?
Person1: Yes , they were supposed to , but so far nobody's turned up , and I have to do the work alone . This is the first break I've had all day .
Person2: They're really running you into the ground . Why don't you ask for some time off ? You could take a long weekend and have a good rest .
Person1: I'm afraid I can't before I finish this project .
Person2: You'd better pay more attention to your health .
Person1: I will , thanks for your concern .
Person2: You're welcome .

Options: A. 2 months
B. 12 hours
C. 13 hours
D. 2 seconds

","There is a two-person dialogue with several options.
Choose all appropriate options to substitute the <mask> in the dialogue, and each question has at least one correct option.
Dialogue: Person1:I'm too tired now . I've already worked for <MASK> overtime !
Person2: God ! Don't you think they should get you an assistant ?
Person1: Yes , they were supposed to , but so far nobody's turned up , and I have to do the work alone . This is the first break I've had all day .
Person2: They're really running you into the ground . Why don't you ask for some time off ? You could take a long weekend and have a good rest .
Person1: I'm afraid I can't before I finish this project .
Person2: You'd better pay more attention to your health .
Person1: I will , thanks for your concern .
Person2: You're welcome .

Options: A. 2 months
B. 12 hours
C. 13 hours
D. 2 seconds

Let's think step by step before providing your final answer. However, you must conclude your assessment with the statement: 'Thus, the correct answer is: X', where 'X' is simply the solution you've determined to be correct. Note that there may be more than one correct option, in which case you must list them all.",B. 12 hours && C. 13 hours,1
TimeBench,TimeDial,TimeDial,MC,TimeDial-TimeDial-408,510,"There is a two-person dialogue with several options.
Choose all appropriate options to substitute the <mask> in the dialogue, and each question has at least one correct option.
Dialogue: Person1:Tom , you're my good friend , right ?
Person2: Sure . What's the matter with you ?
Person1: The exam ! The terrible exam ! I'm not ready yet . Can you tell me how to get good marks ?
Person2: Don't be so nervous ! Relax ! First , sleep early at night . Second , study <MASK> a day after school . Third , don't tire yourself out , but don't be lazy . Will that help ?
Person1: Yes , thank you .

Options: A. ten hours
B. two hours
C. three hours
D. two minutes

","There is a two-person dialogue with several options.
Choose all appropriate options to substitute the <mask> in the dialogue, and each question has at least one correct option.
Dialogue: Person1:Tom , you're my good friend , right ?
Person2: Sure . What's the matter with you ?
Person1: The exam ! The terrible exam ! I'm not ready yet . Can you tell me how to get good marks ?
Person2: Don't be so nervous ! Relax ! First , sleep early at night . Second , study <MASK> a day after school . Third , don't tire yourself out , but don't be lazy . Will that help ?
Person1: Yes , thank you .

Options: A. ten hours
B. two hours
C. three hours
D. two minutes

Let's think step by step before providing your final answer. However, you must conclude your assessment with the statement: 'Thus, the correct answer is: X', where 'X' is simply the solution you've determined to be correct. Note that there may be more than one correct option, in which case you must list them all.",B. two hours && C. three hours,1
TimeBench,TimeDial,TimeDial,MC,TimeDial-TimeDial-123,1366,"There is a two-person dialogue with several options.
Choose all appropriate options to substitute the <mask> in the dialogue, and each question has at least one correct option.
Dialogue: Person1:Good morning . Wilson Association .
Person2: This is Mr Brown speaking . I'd like to speak to Mr . Thomas , please .
Person1: I'm sorry , but Mr.Thomas left the office a few minutes ago .
Person2: That's bad ! I've been trying to call him for <MASK> , but your line has been busy . Will he be back soon ?
Person1: I'm afraid not . He's gone for the rest of the day .
Person2: Is there anywhere I can reach him ?
Person1: I don't believe so . He's going out of town on business . May I take a message ?
Person2: I have a business appointment with him for tomorrow morning at ten o'clock , but I'm afraid I can't make it .
Person1: Would you care to make another appointment ?
Person2: Unfortunately , I'm leaving town rather unexpectedly , and I may be gone for several days .
Person1: I see . I can tell Mr.Thomas that you phoned .
Person2: Thank you .
Person1: Bye-bye .

Options: A. the last ten minutes
B. last ten days
C. several days
D. The last five minutes

","There is a two-person dialogue with several options.
Choose all appropriate options to substitute the <mask> in the dialogue, and each question has at least one correct option.
Dialogue: Person1:Good morning . Wilson Association .
Person2: This is Mr Brown speaking . I'd like to speak to Mr . Thomas , please .
Person1: I'm sorry , but Mr.Thomas left the office a few minutes ago .
Person2: That's bad ! I've been trying to call him for <MASK> , but your line has been busy . Will he be back soon ?
Person1: I'm afraid not . He's gone for the rest of the day .
Person2: Is there anywhere I can reach him ?
Person1: I don't believe so . He's going out of town on business . May I take a message ?
Person2: I have a business appointment with him for tomorrow morning at ten o'clock , but I'm afraid I can't make it .
Person1: Would you care to make another appointment ?
Person2: Unfortunately , I'm leaving town rather unexpectedly , and I may be gone for several days .
Person1: I see . I can tell Mr.Thomas that you phoned .
Person2: Thank you .
Person1: Bye-bye .

Options: A. the last ten minutes
B. last ten days
C. several days
D. The last five minutes

Let's think step by step before providing your final answer. However, you must conclude your assessment with the statement: 'Thus, the correct answer is: X', where 'X' is simply the solution you've determined to be correct. Note that there may be more than one correct option, in which case you must list them all.",A. the last ten minutes && D. The last five minutes,1
TimeBench,TimeDial,TimeDial,MC,TimeDial-TimeDial-203,850,"There is a two-person dialogue with several options.
Choose all appropriate options to substitute the <mask> in the dialogue, and each question has at least one correct option.
Dialogue: Person1:Sally , you look so corporate ! What interview do you have today ?
Person2: Amalgamated Trading Company . It's Swiss . Don't you think working at a foreign company would be glamorous ?
Person1: Yeah , I guess so . I've never actually heard of this one , but ...
Person2: Well , it's small , but it's a young , dynamic , rapidly-growing company with a progressive , humanistic philosophy .
Person1: You didn't read their brochure or anything , did you ?
Person2: Four times . I'm totally prepared . Oh , no ! I forgot to take off my nail polish ! And I have to be there in <MASK> ! That's it . I blew it .
Person1: Well , they are progressive and humanistic-maybe they don't care about nail polish ... uh ... even blue nail polish . Just keep your confidence up and you'll do great .
Person2: But the competition is fierce this year ... and it seems like I'm the only one left who hasn't found a job .
Person1: Not quite the only one . I really wanted that job at the magazine , but I still haven't heard from them .

Options: A. 15 minutes
B. 30 minutes
C. one month
D. four days

","There is a two-person dialogue with several options.
Choose all appropriate options to substitute the <mask> in the dialogue, and each question has at least one correct option.
Dialogue: Person1:Sally , you look so corporate ! What interview do you have today ?
Person2: Amalgamated Trading Company . It's Swiss . Don't you think working at a foreign company would be glamorous ?
Person1: Yeah , I guess so . I've never actually heard of this one , but ...
Person2: Well , it's small , but it's a young , dynamic , rapidly-growing company with a progressive , humanistic philosophy .
Person1: You didn't read their brochure or anything , did you ?
Person2: Four times . I'm totally prepared . Oh , no ! I forgot to take off my nail polish ! And I have to be there in <MASK> ! That's it . I blew it .
Person1: Well , they are progressive and humanistic-maybe they don't care about nail polish ... uh ... even blue nail polish . Just keep your confidence up and you'll do great .
Person2: But the competition is fierce this year ... and it seems like I'm the only one left who hasn't found a job .
Person1: Not quite the only one . I really wanted that job at the magazine , but I still haven't heard from them .

Options: A. 15 minutes
B. 30 minutes
C. one month
D. four days

Let's think step by step before providing your final answer. However, you must conclude your assessment with the statement: 'Thus, the correct answer is: X', where 'X' is simply the solution you've determined to be correct. Note that there may be more than one correct option, in which case you must list them all.",A. 15 minutes && B. 30 minutes,1
TimeBench,TimeDial,TimeDial,MC,TimeDial-TimeDial-247,1295,"There is a two-person dialogue with several options.
Choose all appropriate options to substitute the <mask> in the dialogue, and each question has at least one correct option.
Dialogue: Person1:Hello , Anna . Come in and sit down .
Person2: Hello , doctor .
Person1: What's the matter ?
Person2: I've got a backache .
Person1: Do you often suffer from backache ?
Person2: No , I don't . I've never had a bad one before .
Person1: When did it start ?
Person2: About four days ago .
Person1: Well , go home and rest in bed for <MASK> , then you'll feel better .
Person2: Can you give me some medicine ? It's very painful .
Person1: Yes , I'll give you some pills . Take one a time and three times a day , and come back in three days . If you don't feel ...

Options: A. three minutes
B. five days
C. four years
D. two days

","There is a two-person dialogue with several options.
Choose all appropriate options to substitute the <mask> in the dialogue, and each question has at least one correct option.
Dialogue: Person1:Hello , Anna . Come in and sit down .
Person2: Hello , doctor .
Person1: What's the matter ?
Person2: I've got a backache .
Person1: Do you often suffer from backache ?
Person2: No , I don't . I've never had a bad one before .
Person1: When did it start ?
Person2: About four days ago .
Person1: Well , go home and rest in bed for <MASK> , then you'll feel better .
Person2: Can you give me some medicine ? It's very painful .
Person1: Yes , I'll give you some pills . Take one a time and three times a day , and come back in three days . If you don't feel ...

Options: A. three minutes
B. five days
C. four years
D. two days

Let's think step by step before providing your final answer. However, you must conclude your assessment with the statement: 'Thus, the correct answer is: X', where 'X' is simply the solution you've determined to be correct. Note that there may be more than one correct option, in which case you must list them all.",B. five days && D. two days,1
TimeBench,TimeDial,TimeDial,MC,TimeDial-TimeDial-306,44,"There is a two-person dialogue with several options.
Choose all appropriate options to substitute the <mask> in the dialogue, and each question has at least one correct option.
Dialogue: Person1:First of all , thank you for accepting this job .
Person2: It ' s my pleasure .
Person1: What are your salary expectations ?
Person2: Would you please tell me about your pay skill first ?
Person1: We ' ll offer you a monthly salary to begin with , in addition , we offer one percent commission and all your sales . You also enjoy life insurance and health insurance . What ' s starting salary would you expect here ?
Person2: They sum my skills and experience . I ' d like to start it with 4000 yuan a month .
Person1: That sounds reasonable .
Person2: Do I have paid vacation ?
Person1: Yes , you have 2 weeks paid vacation a year , and you get it additional week after 4 years , and then again , after <MASK> if you decide to stay that long , we promote from within based on performance , so there is an excellent chance that you could become a sales manager or even a region manager .
Options: A. a month 
B. 2 days 
C. 9 years
D. 2 years 

","There is a two-person dialogue with several options.
Choose all appropriate options to substitute the <mask> in the dialogue, and each question has at least one correct option.
Dialogue: Person1:First of all , thank you for accepting this job .
Person2: It ' s my pleasure .
Person1: What are your salary expectations ?
Person2: Would you please tell me about your pay skill first ?
Person1: We ' ll offer you a monthly salary to begin with , in addition , we offer one percent commission and all your sales . You also enjoy life insurance and health insurance . What ' s starting salary would you expect here ?
Person2: They sum my skills and experience . I ' d like to start it with 4000 yuan a month .
Person1: That sounds reasonable .
Person2: Do I have paid vacation ?
Person1: Yes , you have 2 weeks paid vacation a year , and you get it additional week after 4 years , and then again , after <MASK> if you decide to stay that long , we promote from within based on performance , so there is an excellent chance that you could become a sales manager or even a region manager .
Options: A. a month 
B. 2 days 
C. 9 years
D. 2 years 

Let's think step by step before providing your final answer. However, you must conclude your assessment with the statement: 'Thus, the correct answer is: X', where 'X' is simply the solution you've determined to be correct. Note that there may be more than one correct option, in which case you must list them all.",C. 9 years && D. 2 years ,1
TimeBench,TimeDial,TimeDial,MC,TimeDial-TimeDial-352,52,"There is a two-person dialogue with several options.
Choose all appropriate options to substitute the <mask> in the dialogue, and each question has at least one correct option.
Dialogue: Person1:Good morning , Wilson Association .
Person2: This is Brown speaking . I'd like to speak to Mr.Tomas .
Person1: I'm sorry , but Mr.Tomas left here just a few minutes ago .
Person2: I've been trying to call him for the last ten minutes , but your line was busy . Will he be back soon ?
Person1: I'm afraid not . He is away for the rest of the day .
Person2: Is there any other way I can reach him ?
Person1: I'm afraid not , he has gone out of this town on business . May I take a message ?
Person2: I have a business appointment with him at <MASK> , but I'm afraid I can't make it .
Person1: Would you like to make another appointment ?
Person2: Unfortunately , I'm leaving here unexpectedly , and I may be away for several days .
Person1: I see . I'll tell Mr.Tomas you've called .
Person2: Thank you .
Options: A. ten o'clock today morning
B. six o'clock tomorrow evening 
C. ten o'clock tomorrow morning
D. nine o'clock tomorrow morning

","There is a two-person dialogue with several options.
Choose all appropriate options to substitute the <mask> in the dialogue, and each question has at least one correct option.
Dialogue: Person1:Good morning , Wilson Association .
Person2: This is Brown speaking . I'd like to speak to Mr.Tomas .
Person1: I'm sorry , but Mr.Tomas left here just a few minutes ago .
Person2: I've been trying to call him for the last ten minutes , but your line was busy . Will he be back soon ?
Person1: I'm afraid not . He is away for the rest of the day .
Person2: Is there any other way I can reach him ?
Person1: I'm afraid not , he has gone out of this town on business . May I take a message ?
Person2: I have a business appointment with him at <MASK> , but I'm afraid I can't make it .
Person1: Would you like to make another appointment ?
Person2: Unfortunately , I'm leaving here unexpectedly , and I may be away for several days .
Person1: I see . I'll tell Mr.Tomas you've called .
Person2: Thank you .
Options: A. ten o'clock today morning
B. six o'clock tomorrow evening 
C. ten o'clock tomorrow morning
D. nine o'clock tomorrow morning

Let's think step by step before providing your final answer. However, you must conclude your assessment with the statement: 'Thus, the correct answer is: X', where 'X' is simply the solution you've determined to be correct. Note that there may be more than one correct option, in which case you must list them all.",C. ten o'clock tomorrow morning && D. nine o'clock tomorrow morning,1
TimeBench,TimeDial,TimeDial,MC,TimeDial-TimeDial-285,175,"There is a two-person dialogue with several options.
Choose all appropriate options to substitute the <mask> in the dialogue, and each question has at least one correct option.
Dialogue: Person1:I want to go house shopping , and I want to know what I can afford to buy .
Person2: There is a formula that can help us figure that out . What is your annual salary ?
Person1: I earn sixty-five thousand dollars per year .
Person2: What is the length of time that you have worked at the job you have now ?
Person1: I have been at the job I now have for 2 years , and I have been with the company for <MASK> total .
Person2: Do you receive any other income ?
Person1: I own a small rental unit with a partner , and I receive five hundred dollars a month from that unit .
Person2: Do you know what your credit score is ?
Person1: I don ' t know , but the last time I checked , it was very good !
Person2: You are in good shape . Figuring in your other expenses , you can easily afford a house costing seven hundred thousand or maybe even a little more !
Options: A. 65 years
B. 6 years
C. a month
D. 7 years

","There is a two-person dialogue with several options.
Choose all appropriate options to substitute the <mask> in the dialogue, and each question has at least one correct option.
Dialogue: Person1:I want to go house shopping , and I want to know what I can afford to buy .
Person2: There is a formula that can help us figure that out . What is your annual salary ?
Person1: I earn sixty-five thousand dollars per year .
Person2: What is the length of time that you have worked at the job you have now ?
Person1: I have been at the job I now have for 2 years , and I have been with the company for <MASK> total .
Person2: Do you receive any other income ?
Person1: I own a small rental unit with a partner , and I receive five hundred dollars a month from that unit .
Person2: Do you know what your credit score is ?
Person1: I don ' t know , but the last time I checked , it was very good !
Person2: You are in good shape . Figuring in your other expenses , you can easily afford a house costing seven hundred thousand or maybe even a little more !
Options: A. 65 years
B. 6 years
C. a month
D. 7 years

Let's think step by step before providing your final answer. However, you must conclude your assessment with the statement: 'Thus, the correct answer is: X', where 'X' is simply the solution you've determined to be correct. Note that there may be more than one correct option, in which case you must list them all.",B. 6 years && D. 7 years,1
TimeBench,TimeDial,TimeDial,MC,TimeDial-TimeDial-126,444,"There is a two-person dialogue with several options.
Choose all appropriate options to substitute the <mask> in the dialogue, and each question has at least one correct option.
Dialogue: Person1:Hello Mrs Parker , how have you been ?
Person2: Hello Dr Peters . Just fine thank you . Ricky and I are here for his vaccines .
Person1: Very well . Let's see , according to his vaccination record , Ricky has received his Polio , Tetanus and Hepatitis B shots . He is 14 months old , so he is due for Hepatitis A , Chickenpox and Measles shots .
Person2: What about Rubella and Mumps ?
Person1: Well , I can only give him these for now , and after a couple of weeks I can administer the rest .
Person2: OK , great . Doctor , I think I also may need a Tetanus booster . Last time I got it was maybe <MASK> !
Person1: We will check our records and I'll have the nurse administer and the booster as well . Now , please hold Ricky's arm tight , this may sting a little .

Options: A. 14 months ago
B. ten years ago
C. 30 decades ago
D. fifteen years ago

","There is a two-person dialogue with several options.
Choose all appropriate options to substitute the <mask> in the dialogue, and each question has at least one correct option.
Dialogue: Person1:Hello Mrs Parker , how have you been ?
Person2: Hello Dr Peters . Just fine thank you . Ricky and I are here for his vaccines .
Person1: Very well . Let's see , according to his vaccination record , Ricky has received his Polio , Tetanus and Hepatitis B shots . He is 14 months old , so he is due for Hepatitis A , Chickenpox and Measles shots .
Person2: What about Rubella and Mumps ?
Person1: Well , I can only give him these for now , and after a couple of weeks I can administer the rest .
Person2: OK , great . Doctor , I think I also may need a Tetanus booster . Last time I got it was maybe <MASK> !
Person1: We will check our records and I'll have the nurse administer and the booster as well . Now , please hold Ricky's arm tight , this may sting a little .

Options: A. 14 months ago
B. ten years ago
C. 30 decades ago
D. fifteen years ago

Let's think step by step before providing your final answer. However, you must conclude your assessment with the statement: 'Thus, the correct answer is: X', where 'X' is simply the solution you've determined to be correct. Note that there may be more than one correct option, in which case you must list them all.",B. ten years ago && D. fifteen years ago,1
TimeBench,TimeDial,TimeDial,MC,TimeDial-TimeDial-303,841,"There is a two-person dialogue with several options.
Choose all appropriate options to substitute the <mask> in the dialogue, and each question has at least one correct option.
Dialogue: Person1:Which route are you interested in ?
Person2: I think <MASK> ' tour from New York to Atlantic City will be fine .
Person1: That's a good choice .
Person2: What is the departure date ?
Person1: We have parties every Saturday from June to October .
Options: A. the four days
B. the five days
C. the five years
D. the five seconds

","There is a two-person dialogue with several options.
Choose all appropriate options to substitute the <mask> in the dialogue, and each question has at least one correct option.
Dialogue: Person1:Which route are you interested in ?
Person2: I think <MASK> ' tour from New York to Atlantic City will be fine .
Person1: That's a good choice .
Person2: What is the departure date ?
Person1: We have parties every Saturday from June to October .
Options: A. the four days
B. the five days
C. the five years
D. the five seconds

Let's think step by step before providing your final answer. However, you must conclude your assessment with the statement: 'Thus, the correct answer is: X', where 'X' is simply the solution you've determined to be correct. Note that there may be more than one correct option, in which case you must list them all.",A. the four days && B. the five days,1
TimeBench,TimeDial,TimeDial,MC,TimeDial-TimeDial-224,451,"There is a two-person dialogue with several options.
Choose all appropriate options to substitute the <mask> in the dialogue, and each question has at least one correct option.
Dialogue: Person1:Excuse me . I bought the CD here <MASK> . It's scratched , and doesn't play properly .
Person2: I'm sorry about that , sir . I'll get you another one .
Person1: The thing is I've replaced once already . I think it's just a faulty batch .
Person2: I see . Maybe I can offer you a credit note .
Person1: Well . To be honest , that's not much use to me . I'll leave the country tomorrow . I'd really prefer a refund .
Person2: OK , sir . I'll see what I can do .

Options: A. two days ago
B. Two seconds ago
C. One day ago 
D. four months ago

","There is a two-person dialogue with several options.
Choose all appropriate options to substitute the <mask> in the dialogue, and each question has at least one correct option.
Dialogue: Person1:Excuse me . I bought the CD here <MASK> . It's scratched , and doesn't play properly .
Person2: I'm sorry about that , sir . I'll get you another one .
Person1: The thing is I've replaced once already . I think it's just a faulty batch .
Person2: I see . Maybe I can offer you a credit note .
Person1: Well . To be honest , that's not much use to me . I'll leave the country tomorrow . I'd really prefer a refund .
Person2: OK , sir . I'll see what I can do .

Options: A. two days ago
B. Two seconds ago
C. One day ago 
D. four months ago

Let's think step by step before providing your final answer. However, you must conclude your assessment with the statement: 'Thus, the correct answer is: X', where 'X' is simply the solution you've determined to be correct. Note that there may be more than one correct option, in which case you must list them all.",A. two days ago && C. One day ago ,1
TimeBench,TimeDial,TimeDial,MC,TimeDial-TimeDial-419,334,"There is a two-person dialogue with several options.
Choose all appropriate options to substitute the <mask> in the dialogue, and each question has at least one correct option.
Dialogue: Person1:I'm free on Sunday . I'd like to take a look in Beijing City , could you tell me where to go ?
Person2: Sure , no problem . I'll ring to have a city tour.on sunday morning we can go to the Great Wall , then we can go to the summer palace in the afternoon . In the evening we can have typical dinner in restaurant in Beijing . Quanjude , a restaurant serving roast ducks . However if you don't like above trips , we can go some famous places outside of Beijing .
Person1: Any place will be fine . you make the decision .
Person2: What time shall we start ?
Person1: I will pick you up at your hotel at <MASK> .
Person2: Ok , then see you in sunday morning .
Options: A. nine in the morning
B. 9 in the evening
C. three in the morning
D. eight in the morning

","There is a two-person dialogue with several options.
Choose all appropriate options to substitute the <mask> in the dialogue, and each question has at least one correct option.
Dialogue: Person1:I'm free on Sunday . I'd like to take a look in Beijing City , could you tell me where to go ?
Person2: Sure , no problem . I'll ring to have a city tour.on sunday morning we can go to the Great Wall , then we can go to the summer palace in the afternoon . In the evening we can have typical dinner in restaurant in Beijing . Quanjude , a restaurant serving roast ducks . However if you don't like above trips , we can go some famous places outside of Beijing .
Person1: Any place will be fine . you make the decision .
Person2: What time shall we start ?
Person1: I will pick you up at your hotel at <MASK> .
Person2: Ok , then see you in sunday morning .
Options: A. nine in the morning
B. 9 in the evening
C. three in the morning
D. eight in the morning

Let's think step by step before providing your final answer. However, you must conclude your assessment with the statement: 'Thus, the correct answer is: X', where 'X' is simply the solution you've determined to be correct. Note that there may be more than one correct option, in which case you must list them all.",A. nine in the morning && D. eight in the morning,1
TimeBench,TimeDial,TimeDial,MC,TimeDial-TimeDial-220,19,"There is a two-person dialogue with several options.
Choose all appropriate options to substitute the <mask> in the dialogue, and each question has at least one correct option.
Dialogue: Person1:I'm about to run out of business cards . I need some new ones .
Person2: We can print as many as you like . Just tell me how many .
Person1: Two thousand should get me through the year .
Person2: Here's a form to get you started .
Person1: My old card is perfect , so all I want you to do is copy it exactly .
Person2: I think you'll be very pleased with how well we duplicate your old card .
Person1: ... Here you go
Person2: Thanks . Come back here next Wednesday to pick up your order , please .
Person1: I'm sorry , but can you give me a <MASK> turnaround ?
Person2: If you don't mind paying a little extra , it's absolutely no problem .
Options: A. two-hour 
B. three-day
C. year
D. one week

","There is a two-person dialogue with several options.
Choose all appropriate options to substitute the <mask> in the dialogue, and each question has at least one correct option.
Dialogue: Person1:I'm about to run out of business cards . I need some new ones .
Person2: We can print as many as you like . Just tell me how many .
Person1: Two thousand should get me through the year .
Person2: Here's a form to get you started .
Person1: My old card is perfect , so all I want you to do is copy it exactly .
Person2: I think you'll be very pleased with how well we duplicate your old card .
Person1: ... Here you go
Person2: Thanks . Come back here next Wednesday to pick up your order , please .
Person1: I'm sorry , but can you give me a <MASK> turnaround ?
Person2: If you don't mind paying a little extra , it's absolutely no problem .
Options: A. two-hour 
B. three-day
C. year
D. one week

Let's think step by step before providing your final answer. However, you must conclude your assessment with the statement: 'Thus, the correct answer is: X', where 'X' is simply the solution you've determined to be correct. Note that there may be more than one correct option, in which case you must list them all.",B. three-day && D. one week,0
TimeBench,TimeDial,TimeDial,MC,TimeDial-TimeDial-290,787,"There is a two-person dialogue with several options.
Choose all appropriate options to substitute the <mask> in the dialogue, and each question has at least one correct option.
Dialogue: Person1:I see by your resume that you have just graduated from college . I assume you haven't had any working experience . Is that right ?
Person2: That's right . I've only had some part-time jobs working in department stores .
Person1: Well , experience is not important in this job . We are looking for a man we can train to be a teller . By the way , do you like to work with figures ?
Person2: Yes , I liked math in school .
Person1: We are more interested in finding someone who is alert and quick at figures . Do you like meeting the public ?
Person2: Yes , I enjoy working with people .
Person1: We have very pleasant working conditions and I think we have a fine staff to work with . You would be assigned an experienced employee to help you . He would be responsible for training you . Have you studied English conversation ?
Person2: Yes , I had an American tutor for <MASK> . I had two lessons under her every week . Would I be using English every day is this job ?
Person1: Yes , many of our customers are Americans , so you would be speaking English with most of them . Do you know anything about various kinds of savings and checking accounts ?
Person2: No , I'm afraid I don't . I'd be glad to learn .
Person1: That's good answer . I appreciate your being frank .

Options: A. two days
B. three years
C. two years
D. one decade

","There is a two-person dialogue with several options.
Choose all appropriate options to substitute the <mask> in the dialogue, and each question has at least one correct option.
Dialogue: Person1:I see by your resume that you have just graduated from college . I assume you haven't had any working experience . Is that right ?
Person2: That's right . I've only had some part-time jobs working in department stores .
Person1: Well , experience is not important in this job . We are looking for a man we can train to be a teller . By the way , do you like to work with figures ?
Person2: Yes , I liked math in school .
Person1: We are more interested in finding someone who is alert and quick at figures . Do you like meeting the public ?
Person2: Yes , I enjoy working with people .
Person1: We have very pleasant working conditions and I think we have a fine staff to work with . You would be assigned an experienced employee to help you . He would be responsible for training you . Have you studied English conversation ?
Person2: Yes , I had an American tutor for <MASK> . I had two lessons under her every week . Would I be using English every day is this job ?
Person1: Yes , many of our customers are Americans , so you would be speaking English with most of them . Do you know anything about various kinds of savings and checking accounts ?
Person2: No , I'm afraid I don't . I'd be glad to learn .
Person1: That's good answer . I appreciate your being frank .

Options: A. two days
B. three years
C. two years
D. one decade

Let's think step by step before providing your final answer. However, you must conclude your assessment with the statement: 'Thus, the correct answer is: X', where 'X' is simply the solution you've determined to be correct. Note that there may be more than one correct option, in which case you must list them all.",B. three years && C. two years,1
TimeBench,TimeDial,TimeDial,MC,TimeDial-TimeDial-445,636,"There is a two-person dialogue with several options.
Choose all appropriate options to substitute the <mask> in the dialogue, and each question has at least one correct option.
Dialogue: Person1:Hi , Kate .
Person2: Hi , Don . What a surprise !
Person1: Yeah , I saw someone walking like you , but I wasn ' t sure . We haven ' t seen each other for how long ? Almost three months ? But you look quite different now .
Person2: Have you noticed what has changed ?
Person1: Oh , you look quite slender and more vivacious . What have you been taking ? Are you on a diet ?
Person2: Yes . I ' m on a diet , but I ' Ve not taken anything . I just eat less and exercise more . And it really worked in the past three months . I ' Ve lost twelve pounds .
Person1: Wow ! That ' s great . I sincerely want to achieve my weight loss goals , but it ' s difficult for me to keep up the exercise . Also you know , old habits are hard to break .
Person2: What kind of exercise do you think I do ? I just go to dance everyday after work . I ' m taking an amateur dance class . I dance <MASK> everyday .
Person1: Dance ? You only go dancing ? That ' s not hard . I can do that .
Person2: Sure . Join my class next week .

Options: A. six hours
B. three hours
C. two hours
D. 10 hours

","There is a two-person dialogue with several options.
Choose all appropriate options to substitute the <mask> in the dialogue, and each question has at least one correct option.
Dialogue: Person1:Hi , Kate .
Person2: Hi , Don . What a surprise !
Person1: Yeah , I saw someone walking like you , but I wasn ' t sure . We haven ' t seen each other for how long ? Almost three months ? But you look quite different now .
Person2: Have you noticed what has changed ?
Person1: Oh , you look quite slender and more vivacious . What have you been taking ? Are you on a diet ?
Person2: Yes . I ' m on a diet , but I ' Ve not taken anything . I just eat less and exercise more . And it really worked in the past three months . I ' Ve lost twelve pounds .
Person1: Wow ! That ' s great . I sincerely want to achieve my weight loss goals , but it ' s difficult for me to keep up the exercise . Also you know , old habits are hard to break .
Person2: What kind of exercise do you think I do ? I just go to dance everyday after work . I ' m taking an amateur dance class . I dance <MASK> everyday .
Person1: Dance ? You only go dancing ? That ' s not hard . I can do that .
Person2: Sure . Join my class next week .

Options: A. six hours
B. three hours
C. two hours
D. 10 hours

Let's think step by step before providing your final answer. However, you must conclude your assessment with the statement: 'Thus, the correct answer is: X', where 'X' is simply the solution you've determined to be correct. Note that there may be more than one correct option, in which case you must list them all.",B. three hours && C. two hours,1
TimeBench,TimeDial,TimeDial,MC,TimeDial-TimeDial-377,1359,"There is a two-person dialogue with several options.
Choose all appropriate options to substitute the <mask> in the dialogue, and each question has at least one correct option.
Dialogue: Person1:Hello , Jack . I'm John .
Person2: I'm glad to see you !
Person1: Sit down , please . Maybe you have read the contract , but I want to give you the details again before you sign the contract . You must have a <MASK> internship .
Person2: Yes , I know .
Person1: When you become a permanent employee , you will have the insurances . You will get monthly pay and will be on eight-hour / day work shift .
Person2: Wait , will I have five insurances and one fund ?
Person1: Yes . You can also enjoy legal holidays and year-end bonus .
Person2: It sounds great !
Person1: If you need to work overtime , you will get twice the usual salary as overtime pay .
Person2: OK .
Person1: You have read the relevant terms of the contract . Do you have other questions ?
Person2: How long will the induction training be ?
Person1: About two weeks .
Person2: I see .
Person1: If you don't have other questions , just sign here .
Person2: OK .

Options: A. six-month
B. three-month
C. eight-hour
D. five-year

","There is a two-person dialogue with several options.
Choose all appropriate options to substitute the <mask> in the dialogue, and each question has at least one correct option.
Dialogue: Person1:Hello , Jack . I'm John .
Person2: I'm glad to see you !
Person1: Sit down , please . Maybe you have read the contract , but I want to give you the details again before you sign the contract . You must have a <MASK> internship .
Person2: Yes , I know .
Person1: When you become a permanent employee , you will have the insurances . You will get monthly pay and will be on eight-hour / day work shift .
Person2: Wait , will I have five insurances and one fund ?
Person1: Yes . You can also enjoy legal holidays and year-end bonus .
Person2: It sounds great !
Person1: If you need to work overtime , you will get twice the usual salary as overtime pay .
Person2: OK .
Person1: You have read the relevant terms of the contract . Do you have other questions ?
Person2: How long will the induction training be ?
Person1: About two weeks .
Person2: I see .
Person1: If you don't have other questions , just sign here .
Person2: OK .

Options: A. six-month
B. three-month
C. eight-hour
D. five-year

Let's think step by step before providing your final answer. However, you must conclude your assessment with the statement: 'Thus, the correct answer is: X', where 'X' is simply the solution you've determined to be correct. Note that there may be more than one correct option, in which case you must list them all.",A. six-month && B. three-month,1
TimeBench,TimeDial,TimeDial,MC,TimeDial-TimeDial-292,544,"There is a two-person dialogue with several options.
Choose all appropriate options to substitute the <mask> in the dialogue, and each question has at least one correct option.
Dialogue: Person1:What can I do for you ?
Person2: I ' m returning these books .
Person1: Let me have them .
Person2: Here are all of them .
Person1: These books are <MASK> late .
Person2: I didn ' t have time to return them .
Person1: You ' re going to have to pay late fees .
Person2: How much ?
Person1: 25 cents a day .
Person2: 25 cents a day ?
Person1: That means 25 cents for each late book .
Person2: That ' s expensive .
Options: A. fifteen days
B. two weeks
C. 25 years
D. 25 seconds

","There is a two-person dialogue with several options.
Choose all appropriate options to substitute the <mask> in the dialogue, and each question has at least one correct option.
Dialogue: Person1:What can I do for you ?
Person2: I ' m returning these books .
Person1: Let me have them .
Person2: Here are all of them .
Person1: These books are <MASK> late .
Person2: I didn ' t have time to return them .
Person1: You ' re going to have to pay late fees .
Person2: How much ?
Person1: 25 cents a day .
Person2: 25 cents a day ?
Person1: That means 25 cents for each late book .
Person2: That ' s expensive .
Options: A. fifteen days
B. two weeks
C. 25 years
D. 25 seconds

Let's think step by step before providing your final answer. However, you must conclude your assessment with the statement: 'Thus, the correct answer is: X', where 'X' is simply the solution you've determined to be correct. Note that there may be more than one correct option, in which case you must list them all.",A. fifteen days && B. two weeks,1
TimeBench,TimeDial,TimeDial,MC,TimeDial-TimeDial-356,482,"There is a two-person dialogue with several options.
Choose all appropriate options to substitute the <mask> in the dialogue, and each question has at least one correct option.
Dialogue: Person1:Wow , you ' re up early today ! What ' s for breakfast ?
Person2: Well , I felt like baking , so I made some muffins .
Person1: Smells good ! I ' ll make some coffee . Do you want me to make you some eggs ?
Person2: Sure , I'll take mine , sunny side up .
Person1: Www , I don ' t know how you can eat your eggs like that ! Ever since I was small , I ' Ve had eggs and soldiers .
Person2: You know , my dad had scrambled eggs every morning for <MASK> . It drove my mom crazy !
Person1: You know what really drives me crazy ? When I ask for soft boiled eggs , and they overcook them , so they come out hard boiled ! How can you dip your toast into a hard boiled egg ?
Person2: You ' re so picky sometimes .
Person1: Here you go , honey , fried eggs .
Person2: I said sunny side up ! How many times do I have to tell you .

Options: A. fifteen years 
B. sixty years 
C. twenty years
D. one second

","There is a two-person dialogue with several options.
Choose all appropriate options to substitute the <mask> in the dialogue, and each question has at least one correct option.
Dialogue: Person1:Wow , you ' re up early today ! What ' s for breakfast ?
Person2: Well , I felt like baking , so I made some muffins .
Person1: Smells good ! I ' ll make some coffee . Do you want me to make you some eggs ?
Person2: Sure , I'll take mine , sunny side up .
Person1: Www , I don ' t know how you can eat your eggs like that ! Ever since I was small , I ' Ve had eggs and soldiers .
Person2: You know , my dad had scrambled eggs every morning for <MASK> . It drove my mom crazy !
Person1: You know what really drives me crazy ? When I ask for soft boiled eggs , and they overcook them , so they come out hard boiled ! How can you dip your toast into a hard boiled egg ?
Person2: You ' re so picky sometimes .
Person1: Here you go , honey , fried eggs .
Person2: I said sunny side up ! How many times do I have to tell you .

Options: A. fifteen years 
B. sixty years 
C. twenty years
D. one second

Let's think step by step before providing your final answer. However, you must conclude your assessment with the statement: 'Thus, the correct answer is: X', where 'X' is simply the solution you've determined to be correct. Note that there may be more than one correct option, in which case you must list them all.",A. fifteen years  && C. twenty years,1
TimeBench,TimeDial,TimeDial,MC,TimeDial-TimeDial-295,800,"There is a two-person dialogue with several options.
Choose all appropriate options to substitute the <mask> in the dialogue, and each question has at least one correct option.
Dialogue: Person1:Is there a daily passenger ship to Dalian ?
Person2: Yes .
Person1: How many days does it take to Dalian ?
Person2: <MASK> . It arrives in Dalian at 10:00 a . m . tomorrow .
Person1: How many ports do we call at on our passage to Qingdao ?
Person2: Four ports .
Person1: The ship is going very fast .
Person2: Perhaps she makes about 25 knots an hour .
Person1: The sea is calm and peaceful . A sea trip is always enjoyable in fine weather like this .
Person2: Yes . I hope it will remain fine all the way .
Options: A. About one day
B. About half day
C. 25 days
D. an hour

","There is a two-person dialogue with several options.
Choose all appropriate options to substitute the <mask> in the dialogue, and each question has at least one correct option.
Dialogue: Person1:Is there a daily passenger ship to Dalian ?
Person2: Yes .
Person1: How many days does it take to Dalian ?
Person2: <MASK> . It arrives in Dalian at 10:00 a . m . tomorrow .
Person1: How many ports do we call at on our passage to Qingdao ?
Person2: Four ports .
Person1: The ship is going very fast .
Person2: Perhaps she makes about 25 knots an hour .
Person1: The sea is calm and peaceful . A sea trip is always enjoyable in fine weather like this .
Person2: Yes . I hope it will remain fine all the way .
Options: A. About one day
B. About half day
C. 25 days
D. an hour

Let's think step by step before providing your final answer. However, you must conclude your assessment with the statement: 'Thus, the correct answer is: X', where 'X' is simply the solution you've determined to be correct. Note that there may be more than one correct option, in which case you must list them all.",A. About one day && B. About half day,1
TimeBench,TimeDial,TimeDial,MC,TimeDial-TimeDial-397,174,"There is a two-person dialogue with several options.
Choose all appropriate options to substitute the <mask> in the dialogue, and each question has at least one correct option.
Dialogue: Person1:I need to see if I qualify for a home loan .
Person2: I can help you . How much money do you make per year ?
Person1: I make around one hundred thousand dollars per year .
Person2: How long have you been on your current job ?
Person1: I have only worked at this job for <MASK> , but I have a longer job history elsewhere .
Person2: Do you have any other outside income from rental property or a trust ?
Person1: No , I only receive my salary .
Person2: Do you know your credit score ?
Person1: I think that it is around 600 .
Person2: By crunching the numbers and putting in your expenses , I estimate that you can afford a house of around five hundred thousand dollars .
Options: A. 1 year
B. 6 months
C. 1 day
D. 6 years

","There is a two-person dialogue with several options.
Choose all appropriate options to substitute the <mask> in the dialogue, and each question has at least one correct option.
Dialogue: Person1:I need to see if I qualify for a home loan .
Person2: I can help you . How much money do you make per year ?
Person1: I make around one hundred thousand dollars per year .
Person2: How long have you been on your current job ?
Person1: I have only worked at this job for <MASK> , but I have a longer job history elsewhere .
Person2: Do you have any other outside income from rental property or a trust ?
Person1: No , I only receive my salary .
Person2: Do you know your credit score ?
Person1: I think that it is around 600 .
Person2: By crunching the numbers and putting in your expenses , I estimate that you can afford a house of around five hundred thousand dollars .
Options: A. 1 year
B. 6 months
C. 1 day
D. 6 years

Let's think step by step before providing your final answer. However, you must conclude your assessment with the statement: 'Thus, the correct answer is: X', where 'X' is simply the solution you've determined to be correct. Note that there may be more than one correct option, in which case you must list them all.",A. 1 year && B. 6 months,1
TimeBench,TimeDial,TimeDial,MC,TimeDial-TimeDial-341,200,"There is a two-person dialogue with several options.
Choose all appropriate options to substitute the <mask> in the dialogue, and each question has at least one correct option.
Dialogue: Person1:David , imagine meeting you here !
Person2: Janice , I found you stole my vegetables at <MASK> . Is that true ?
Person1: All right ! I stayed up yesterday and waited for your vegetables . I stole your peaches and flowers .
Person2: It is so hard to prevent them from being stolen . I also got something this morning .
Person1: How many vegetables do you steal today ?
Person2: I stole many from Fred's farm , and from yours . I planned to have a dog on farm .
Person1: So funny . By stealing , I forgot all my sorrows and pressure from work .
Person2: I could not agree with you more . For us , there are so many unhappy things and I am so bored ; however , I got lots of fun from stealing .
Person1: I really want to be far away from the reality now .
Person2: But we still need to go back to it . Don't overdo it .
Options: A. eleven o'clock this night
B. five o'clock this morning
C. four o'clock this evening
D. four o'clock this morning

","There is a two-person dialogue with several options.
Choose all appropriate options to substitute the <mask> in the dialogue, and each question has at least one correct option.
Dialogue: Person1:David , imagine meeting you here !
Person2: Janice , I found you stole my vegetables at <MASK> . Is that true ?
Person1: All right ! I stayed up yesterday and waited for your vegetables . I stole your peaches and flowers .
Person2: It is so hard to prevent them from being stolen . I also got something this morning .
Person1: How many vegetables do you steal today ?
Person2: I stole many from Fred's farm , and from yours . I planned to have a dog on farm .
Person1: So funny . By stealing , I forgot all my sorrows and pressure from work .
Person2: I could not agree with you more . For us , there are so many unhappy things and I am so bored ; however , I got lots of fun from stealing .
Person1: I really want to be far away from the reality now .
Person2: But we still need to go back to it . Don't overdo it .
Options: A. eleven o'clock this night
B. five o'clock this morning
C. four o'clock this evening
D. four o'clock this morning

Let's think step by step before providing your final answer. However, you must conclude your assessment with the statement: 'Thus, the correct answer is: X', where 'X' is simply the solution you've determined to be correct. Note that there may be more than one correct option, in which case you must list them all.",B. five o'clock this morning && D. four o'clock this morning,1
TimeBench,TimeDial,TimeDial,MC,TimeDial-TimeDial-113,449,"There is a two-person dialogue with several options.
Choose all appropriate options to substitute the <mask> in the dialogue, and each question has at least one correct option.
Dialogue: Person1:Have you moved into your new house yet , Michael ?
Person2: We just moved in yesterday , actually .
Person1: So , what do you think about the place ? Are you glad that you moved in ?
Person2: It's great ! Unfortunately , we're going to spend a fortune doing everything up .
Person1: How old is the house then ?
Person2: It's <MASK> . It has a lot of history !
Person1: Sounds fascinating . Where is your new house located ?
Person2: It's just off of the ring road .
Person1: Do you have a big yard ?
Person2: It's bigger than our last one . I've got flowers in the front , and fruits , vegetables and a fish pond in the back .
Person1: Is your house well-lit ?
Person2: Oh , yes . Our windows let plenty of natural light in . They've also got wonderful views of the park behind our house .
Person1: How many rooms does your house have ?
Person2: Right now , there are three bedrooms , two barrooms , a kitchen , a sitting room , a dining room , and a living room . We're hoping to add on a green room and a guest bedroom . In fact , when the guest bedroom is ready , you should come and stay with us for a weekend .
Person1: I'd be up for that !

Options: A. about 200 years old
B. three years
C. two months
D. About 150 years old

","There is a two-person dialogue with several options.
Choose all appropriate options to substitute the <mask> in the dialogue, and each question has at least one correct option.
Dialogue: Person1:Have you moved into your new house yet , Michael ?
Person2: We just moved in yesterday , actually .
Person1: So , what do you think about the place ? Are you glad that you moved in ?
Person2: It's great ! Unfortunately , we're going to spend a fortune doing everything up .
Person1: How old is the house then ?
Person2: It's <MASK> . It has a lot of history !
Person1: Sounds fascinating . Where is your new house located ?
Person2: It's just off of the ring road .
Person1: Do you have a big yard ?
Person2: It's bigger than our last one . I've got flowers in the front , and fruits , vegetables and a fish pond in the back .
Person1: Is your house well-lit ?
Person2: Oh , yes . Our windows let plenty of natural light in . They've also got wonderful views of the park behind our house .
Person1: How many rooms does your house have ?
Person2: Right now , there are three bedrooms , two barrooms , a kitchen , a sitting room , a dining room , and a living room . We're hoping to add on a green room and a guest bedroom . In fact , when the guest bedroom is ready , you should come and stay with us for a weekend .
Person1: I'd be up for that !

Options: A. about 200 years old
B. three years
C. two months
D. About 150 years old

Let's think step by step before providing your final answer. However, you must conclude your assessment with the statement: 'Thus, the correct answer is: X', where 'X' is simply the solution you've determined to be correct. Note that there may be more than one correct option, in which case you must list them all.",A. about 200 years old && D. About 150 years old,1
TimeBench,TimeDial,TimeDial,MC,TimeDial-TimeDial-180,887,"There is a two-person dialogue with several options.
Choose all appropriate options to substitute the <mask> in the dialogue, and each question has at least one correct option.
Dialogue: Person1:IBA , Maria speaking . How can I help ?
Person2: Hello , I called earlier regarding interest rates on loans . Sorry , I just have a couple more questions .
Person1: I'm here to help . Tell me your questions and I'll do my best to answer them .
Person2: What if I require a loan for a short period of time ?
Person1: What repayment period were you thinking of ?
Person2: Say , 6 months ? Or less in fact . I want to repay the loan ASAP ; I don't like debt hanging over my head .
Person1: A wise decision . If you decide to take out a short-term loan with us , say for 6 months or less , the interest rate shall be for that of a <MASK> loan .
Person2: What if I repay it early . Any perks ?
Person1: Well , we could adjust the interest rate based on the original rate and the amount of days you actually borrowed the money for .
Person2: So , the quicker I pay it back , the more I can save in interest ? That's excellent . Thanks so much for your information . I'll come in shortly to take the relevant steps for the loan .
Person1: It's our pleasure . We are always happy to have another satisfied customer . Thanks for calling . Goodbye .

Options: A. 6 - month
B. 6 - year
C. 3 - month
D. 6 - day

","There is a two-person dialogue with several options.
Choose all appropriate options to substitute the <mask> in the dialogue, and each question has at least one correct option.
Dialogue: Person1:IBA , Maria speaking . How can I help ?
Person2: Hello , I called earlier regarding interest rates on loans . Sorry , I just have a couple more questions .
Person1: I'm here to help . Tell me your questions and I'll do my best to answer them .
Person2: What if I require a loan for a short period of time ?
Person1: What repayment period were you thinking of ?
Person2: Say , 6 months ? Or less in fact . I want to repay the loan ASAP ; I don't like debt hanging over my head .
Person1: A wise decision . If you decide to take out a short-term loan with us , say for 6 months or less , the interest rate shall be for that of a <MASK> loan .
Person2: What if I repay it early . Any perks ?
Person1: Well , we could adjust the interest rate based on the original rate and the amount of days you actually borrowed the money for .
Person2: So , the quicker I pay it back , the more I can save in interest ? That's excellent . Thanks so much for your information . I'll come in shortly to take the relevant steps for the loan .
Person1: It's our pleasure . We are always happy to have another satisfied customer . Thanks for calling . Goodbye .

Options: A. 6 - month
B. 6 - year
C. 3 - month
D. 6 - day

Let's think step by step before providing your final answer. However, you must conclude your assessment with the statement: 'Thus, the correct answer is: X', where 'X' is simply the solution you've determined to be correct. Note that there may be more than one correct option, in which case you must list them all.",A. 6 - month && C. 3 - month,1
TimeBench,TimeDial,TimeDial,MC,TimeDial-TimeDial-308,802,"There is a two-person dialogue with several options.
Choose all appropriate options to substitute the <mask> in the dialogue, and each question has at least one correct option.
Dialogue: Person1:Can you give me more details on what is included in the package ?
Person2: Sure . The coach leaves at 6:30 a . m . , in front of our office . The drive takes eight hours , with two stops to see some sights .
Person1: What about the hotel accommodations ?
Person2: You'll be staying at Holiday Inn . It's a three-star hotel with two restaurants and a swimming pool .
Person1: Great . What types of things will we do at Lushun Falls ?
Person2: The second day you take a <MASK> city tour . In the afternoon you go on the famous boat cruise under the falls .

Options: A. eight-hour
B. three-day
C. four-hour
D. five-hour

","There is a two-person dialogue with several options.
Choose all appropriate options to substitute the <mask> in the dialogue, and each question has at least one correct option.
Dialogue: Person1:Can you give me more details on what is included in the package ?
Person2: Sure . The coach leaves at 6:30 a . m . , in front of our office . The drive takes eight hours , with two stops to see some sights .
Person1: What about the hotel accommodations ?
Person2: You'll be staying at Holiday Inn . It's a three-star hotel with two restaurants and a swimming pool .
Person1: Great . What types of things will we do at Lushun Falls ?
Person2: The second day you take a <MASK> city tour . In the afternoon you go on the famous boat cruise under the falls .

Options: A. eight-hour
B. three-day
C. four-hour
D. five-hour

Let's think step by step before providing your final answer. However, you must conclude your assessment with the statement: 'Thus, the correct answer is: X', where 'X' is simply the solution you've determined to be correct. Note that there may be more than one correct option, in which case you must list them all.",C. four-hour && D. five-hour,1
TimeBench,TimeDial,TimeDial,MC,TimeDial-TimeDial-433,1384,"There is a two-person dialogue with several options.
Choose all appropriate options to substitute the <mask> in the dialogue, and each question has at least one correct option.
Dialogue: Person1:Hello Mr . Jones , please have a seat . Thank you for coming in today . I have read your resume . You completed University in England ?
Person2: Yes , I went to Cambridge . After graduation , I started right away into the advertising industry . Later , I made a bit of a switch to focus on marketing research .
Person1: So , what experience do you have ?
Person2: I have <MASK> marketing experience . This includes both entry level and management positions . In my last position , I worked my way up to being director of the marking department .
Person1: I can see that from your resume.Your last position was marketing director for a pharmaceutical company , is that right ? Later , why did you decide to leave your former post ?
Person2: I felt after five years in one place , I was ready for something new . I would like to have a job that is challenging , something that I can see and do new things every day . I loved many things about my former job , and I left with amiable feelings on both sides . I was just ready for something new .
Person1: I see . Do you want to work full-time or part-time ?
Person2: I would rather work full-time .
Person1: I'll make note of that . Now , what are your salary expectations ?
Person2: I am willing to negotiate , but I expect at least $ 40,000 a year .

Options: A. fifteen years
B. ten years
C. 40000 seconds
D. five decades

","There is a two-person dialogue with several options.
Choose all appropriate options to substitute the <mask> in the dialogue, and each question has at least one correct option.
Dialogue: Person1:Hello Mr . Jones , please have a seat . Thank you for coming in today . I have read your resume . You completed University in England ?
Person2: Yes , I went to Cambridge . After graduation , I started right away into the advertising industry . Later , I made a bit of a switch to focus on marketing research .
Person1: So , what experience do you have ?
Person2: I have <MASK> marketing experience . This includes both entry level and management positions . In my last position , I worked my way up to being director of the marking department .
Person1: I can see that from your resume.Your last position was marketing director for a pharmaceutical company , is that right ? Later , why did you decide to leave your former post ?
Person2: I felt after five years in one place , I was ready for something new . I would like to have a job that is challenging , something that I can see and do new things every day . I loved many things about my former job , and I left with amiable feelings on both sides . I was just ready for something new .
Person1: I see . Do you want to work full-time or part-time ?
Person2: I would rather work full-time .
Person1: I'll make note of that . Now , what are your salary expectations ?
Person2: I am willing to negotiate , but I expect at least $ 40,000 a year .

Options: A. fifteen years
B. ten years
C. 40000 seconds
D. five decades

Let's think step by step before providing your final answer. However, you must conclude your assessment with the statement: 'Thus, the correct answer is: X', where 'X' is simply the solution you've determined to be correct. Note that there may be more than one correct option, in which case you must list them all.",A. fifteen years && B. ten years,1
TimeBench,TimeDial,TimeDial,MC,TimeDial-TimeDial-488,695,"There is a two-person dialogue with several options.
Choose all appropriate options to substitute the <mask> in the dialogue, and each question has at least one correct option.
Dialogue: Person1:You know Iden , I don ' t know much about you . Where were you born ?
Person2: I was born in London , but I spent most of my childhood in Hongkong .
Person1: What was your childhood like ?
Person2: I had a pretty strict up-bring , and my parents and I were always fighting about it .
Person1: Do you get along with your parents now ?
Person2: Oh , sure . Once they reached middle age , they became a lot less uptight .
Person1: Where did you go to university ?
Person2: My parents wanted me to stay in Hongkong , but I decided to go back to England , I graduated from Oxford University with a degree in English literature .
Person1: What ' s your current occupation ?
Person2: I ' m a freelance writer . i write magazine articles and fiction books
Person1: Did you always know you wanted to be a writer ?
Person2: No , I didn ' t . I was an english teacher for <MASK> , but by the time I was thirty , I decided I want a fresh challenge .
Person1: How did you start writing ?
Person2: I started writing margin articles for fun , and eventually was asked to write a book , so I was pretty lucky .
Person1: Are you writing a book now ?
Person2: Yes , it ' s about a group of friends living in a foreign country , and all the strange experiences they have
Person1: Sounds interesting .

Options: A. about 45 minutes 
B. about five years
C. about 8 years 
D. about 30 days 

","There is a two-person dialogue with several options.
Choose all appropriate options to substitute the <mask> in the dialogue, and each question has at least one correct option.
Dialogue: Person1:You know Iden , I don ' t know much about you . Where were you born ?
Person2: I was born in London , but I spent most of my childhood in Hongkong .
Person1: What was your childhood like ?
Person2: I had a pretty strict up-bring , and my parents and I were always fighting about it .
Person1: Do you get along with your parents now ?
Person2: Oh , sure . Once they reached middle age , they became a lot less uptight .
Person1: Where did you go to university ?
Person2: My parents wanted me to stay in Hongkong , but I decided to go back to England , I graduated from Oxford University with a degree in English literature .
Person1: What ' s your current occupation ?
Person2: I ' m a freelance writer . i write magazine articles and fiction books
Person1: Did you always know you wanted to be a writer ?
Person2: No , I didn ' t . I was an english teacher for <MASK> , but by the time I was thirty , I decided I want a fresh challenge .
Person1: How did you start writing ?
Person2: I started writing margin articles for fun , and eventually was asked to write a book , so I was pretty lucky .
Person1: Are you writing a book now ?
Person2: Yes , it ' s about a group of friends living in a foreign country , and all the strange experiences they have
Person1: Sounds interesting .

Options: A. about 45 minutes 
B. about five years
C. about 8 years 
D. about 30 days 

Let's think step by step before providing your final answer. However, you must conclude your assessment with the statement: 'Thus, the correct answer is: X', where 'X' is simply the solution you've determined to be correct. Note that there may be more than one correct option, in which case you must list them all.",B. about five years && C. about 8 years ,1
TimeBench,TimeDial,TimeDial,MC,TimeDial-TimeDial-482,812,"There is a two-person dialogue with several options.
Choose all appropriate options to substitute the <mask> in the dialogue, and each question has at least one correct option.
Dialogue: Person1:We're supposed to check in at the Air China's counter <MASK> before take-off , Joe .
Person2: Yes , I know . The boarding time on the ticket says 17:05 , and now it's 16:15 . I guess we have plenty of time .
Person1: Do we need to show our ID cards when checking in ?
Person2: Yes.It ' s essential .
Person1: What about our luggage ?
Person2: We can check it and hand carry the small bags . And we have to open each for inspection .
Person1: Are they going to frisk all the passengers ?
Person2: I think so.We certainly don't want a hijack to happen on the plane today .

Options: A. 17 hours
B. 16 seconds
C. 30 minutes
D. 20 minutes

","There is a two-person dialogue with several options.
Choose all appropriate options to substitute the <mask> in the dialogue, and each question has at least one correct option.
Dialogue: Person1:We're supposed to check in at the Air China's counter <MASK> before take-off , Joe .
Person2: Yes , I know . The boarding time on the ticket says 17:05 , and now it's 16:15 . I guess we have plenty of time .
Person1: Do we need to show our ID cards when checking in ?
Person2: Yes.It ' s essential .
Person1: What about our luggage ?
Person2: We can check it and hand carry the small bags . And we have to open each for inspection .
Person1: Are they going to frisk all the passengers ?
Person2: I think so.We certainly don't want a hijack to happen on the plane today .

Options: A. 17 hours
B. 16 seconds
C. 30 minutes
D. 20 minutes

Let's think step by step before providing your final answer. However, you must conclude your assessment with the statement: 'Thus, the correct answer is: X', where 'X' is simply the solution you've determined to be correct. Note that there may be more than one correct option, in which case you must list them all.",C. 30 minutes && D. 20 minutes,1
TimeBench,TimeDial,TimeDial,MC,TimeDial-TimeDial-234,57,"There is a two-person dialogue with several options.
Choose all appropriate options to substitute the <mask> in the dialogue, and each question has at least one correct option.
Dialogue: Person1:Did you move into your new apartment ?
Person2: Yes , but I ' m afraid it ' s still a mess . I haven ' t put anything away yet .
Person1: Don ' t worry . It ' ll probably take you <MASK> to get everything organized .
Person2: Don ' t say that . It looks like a dump now . I can ' t stand it .
Person1: Have you taken a walk around your neighborhood yet ?
Person2: Unfortunately , yes .
Person1: What do you mean by that ?
Person2: I took a long walk through the neighborhood this morning on my way to the train station . It took me 20 minutes .
Person1: Yes , but you only pay 800 dollars a month . Emm , it ' s hard to decide which is better , shorter commuting time or lower rent .
Person2: I thought paying a lower rent would be better , but now I ' m not sure .
Person1: Is there a supermarket nearby ?
Person2: Yes , if you consider 7-11 is a supermarket .
Person1: Sounds like you better buy a bicycle .
Person2: That ' s right , or I ' m going to spend a lot of time walking .
Options: A. about 20 minutes
B. about 20 days
C. about three weeks
D. about 11 months

","There is a two-person dialogue with several options.
Choose all appropriate options to substitute the <mask> in the dialogue, and each question has at least one correct option.
Dialogue: Person1:Did you move into your new apartment ?
Person2: Yes , but I ' m afraid it ' s still a mess . I haven ' t put anything away yet .
Person1: Don ' t worry . It ' ll probably take you <MASK> to get everything organized .
Person2: Don ' t say that . It looks like a dump now . I can ' t stand it .
Person1: Have you taken a walk around your neighborhood yet ?
Person2: Unfortunately , yes .
Person1: What do you mean by that ?
Person2: I took a long walk through the neighborhood this morning on my way to the train station . It took me 20 minutes .
Person1: Yes , but you only pay 800 dollars a month . Emm , it ' s hard to decide which is better , shorter commuting time or lower rent .
Person2: I thought paying a lower rent would be better , but now I ' m not sure .
Person1: Is there a supermarket nearby ?
Person2: Yes , if you consider 7-11 is a supermarket .
Person1: Sounds like you better buy a bicycle .
Person2: That ' s right , or I ' m going to spend a lot of time walking .
Options: A. about 20 minutes
B. about 20 days
C. about three weeks
D. about 11 months

Let's think step by step before providing your final answer. However, you must conclude your assessment with the statement: 'Thus, the correct answer is: X', where 'X' is simply the solution you've determined to be correct. Note that there may be more than one correct option, in which case you must list them all.",B. about 20 days && C. about three weeks,1
TimeBench,TimeDial,TimeDial,MC,TimeDial-TimeDial-165,1017,"There is a two-person dialogue with several options.
Choose all appropriate options to substitute the <mask> in the dialogue, and each question has at least one correct option.
Dialogue: Person1:Excuse me . I've been waiting here for <MASK> . Do you know how often does No . 3 run ?
Person2: Oh , it runs every 20 mins . You must have missed it , when you came here . It should be here any minute now .
Person1: It seems that you have got here at a good time . Do you have a bus schedule ?
Person2: Yes , I do . You can go to the Transport Department to get yourself a bus schedule and a bus route map .
Person1: I see , thank you .

Options: A. 10 mins
B. 20 hours
C. 3 seconds
D. 15 mins

","There is a two-person dialogue with several options.
Choose all appropriate options to substitute the <mask> in the dialogue, and each question has at least one correct option.
Dialogue: Person1:Excuse me . I've been waiting here for <MASK> . Do you know how often does No . 3 run ?
Person2: Oh , it runs every 20 mins . You must have missed it , when you came here . It should be here any minute now .
Person1: It seems that you have got here at a good time . Do you have a bus schedule ?
Person2: Yes , I do . You can go to the Transport Department to get yourself a bus schedule and a bus route map .
Person1: I see , thank you .

Options: A. 10 mins
B. 20 hours
C. 3 seconds
D. 15 mins

Let's think step by step before providing your final answer. However, you must conclude your assessment with the statement: 'Thus, the correct answer is: X', where 'X' is simply the solution you've determined to be correct. Note that there may be more than one correct option, in which case you must list them all.",A. 10 mins && D. 15 mins,1
TimeBench,TimeDial,TimeDial,MC,TimeDial-TimeDial-116,1176,"There is a two-person dialogue with several options.
Choose all appropriate options to substitute the <mask> in the dialogue, and each question has at least one correct option.
Dialogue: Person1:They don't really think you took it , do they ?
Person2: I don't know . I just know I've never been asked so many questions in my life .
Person1: How many of them were there ?
Person2: Three-but there was one of them who kept asking really stupid questions .
Person1: Like what ?
Person2: Oh , he wanted to know what time I got up this morning and if I bad a bath or a shower you know , things like that .
Person1: What on earth has that got to do with some money disappearing ?
Person2: I've no idea . Oh yes , and the most ridiculous thing . He asked me what I had for breakfast this morning .
Person1: Oh well , that's it . They obviously think you're a desperate criminal and you have to steal to eat . I should think you'll get <MASK> .
Person2: Hmm . Thank you very much .

Options: A. ten decades
B. fifty years
C. thirty years
D. three days

","There is a two-person dialogue with several options.
Choose all appropriate options to substitute the <mask> in the dialogue, and each question has at least one correct option.
Dialogue: Person1:They don't really think you took it , do they ?
Person2: I don't know . I just know I've never been asked so many questions in my life .
Person1: How many of them were there ?
Person2: Three-but there was one of them who kept asking really stupid questions .
Person1: Like what ?
Person2: Oh , he wanted to know what time I got up this morning and if I bad a bath or a shower you know , things like that .
Person1: What on earth has that got to do with some money disappearing ?
Person2: I've no idea . Oh yes , and the most ridiculous thing . He asked me what I had for breakfast this morning .
Person1: Oh well , that's it . They obviously think you're a desperate criminal and you have to steal to eat . I should think you'll get <MASK> .
Person2: Hmm . Thank you very much .

Options: A. ten decades
B. fifty years
C. thirty years
D. three days

Let's think step by step before providing your final answer. However, you must conclude your assessment with the statement: 'Thus, the correct answer is: X', where 'X' is simply the solution you've determined to be correct. Note that there may be more than one correct option, in which case you must list them all.",B. fifty years && C. thirty years,1
TimeBench,TimeDial,TimeDial,MC,TimeDial-TimeDial-121,1345,"There is a two-person dialogue with several options.
Choose all appropriate options to substitute the <mask> in the dialogue, and each question has at least one correct option.
Dialogue: Person1:What schools have you attended ?
Person2: I finished Young Primary School in <MASK> , and entered Xi ' an Middle School that same September . I graduated from there in July of 2004 , and that September I entered Wuhan University , where I'm studying now .
Person1: How do you think the education you have received will contribute to your work in this company ?
Person2: I think I have a good understanding of fundamentals in the areas your company deals with , and I can go on from here to build up the specific skills and knowledge I need to do my job well .
Person1: Your graduation thesis was on Medical Application of Laser , right ? What were your conclusions ?
Person2: Yes . I did some work on that , and I found out some really interesting things about the conductivity of liquid helium . I was sure I had a great discovery until my teacher told me the same discovery already made twenty years ago . I think the most important thing , I learnt though , was the importance of keeping good records .

Options: A. 1998
B. 1965 
C. 1818
D. 1997

","There is a two-person dialogue with several options.
Choose all appropriate options to substitute the <mask> in the dialogue, and each question has at least one correct option.
Dialogue: Person1:What schools have you attended ?
Person2: I finished Young Primary School in <MASK> , and entered Xi ' an Middle School that same September . I graduated from there in July of 2004 , and that September I entered Wuhan University , where I'm studying now .
Person1: How do you think the education you have received will contribute to your work in this company ?
Person2: I think I have a good understanding of fundamentals in the areas your company deals with , and I can go on from here to build up the specific skills and knowledge I need to do my job well .
Person1: Your graduation thesis was on Medical Application of Laser , right ? What were your conclusions ?
Person2: Yes . I did some work on that , and I found out some really interesting things about the conductivity of liquid helium . I was sure I had a great discovery until my teacher told me the same discovery already made twenty years ago . I think the most important thing , I learnt though , was the importance of keeping good records .

Options: A. 1998
B. 1965 
C. 1818
D. 1997

Let's think step by step before providing your final answer. However, you must conclude your assessment with the statement: 'Thus, the correct answer is: X', where 'X' is simply the solution you've determined to be correct. Note that there may be more than one correct option, in which case you must list them all.",A. 1998 && D. 1997,1
TimeBench,TimeDial,TimeDial,MC,TimeDial-TimeDial-350,1264,"There is a two-person dialogue with several options.
Choose all appropriate options to substitute the <mask> in the dialogue, and each question has at least one correct option.
Dialogue: Person1:We're now staying at the Holiday Inn . How do we get to the airport ?
Person2: We have shuttle buses leaving for the airport from downtown <MASK> The bus stops at Holiday Inn as well . Be sure to get on the bus before 30 .
Person1: What is the earliest one ?
Person2: At 7 am . It takes about one hour to get to the airport . So it'll be right for your timing .
Person1: OK , thank you . By the way , what can I do if I want to put off my flight ?
Person2: Your tickets are valid for one year.If you want to change flight , you just go to the airline's ticketing office and have it reconfirmed . But you have to fly the same airlines .
Person1: OK . What can I do if l want to cancel the ticket ?
Person2: In that case . you can get a refund with a certain percentage of the original fare deducted as the service charge .
Person1: That's reasonable . OK , thank you very much .

Options: A. every 7 days
B. every 20 minutes
C. every 30 days
D. every 30 minutes

","There is a two-person dialogue with several options.
Choose all appropriate options to substitute the <mask> in the dialogue, and each question has at least one correct option.
Dialogue: Person1:We're now staying at the Holiday Inn . How do we get to the airport ?
Person2: We have shuttle buses leaving for the airport from downtown <MASK> The bus stops at Holiday Inn as well . Be sure to get on the bus before 30 .
Person1: What is the earliest one ?
Person2: At 7 am . It takes about one hour to get to the airport . So it'll be right for your timing .
Person1: OK , thank you . By the way , what can I do if I want to put off my flight ?
Person2: Your tickets are valid for one year.If you want to change flight , you just go to the airline's ticketing office and have it reconfirmed . But you have to fly the same airlines .
Person1: OK . What can I do if l want to cancel the ticket ?
Person2: In that case . you can get a refund with a certain percentage of the original fare deducted as the service charge .
Person1: That's reasonable . OK , thank you very much .

Options: A. every 7 days
B. every 20 minutes
C. every 30 days
D. every 30 minutes

Let's think step by step before providing your final answer. However, you must conclude your assessment with the statement: 'Thus, the correct answer is: X', where 'X' is simply the solution you've determined to be correct. Note that there may be more than one correct option, in which case you must list them all.",B. every 20 minutes && D. every 30 minutes,1
TimeBench,TimeDial,TimeDial,MC,TimeDial-TimeDial-225,1373,"There is a two-person dialogue with several options.
Choose all appropriate options to substitute the <mask> in the dialogue, and each question has at least one correct option.
Dialogue: Person1:Excuse me , sir , may I talk to you ?
Person2: Bill ! Sure , come on in . What can I do for you ?
Person1: Well sir , as you know , I have been an employee of this prestigious firm for over <MASK> .
Person2: Yes .
Person1: I won ' t beat around the bush . Sir , I would like a raise . I currently have three companies after me and so I decided to talk to you first .
Person2: A raise ? Son , I would love to give you a raise , but this is just not the right time .
Person1: I understand your position , and I know that the current economic downturn has had a negative impact on sales , but you must also take into consideration my hard work , pro-activeness and loyalty to this company for over a decade .
Person2: Taking into account these factors , and considering I don ' t want to start a brain drain , I ' m willing to offer you a ten percent raise and an extra five days of vacation time . How does that sound ?
Person1: Great ! It ' s a deal ! Thank you , sir !
Person2: Before you go , just out of curiosity , what companies were after you ?
Person1: Oh , the electric company , gas company and water company !

Options: A. 3 months 
B. ten years
C. 13 years 
D. five days 

","There is a two-person dialogue with several options.
Choose all appropriate options to substitute the <mask> in the dialogue, and each question has at least one correct option.
Dialogue: Person1:Excuse me , sir , may I talk to you ?
Person2: Bill ! Sure , come on in . What can I do for you ?
Person1: Well sir , as you know , I have been an employee of this prestigious firm for over <MASK> .
Person2: Yes .
Person1: I won ' t beat around the bush . Sir , I would like a raise . I currently have three companies after me and so I decided to talk to you first .
Person2: A raise ? Son , I would love to give you a raise , but this is just not the right time .
Person1: I understand your position , and I know that the current economic downturn has had a negative impact on sales , but you must also take into consideration my hard work , pro-activeness and loyalty to this company for over a decade .
Person2: Taking into account these factors , and considering I don ' t want to start a brain drain , I ' m willing to offer you a ten percent raise and an extra five days of vacation time . How does that sound ?
Person1: Great ! It ' s a deal ! Thank you , sir !
Person2: Before you go , just out of curiosity , what companies were after you ?
Person1: Oh , the electric company , gas company and water company !

Options: A. 3 months 
B. ten years
C. 13 years 
D. five days 

Let's think step by step before providing your final answer. However, you must conclude your assessment with the statement: 'Thus, the correct answer is: X', where 'X' is simply the solution you've determined to be correct. Note that there may be more than one correct option, in which case you must list them all.",B. ten years && C. 13 years ,1
TimeBench,TimeDial,TimeDial,MC,TimeDial-TimeDial-403,696,"There is a two-person dialogue with several options.
Choose all appropriate options to substitute the <mask> in the dialogue, and each question has at least one correct option.
Dialogue: Person1:Hey , May . How about getting together for a movie tonight ?
Person2: Sure . What's playing ?
Person1: Well , Let me check the newspaper . What about The Terminal ?
Person2: Wow , it stars Catherine Zeta-Jones , my favorite actress .
Person1: Well , birds of a feather flock together . I like her too . She was in a lot of dramas .
Person2: She is so beautiful and elegant . And she is famous for her fine acting .
Person1: What's more , she doesn't have scandals . And she likes to take part in the charitable activities .
Person2: Who is the director ?
Person1: Steven Spielberg . Another superstar .
Person2: Yes , a legend , also . I still remember , his movies , Jurassic Park and Schindler's List got him nine Oscar awards in <MASK> .
Person1: Can you introduce the story of The Terminal briefly ?
Person2: It tells a romantic and humorous love story .
Person1: This is really exciting movie . Lets go to this one .

Options: A. 1750
B. 1995
C. 1994
D. 2020

","There is a two-person dialogue with several options.
Choose all appropriate options to substitute the <mask> in the dialogue, and each question has at least one correct option.
Dialogue: Person1:Hey , May . How about getting together for a movie tonight ?
Person2: Sure . What's playing ?
Person1: Well , Let me check the newspaper . What about The Terminal ?
Person2: Wow , it stars Catherine Zeta-Jones , my favorite actress .
Person1: Well , birds of a feather flock together . I like her too . She was in a lot of dramas .
Person2: She is so beautiful and elegant . And she is famous for her fine acting .
Person1: What's more , she doesn't have scandals . And she likes to take part in the charitable activities .
Person2: Who is the director ?
Person1: Steven Spielberg . Another superstar .
Person2: Yes , a legend , also . I still remember , his movies , Jurassic Park and Schindler's List got him nine Oscar awards in <MASK> .
Person1: Can you introduce the story of The Terminal briefly ?
Person2: It tells a romantic and humorous love story .
Person1: This is really exciting movie . Lets go to this one .

Options: A. 1750
B. 1995
C. 1994
D. 2020

Let's think step by step before providing your final answer. However, you must conclude your assessment with the statement: 'Thus, the correct answer is: X', where 'X' is simply the solution you've determined to be correct. Note that there may be more than one correct option, in which case you must list them all.",B. 1995 && C. 1994,1
TimeBench,TimeDial,TimeDial,MC,TimeDial-TimeDial-128,1137,"There is a two-person dialogue with several options.
Choose all appropriate options to substitute the <mask> in the dialogue, and each question has at least one correct option.
Dialogue: Person1:Listen , Christine , you can not afford another day off . You ' Ve called in sick five times in <MASK> .
Person2: I know , Mr . Douglas . But I am really sick .
Person1: Well , I want a note from the doctor on this one . And , to be honest , if this continues , we may not be able to employ you here .
Person2: I understand , sir . I ' ll bring a doctor ' s note in tomorrow . I am sorry , Mr . Douglas .

Options: A. the last three weeks
B. the last five seconds
C. the last ten years
D. the last two weeks

","There is a two-person dialogue with several options.
Choose all appropriate options to substitute the <mask> in the dialogue, and each question has at least one correct option.
Dialogue: Person1:Listen , Christine , you can not afford another day off . You ' Ve called in sick five times in <MASK> .
Person2: I know , Mr . Douglas . But I am really sick .
Person1: Well , I want a note from the doctor on this one . And , to be honest , if this continues , we may not be able to employ you here .
Person2: I understand , sir . I ' ll bring a doctor ' s note in tomorrow . I am sorry , Mr . Douglas .

Options: A. the last three weeks
B. the last five seconds
C. the last ten years
D. the last two weeks

Let's think step by step before providing your final answer. However, you must conclude your assessment with the statement: 'Thus, the correct answer is: X', where 'X' is simply the solution you've determined to be correct. Note that there may be more than one correct option, in which case you must list them all.",A. the last three weeks && D. the last two weeks,1
TimeBench,TimeDial,TimeDial,MC,TimeDial-TimeDial-286,152,"There is a two-person dialogue with several options.
Choose all appropriate options to substitute the <mask> in the dialogue, and each question has at least one correct option.
Dialogue: Person1:I am calling to find out why I didn ' t receive an unemployment check this week .
Person2: Did you send in your Continued Claim Form for the last period ?
Person1: I think I forgot to send it in !
Person2: You need to be very careful to send that form in <MASK> if you want to get paid .
Person1: Can I send it in now ?
Person2: You should look at your claim form and see if it has been more than fourteen days since it was due . If it hasn ' t been , we will still accept it .
Person1: Can I mail it in early next time so it isn ' t late ?
Person2: Actually , you cannot mail it in early , as it needs to reflect all of the information up to the due date .
Person1: Will my paycheck come right away now ?
Person2: Your check will arrive a little late .
Options: A. every two weeks
B. every fifteen days
C. every fourteen minutes
D. every two years

","There is a two-person dialogue with several options.
Choose all appropriate options to substitute the <mask> in the dialogue, and each question has at least one correct option.
Dialogue: Person1:I am calling to find out why I didn ' t receive an unemployment check this week .
Person2: Did you send in your Continued Claim Form for the last period ?
Person1: I think I forgot to send it in !
Person2: You need to be very careful to send that form in <MASK> if you want to get paid .
Person1: Can I send it in now ?
Person2: You should look at your claim form and see if it has been more than fourteen days since it was due . If it hasn ' t been , we will still accept it .
Person1: Can I mail it in early next time so it isn ' t late ?
Person2: Actually , you cannot mail it in early , as it needs to reflect all of the information up to the due date .
Person1: Will my paycheck come right away now ?
Person2: Your check will arrive a little late .
Options: A. every two weeks
B. every fifteen days
C. every fourteen minutes
D. every two years

Let's think step by step before providing your final answer. However, you must conclude your assessment with the statement: 'Thus, the correct answer is: X', where 'X' is simply the solution you've determined to be correct. Note that there may be more than one correct option, in which case you must list them all.",A. every two weeks && B. every fifteen days,1
TimeBench,TimeDial,TimeDial,MC,TimeDial-TimeDial-412,1368,"There is a two-person dialogue with several options.
Choose all appropriate options to substitute the <mask> in the dialogue, and each question has at least one correct option.
Dialogue: Person1:Hi , Mary , can I have a minute ?
Person2: Sure , what's up ?
Person1: Well , actually I want to tell you that I've put in notice .
Person2: Really ? Why ?
Person1: Many reasons . I've been here for too long . Next year will be my <MASK> anniversary . I want a change of setting . Besides , our company is downsizing . I don't want to stay on just to be let go .
Person2: But they wouldn't lay you off ! You are the most experienced project manager in the company .
Person1: Maybe . But that's not kept the new boss from breathing down my neck . To be honest , I've got a better offer from another company .
Person2: Oh that's great , congratulations ! What's your new position ?
Person1: Senior director of market research . In addition to a nice pay rise it has some nice perks , like a company car , one month paid vacation , and an apartment downtown . And it's an international company so I'll have lots of chances to travel and meet new people . I'm really looking forward to it .
Person2: Sounds a great opportunity . I bet that made the decision to leave a lot easier .
Person1: Indeed . But let's stay in touch . I'll let you know how things go .
Person2: Sure .

Options: A. 8-decades
B. one-month
C. five-year
D. ten-year

","There is a two-person dialogue with several options.
Choose all appropriate options to substitute the <mask> in the dialogue, and each question has at least one correct option.
Dialogue: Person1:Hi , Mary , can I have a minute ?
Person2: Sure , what's up ?
Person1: Well , actually I want to tell you that I've put in notice .
Person2: Really ? Why ?
Person1: Many reasons . I've been here for too long . Next year will be my <MASK> anniversary . I want a change of setting . Besides , our company is downsizing . I don't want to stay on just to be let go .
Person2: But they wouldn't lay you off ! You are the most experienced project manager in the company .
Person1: Maybe . But that's not kept the new boss from breathing down my neck . To be honest , I've got a better offer from another company .
Person2: Oh that's great , congratulations ! What's your new position ?
Person1: Senior director of market research . In addition to a nice pay rise it has some nice perks , like a company car , one month paid vacation , and an apartment downtown . And it's an international company so I'll have lots of chances to travel and meet new people . I'm really looking forward to it .
Person2: Sounds a great opportunity . I bet that made the decision to leave a lot easier .
Person1: Indeed . But let's stay in touch . I'll let you know how things go .
Person2: Sure .

Options: A. 8-decades
B. one-month
C. five-year
D. ten-year

Let's think step by step before providing your final answer. However, you must conclude your assessment with the statement: 'Thus, the correct answer is: X', where 'X' is simply the solution you've determined to be correct. Note that there may be more than one correct option, in which case you must list them all.",C. five-year && D. ten-year,1
TimeBench,TimeDial,TimeDial,MC,TimeDial-TimeDial-108,40,"There is a two-person dialogue with several options.
Choose all appropriate options to substitute the <mask> in the dialogue, and each question has at least one correct option.
Dialogue: Person1:Good morning , Mr . Smith .
Person2: Good morning , Jamie . What time is it now ?
Person1: It is 9 o'clock now .
Person2: I see . What is today's schedule ?
Person1: You have two meetings today . One is at 10 am , and the other is at <MASK> . After the meeting , you will have dinner with Mr . Brown at the Chinese restaurant in Sister Hotel .
Person2: OK . Can you prepare things for the meeting in the meeting room ? Make enough copies of the handouts .
Person1: No problem . Do you need the OHP ?
Person2: Yes . I am going to show them some slides in the meeting . Can you call Mr . Brown to remind him of the dinner this evening ?
Person1: OK . Do you want to ask the receptionist to wait for our customers at the receptionist counter before the meeting ?
Person2: That would be great ! You are really a good employee .
Options: A. 2:00 AM
B. 9:00 PM
C. 2:00 PM
D. 11:00 AM

","There is a two-person dialogue with several options.
Choose all appropriate options to substitute the <mask> in the dialogue, and each question has at least one correct option.
Dialogue: Person1:Good morning , Mr . Smith .
Person2: Good morning , Jamie . What time is it now ?
Person1: It is 9 o'clock now .
Person2: I see . What is today's schedule ?
Person1: You have two meetings today . One is at 10 am , and the other is at <MASK> . After the meeting , you will have dinner with Mr . Brown at the Chinese restaurant in Sister Hotel .
Person2: OK . Can you prepare things for the meeting in the meeting room ? Make enough copies of the handouts .
Person1: No problem . Do you need the OHP ?
Person2: Yes . I am going to show them some slides in the meeting . Can you call Mr . Brown to remind him of the dinner this evening ?
Person1: OK . Do you want to ask the receptionist to wait for our customers at the receptionist counter before the meeting ?
Person2: That would be great ! You are really a good employee .
Options: A. 2:00 AM
B. 9:00 PM
C. 2:00 PM
D. 11:00 AM

Let's think step by step before providing your final answer. However, you must conclude your assessment with the statement: 'Thus, the correct answer is: X', where 'X' is simply the solution you've determined to be correct. Note that there may be more than one correct option, in which case you must list them all.",C. 2:00 PM && D. 11:00 AM,1
TimeBench,TimeDial,TimeDial,MC,TimeDial-TimeDial-371,141,"There is a two-person dialogue with several options.
Choose all appropriate options to substitute the <mask> in the dialogue, and each question has at least one correct option.
Dialogue: Person1:Good morning , Miss Monica . Nice to meet you again !
Person2: Good morning , Mr . Thomas , it is nice to see you too .
Person1: After the internal discussion , we have all agreed that you are the most suitable person for this position among all the candidates . So , today let ' s talk about your expected salary and social benefits . What is your expected salary ?
Person2: I ' Ve worked in the field for more than 4 years . Depend on my work qualifications and experience , I would like to have 5000 Yuan to start .
Person1: The basic salary for this position in our company would be 4800 Yuan to start with increases giving according to your performance .
Person2: It is a bit lower than I expected . But I can accept that . What are the working hours ?
Person1: 40 hours a week , Monday to Friday , <MASK> with one hour lunch break every day ..
Person2: Do I have to work on weekend ? If so , how do you pay for the overtime ?
Person1: We do expect overtime work when it is necessary , but we pay twice of the work hour for working on weekends and three times for working on national holidays like Spring Festival and the Mid-Autumn Day .
Person2: Is there probation ?
Person1: No probation is involved . If you feel good , you can start next week .
Options: A. 9 AM to 5 PM
B. 10 AM to 6 PM
C. 1 AM to 4 AM
D. 4 PM to 4 AM

","There is a two-person dialogue with several options.
Choose all appropriate options to substitute the <mask> in the dialogue, and each question has at least one correct option.
Dialogue: Person1:Good morning , Miss Monica . Nice to meet you again !
Person2: Good morning , Mr . Thomas , it is nice to see you too .
Person1: After the internal discussion , we have all agreed that you are the most suitable person for this position among all the candidates . So , today let ' s talk about your expected salary and social benefits . What is your expected salary ?
Person2: I ' Ve worked in the field for more than 4 years . Depend on my work qualifications and experience , I would like to have 5000 Yuan to start .
Person1: The basic salary for this position in our company would be 4800 Yuan to start with increases giving according to your performance .
Person2: It is a bit lower than I expected . But I can accept that . What are the working hours ?
Person1: 40 hours a week , Monday to Friday , <MASK> with one hour lunch break every day ..
Person2: Do I have to work on weekend ? If so , how do you pay for the overtime ?
Person1: We do expect overtime work when it is necessary , but we pay twice of the work hour for working on weekends and three times for working on national holidays like Spring Festival and the Mid-Autumn Day .
Person2: Is there probation ?
Person1: No probation is involved . If you feel good , you can start next week .
Options: A. 9 AM to 5 PM
B. 10 AM to 6 PM
C. 1 AM to 4 AM
D. 4 PM to 4 AM

Let's think step by step before providing your final answer. However, you must conclude your assessment with the statement: 'Thus, the correct answer is: X', where 'X' is simply the solution you've determined to be correct. Note that there may be more than one correct option, in which case you must list them all.",A. 9 AM to 5 PM && B. 10 AM to 6 PM,1
TimeBench,TimeDial,TimeDial,MC,TimeDial-TimeDial-326,211,"There is a two-person dialogue with several options.
Choose all appropriate options to substitute the <mask> in the dialogue, and each question has at least one correct option.
Dialogue: Person1:Dad , I want to learn how to drive this summer vacation .
Person2: That's a good idea . You'd better hurry up before they've filled all classes . Many people are learning how to drive now .
Person1: I will get registered now at once . Do you know any training schools ?
Person2: I am not sure . You can search for them on the Internet .
Person1: OK . look , I've typed driver schools , and there are so many results coming out .
Person2: Let me see . teetee Training School , summer program , 3,000 Yuan , learn how to drive within one month , and get driver's license within <MASK> .
Person1: 3,000 Yuan is a little bit steep .
Person2: I think so . Let's see the next one , 3,500 Yuan , summer program . Forget it .
Person1: I've heard that the Ideal Life School is famous . They offer many programs and there are many classes available . The charge is also fair .
Person2: Search on the Internet then , see if we can find something more about it .
Person1: Ah , got it . Ideal Life School , programs
Person2: Don't worry . Let's check out some other schools .
Options: A. three years
B. one day
C. three months
D. two months

","There is a two-person dialogue with several options.
Choose all appropriate options to substitute the <mask> in the dialogue, and each question has at least one correct option.
Dialogue: Person1:Dad , I want to learn how to drive this summer vacation .
Person2: That's a good idea . You'd better hurry up before they've filled all classes . Many people are learning how to drive now .
Person1: I will get registered now at once . Do you know any training schools ?
Person2: I am not sure . You can search for them on the Internet .
Person1: OK . look , I've typed driver schools , and there are so many results coming out .
Person2: Let me see . teetee Training School , summer program , 3,000 Yuan , learn how to drive within one month , and get driver's license within <MASK> .
Person1: 3,000 Yuan is a little bit steep .
Person2: I think so . Let's see the next one , 3,500 Yuan , summer program . Forget it .
Person1: I've heard that the Ideal Life School is famous . They offer many programs and there are many classes available . The charge is also fair .
Person2: Search on the Internet then , see if we can find something more about it .
Person1: Ah , got it . Ideal Life School , programs
Person2: Don't worry . Let's check out some other schools .
Options: A. three years
B. one day
C. three months
D. two months

Let's think step by step before providing your final answer. However, you must conclude your assessment with the statement: 'Thus, the correct answer is: X', where 'X' is simply the solution you've determined to be correct. Note that there may be more than one correct option, in which case you must list them all.",C. three months && D. two months,1
TimeBench,TimeDial,TimeDial,MC,TimeDial-TimeDial-134,458,"There is a two-person dialogue with several options.
Choose all appropriate options to substitute the <mask> in the dialogue, and each question has at least one correct option.
Dialogue: Person1:Hello , I bought a China dress in your shop this morning .
Person2: Yes ?
Person1: I bought one size up by mistake .
Person2: Oh , did you ?
Person1: I wonder if you can change it to one size down .
Person2: Yes , of course . Will you come with receipt ?
Person1: Then I ' ll come to your place later in the evening , and how late is your shop open ?
Person2: Until <MASK> madam . We are looking forward to seeing you .

Options: A. 8 o'clock
B. 7 o'clock
C. 2 AM
D. 11 PM

","There is a two-person dialogue with several options.
Choose all appropriate options to substitute the <mask> in the dialogue, and each question has at least one correct option.
Dialogue: Person1:Hello , I bought a China dress in your shop this morning .
Person2: Yes ?
Person1: I bought one size up by mistake .
Person2: Oh , did you ?
Person1: I wonder if you can change it to one size down .
Person2: Yes , of course . Will you come with receipt ?
Person1: Then I ' ll come to your place later in the evening , and how late is your shop open ?
Person2: Until <MASK> madam . We are looking forward to seeing you .

Options: A. 8 o'clock
B. 7 o'clock
C. 2 AM
D. 11 PM

Let's think step by step before providing your final answer. However, you must conclude your assessment with the statement: 'Thus, the correct answer is: X', where 'X' is simply the solution you've determined to be correct. Note that there may be more than one correct option, in which case you must list them all.",A. 8 o'clock && B. 7 o'clock,1
TimeBench,TimeDial,TimeDial,MC,TimeDial-TimeDial-453,967,"There is a two-person dialogue with several options.
Choose all appropriate options to substitute the <mask> in the dialogue, and each question has at least one correct option.
Dialogue: Person1:We like your product , and are interested in placing an order with you as soon as possible .
Person2: Well , we can proceed with the order until after the Christmas holidays . Our factories will be closed for another week .
Person1: That's all right . We will send you a purchase order in one week . I hope you will be able to take care of it .
Person2: No problem . Once we get your purchase order , we will begin the execution of the order right away .
Person1: Thanks . We need the products in less than one month , because we have a big deal with another company . By the way , will payment against delivery be OK ?
Person2: That will be fine . And I can promise you that you'll get the goods <MASK> after we get your purchase order .

Options: A. about one year 
B. about fifteen days
C. about one minute
D. about two weeks

","There is a two-person dialogue with several options.
Choose all appropriate options to substitute the <mask> in the dialogue, and each question has at least one correct option.
Dialogue: Person1:We like your product , and are interested in placing an order with you as soon as possible .
Person2: Well , we can proceed with the order until after the Christmas holidays . Our factories will be closed for another week .
Person1: That's all right . We will send you a purchase order in one week . I hope you will be able to take care of it .
Person2: No problem . Once we get your purchase order , we will begin the execution of the order right away .
Person1: Thanks . We need the products in less than one month , because we have a big deal with another company . By the way , will payment against delivery be OK ?
Person2: That will be fine . And I can promise you that you'll get the goods <MASK> after we get your purchase order .

Options: A. about one year 
B. about fifteen days
C. about one minute
D. about two weeks

Let's think step by step before providing your final answer. However, you must conclude your assessment with the statement: 'Thus, the correct answer is: X', where 'X' is simply the solution you've determined to be correct. Note that there may be more than one correct option, in which case you must list them all.",B. about fifteen days && D. about two weeks,1
TimeBench,TimeDial,TimeDial,MC,TimeDial-TimeDial-45,1178,"There is a two-person dialogue with several options.
Choose all appropriate options to substitute the <mask> in the dialogue, and each question has at least one correct option.
Dialogue: Person1:Hello . It's good to see you again , Ms Harrow , sending more money to your grandson today ?
Person2: Today I'm here to find out about paying in foreign currency . You do that here , I suppose ?
Person1: Yes , of course . What would you like to know ?
Person2: My nephew has told me about something called a ' timing deposit ' or something like that ?
Person1: A T-I-M-E , Time Deposit . You can chose from 5 different grades
Person2: Put me down for <MASK> . Here's the money I'd like to pay in ...

Options: A. 3 years
B. 90 years
C. 5 days
D. 2 years

","There is a two-person dialogue with several options.
Choose all appropriate options to substitute the <mask> in the dialogue, and each question has at least one correct option.
Dialogue: Person1:Hello . It's good to see you again , Ms Harrow , sending more money to your grandson today ?
Person2: Today I'm here to find out about paying in foreign currency . You do that here , I suppose ?
Person1: Yes , of course . What would you like to know ?
Person2: My nephew has told me about something called a ' timing deposit ' or something like that ?
Person1: A T-I-M-E , Time Deposit . You can chose from 5 different grades
Person2: Put me down for <MASK> . Here's the money I'd like to pay in ...

Options: A. 3 years
B. 90 years
C. 5 days
D. 2 years

Let's think step by step before providing your final answer. However, you must conclude your assessment with the statement: 'Thus, the correct answer is: X', where 'X' is simply the solution you've determined to be correct. Note that there may be more than one correct option, in which case you must list them all.",A. 3 years && D. 2 years,1
TimeBench,TimeDial,TimeDial,MC,TimeDial-TimeDial-461,624,"There is a two-person dialogue with several options.
Choose all appropriate options to substitute the <mask> in the dialogue, and each question has at least one correct option.
Dialogue: Person1:How do you usually spend your time , now that you ' Ve retired ?
Person2: Well , I nearly always get up at dawn . I don ' t like sleeping in late . The days are longer in summer than in winter , so I get up in summer . I usually do some exercise when I get up .
Person1: What do you have for breakfast ?
Person2: I usually have cereal , but sometimes I cook a traditional English breakfast .
Person1: that sounds nice . How do you spend your mornings ?
Person2: I usually do housework in mornings . I go shopping occasionally . I like to do all my shopping in one bag trip to the supermarket . I always drive to the big supermarket in the city center . It takes <MASK> to drive there .
Person1: How do you spend your afternoons ?
Person2: I usually meet some friends and we play sports together or I might spend some time alone on my hobbies . I spend winter evening watching tv , but I spend summer evening at cultural events if I have time .

Options: A. about 20 minutes
B. about 30 minutes
C. about one day
D. about two weeks

","There is a two-person dialogue with several options.
Choose all appropriate options to substitute the <mask> in the dialogue, and each question has at least one correct option.
Dialogue: Person1:How do you usually spend your time , now that you ' Ve retired ?
Person2: Well , I nearly always get up at dawn . I don ' t like sleeping in late . The days are longer in summer than in winter , so I get up in summer . I usually do some exercise when I get up .
Person1: What do you have for breakfast ?
Person2: I usually have cereal , but sometimes I cook a traditional English breakfast .
Person1: that sounds nice . How do you spend your mornings ?
Person2: I usually do housework in mornings . I go shopping occasionally . I like to do all my shopping in one bag trip to the supermarket . I always drive to the big supermarket in the city center . It takes <MASK> to drive there .
Person1: How do you spend your afternoons ?
Person2: I usually meet some friends and we play sports together or I might spend some time alone on my hobbies . I spend winter evening watching tv , but I spend summer evening at cultural events if I have time .

Options: A. about 20 minutes
B. about 30 minutes
C. about one day
D. about two weeks

Let's think step by step before providing your final answer. However, you must conclude your assessment with the statement: 'Thus, the correct answer is: X', where 'X' is simply the solution you've determined to be correct. Note that there may be more than one correct option, in which case you must list them all.",A. about 20 minutes && B. about 30 minutes,1
TimeBench,TimeDial,TimeDial,MC,TimeDial-TimeDial-66,710,"There is a two-person dialogue with several options.
Choose all appropriate options to substitute the <mask> in the dialogue, and each question has at least one correct option.
Dialogue: Person1:Good morning Mike !
Person2: Morning Sally ! What's up ? you seem many hurry !
Person1: I am having an exam at 9 o'clock , It's already 8 thirty .
Person2: Don't worry , I'll drive you .
Person1: Thank you very much !
Person2: How are your cases coming along ?
Person1: Very well , thanks , I will probably finish next week , but this is still a lot of work , I have been worked on in for <MASK> , and i ' m so closed to end . I can fill in .
Person2: Wow , Good for you . It sounds like a lot of work . I'm proud of you ! Is this the red of building ?
Person1: Yes , It's only 8 forty . Thanks so much !
Person2: You're welcome . Good luck , bye !
Person1: Have a nice day , bye !

Options: A. six months
B. one year
C. 9 decades
D. a day

","There is a two-person dialogue with several options.
Choose all appropriate options to substitute the <mask> in the dialogue, and each question has at least one correct option.
Dialogue: Person1:Good morning Mike !
Person2: Morning Sally ! What's up ? you seem many hurry !
Person1: I am having an exam at 9 o'clock , It's already 8 thirty .
Person2: Don't worry , I'll drive you .
Person1: Thank you very much !
Person2: How are your cases coming along ?
Person1: Very well , thanks , I will probably finish next week , but this is still a lot of work , I have been worked on in for <MASK> , and i ' m so closed to end . I can fill in .
Person2: Wow , Good for you . It sounds like a lot of work . I'm proud of you ! Is this the red of building ?
Person1: Yes , It's only 8 forty . Thanks so much !
Person2: You're welcome . Good luck , bye !
Person1: Have a nice day , bye !

Options: A. six months
B. one year
C. 9 decades
D. a day

Let's think step by step before providing your final answer. However, you must conclude your assessment with the statement: 'Thus, the correct answer is: X', where 'X' is simply the solution you've determined to be correct. Note that there may be more than one correct option, in which case you must list them all.",A. six months && B. one year,1
TimeBench,TimeDial,TimeDial,MC,TimeDial-TimeDial-187,553,"There is a two-person dialogue with several options.
Choose all appropriate options to substitute the <mask> in the dialogue, and each question has at least one correct option.
Dialogue: Person1:Adam . I ' m sorry .
Person2: Where have you been , Alice , you're over an hour late .
Person1: Yes , But I couldn ' t help it . I was late getting off work for a start and then I miss the bus . The bus I did catch that stuck in the traffic jam . It was one thing after another .
Person2: why ere you getting off work so late ? The office close at six , doesn ' t it ?
Person1: Yes . But those are the rush in that moment . And my boss ask me to do some urgent letters .
Person2: Didn ' t you tell him you have an appointment ?
Person1: Well , no . I thought I ‘ Ve finish in <MASK> . and I didn ' t want to be difficult about just few minutes , if I hadn ' t been missing the bus and in the traffic I wouldn ' t have been so late . I ' m sorry .
Person2: Well . You ' re here .

Options: A. an hour
B. one second
C. ten minutes
D. five minutes

","There is a two-person dialogue with several options.
Choose all appropriate options to substitute the <mask> in the dialogue, and each question has at least one correct option.
Dialogue: Person1:Adam . I ' m sorry .
Person2: Where have you been , Alice , you're over an hour late .
Person1: Yes , But I couldn ' t help it . I was late getting off work for a start and then I miss the bus . The bus I did catch that stuck in the traffic jam . It was one thing after another .
Person2: why ere you getting off work so late ? The office close at six , doesn ' t it ?
Person1: Yes . But those are the rush in that moment . And my boss ask me to do some urgent letters .
Person2: Didn ' t you tell him you have an appointment ?
Person1: Well , no . I thought I ‘ Ve finish in <MASK> . and I didn ' t want to be difficult about just few minutes , if I hadn ' t been missing the bus and in the traffic I wouldn ' t have been so late . I ' m sorry .
Person2: Well . You ' re here .

Options: A. an hour
B. one second
C. ten minutes
D. five minutes

Let's think step by step before providing your final answer. However, you must conclude your assessment with the statement: 'Thus, the correct answer is: X', where 'X' is simply the solution you've determined to be correct. Note that there may be more than one correct option, in which case you must list them all.",C. ten minutes && D. five minutes,1
TimeBench,TimeDial,TimeDial,MC,TimeDial-TimeDial-13,990,"There is a two-person dialogue with several options.
Choose all appropriate options to substitute the <mask> in the dialogue, and each question has at least one correct option.
Dialogue: Person1:My name is Sue . How do you do , Mr . Black ?
Person2: I'm glad to meet you , Sue . Please have a seat .
Person1: Thank you , sir .
Person2: We've looked over your letter and resume and I'm very satisfied with them . Today I want to invite you talk about insurance you're interested in .
Person1: Thank you . I wonder whether I can enjoy the life insurance and health insurance .
Person2: Of course . A two-week paid vacation a year , a <MASK> workweek .
Person1: Good . Anything else ?
Person2: Yes . All the insurance will be linked with your work . We will issue an insurance policy .
Person1: Thank you , sir .

Options: A. five-day
B. six-day 
C. one-hour 
D. one-day 

","There is a two-person dialogue with several options.
Choose all appropriate options to substitute the <mask> in the dialogue, and each question has at least one correct option.
Dialogue: Person1:My name is Sue . How do you do , Mr . Black ?
Person2: I'm glad to meet you , Sue . Please have a seat .
Person1: Thank you , sir .
Person2: We've looked over your letter and resume and I'm very satisfied with them . Today I want to invite you talk about insurance you're interested in .
Person1: Thank you . I wonder whether I can enjoy the life insurance and health insurance .
Person2: Of course . A two-week paid vacation a year , a <MASK> workweek .
Person1: Good . Anything else ?
Person2: Yes . All the insurance will be linked with your work . We will issue an insurance policy .
Person1: Thank you , sir .

Options: A. five-day
B. six-day 
C. one-hour 
D. one-day 

Let's think step by step before providing your final answer. However, you must conclude your assessment with the statement: 'Thus, the correct answer is: X', where 'X' is simply the solution you've determined to be correct. Note that there may be more than one correct option, in which case you must list them all.",A. five-day && B. six-day ,1
TimeBench,TimeDial,TimeDial,MC,TimeDial-TimeDial-36,138,"There is a two-person dialogue with several options.
Choose all appropriate options to substitute the <mask> in the dialogue, and each question has at least one correct option.
Dialogue: Person1:Do you have any other questions ?
Person2: Yes , may I ask something about the salary and benefits in your company ?
Person1: According to our regulations , you will be on probation for <MASK> .
Person2: What is the salary while on probation ?
Person1: In this period , you can only get the basic salary , 2,500 yuan per month .
Person2: That sounds fine .
Person1: The salary will be deposited into the bank on the 15th every month . Your salary will be raised every year in October , depending on your performance .
Person2: Are there paid holidays ?
Person1: Yes , you may enjoy a seven-day holiday in the first year . After that , you can have two more days each year .
Options: A. the first year
B. the first seven days
C. the first two months
D. the first three months

","There is a two-person dialogue with several options.
Choose all appropriate options to substitute the <mask> in the dialogue, and each question has at least one correct option.
Dialogue: Person1:Do you have any other questions ?
Person2: Yes , may I ask something about the salary and benefits in your company ?
Person1: According to our regulations , you will be on probation for <MASK> .
Person2: What is the salary while on probation ?
Person1: In this period , you can only get the basic salary , 2,500 yuan per month .
Person2: That sounds fine .
Person1: The salary will be deposited into the bank on the 15th every month . Your salary will be raised every year in October , depending on your performance .
Person2: Are there paid holidays ?
Person1: Yes , you may enjoy a seven-day holiday in the first year . After that , you can have two more days each year .
Options: A. the first year
B. the first seven days
C. the first two months
D. the first three months

Let's think step by step before providing your final answer. However, you must conclude your assessment with the statement: 'Thus, the correct answer is: X', where 'X' is simply the solution you've determined to be correct. Note that there may be more than one correct option, in which case you must list them all.",C. the first two months && D. the first three months,1
TimeBench,TimeDial,TimeDial,MC,TimeDial-TimeDial-29,395,"There is a two-person dialogue with several options.
Choose all appropriate options to substitute the <mask> in the dialogue, and each question has at least one correct option.
Dialogue: Person1:Hello ! Is your taxi engaged ?
Person2: No , this taxi is free .
Person1: Please take me to the Honging Hotel .
Person2: OK . Please get in . I'm glad to serve you .
Person1: Could you get there in twenty minutes ?
Person2: It will take half an hour to get to the hotel .
Person1: I am in a hurry . Please take a shortcut . I have a friend waiting for me .
Person2: OK , I promise we'll get there in <MASK> .
Person1: Thanks .

Options: A. Two minutes 
B. Five hours
C. Nineteen minutes 
D. twenty minutes

","There is a two-person dialogue with several options.
Choose all appropriate options to substitute the <mask> in the dialogue, and each question has at least one correct option.
Dialogue: Person1:Hello ! Is your taxi engaged ?
Person2: No , this taxi is free .
Person1: Please take me to the Honging Hotel .
Person2: OK . Please get in . I'm glad to serve you .
Person1: Could you get there in twenty minutes ?
Person2: It will take half an hour to get to the hotel .
Person1: I am in a hurry . Please take a shortcut . I have a friend waiting for me .
Person2: OK , I promise we'll get there in <MASK> .
Person1: Thanks .

Options: A. Two minutes 
B. Five hours
C. Nineteen minutes 
D. twenty minutes

Let's think step by step before providing your final answer. However, you must conclude your assessment with the statement: 'Thus, the correct answer is: X', where 'X' is simply the solution you've determined to be correct. Note that there may be more than one correct option, in which case you must list them all.",C. Nineteen minutes  && D. twenty minutes,1
TimeBench,TimeDial,TimeDial,MC,TimeDial-TimeDial-171,1170,"There is a two-person dialogue with several options.
Choose all appropriate options to substitute the <mask> in the dialogue, and each question has at least one correct option.
Dialogue: Person1:What's the date today Mr.Brown ? I don't have a calendar .
Person2: Today is Tuesday , 25th September , 2001 .
Person1: 25th Sep ? Oh , I have an appointment tonight .
Person2: What time is your appointment ?
Person1: It is at <MASK> .
Person2: What time is now ? Do you have the correct time ?
Person1: I don't know what time it is .
Person2: It must be about 6 o'clock .
Person1: I have to go now . I don't want to be late .
Person2: You won't be late . It's still early .

Options: A. 8 o'clock
B. about 6 o'clock
C. 9 o'clock
D. 1 o'clock

","There is a two-person dialogue with several options.
Choose all appropriate options to substitute the <mask> in the dialogue, and each question has at least one correct option.
Dialogue: Person1:What's the date today Mr.Brown ? I don't have a calendar .
Person2: Today is Tuesday , 25th September , 2001 .
Person1: 25th Sep ? Oh , I have an appointment tonight .
Person2: What time is your appointment ?
Person1: It is at <MASK> .
Person2: What time is now ? Do you have the correct time ?
Person1: I don't know what time it is .
Person2: It must be about 6 o'clock .
Person1: I have to go now . I don't want to be late .
Person2: You won't be late . It's still early .

Options: A. 8 o'clock
B. about 6 o'clock
C. 9 o'clock
D. 1 o'clock

Let's think step by step before providing your final answer. However, you must conclude your assessment with the statement: 'Thus, the correct answer is: X', where 'X' is simply the solution you've determined to be correct. Note that there may be more than one correct option, in which case you must list them all.",A. 8 o'clock && C. 9 o'clock,1
TimeBench,TimeDial,TimeDial,MC,TimeDial-TimeDial-143,754,"There is a two-person dialogue with several options.
Choose all appropriate options to substitute the <mask> in the dialogue, and each question has at least one correct option.
Dialogue: Person1:Hey , there ' s Leo . I wonder why he ' s walking arm in arm with that young woman .
Person2: It ' s as plain as the nose on your face . They ' re dating each other .
Person1: You ' re pulling my leg ! She must be thirty years younger than Leo . Talk about robbing the cradle !
Person2: Well , you can bet this relationship ' s going to be a flash in the pan .
Person1: It must have been love at first sight because I know he didn ' t have a girlfriend last week .
Person2: I think you are absolutely right . Actually , my father proposed to my mother after knowing her only <MASK> . They got married a month later .

Options: A. thirty years
B. ten seconds
C. two weeks
D. 15 days

","There is a two-person dialogue with several options.
Choose all appropriate options to substitute the <mask> in the dialogue, and each question has at least one correct option.
Dialogue: Person1:Hey , there ' s Leo . I wonder why he ' s walking arm in arm with that young woman .
Person2: It ' s as plain as the nose on your face . They ' re dating each other .
Person1: You ' re pulling my leg ! She must be thirty years younger than Leo . Talk about robbing the cradle !
Person2: Well , you can bet this relationship ' s going to be a flash in the pan .
Person1: It must have been love at first sight because I know he didn ' t have a girlfriend last week .
Person2: I think you are absolutely right . Actually , my father proposed to my mother after knowing her only <MASK> . They got married a month later .

Options: A. thirty years
B. ten seconds
C. two weeks
D. 15 days

Let's think step by step before providing your final answer. However, you must conclude your assessment with the statement: 'Thus, the correct answer is: X', where 'X' is simply the solution you've determined to be correct. Note that there may be more than one correct option, in which case you must list them all.",C. two weeks && D. 15 days,1
TimeBench,TimeDial,TimeDial,MC,TimeDial-TimeDial-343,838,"There is a two-person dialogue with several options.
Choose all appropriate options to substitute the <mask> in the dialogue, and each question has at least one correct option.
Dialogue: Person1:We are going to need confirmation on these orders today , and delivery must be made before next Tuesday . Do you think you can handle that ?
Person2: We are willing to work with you , but do you think it would be possible to extend your confirmation deadline ? We need to check the warehouse to make sure the products are in stock . The earliest I will be to get back to you is tomorrow morning .
Person1: No , I must know today because we have to go to press for the advertisements . Is there anyway you can speed up the process of checking inventory ?
Person2: We can do that , but it will cost ... If we have to check our inventory with all our guys on overtime , you're looking at an increased cost of , I'd say , maybe 10 % .
Person1: Are you kidding ?
Person2: No , and let me tell you why ... If I make my guys stay over to check the inventory , I'll have to pay them at an overtime rate , which is time and a half . I estimate it will probably take 3 guys <MASK> to finish , that will be an increase on your labor fee by at least 10 % ... if you need the numbers that urgently , I can have them do it . Otherwise , we can wait until tomorrow morning , and I'll call you with the numbers after they're done . It's your call ...

Options: A. 10 hours
B. two hours
C. one hour
D. 3 days

","There is a two-person dialogue with several options.
Choose all appropriate options to substitute the <mask> in the dialogue, and each question has at least one correct option.
Dialogue: Person1:We are going to need confirmation on these orders today , and delivery must be made before next Tuesday . Do you think you can handle that ?
Person2: We are willing to work with you , but do you think it would be possible to extend your confirmation deadline ? We need to check the warehouse to make sure the products are in stock . The earliest I will be to get back to you is tomorrow morning .
Person1: No , I must know today because we have to go to press for the advertisements . Is there anyway you can speed up the process of checking inventory ?
Person2: We can do that , but it will cost ... If we have to check our inventory with all our guys on overtime , you're looking at an increased cost of , I'd say , maybe 10 % .
Person1: Are you kidding ?
Person2: No , and let me tell you why ... If I make my guys stay over to check the inventory , I'll have to pay them at an overtime rate , which is time and a half . I estimate it will probably take 3 guys <MASK> to finish , that will be an increase on your labor fee by at least 10 % ... if you need the numbers that urgently , I can have them do it . Otherwise , we can wait until tomorrow morning , and I'll call you with the numbers after they're done . It's your call ...

Options: A. 10 hours
B. two hours
C. one hour
D. 3 days

Let's think step by step before providing your final answer. However, you must conclude your assessment with the statement: 'Thus, the correct answer is: X', where 'X' is simply the solution you've determined to be correct. Note that there may be more than one correct option, in which case you must list them all.",B. two hours && C. one hour,1
TimeBench,TimeDial,TimeDial,MC,TimeDial-TimeDial-96,576,"There is a two-person dialogue with several options.
Choose all appropriate options to substitute the <mask> in the dialogue, and each question has at least one correct option.
Dialogue: Person1:Hello , Catherine . Would you like to go out tomorrow ?
Person2: Tomorrow ?
Person1: Yeah , I was thinking we could get a bite to eat and catch a movie .
Person2: That sounds great .
Person1: Yes . We can do something else if you like .
Person2: OK . Dinner and a movie will be perfect .
Person1: Well . What time would you like me to pick you up ?
Person2: How <MASK> ?
Person1: Good . I will see you then .
Person2: OK . Bye .
Person1: Bye .

Options: A. about 7 o'clock
B. about 11 o'clock
C. about 1 o'clock
D. about 6 o'clock

","There is a two-person dialogue with several options.
Choose all appropriate options to substitute the <mask> in the dialogue, and each question has at least one correct option.
Dialogue: Person1:Hello , Catherine . Would you like to go out tomorrow ?
Person2: Tomorrow ?
Person1: Yeah , I was thinking we could get a bite to eat and catch a movie .
Person2: That sounds great .
Person1: Yes . We can do something else if you like .
Person2: OK . Dinner and a movie will be perfect .
Person1: Well . What time would you like me to pick you up ?
Person2: How <MASK> ?
Person1: Good . I will see you then .
Person2: OK . Bye .
Person1: Bye .

Options: A. about 7 o'clock
B. about 11 o'clock
C. about 1 o'clock
D. about 6 o'clock

Let's think step by step before providing your final answer. However, you must conclude your assessment with the statement: 'Thus, the correct answer is: X', where 'X' is simply the solution you've determined to be correct. Note that there may be more than one correct option, in which case you must list them all.",A. about 7 o'clock && D. about 6 o'clock,1
TimeBench,TimeDial,TimeDial,MC,TimeDial-TimeDial-52,1369,"There is a two-person dialogue with several options.
Choose all appropriate options to substitute the <mask> in the dialogue, and each question has at least one correct option.
Dialogue: Person1:Hello , this is Francis from XYZ Company . I would like to discuss with you about a new project some time next week . Do you have time to meet ?
Person2: Well , I am not sure . Lets me check my agenda
Person1: Ok .
Person2: I am free on Tuesday afternoon <MASK> , is it convenient for you ?
Person1: It is ok with me . So I will be arriving at your office around 2 fifteen PM . Do you have a projector in your room ? I would like to show you some related charts
Person2: Yes , there is . See you then .

Options: A. from 2 AM to 3 AM
B. from 1 PM to 3 PM
C. from 9 PM to 10 PM
D. from 2 PM to 4 PM

","There is a two-person dialogue with several options.
Choose all appropriate options to substitute the <mask> in the dialogue, and each question has at least one correct option.
Dialogue: Person1:Hello , this is Francis from XYZ Company . I would like to discuss with you about a new project some time next week . Do you have time to meet ?
Person2: Well , I am not sure . Lets me check my agenda
Person1: Ok .
Person2: I am free on Tuesday afternoon <MASK> , is it convenient for you ?
Person1: It is ok with me . So I will be arriving at your office around 2 fifteen PM . Do you have a projector in your room ? I would like to show you some related charts
Person2: Yes , there is . See you then .

Options: A. from 2 AM to 3 AM
B. from 1 PM to 3 PM
C. from 9 PM to 10 PM
D. from 2 PM to 4 PM

Let's think step by step before providing your final answer. However, you must conclude your assessment with the statement: 'Thus, the correct answer is: X', where 'X' is simply the solution you've determined to be correct. Note that there may be more than one correct option, in which case you must list them all.",B. from 1 PM to 3 PM && D. from 2 PM to 4 PM,1
TimeBench,TimeDial,TimeDial,MC,TimeDial-TimeDial-241,687,"There is a two-person dialogue with several options.
Choose all appropriate options to substitute the <mask> in the dialogue, and each question has at least one correct option.
Dialogue: Person1:have you ever been invited to a Chinese feast ?
Person2: sure . Beijingers are distinguished for their warmth and hospitality .
Person1: as far as you could see , is dining at a Chinese table a distinct experience ? To what extent does it differ from that in your homeland ?
Person2: to begin with , I have to use chopsticks .
Person1: but you look quite proficient in using them now .
Person2: certainly . After all , I've been here for <MASK> . It's not much uphill work for a foreigner to get used to Chinese dinner utensils . Though , I do feel hazy about how to behave appropriately at a Ch
Person1: yes , table etiquette . There are a multitude of rules that foreigners might never know until they were told . Some practices even appear somewhat awkward or rude to Westerners , while they are the norm i
Person2: anything strang about that ?
Person1: maybe you should have placed them horizontally over your bowl or plate . They resemble two incense sticks used at sacrifices . It's very inauspicious , and might enrage all present .
Person2: oh , sorry ! There's a long story even with a mere pair of sticks .

Options: A. 12 minutes 
B. 2 weeks 
C. nine years 
D. two years

","There is a two-person dialogue with several options.
Choose all appropriate options to substitute the <mask> in the dialogue, and each question has at least one correct option.
Dialogue: Person1:have you ever been invited to a Chinese feast ?
Person2: sure . Beijingers are distinguished for their warmth and hospitality .
Person1: as far as you could see , is dining at a Chinese table a distinct experience ? To what extent does it differ from that in your homeland ?
Person2: to begin with , I have to use chopsticks .
Person1: but you look quite proficient in using them now .
Person2: certainly . After all , I've been here for <MASK> . It's not much uphill work for a foreigner to get used to Chinese dinner utensils . Though , I do feel hazy about how to behave appropriately at a Ch
Person1: yes , table etiquette . There are a multitude of rules that foreigners might never know until they were told . Some practices even appear somewhat awkward or rude to Westerners , while they are the norm i
Person2: anything strang about that ?
Person1: maybe you should have placed them horizontally over your bowl or plate . They resemble two incense sticks used at sacrifices . It's very inauspicious , and might enrage all present .
Person2: oh , sorry ! There's a long story even with a mere pair of sticks .

Options: A. 12 minutes 
B. 2 weeks 
C. nine years 
D. two years

Let's think step by step before providing your final answer. However, you must conclude your assessment with the statement: 'Thus, the correct answer is: X', where 'X' is simply the solution you've determined to be correct. Note that there may be more than one correct option, in which case you must list them all.",C. nine years  && D. two years,1
TimeBench,TimeDial,TimeDial,MC,TimeDial-TimeDial-485,1118,"There is a two-person dialogue with several options.
Choose all appropriate options to substitute the <mask> in the dialogue, and each question has at least one correct option.
Dialogue: Person1:Do you know that working overtime in some companies is a regular thing ?
Person2: How regular ?
Person1: An average <MASK> or more a day according to a survey , the worst thing is that the employees get no pay for that .
Person2: You are kidding me ? It is against the labor law . They should be aware of their rights .
Person1: But these people say nothing about that . They are worried about losing their job because there is surplus in labor force these days .
Person2: That ' s not right , somebody should do something .

Options: A. ten hours
B. Two hours
C. Twelve hours
D. Twenty hours

","There is a two-person dialogue with several options.
Choose all appropriate options to substitute the <mask> in the dialogue, and each question has at least one correct option.
Dialogue: Person1:Do you know that working overtime in some companies is a regular thing ?
Person2: How regular ?
Person1: An average <MASK> or more a day according to a survey , the worst thing is that the employees get no pay for that .
Person2: You are kidding me ? It is against the labor law . They should be aware of their rights .
Person1: But these people say nothing about that . They are worried about losing their job because there is surplus in labor force these days .
Person2: That ' s not right , somebody should do something .

Options: A. ten hours
B. Two hours
C. Twelve hours
D. Twenty hours

Let's think step by step before providing your final answer. However, you must conclude your assessment with the statement: 'Thus, the correct answer is: X', where 'X' is simply the solution you've determined to be correct. Note that there may be more than one correct option, in which case you must list them all.",A. ten hours && C. Twelve hours,1
TimeBench,TimeDial,TimeDial,MC,TimeDial-TimeDial-379,798,"There is a two-person dialogue with several options.
Choose all appropriate options to substitute the <mask> in the dialogue, and each question has at least one correct option.
Dialogue: Person1:Excuse me . What's the actual flying time from here to San Francisco ?
Person2: It's <MASK> .
Person1: Can you tell me what time we're arriving ?
Person2: Sure . Let me see ... at 6:15 a . m . local time tomorrow .
Person1: I see .
Person2: And that'll be 10:15 p . m . Taipei time .
Options: A. about twelve hours
B. 6 hours 15 minutes 
C. About eleven and half hours 
D. About one hour 

","There is a two-person dialogue with several options.
Choose all appropriate options to substitute the <mask> in the dialogue, and each question has at least one correct option.
Dialogue: Person1:Excuse me . What's the actual flying time from here to San Francisco ?
Person2: It's <MASK> .
Person1: Can you tell me what time we're arriving ?
Person2: Sure . Let me see ... at 6:15 a . m . local time tomorrow .
Person1: I see .
Person2: And that'll be 10:15 p . m . Taipei time .
Options: A. about twelve hours
B. 6 hours 15 minutes 
C. About eleven and half hours 
D. About one hour 

Let's think step by step before providing your final answer. However, you must conclude your assessment with the statement: 'Thus, the correct answer is: X', where 'X' is simply the solution you've determined to be correct. Note that there may be more than one correct option, in which case you must list them all.",A. about twelve hours && C. About eleven and half hours ,1
TimeBench,TimeDial,TimeDial,MC,TimeDial-TimeDial-42,1412,"There is a two-person dialogue with several options.
Choose all appropriate options to substitute the <mask> in the dialogue, and each question has at least one correct option.
Dialogue: Person1:are you ready for the meeting ?
Person2: yes , come on in . how's your new job going ?
Person1: it's challenging , but I'm enjoying it quite a bit .
Person2: that's great . I knew you'd do a good job as a manager .
Person1: thanks a lot .
Person2: how's your assistant manager getting on ?
Person1: well , that's part of the problem . His probation period is up tomorrow and I don't think he's ready to pass .
Person2: what seems to be the problem ?
Person1: well , he was supposed to be able to learn his job in <MASK> , but he just doesn't seem to know what he's doing .
Person2: if you gave him another 30 days , do you think he could figure it out by then ?
Person1: to be honest , he has no authority . He's a hard-worker , but no one listens to him .
Person2: I see . Not everyone is cut out to work in management .
Person1: I know . It'd be great if we could transfer him to a department where he doesn't have to work with people .
Person2: there's an opening in the creative design department . It involves working with computers .
Person1: that's perfect . I'll let him know tomorrow . Thanks !

Options: A. 30 seconds
B. 30 days
C. 5 years
D. 45 days

","There is a two-person dialogue with several options.
Choose all appropriate options to substitute the <mask> in the dialogue, and each question has at least one correct option.
Dialogue: Person1:are you ready for the meeting ?
Person2: yes , come on in . how's your new job going ?
Person1: it's challenging , but I'm enjoying it quite a bit .
Person2: that's great . I knew you'd do a good job as a manager .
Person1: thanks a lot .
Person2: how's your assistant manager getting on ?
Person1: well , that's part of the problem . His probation period is up tomorrow and I don't think he's ready to pass .
Person2: what seems to be the problem ?
Person1: well , he was supposed to be able to learn his job in <MASK> , but he just doesn't seem to know what he's doing .
Person2: if you gave him another 30 days , do you think he could figure it out by then ?
Person1: to be honest , he has no authority . He's a hard-worker , but no one listens to him .
Person2: I see . Not everyone is cut out to work in management .
Person1: I know . It'd be great if we could transfer him to a department where he doesn't have to work with people .
Person2: there's an opening in the creative design department . It involves working with computers .
Person1: that's perfect . I'll let him know tomorrow . Thanks !

Options: A. 30 seconds
B. 30 days
C. 5 years
D. 45 days

Let's think step by step before providing your final answer. However, you must conclude your assessment with the statement: 'Thus, the correct answer is: X', where 'X' is simply the solution you've determined to be correct. Note that there may be more than one correct option, in which case you must list them all.",B. 30 days && D. 45 days,1
TimeBench,TimeDial,TimeDial,MC,TimeDial-TimeDial-422,517,"There is a two-person dialogue with several options.
Choose all appropriate options to substitute the <mask> in the dialogue, and each question has at least one correct option.
Dialogue: Person1:I can't wait until my car is repaired . The commuting with public transportation is killing me .
Person2: It can't be that bad .
Person1: But it is ! Take this morning for example . The subway was so packed this morning , I got totally squished by about a hundred busy commuters on the way to work .
Person2: At least the subway is better than the bus . It's faster for one thing . And usually less crowded . But the drawback is that the subway is more expensive than the bus . It adds up over time , if you take it every day .
Person1: That's true . The bus is even worse . Just thinking about taking the bus every day makes me tired ! Hey , how do you get to work every day ?
Person2: I ride my bike . I don't live too far away , so it's pretty convenient . it's only about a <MASK> bike ride from my house to the office .
Person1: I'll bet it's good exercise , too ... a good way to keep fit .
Person2: Yes , not only a good way to keep in shape , but a good way to relieve stress as well . While you're stressed out by your commute , I'm releasing all the stress of the day with mine .

Options: A. 15 minutes
B. one hour
C. ten minute
D. five hours

","There is a two-person dialogue with several options.
Choose all appropriate options to substitute the <mask> in the dialogue, and each question has at least one correct option.
Dialogue: Person1:I can't wait until my car is repaired . The commuting with public transportation is killing me .
Person2: It can't be that bad .
Person1: But it is ! Take this morning for example . The subway was so packed this morning , I got totally squished by about a hundred busy commuters on the way to work .
Person2: At least the subway is better than the bus . It's faster for one thing . And usually less crowded . But the drawback is that the subway is more expensive than the bus . It adds up over time , if you take it every day .
Person1: That's true . The bus is even worse . Just thinking about taking the bus every day makes me tired ! Hey , how do you get to work every day ?
Person2: I ride my bike . I don't live too far away , so it's pretty convenient . it's only about a <MASK> bike ride from my house to the office .
Person1: I'll bet it's good exercise , too ... a good way to keep fit .
Person2: Yes , not only a good way to keep in shape , but a good way to relieve stress as well . While you're stressed out by your commute , I'm releasing all the stress of the day with mine .

Options: A. 15 minutes
B. one hour
C. ten minute
D. five hours

Let's think step by step before providing your final answer. However, you must conclude your assessment with the statement: 'Thus, the correct answer is: X', where 'X' is simply the solution you've determined to be correct. Note that there may be more than one correct option, in which case you must list them all.",A. 15 minutes && C. ten minute,1
TimeBench,TimeDial,TimeDial,MC,TimeDial-TimeDial-207,335,"There is a two-person dialogue with several options.
Choose all appropriate options to substitute the <mask> in the dialogue, and each question has at least one correct option.
Dialogue: Person1:Do you have any direct flights to Toronto ?
Person2: Sorry , we don't . But I think you can fly on Northwest Airlines to Berlin and then have a connecting flight on Canada Airline to Toronto . And it is the most economical flight , just 1,900 dollars .
Person1: When does the flight depart ?
Person2: At 8 am . By the way , it also makes a refueling stop .
Person1: How long is the layover ?
Person2: Less than one hour .
Person1: And how long do I have to stay in Berlin for the connecting flight ?
Person2: Not so long , just one hour .
Person1: So the time for the total journey is about ... ?
Person2: <MASK> .
Person1: Let me count . Ok , it works out for my schedule . Thanks a lot !
Person2: You are welcome !
Options: A. About 13 hours
B. About 14 hours
C. About 1 hour
D. About 8 minutes

","There is a two-person dialogue with several options.
Choose all appropriate options to substitute the <mask> in the dialogue, and each question has at least one correct option.
Dialogue: Person1:Do you have any direct flights to Toronto ?
Person2: Sorry , we don't . But I think you can fly on Northwest Airlines to Berlin and then have a connecting flight on Canada Airline to Toronto . And it is the most economical flight , just 1,900 dollars .
Person1: When does the flight depart ?
Person2: At 8 am . By the way , it also makes a refueling stop .
Person1: How long is the layover ?
Person2: Less than one hour .
Person1: And how long do I have to stay in Berlin for the connecting flight ?
Person2: Not so long , just one hour .
Person1: So the time for the total journey is about ... ?
Person2: <MASK> .
Person1: Let me count . Ok , it works out for my schedule . Thanks a lot !
Person2: You are welcome !
Options: A. About 13 hours
B. About 14 hours
C. About 1 hour
D. About 8 minutes

Let's think step by step before providing your final answer. However, you must conclude your assessment with the statement: 'Thus, the correct answer is: X', where 'X' is simply the solution you've determined to be correct. Note that there may be more than one correct option, in which case you must list them all.",A. About 13 hours && B. About 14 hours,1
TimeBench,TimeDial,TimeDial,MC,TimeDial-TimeDial-283,255,"There is a two-person dialogue with several options.
Choose all appropriate options to substitute the <mask> in the dialogue, and each question has at least one correct option.
Dialogue: Person1:Have any plans for the weekend , Tom ?
Person2: Yes . I am going for a hike around the Qinghai Lake .
Person1: Oh , do you go hiking often ?
Person2: I go as much as I can . I love hiking , because you can really get in touch with nature .
Person1: It would be nice to get out of the city . Do you want some company ?
Person2: Sure . But it will be a long hike 30 miles in <MASK> . Have you been hiking before ?
Person1: Yeah , I go a lot too . I saw a bear and a lion on my last hike .
Person2: Wow . You must have been pretty far away from the city .
Person1: Yeah , my friend and I hiked in a very wild part of the national forest .
Person2: Well , bring him along to . We will have a great time this weekend .
Person1: Thanks . I will ask him .
Options: A. four days
B. three days
C. 30 seconds
D. one year

","There is a two-person dialogue with several options.
Choose all appropriate options to substitute the <mask> in the dialogue, and each question has at least one correct option.
Dialogue: Person1:Have any plans for the weekend , Tom ?
Person2: Yes . I am going for a hike around the Qinghai Lake .
Person1: Oh , do you go hiking often ?
Person2: I go as much as I can . I love hiking , because you can really get in touch with nature .
Person1: It would be nice to get out of the city . Do you want some company ?
Person2: Sure . But it will be a long hike 30 miles in <MASK> . Have you been hiking before ?
Person1: Yeah , I go a lot too . I saw a bear and a lion on my last hike .
Person2: Wow . You must have been pretty far away from the city .
Person1: Yeah , my friend and I hiked in a very wild part of the national forest .
Person2: Well , bring him along to . We will have a great time this weekend .
Person1: Thanks . I will ask him .
Options: A. four days
B. three days
C. 30 seconds
D. one year

Let's think step by step before providing your final answer. However, you must conclude your assessment with the statement: 'Thus, the correct answer is: X', where 'X' is simply the solution you've determined to be correct. Note that there may be more than one correct option, in which case you must list them all.",A. four days && B. three days,1
TimeBench,TimeDial,TimeDial,MC,TimeDial-TimeDial-255,603,"There is a two-person dialogue with several options.
Choose all appropriate options to substitute the <mask> in the dialogue, and each question has at least one correct option.
Dialogue: Person1:The weather is really miserable . It has been raining hard all day long .
Person2: Yes , it's so cold .
Person1: Do you think the rain is going to let up soon ?
Person2: Yes , I think so . The rainy season will be over soon .
Person1: How long does the rainy season last ?
Person2: <MASK> .
Person1: I can hardly stand these wet and cold days . It seems that it doesn't bother you very much .
Person2: I'm used to this kind of days .
Person1: But I prefer warm weather .
Person2: Spring will come soon . And we will have some pleasant weather then .
Person1: I hope so .

Options: A. About two and half months
B. About two months
C. About two years
D. About two days

","There is a two-person dialogue with several options.
Choose all appropriate options to substitute the <mask> in the dialogue, and each question has at least one correct option.
Dialogue: Person1:The weather is really miserable . It has been raining hard all day long .
Person2: Yes , it's so cold .
Person1: Do you think the rain is going to let up soon ?
Person2: Yes , I think so . The rainy season will be over soon .
Person1: How long does the rainy season last ?
Person2: <MASK> .
Person1: I can hardly stand these wet and cold days . It seems that it doesn't bother you very much .
Person2: I'm used to this kind of days .
Person1: But I prefer warm weather .
Person2: Spring will come soon . And we will have some pleasant weather then .
Person1: I hope so .

Options: A. About two and half months
B. About two months
C. About two years
D. About two days

Let's think step by step before providing your final answer. However, you must conclude your assessment with the statement: 'Thus, the correct answer is: X', where 'X' is simply the solution you've determined to be correct. Note that there may be more than one correct option, in which case you must list them all.",A. About two and half months && B. About two months,1
TimeBench,TimeDial,TimeDial,MC,TimeDial-TimeDial-5,287,"There is a two-person dialogue with several options.
Choose all appropriate options to substitute the <mask> in the dialogue, and each question has at least one correct option.
Dialogue: Person1:Have you given the puppies food yet ?
Person2: Of course . I fed them today .
Person1: Good job ! Please give them a bath later on today .
Person2: Sure , I'll give them a bath .
Person1: Thanks . But don't forget that they have a vet appointment this Saturday .
Person2: I remember . What time do they need to be there ?
Person1: They need to be there at <MASK> .
Person2: All right . I'll make sure and remember .
Options: A. 9:00 in the morning 
B. eleven in the morning
C. 5:00 PM 
D. 12:00 AM 

","There is a two-person dialogue with several options.
Choose all appropriate options to substitute the <mask> in the dialogue, and each question has at least one correct option.
Dialogue: Person1:Have you given the puppies food yet ?
Person2: Of course . I fed them today .
Person1: Good job ! Please give them a bath later on today .
Person2: Sure , I'll give them a bath .
Person1: Thanks . But don't forget that they have a vet appointment this Saturday .
Person2: I remember . What time do they need to be there ?
Person1: They need to be there at <MASK> .
Person2: All right . I'll make sure and remember .
Options: A. 9:00 in the morning 
B. eleven in the morning
C. 5:00 PM 
D. 12:00 AM 

Let's think step by step before providing your final answer. However, you must conclude your assessment with the statement: 'Thus, the correct answer is: X', where 'X' is simply the solution you've determined to be correct. Note that there may be more than one correct option, in which case you must list them all.",A. 9:00 in the morning  && B. eleven in the morning,1
TimeBench,TimeDial,TimeDial,MC,TimeDial-TimeDial-449,614,"There is a two-person dialogue with several options.
Choose all appropriate options to substitute the <mask> in the dialogue, and each question has at least one correct option.
Dialogue: Person1:What are your weekend arrangements ?
Person2: There're many things I can do on weekends .
Person1: What sort of things are you interested in ?
Person2: I'm keen on talking short trips to nearby scenic spots . More often than not , I go with some of my friends . By the way , what are your favorites ?
Person1: I love swimming and cycling . On Sunday morning I have swimming practice for an hour . In the afternoon , I just ride my bike around the city or along the country roads for almost <MASK> .
Person2: That's great ! I think they do you a lot of good . Where do you swim ?
Person1: Mostly in the city's swimming pool . But on occasion , I go to the beach with friends . Well , what do you do at leisure ?
Person2: I'm fond of dancing .
Person1: Good.You really know how to enjoy yourself .

Options: A. three hours
B. a minute
C. a day
D. two hours

","There is a two-person dialogue with several options.
Choose all appropriate options to substitute the <mask> in the dialogue, and each question has at least one correct option.
Dialogue: Person1:What are your weekend arrangements ?
Person2: There're many things I can do on weekends .
Person1: What sort of things are you interested in ?
Person2: I'm keen on talking short trips to nearby scenic spots . More often than not , I go with some of my friends . By the way , what are your favorites ?
Person1: I love swimming and cycling . On Sunday morning I have swimming practice for an hour . In the afternoon , I just ride my bike around the city or along the country roads for almost <MASK> .
Person2: That's great ! I think they do you a lot of good . Where do you swim ?
Person1: Mostly in the city's swimming pool . But on occasion , I go to the beach with friends . Well , what do you do at leisure ?
Person2: I'm fond of dancing .
Person1: Good.You really know how to enjoy yourself .

Options: A. three hours
B. a minute
C. a day
D. two hours

Let's think step by step before providing your final answer. However, you must conclude your assessment with the statement: 'Thus, the correct answer is: X', where 'X' is simply the solution you've determined to be correct. Note that there may be more than one correct option, in which case you must list them all.",A. three hours && D. two hours,1
TimeBench,TimeDial,TimeDial,MC,TimeDial-TimeDial-101,156,"There is a two-person dialogue with several options.
Choose all appropriate options to substitute the <mask> in the dialogue, and each question has at least one correct option.
Dialogue: Person1:Consumer Credit Department . How may I help you ?
Person2: I need some info on car loans . Such as payment periods , interest rates , things like that , please .
Person1: Certainly . Do you currently bank with us ?
Person2: Yes , I do . I have a Current Account , a credit card and a mortgage with you already .
Person1: That's excellent . Well , for our Personal Automobile Consumer Loan we offer some really competitive rates . The maximum repayment period for this type of loan is <MASK> .
Person2: I plan to repay it within 2 years . And the interest ?
Person1: Of course , the interest rates depend on what is announced at the time , but at the moment , the interest for a 2 - year loan is 5.29 %
Person2: So the rate is variable ? OK , that's fine . How about the frequency of repayment ?
Person1: We usually set up a direct debit system taking installments directly from your bank account on a monthly basis . And since you are already a valued customer , there should be no trouble in processing you application for this loan .
Person2: That's nice and easy . Thanks for your time .
Options: A. 29 seconds 
B. 3 years 
C. 5 years
D. 2 days 

","There is a two-person dialogue with several options.
Choose all appropriate options to substitute the <mask> in the dialogue, and each question has at least one correct option.
Dialogue: Person1:Consumer Credit Department . How may I help you ?
Person2: I need some info on car loans . Such as payment periods , interest rates , things like that , please .
Person1: Certainly . Do you currently bank with us ?
Person2: Yes , I do . I have a Current Account , a credit card and a mortgage with you already .
Person1: That's excellent . Well , for our Personal Automobile Consumer Loan we offer some really competitive rates . The maximum repayment period for this type of loan is <MASK> .
Person2: I plan to repay it within 2 years . And the interest ?
Person1: Of course , the interest rates depend on what is announced at the time , but at the moment , the interest for a 2 - year loan is 5.29 %
Person2: So the rate is variable ? OK , that's fine . How about the frequency of repayment ?
Person1: We usually set up a direct debit system taking installments directly from your bank account on a monthly basis . And since you are already a valued customer , there should be no trouble in processing you application for this loan .
Person2: That's nice and easy . Thanks for your time .
Options: A. 29 seconds 
B. 3 years 
C. 5 years
D. 2 days 

Let's think step by step before providing your final answer. However, you must conclude your assessment with the statement: 'Thus, the correct answer is: X', where 'X' is simply the solution you've determined to be correct. Note that there may be more than one correct option, in which case you must list them all.",B. 3 years  && C. 5 years,1
TimeBench,TimeDial,TimeDial,MC,TimeDial-TimeDial-227,703,"There is a two-person dialogue with several options.
Choose all appropriate options to substitute the <mask> in the dialogue, and each question has at least one correct option.
Dialogue: Person1:How are you wedding plans going ?
Person2: Very well . We started organizing everything early to avoid a last minute rush to get things done . The only thing that isn ' t ready yet is my wedding dress .
Person1: When will that be ready ?
Person2: The dressmakers said that is would be ready in two weeks .
Person1: You ' re getting married in <MASK> . So that should be ok . So , you ' Ve prepared the church , catering , transport , hotel-everything .
Person2: Yes . We ' Ve taken care of all of that . We decided not to get married in a church though . Neither of us is very religious .
Person1: Which hotel will the reception be held at ?
Person2: The palace hotel they ' re taking care of the catering , including the wedding cake . I ' m sure they ' ll do a good job .
Person1: Oh , yes . It ' s and excellent hotel . A friend of mine had her wedding reception there and said it was perfect , though very expensive .
Person2: Yes . It will be expensive , but we think it will be worth it . It gives us great peace of mind to know that our reception is in the hands of experienced people .
Person1: I think you make the right decision .

Options: A. Five hours
B. Three days
C. Two and half weeks
D. three weeks

","There is a two-person dialogue with several options.
Choose all appropriate options to substitute the <mask> in the dialogue, and each question has at least one correct option.
Dialogue: Person1:How are you wedding plans going ?
Person2: Very well . We started organizing everything early to avoid a last minute rush to get things done . The only thing that isn ' t ready yet is my wedding dress .
Person1: When will that be ready ?
Person2: The dressmakers said that is would be ready in two weeks .
Person1: You ' re getting married in <MASK> . So that should be ok . So , you ' Ve prepared the church , catering , transport , hotel-everything .
Person2: Yes . We ' Ve taken care of all of that . We decided not to get married in a church though . Neither of us is very religious .
Person1: Which hotel will the reception be held at ?
Person2: The palace hotel they ' re taking care of the catering , including the wedding cake . I ' m sure they ' ll do a good job .
Person1: Oh , yes . It ' s and excellent hotel . A friend of mine had her wedding reception there and said it was perfect , though very expensive .
Person2: Yes . It will be expensive , but we think it will be worth it . It gives us great peace of mind to know that our reception is in the hands of experienced people .
Person1: I think you make the right decision .

Options: A. Five hours
B. Three days
C. Two and half weeks
D. three weeks

Let's think step by step before providing your final answer. However, you must conclude your assessment with the statement: 'Thus, the correct answer is: X', where 'X' is simply the solution you've determined to be correct. Note that there may be more than one correct option, in which case you must list them all.",C. Two and half weeks && D. three weeks,1
TimeBench,TimeDial,TimeDial,MC,TimeDial-TimeDial-172,1165,"There is a two-person dialogue with several options.
Choose all appropriate options to substitute the <mask> in the dialogue, and each question has at least one correct option.
Dialogue: Person1:All right , Mr . Crane , when will you be arriving in the city ?
Person2: I should be coming in on the 11:30 mooring flight . How far is the office from the airport ?
Person1: Only <MASK> or so . We ' ll send somebody to meet you . That ' s 11:30 a . m . Friday the 15th ?
Person2: That ' s right . I ' ll be in the baggage area .

Options: A. 30 minutes
B. 11 hours
C. 15 seconds
D. 25 minutes

","There is a two-person dialogue with several options.
Choose all appropriate options to substitute the <mask> in the dialogue, and each question has at least one correct option.
Dialogue: Person1:All right , Mr . Crane , when will you be arriving in the city ?
Person2: I should be coming in on the 11:30 mooring flight . How far is the office from the airport ?
Person1: Only <MASK> or so . We ' ll send somebody to meet you . That ' s 11:30 a . m . Friday the 15th ?
Person2: That ' s right . I ' ll be in the baggage area .

Options: A. 30 minutes
B. 11 hours
C. 15 seconds
D. 25 minutes

Let's think step by step before providing your final answer. However, you must conclude your assessment with the statement: 'Thus, the correct answer is: X', where 'X' is simply the solution you've determined to be correct. Note that there may be more than one correct option, in which case you must list them all.",A. 30 minutes && D. 25 minutes,1
TimeBench,TimeDial,TimeDial,MC,TimeDial-TimeDial-99,1272,"There is a two-person dialogue with several options.
Choose all appropriate options to substitute the <mask> in the dialogue, and each question has at least one correct option.
Dialogue: Person1:Hello miss . Can I see your ticket number ?
Person2: Sure , here you are . And here are my application forms as well .
Person1: Thank you miss ... Wang . I'm Bob Jones and I'll be handling your application .
Person2: Nice to meet you Mr . Jones .
Person1: The first step is to determine your eligibility for a U . S . visa . Let's see here ... you're applying for a special business visa . Why is that ?
Person2: Well , my first order of business will be attending a conference in Seattle , but after that I intend to spend <MASK> visiting my friends . I assumed a business visa would be required .
Person1: I think a regular visitor's visa should suffice . With this visa , you can stay in the United States for up to 90 days .
Person2: So I can attend conferences and do business on that visa ?
Person1: Yes . You are free to do temporary business with this visa . If you were planning on setting up a new business in the U . S . you might need to apply for a long-term visa .
Person2: Oh , I see . I think 90 days is more than enough time .

Options: A. 90 days
B. Three weeks
C. Five months
D. two weeks

","There is a two-person dialogue with several options.
Choose all appropriate options to substitute the <mask> in the dialogue, and each question has at least one correct option.
Dialogue: Person1:Hello miss . Can I see your ticket number ?
Person2: Sure , here you are . And here are my application forms as well .
Person1: Thank you miss ... Wang . I'm Bob Jones and I'll be handling your application .
Person2: Nice to meet you Mr . Jones .
Person1: The first step is to determine your eligibility for a U . S . visa . Let's see here ... you're applying for a special business visa . Why is that ?
Person2: Well , my first order of business will be attending a conference in Seattle , but after that I intend to spend <MASK> visiting my friends . I assumed a business visa would be required .
Person1: I think a regular visitor's visa should suffice . With this visa , you can stay in the United States for up to 90 days .
Person2: So I can attend conferences and do business on that visa ?
Person1: Yes . You are free to do temporary business with this visa . If you were planning on setting up a new business in the U . S . you might need to apply for a long-term visa .
Person2: Oh , I see . I think 90 days is more than enough time .

Options: A. 90 days
B. Three weeks
C. Five months
D. two weeks

Let's think step by step before providing your final answer. However, you must conclude your assessment with the statement: 'Thus, the correct answer is: X', where 'X' is simply the solution you've determined to be correct. Note that there may be more than one correct option, in which case you must list them all.",B. Three weeks && D. two weeks,1
TimeBench,TimeDial,TimeDial,MC,TimeDial-TimeDial-48,492,"There is a two-person dialogue with several options.
Choose all appropriate options to substitute the <mask> in the dialogue, and each question has at least one correct option.
Dialogue: Person1:when do most children start school in your country ?
Person2: In America , most children start primary school at the age of five .
Person1: How much time do primary school students usually spend at school every day ?
Person2: Kindergarten students usually only go to school for about four hours every day , but after that , they spend <MASK> in school every day .
Person1: do they have to go to school on Saturdays ?
Person2: no , most children in America only go to school Monday through Friday .
Person1: how many subjects do they have to study ?
Person2: In most schools , they study about nine subjects .
Person1: do students have to wear uniforms in schools in America ?
Person2: some private schools require their students to wear uniforms , but public schools don't .
Person1: did you go to a public school or a private school ?
Person2: I went to a private school for elementary school and university , but went to a public school for high school . What about you ?
Person1: I went to a boarding school from nursery school to senior high school .
Person2: did you have to wear uniforms ?
Person1: yes , they were horrible . We had to wear green every day !
Person2: at least you didn't waste time thinking about what you were going to wear every day !
Person1: that's true !

Options: A. about one hour
B. about eight hours
C. about nine hours
D. about four hours

","There is a two-person dialogue with several options.
Choose all appropriate options to substitute the <mask> in the dialogue, and each question has at least one correct option.
Dialogue: Person1:when do most children start school in your country ?
Person2: In America , most children start primary school at the age of five .
Person1: How much time do primary school students usually spend at school every day ?
Person2: Kindergarten students usually only go to school for about four hours every day , but after that , they spend <MASK> in school every day .
Person1: do they have to go to school on Saturdays ?
Person2: no , most children in America only go to school Monday through Friday .
Person1: how many subjects do they have to study ?
Person2: In most schools , they study about nine subjects .
Person1: do students have to wear uniforms in schools in America ?
Person2: some private schools require their students to wear uniforms , but public schools don't .
Person1: did you go to a public school or a private school ?
Person2: I went to a private school for elementary school and university , but went to a public school for high school . What about you ?
Person1: I went to a boarding school from nursery school to senior high school .
Person2: did you have to wear uniforms ?
Person1: yes , they were horrible . We had to wear green every day !
Person2: at least you didn't waste time thinking about what you were going to wear every day !
Person1: that's true !

Options: A. about one hour
B. about eight hours
C. about nine hours
D. about four hours

Let's think step by step before providing your final answer. However, you must conclude your assessment with the statement: 'Thus, the correct answer is: X', where 'X' is simply the solution you've determined to be correct. Note that there may be more than one correct option, in which case you must list them all.",B. about eight hours && C. about nine hours,1
TimeBench,TimeDial,TimeDial,MC,TimeDial-TimeDial-33,1164,"There is a two-person dialogue with several options.
Choose all appropriate options to substitute the <mask> in the dialogue, and each question has at least one correct option.
Dialogue: Person1:Hey . I'm a visitor from China . I love your music . It's the best I've ever heard . Will you please spare a little bit of time for me ?
Person2: Sure . Thank you for saying that . Actually , those songs were sung for the first time today . I wrote them in <MASK> .
Person1: Oh , you wrote them all by yourself . That's amazing ! Are you a regular singer here ?
Person2: You can say that . But my band and I also sing regularly in several other places , too .
Person1: Cool . Your guitar skills are very impressive . How did you learn to play like that ?
Person2: I picked up guitar at an early age , maybe around 8 years old . Afterward , I taught myself by listening to some records of top players .
Person1: Wow , that's unbelievable ! You play so well , but you've never been to a real teacher . You will definitely be famous in the near future .

Options: A. The past two days
B. The past Three months
C. the past two months
D. The past five years

","There is a two-person dialogue with several options.
Choose all appropriate options to substitute the <mask> in the dialogue, and each question has at least one correct option.
Dialogue: Person1:Hey . I'm a visitor from China . I love your music . It's the best I've ever heard . Will you please spare a little bit of time for me ?
Person2: Sure . Thank you for saying that . Actually , those songs were sung for the first time today . I wrote them in <MASK> .
Person1: Oh , you wrote them all by yourself . That's amazing ! Are you a regular singer here ?
Person2: You can say that . But my band and I also sing regularly in several other places , too .
Person1: Cool . Your guitar skills are very impressive . How did you learn to play like that ?
Person2: I picked up guitar at an early age , maybe around 8 years old . Afterward , I taught myself by listening to some records of top players .
Person1: Wow , that's unbelievable ! You play so well , but you've never been to a real teacher . You will definitely be famous in the near future .

Options: A. The past two days
B. The past Three months
C. the past two months
D. The past five years

Let's think step by step before providing your final answer. However, you must conclude your assessment with the statement: 'Thus, the correct answer is: X', where 'X' is simply the solution you've determined to be correct. Note that there may be more than one correct option, in which case you must list them all.",B. The past Three months && C. the past two months,1
TimeBench,TimeDial,TimeDial,MC,TimeDial-TimeDial-268,270,"There is a two-person dialogue with several options.
Choose all appropriate options to substitute the <mask> in the dialogue, and each question has at least one correct option.
Dialogue: Person1:Where are you going for your holidays , Charles ?
Person2: To Australia . I'm going to visit my uncle in Brisbane for three weeks .
Person1: Good gracious ! You certainly are lucky . How are you going there ?
Person2: By air , of course . It takes over <MASK> to go by sea .
Person1: I once went to Singapore by air . It was very exciting-but never again .
Person2: Why ? Did you feel frightened ?
Person1: For a short time . One of the engines caught fire .
Person2: What did the pilot do ?
Person1: He put it out and flew back to the airport . Then he asked the people at the airport where the emergency runway was .
Person2: Did you land safely ?
Person1: Yes , we did . But I shall never fly again .
Options: A. two weeks
B. three hours
C. three weeks
D. one year

","There is a two-person dialogue with several options.
Choose all appropriate options to substitute the <mask> in the dialogue, and each question has at least one correct option.
Dialogue: Person1:Where are you going for your holidays , Charles ?
Person2: To Australia . I'm going to visit my uncle in Brisbane for three weeks .
Person1: Good gracious ! You certainly are lucky . How are you going there ?
Person2: By air , of course . It takes over <MASK> to go by sea .
Person1: I once went to Singapore by air . It was very exciting-but never again .
Person2: Why ? Did you feel frightened ?
Person1: For a short time . One of the engines caught fire .
Person2: What did the pilot do ?
Person1: He put it out and flew back to the airport . Then he asked the people at the airport where the emergency runway was .
Person2: Did you land safely ?
Person1: Yes , we did . But I shall never fly again .
Options: A. two weeks
B. three hours
C. three weeks
D. one year

Let's think step by step before providing your final answer. However, you must conclude your assessment with the statement: 'Thus, the correct answer is: X', where 'X' is simply the solution you've determined to be correct. Note that there may be more than one correct option, in which case you must list them all.",A. two weeks && C. three weeks,1
TimeBench,TimeDial,TimeDial,MC,TimeDial-TimeDial-328,23,"There is a two-person dialogue with several options.
Choose all appropriate options to substitute the <mask> in the dialogue, and each question has at least one correct option.
Dialogue: Person1:I think these patterns are quite good . Can you give me a price indication of these ?
Person2: Of course , it's my pleasure . We'll quote you the lowest price prevailing .
Person1: Thank you very much . If your price is suitable , then we can make further discussion of contract .
Person2: Here is our price list , our terms are cash within three months of date of delivery , if you can pay it within <MASK> . we'll give you a discount of 10 % .
Person1: Very good . How many goods do you have ?
Person2: Can you tell me how many goods you intend to order ?
Person1: We want to order 900 dozen .
Person2: The most we can offer you at present is 600 dozen .
Options: A. three days 
B. two and half month
C. one month
D. 10 seconds 

","There is a two-person dialogue with several options.
Choose all appropriate options to substitute the <mask> in the dialogue, and each question has at least one correct option.
Dialogue: Person1:I think these patterns are quite good . Can you give me a price indication of these ?
Person2: Of course , it's my pleasure . We'll quote you the lowest price prevailing .
Person1: Thank you very much . If your price is suitable , then we can make further discussion of contract .
Person2: Here is our price list , our terms are cash within three months of date of delivery , if you can pay it within <MASK> . we'll give you a discount of 10 % .
Person1: Very good . How many goods do you have ?
Person2: Can you tell me how many goods you intend to order ?
Person1: We want to order 900 dozen .
Person2: The most we can offer you at present is 600 dozen .
Options: A. three days 
B. two and half month
C. one month
D. 10 seconds 

Let's think step by step before providing your final answer. However, you must conclude your assessment with the statement: 'Thus, the correct answer is: X', where 'X' is simply the solution you've determined to be correct. Note that there may be more than one correct option, in which case you must list them all.",B. two and half month && C. one month,1
TimeBench,TimeDial,TimeDial,MC,TimeDial-TimeDial-201,425,"There is a two-person dialogue with several options.
Choose all appropriate options to substitute the <mask> in the dialogue, and each question has at least one correct option.
Dialogue: Person1:Long Distance . May I help you ?
Person2: Yes . I'd like to place an overseas call to London . Can I dial direct ?
Person1: No , sir . I'm afraid not .
Person2: Oh , I see . How about the charges ?
Person1: The charges vary according to the types of call you make . The cheapest is a station-to-stcrtion call , then a person-to-person call . The mini charge will apply for <MASK> , then each additional minute will be charged .
Person2: Oh , let me think of it ... Could you put through a collect cal for me ?
Person1: Certainly . Who are you calling ?
Person2: It's a Mrs . Peters , Marilyn Peters .
Person1: And what's the number you are calling ?
Person2: It's London , 9981-6432 .
Person1: And your name and number ?
Person2: My name's Ron Smith and the phone number is 356-2210 .
Person1: Hang up and I'll call you back in a few minutes .

Options: A. the first three hours
B. the first three milli seconds
C. the first three minutes
D. the first four minutes

","There is a two-person dialogue with several options.
Choose all appropriate options to substitute the <mask> in the dialogue, and each question has at least one correct option.
Dialogue: Person1:Long Distance . May I help you ?
Person2: Yes . I'd like to place an overseas call to London . Can I dial direct ?
Person1: No , sir . I'm afraid not .
Person2: Oh , I see . How about the charges ?
Person1: The charges vary according to the types of call you make . The cheapest is a station-to-stcrtion call , then a person-to-person call . The mini charge will apply for <MASK> , then each additional minute will be charged .
Person2: Oh , let me think of it ... Could you put through a collect cal for me ?
Person1: Certainly . Who are you calling ?
Person2: It's a Mrs . Peters , Marilyn Peters .
Person1: And what's the number you are calling ?
Person2: It's London , 9981-6432 .
Person1: And your name and number ?
Person2: My name's Ron Smith and the phone number is 356-2210 .
Person1: Hang up and I'll call you back in a few minutes .

Options: A. the first three hours
B. the first three milli seconds
C. the first three minutes
D. the first four minutes

Let's think step by step before providing your final answer. However, you must conclude your assessment with the statement: 'Thus, the correct answer is: X', where 'X' is simply the solution you've determined to be correct. Note that there may be more than one correct option, in which case you must list them all.",C. the first three minutes && D. the first four minutes,1
TimeBench,TimeDial,TimeDial,MC,TimeDial-TimeDial-447,602,"There is a two-person dialogue with several options.
Choose all appropriate options to substitute the <mask> in the dialogue, and each question has at least one correct option.
Dialogue: Person1:Are you an art aficionado ?
Person2: Not really . I like going to an art exhibition once or twice a year . I hardly know anything about art or sculpture . You are a true art lover , aren ' t you ?
Person1: I love going to art galleries , particularly when one is holding an exhibition of abstract art .
Person2: I never understand the meaning of those painting . They are too abstract for me . I didn ' t pay much attention in art class at school .
Person1: Art isn ' t for everyone . I ' m going to an exhibition tomorrow at the national gallery . It ' s an exhibition of greek and roman sculpture .
Person2: I like sculpture , especially that from ancient rome or Greece . What time are you thinking of going ? I ' d love to go with you .
Person1: I thought I ' d have an early lunch and go immediately afterwards . Does that sound ok to you ? Bus 51 goes directly there .
Person2: That sounds fine . What time shall we meet at the bus stop ?
Person1: Let ' s meet at 12 thirty . it will probably take us three or <MASK> to see all of the exhibits .

Options: A. four hours
B. 51 hours 
C. 12 seconds 
D. two hours 

","There is a two-person dialogue with several options.
Choose all appropriate options to substitute the <mask> in the dialogue, and each question has at least one correct option.
Dialogue: Person1:Are you an art aficionado ?
Person2: Not really . I like going to an art exhibition once or twice a year . I hardly know anything about art or sculpture . You are a true art lover , aren ' t you ?
Person1: I love going to art galleries , particularly when one is holding an exhibition of abstract art .
Person2: I never understand the meaning of those painting . They are too abstract for me . I didn ' t pay much attention in art class at school .
Person1: Art isn ' t for everyone . I ' m going to an exhibition tomorrow at the national gallery . It ' s an exhibition of greek and roman sculpture .
Person2: I like sculpture , especially that from ancient rome or Greece . What time are you thinking of going ? I ' d love to go with you .
Person1: I thought I ' d have an early lunch and go immediately afterwards . Does that sound ok to you ? Bus 51 goes directly there .
Person2: That sounds fine . What time shall we meet at the bus stop ?
Person1: Let ' s meet at 12 thirty . it will probably take us three or <MASK> to see all of the exhibits .

Options: A. four hours
B. 51 hours 
C. 12 seconds 
D. two hours 

Let's think step by step before providing your final answer. However, you must conclude your assessment with the statement: 'Thus, the correct answer is: X', where 'X' is simply the solution you've determined to be correct. Note that there may be more than one correct option, in which case you must list them all.",A. four hours && D. two hours ,1
TimeBench,TimeDial,TimeDial,MC,TimeDial-TimeDial-425,373,"There is a two-person dialogue with several options.
Choose all appropriate options to substitute the <mask> in the dialogue, and each question has at least one correct option.
Dialogue: Person1:What's for dinner ?
Person2: Leftovers .
Person1: What ? Leftovers of what and from when ?
Person2: From last night ! I took the left over turkey , mixed it with some diced peppers and onions , added a little bit of mayonnaise and made some sandwiches !
Person1: Isn't that dangerous though ? I mean bacteria and germs reproducing on food that was left out or re-heated ?
Person2: Well , I didn't leave the turkey out at room temperature for more than a an hour and I refrigerated it soon after we finished eating . Also , when reheating , I put it in the oven for <MASK> at one hundred degrees Celsius .
Person1: Well OK , I am just afraid of getting food poisoning .
Person2: Don't worry about it ! Making a new meal out of leftovers is almost an art ! Not only do you save money , but you also get to be creative and have something different to eat !
Options: A. 8-10 minutes 
B. fifteen minutes
C. an hour 
D. 12-seconds 

","There is a two-person dialogue with several options.
Choose all appropriate options to substitute the <mask> in the dialogue, and each question has at least one correct option.
Dialogue: Person1:What's for dinner ?
Person2: Leftovers .
Person1: What ? Leftovers of what and from when ?
Person2: From last night ! I took the left over turkey , mixed it with some diced peppers and onions , added a little bit of mayonnaise and made some sandwiches !
Person1: Isn't that dangerous though ? I mean bacteria and germs reproducing on food that was left out or re-heated ?
Person2: Well , I didn't leave the turkey out at room temperature for more than a an hour and I refrigerated it soon after we finished eating . Also , when reheating , I put it in the oven for <MASK> at one hundred degrees Celsius .
Person1: Well OK , I am just afraid of getting food poisoning .
Person2: Don't worry about it ! Making a new meal out of leftovers is almost an art ! Not only do you save money , but you also get to be creative and have something different to eat !
Options: A. 8-10 minutes 
B. fifteen minutes
C. an hour 
D. 12-seconds 

Let's think step by step before providing your final answer. However, you must conclude your assessment with the statement: 'Thus, the correct answer is: X', where 'X' is simply the solution you've determined to be correct. Note that there may be more than one correct option, in which case you must list them all.",A. 8-10 minutes  && B. fifteen minutes,1
TimeBench,TimeDial,TimeDial,MC,TimeDial-TimeDial-261,994,"There is a two-person dialogue with several options.
Choose all appropriate options to substitute the <mask> in the dialogue, and each question has at least one correct option.
Dialogue: Person1:Would you mind answering a few personal questions ?
Person2: Of course not .
Person1: OK . Does your present employer know that you are going to leave ?
Person2: Yes . I gave her my resignation a few days ago .
Person1: Will she let you leave your present job ?
Person2: Yes , I think she will .
Person1: Why do you want to leave your present job ?
Person2: Well , there are several reasons . I don't think my present job is suitable for me . That's the first reason . Secondly , your company has a good reputation . I think it can offer me more challenging opportunities . Last , frankly speaking , I wish to get higher pay .
Person1: I appreciate you frankness . Do you know anything about our company ?
Person2: Yes . It's a Korea company and it was built in Beijing <MASK> .

Options: A. Two months ago
B. Four and half years ago
C. Fifteen years ago
D. five years ago

","There is a two-person dialogue with several options.
Choose all appropriate options to substitute the <mask> in the dialogue, and each question has at least one correct option.
Dialogue: Person1:Would you mind answering a few personal questions ?
Person2: Of course not .
Person1: OK . Does your present employer know that you are going to leave ?
Person2: Yes . I gave her my resignation a few days ago .
Person1: Will she let you leave your present job ?
Person2: Yes , I think she will .
Person1: Why do you want to leave your present job ?
Person2: Well , there are several reasons . I don't think my present job is suitable for me . That's the first reason . Secondly , your company has a good reputation . I think it can offer me more challenging opportunities . Last , frankly speaking , I wish to get higher pay .
Person1: I appreciate you frankness . Do you know anything about our company ?
Person2: Yes . It's a Korea company and it was built in Beijing <MASK> .

Options: A. Two months ago
B. Four and half years ago
C. Fifteen years ago
D. five years ago

Let's think step by step before providing your final answer. However, you must conclude your assessment with the statement: 'Thus, the correct answer is: X', where 'X' is simply the solution you've determined to be correct. Note that there may be more than one correct option, in which case you must list them all.",B. Four and half years ago && D. five years ago,1
TimeBench,TimeDial,TimeDial,MC,TimeDial-TimeDial-289,573,"There is a two-person dialogue with several options.
Choose all appropriate options to substitute the <mask> in the dialogue, and each question has at least one correct option.
Dialogue: Person1:Hi , Larry , how was your weekend ?
Person2: Not bad . We had a get-together with friends from college . I haven't seen many of them since graduation . How about you ?
Person1: Great . I hung out with Jo all day shopping , and the went out for dinner together .
Person2: Sounds a good weekend . You know it always amazes me that two people as different as you and Jo can become such close friends .
Person1: Yeah , I never thought we could be good friends either . We have our differences . She's more outgoing and active while I am more quiet and reversed , but we still get along extremely well . We can talk for hours about anything .
Person2: That's great . I know people who can't stand each other for even <MASK> .
Person1: When Jo and I are together , we argue a lot , but that's also part of the fun . Besides , I know she will always be there for me when I need her , and she knows I'll be there for her .
Person2: It seems you two bring out the best of one another .
Person1: Exactly . Having Jo as my friend is one of the best things that's ever happened to me .
Person2: Yeah , you are so lucky to have found each other .
Person1: Thanks , I think so too .

Options: A. Ten months
B. 1 day
C. Two minutes
D. five minutes

","There is a two-person dialogue with several options.
Choose all appropriate options to substitute the <mask> in the dialogue, and each question has at least one correct option.
Dialogue: Person1:Hi , Larry , how was your weekend ?
Person2: Not bad . We had a get-together with friends from college . I haven't seen many of them since graduation . How about you ?
Person1: Great . I hung out with Jo all day shopping , and the went out for dinner together .
Person2: Sounds a good weekend . You know it always amazes me that two people as different as you and Jo can become such close friends .
Person1: Yeah , I never thought we could be good friends either . We have our differences . She's more outgoing and active while I am more quiet and reversed , but we still get along extremely well . We can talk for hours about anything .
Person2: That's great . I know people who can't stand each other for even <MASK> .
Person1: When Jo and I are together , we argue a lot , but that's also part of the fun . Besides , I know she will always be there for me when I need her , and she knows I'll be there for her .
Person2: It seems you two bring out the best of one another .
Person1: Exactly . Having Jo as my friend is one of the best things that's ever happened to me .
Person2: Yeah , you are so lucky to have found each other .
Person1: Thanks , I think so too .

Options: A. Ten months
B. 1 day
C. Two minutes
D. five minutes

Let's think step by step before providing your final answer. However, you must conclude your assessment with the statement: 'Thus, the correct answer is: X', where 'X' is simply the solution you've determined to be correct. Note that there may be more than one correct option, in which case you must list them all.",C. Two minutes && D. five minutes,1
TimeBench,TimeDial,TimeDial,MC,TimeDial-TimeDial-163,522,"There is a two-person dialogue with several options.
Choose all appropriate options to substitute the <mask> in the dialogue, and each question has at least one correct option.
Dialogue: Person1:Now let's begin the class . Who is on duty today ?
Person2: I am , sir .
Person1: Please come to the front to have <MASK> ' free talk in English . Very well ! Whose turn is it to have a free talk ?
Person2: It's me , sir . But I am sorry I have forgotten to prepare for it .
Person1: Well . Don't forget to perform your duty next time , ok ? Now , let's start our lesson .

Options: A. four hours 
B. five minutes
C. 20 seconds 
D. ten minutes 

","There is a two-person dialogue with several options.
Choose all appropriate options to substitute the <mask> in the dialogue, and each question has at least one correct option.
Dialogue: Person1:Now let's begin the class . Who is on duty today ?
Person2: I am , sir .
Person1: Please come to the front to have <MASK> ' free talk in English . Very well ! Whose turn is it to have a free talk ?
Person2: It's me , sir . But I am sorry I have forgotten to prepare for it .
Person1: Well . Don't forget to perform your duty next time , ok ? Now , let's start our lesson .

Options: A. four hours 
B. five minutes
C. 20 seconds 
D. ten minutes 

Let's think step by step before providing your final answer. However, you must conclude your assessment with the statement: 'Thus, the correct answer is: X', where 'X' is simply the solution you've determined to be correct. Note that there may be more than one correct option, in which case you must list them all.",B. five minutes && D. ten minutes ,1
TimeBench,TimeDial,TimeDial,MC,TimeDial-TimeDial-426,402,"There is a two-person dialogue with several options.
Choose all appropriate options to substitute the <mask> in the dialogue, and each question has at least one correct option.
Dialogue: Person1:The mailboxes are right down there , and the laundry room with coin-operated washers and dryers is over there .
Person2: I see . Well , it's nothing spectacular , but it's pretty cheap for an apartment in a decent neighborhood ... O . K . , I think I'll take it .
Person1: All right , do you want to sign a nine-month or a one-year lease ?
Person2: I think I'll sign a <MASK> lease in case I decide not to go to summer school . I can extend it if I want to stay , can't I ?
Person1: Sure . Just let us know before your lease expires .

Options: A. 30-month lease
B. nine-month
C. one-year lease 
D. two-day lease

","There is a two-person dialogue with several options.
Choose all appropriate options to substitute the <mask> in the dialogue, and each question has at least one correct option.
Dialogue: Person1:The mailboxes are right down there , and the laundry room with coin-operated washers and dryers is over there .
Person2: I see . Well , it's nothing spectacular , but it's pretty cheap for an apartment in a decent neighborhood ... O . K . , I think I'll take it .
Person1: All right , do you want to sign a nine-month or a one-year lease ?
Person2: I think I'll sign a <MASK> lease in case I decide not to go to summer school . I can extend it if I want to stay , can't I ?
Person1: Sure . Just let us know before your lease expires .

Options: A. 30-month lease
B. nine-month
C. one-year lease 
D. two-day lease

Let's think step by step before providing your final answer. However, you must conclude your assessment with the statement: 'Thus, the correct answer is: X', where 'X' is simply the solution you've determined to be correct. Note that there may be more than one correct option, in which case you must list them all.",B. nine-month && C. one-year lease ,1
TimeBench,TimeDial,TimeDial,MC,TimeDial-TimeDial-139,1378,"There is a two-person dialogue with several options.
Choose all appropriate options to substitute the <mask> in the dialogue, and each question has at least one correct option.
Dialogue: Person1:Good morning , ladies and gentlemen , we are happy you have all come out for our training workshop . Today we have a great line-up of speakers to talk to you . First on our program is a well-renown expert in the field of international economic development , Harvard's own Dr . James Smith . Dr . Smith has been involved in economic research for over <MASK> , and has taught at Harvard since 1995 . And now , without further adieu , we'd like to welcome Mr . James Smith .
Person2: Thank you , Mr . Jackson , ladies and gentlemen , colleagues , friends . The subject of my talk is international relations in a morgen world . I plan to say a few words about the current situation in the Middle East and how it affects world economy . I'd like to give you an overview of the way that the economies of seemingly unrelated countries are intertwined . I've divided my talk into three parts , first an overview of international relations , second a discussion of current political situations , and lastly trends for the future . My presentation will take about two hours , but there will be a twenty-minute break in the middle . We'll stop for lunch at 12 .

Options: A. twenty five years
B. twenty years
C. twelve decades
D. three days

","There is a two-person dialogue with several options.
Choose all appropriate options to substitute the <mask> in the dialogue, and each question has at least one correct option.
Dialogue: Person1:Good morning , ladies and gentlemen , we are happy you have all come out for our training workshop . Today we have a great line-up of speakers to talk to you . First on our program is a well-renown expert in the field of international economic development , Harvard's own Dr . James Smith . Dr . Smith has been involved in economic research for over <MASK> , and has taught at Harvard since 1995 . And now , without further adieu , we'd like to welcome Mr . James Smith .
Person2: Thank you , Mr . Jackson , ladies and gentlemen , colleagues , friends . The subject of my talk is international relations in a morgen world . I plan to say a few words about the current situation in the Middle East and how it affects world economy . I'd like to give you an overview of the way that the economies of seemingly unrelated countries are intertwined . I've divided my talk into three parts , first an overview of international relations , second a discussion of current political situations , and lastly trends for the future . My presentation will take about two hours , but there will be a twenty-minute break in the middle . We'll stop for lunch at 12 .

Options: A. twenty five years
B. twenty years
C. twelve decades
D. three days

Let's think step by step before providing your final answer. However, you must conclude your assessment with the statement: 'Thus, the correct answer is: X', where 'X' is simply the solution you've determined to be correct. Note that there may be more than one correct option, in which case you must list them all.",A. twenty five years && B. twenty years,1
TimeBench,TimeDial,TimeDial,MC,TimeDial-TimeDial-9,1342,"There is a two-person dialogue with several options.
Choose all appropriate options to substitute the <mask> in the dialogue, and each question has at least one correct option.
Dialogue: Person1:Tony , could you tell me if there are any special rules about the job ?
Person2: Working hours are from 8: 30 a . m . to 5:00 p . m . Be sure not to be late or absent . Report to the manager by filling in the ' Monthly Report ' every month .
Person1: Is there anything else ? How about my salary ?
Person2: Our company has a strict and reasonable salary standard . On the 20th day of every month , you can get your salary on time . Benefits depend upon the length of service and the employee's past attendance record .
Person1: Wow , thank you for telling me these . Do you mind telling me something else , like attendance record , holiday , and how to ask for leave ?
Person2: All new members are likely to ask the same questions . Haha . I can understand that . Every month you have three days off , besides the weekends and some important holidays . After you've been here for a year , you qualify for a <MASK> vacation . The leave less than a half-day should predict for an hour , and more than a half-day should predict three days .
Person1: Okay , that's good . I get it .

Options: A. an hour
B. one-week
C. Ten days
D. a half-day

","There is a two-person dialogue with several options.
Choose all appropriate options to substitute the <mask> in the dialogue, and each question has at least one correct option.
Dialogue: Person1:Tony , could you tell me if there are any special rules about the job ?
Person2: Working hours are from 8: 30 a . m . to 5:00 p . m . Be sure not to be late or absent . Report to the manager by filling in the ' Monthly Report ' every month .
Person1: Is there anything else ? How about my salary ?
Person2: Our company has a strict and reasonable salary standard . On the 20th day of every month , you can get your salary on time . Benefits depend upon the length of service and the employee's past attendance record .
Person1: Wow , thank you for telling me these . Do you mind telling me something else , like attendance record , holiday , and how to ask for leave ?
Person2: All new members are likely to ask the same questions . Haha . I can understand that . Every month you have three days off , besides the weekends and some important holidays . After you've been here for a year , you qualify for a <MASK> vacation . The leave less than a half-day should predict for an hour , and more than a half-day should predict three days .
Person1: Okay , that's good . I get it .

Options: A. an hour
B. one-week
C. Ten days
D. a half-day

Let's think step by step before providing your final answer. However, you must conclude your assessment with the statement: 'Thus, the correct answer is: X', where 'X' is simply the solution you've determined to be correct. Note that there may be more than one correct option, in which case you must list them all.",B. one-week && C. Ten days,1
TimeBench,TimeDial,TimeDial,MC,TimeDial-TimeDial-464,1055,"There is a two-person dialogue with several options.
Choose all appropriate options to substitute the <mask> in the dialogue, and each question has at least one correct option.
Dialogue: Person1:Would you mind if I ask the insurance policy of our company ?
Person2: No , I don't . Please .
Person1: I wonder whether I can enjoy the life insurance and health insurance .
Person2: Of course . And 2 - week paid vacation a year , a <MASK> work week .

Options: A. 1-day
B. 6-day 
C. 2-minute  
D. 5 - day

","There is a two-person dialogue with several options.
Choose all appropriate options to substitute the <mask> in the dialogue, and each question has at least one correct option.
Dialogue: Person1:Would you mind if I ask the insurance policy of our company ?
Person2: No , I don't . Please .
Person1: I wonder whether I can enjoy the life insurance and health insurance .
Person2: Of course . And 2 - week paid vacation a year , a <MASK> work week .

Options: A. 1-day
B. 6-day 
C. 2-minute  
D. 5 - day

Let's think step by step before providing your final answer. However, you must conclude your assessment with the statement: 'Thus, the correct answer is: X', where 'X' is simply the solution you've determined to be correct. Note that there may be more than one correct option, in which case you must list them all.",B. 6-day  && D. 5 - day,1
TimeBench,TimeDial,TimeDial,MC,TimeDial-TimeDial-15,805,"There is a two-person dialogue with several options.
Choose all appropriate options to substitute the <mask> in the dialogue, and each question has at least one correct option.
Dialogue: Person1:I'd like to make a reservation to Los Angels for next Monday .
Person2: Just a second and I'll check the schedule .
Person1: I'll need an economy ticket with an open return .
Person2: American Airlines has a flight leaving at 9:25 a . m .
Person1: I guess that's OK . What time should I check in ?
Person2: You have to be there <MASK> before departure time .
Options: A. a second
B. two hours
C. Two and half hours
D. One day 

","There is a two-person dialogue with several options.
Choose all appropriate options to substitute the <mask> in the dialogue, and each question has at least one correct option.
Dialogue: Person1:I'd like to make a reservation to Los Angels for next Monday .
Person2: Just a second and I'll check the schedule .
Person1: I'll need an economy ticket with an open return .
Person2: American Airlines has a flight leaving at 9:25 a . m .
Person1: I guess that's OK . What time should I check in ?
Person2: You have to be there <MASK> before departure time .
Options: A. a second
B. two hours
C. Two and half hours
D. One day 

Let's think step by step before providing your final answer. However, you must conclude your assessment with the statement: 'Thus, the correct answer is: X', where 'X' is simply the solution you've determined to be correct. Note that there may be more than one correct option, in which case you must list them all.",B. two hours && C. Two and half hours,1
TimeBench,TimeDial,TimeDial,MC,TimeDial-TimeDial-157,150,"There is a two-person dialogue with several options.
Choose all appropriate options to substitute the <mask> in the dialogue, and each question has at least one correct option.
Dialogue: Person1:Hi . I ' m here for flight 514 returning to Beijing but the board shows there is a delay.How long of a delay is expected ?
Person2: So far it looks like we will be leaving <MASK> late , but keep checking the departing flights status board just in case .
Person1: Do you think it ' s safe to leave to get a quick bite ?
Person2: I think you should stay in the airport . Even though the delay is expected to be two hours , the flight departure could be announced any minute . Who knows ?
Person1: What seems to be the problem ?
Person2: It seems there are some loose bolts on one of the wings . It happens all the time . No need to worry .
Person1: Umm ... You know ... Actually I was thinking of trying another airline . No need to hold my seat .
Options: A. minute 
B. two hours
C. one and half hour 
D. two days 

","There is a two-person dialogue with several options.
Choose all appropriate options to substitute the <mask> in the dialogue, and each question has at least one correct option.
Dialogue: Person1:Hi . I ' m here for flight 514 returning to Beijing but the board shows there is a delay.How long of a delay is expected ?
Person2: So far it looks like we will be leaving <MASK> late , but keep checking the departing flights status board just in case .
Person1: Do you think it ' s safe to leave to get a quick bite ?
Person2: I think you should stay in the airport . Even though the delay is expected to be two hours , the flight departure could be announced any minute . Who knows ?
Person1: What seems to be the problem ?
Person2: It seems there are some loose bolts on one of the wings . It happens all the time . No need to worry .
Person1: Umm ... You know ... Actually I was thinking of trying another airline . No need to hold my seat .
Options: A. minute 
B. two hours
C. one and half hour 
D. two days 

Let's think step by step before providing your final answer. However, you must conclude your assessment with the statement: 'Thus, the correct answer is: X', where 'X' is simply the solution you've determined to be correct. Note that there may be more than one correct option, in which case you must list them all.",B. two hours && C. one and half hour ,1
TimeBench,TimeDial,TimeDial,MC,TimeDial-TimeDial-380,766,"There is a two-person dialogue with several options.
Choose all appropriate options to substitute the <mask> in the dialogue, and each question has at least one correct option.
Dialogue: Person1:Has the game started yet ?
Person2: Yeah , <MASK> .
Person1: Who's winning ?
Person2: The Bulls , of course !
Person1: What ! That wasn't a foul ! C ' mon , ref !
Person2: Don ' t worry , Shan always screws up free throws .
Person1: You were right ! He didn ' t make the shot !
Person2: That was a great shot ! A three pointer , yeah !
Person1: Did you see that ? He traveled and the ref didn ' t call it !
Person2: This ref needs glasses . Hey ref , open your eyes ! I can ' t believe he didn ' t see that !
Person1: Okay ... end of the first quarter ... Alright , I ' m gonna make a beer run .

Options: A. one second ago 
B. about 2 minutes ago
C. about 5 minutes ago
D. two weeks ago 

","There is a two-person dialogue with several options.
Choose all appropriate options to substitute the <mask> in the dialogue, and each question has at least one correct option.
Dialogue: Person1:Has the game started yet ?
Person2: Yeah , <MASK> .
Person1: Who's winning ?
Person2: The Bulls , of course !
Person1: What ! That wasn't a foul ! C ' mon , ref !
Person2: Don ' t worry , Shan always screws up free throws .
Person1: You were right ! He didn ' t make the shot !
Person2: That was a great shot ! A three pointer , yeah !
Person1: Did you see that ? He traveled and the ref didn ' t call it !
Person2: This ref needs glasses . Hey ref , open your eyes ! I can ' t believe he didn ' t see that !
Person1: Okay ... end of the first quarter ... Alright , I ' m gonna make a beer run .

Options: A. one second ago 
B. about 2 minutes ago
C. about 5 minutes ago
D. two weeks ago 

Let's think step by step before providing your final answer. However, you must conclude your assessment with the statement: 'Thus, the correct answer is: X', where 'X' is simply the solution you've determined to be correct. Note that there may be more than one correct option, in which case you must list them all.",B. about 2 minutes ago && C. about 5 minutes ago,1
TimeBench,TimeDial,TimeDial,MC,TimeDial-TimeDial-469,457,"There is a two-person dialogue with several options.
Choose all appropriate options to substitute the <mask> in the dialogue, and each question has at least one correct option.
Dialogue: Person1:Good morning . I understand that you ' Ve got a problem with your washing machine . I ' m from the repair company .
Person2: Excellent . Come in please . The washing machine is in the bathroom upstairs . It keeps breaking down .
Person1: When did it first break down ?
Person2: <MASK> . I ' Ve tried to use it since then . Sometimes it works and sometimes it doesn ' t . it ' s very frustrating .
Person1: Is it still under warranty . If it is and I can ' t fix it , it would be quicker and easier to exchange it for a new one .
Person2: Yes , it ' s still under warranty . Over the last few weeks , it ' s also been making a high-pitch noise when it ' s in use .
Person1: Ok . I ' ll start by looking at the motor . I ' ll just unplug it and take a look inside the machine ... oh , yes . There ' s the problem . It ' s quite simple . I ' ll sort it out in a few minutes .
Person2: What ' s wrong with it ?
Person1: Part of the motor is loose . I can put it back in place quite easily .
Person2: That ' s great . Thanks very much . Would you like a cup of tea or coffee ?

Options: A. About one year ago
B. About ten days ago
C. About one hour ago
D. About two weeks ago

","There is a two-person dialogue with several options.
Choose all appropriate options to substitute the <mask> in the dialogue, and each question has at least one correct option.
Dialogue: Person1:Good morning . I understand that you ' Ve got a problem with your washing machine . I ' m from the repair company .
Person2: Excellent . Come in please . The washing machine is in the bathroom upstairs . It keeps breaking down .
Person1: When did it first break down ?
Person2: <MASK> . I ' Ve tried to use it since then . Sometimes it works and sometimes it doesn ' t . it ' s very frustrating .
Person1: Is it still under warranty . If it is and I can ' t fix it , it would be quicker and easier to exchange it for a new one .
Person2: Yes , it ' s still under warranty . Over the last few weeks , it ' s also been making a high-pitch noise when it ' s in use .
Person1: Ok . I ' ll start by looking at the motor . I ' ll just unplug it and take a look inside the machine ... oh , yes . There ' s the problem . It ' s quite simple . I ' ll sort it out in a few minutes .
Person2: What ' s wrong with it ?
Person1: Part of the motor is loose . I can put it back in place quite easily .
Person2: That ' s great . Thanks very much . Would you like a cup of tea or coffee ?

Options: A. About one year ago
B. About ten days ago
C. About one hour ago
D. About two weeks ago

Let's think step by step before providing your final answer. However, you must conclude your assessment with the statement: 'Thus, the correct answer is: X', where 'X' is simply the solution you've determined to be correct. Note that there may be more than one correct option, in which case you must list them all.",B. About ten days ago && D. About two weeks ago,1
TimeBench,TimeDial,TimeDial,MC,TimeDial-TimeDial-217,1121,"There is a two-person dialogue with several options.
Choose all appropriate options to substitute the <mask> in the dialogue, and each question has at least one correct option.
Dialogue: Person1:Good morning . Sanyu Restaurant . May I help you ?
Person2: What time do you open this evening ?
Person1: We open at 6:30 , sir .
Person2: I see . I'd like to reserve a table for two .
Person1: Yes , sir . What time would you like your table , sir ?
Person2: I'm not sure , perhaps around <MASK> .
Person1: Fine ! I'll reserve a table for two at 8 pm , sir . May I have your name , please ?
Person2: Davis .
Person1: Thank you , Mr . Davis .
Person2: Oh , any chance of a table by the window ? My wife loves the bird's eye view . As it's her birthday , I want it to be a celebration .
Person1: I see . We have already received many bookings and though I can't guarantee anything , please be assured that we'll try our best , Mr . Davis . I hope you'll understand .
Person2: I do , but I would appreciate you , if it could be arranged .
Person1: We'll try our best .
Person2: Thank you .

Options: A. 7:00 PM
B. 12:00 PM
C. 8:00 PM
D. 6:30 PM

","There is a two-person dialogue with several options.
Choose all appropriate options to substitute the <mask> in the dialogue, and each question has at least one correct option.
Dialogue: Person1:Good morning . Sanyu Restaurant . May I help you ?
Person2: What time do you open this evening ?
Person1: We open at 6:30 , sir .
Person2: I see . I'd like to reserve a table for two .
Person1: Yes , sir . What time would you like your table , sir ?
Person2: I'm not sure , perhaps around <MASK> .
Person1: Fine ! I'll reserve a table for two at 8 pm , sir . May I have your name , please ?
Person2: Davis .
Person1: Thank you , Mr . Davis .
Person2: Oh , any chance of a table by the window ? My wife loves the bird's eye view . As it's her birthday , I want it to be a celebration .
Person1: I see . We have already received many bookings and though I can't guarantee anything , please be assured that we'll try our best , Mr . Davis . I hope you'll understand .
Person2: I do , but I would appreciate you , if it could be arranged .
Person1: We'll try our best .
Person2: Thank you .

Options: A. 7:00 PM
B. 12:00 PM
C. 8:00 PM
D. 6:30 PM

Let's think step by step before providing your final answer. However, you must conclude your assessment with the statement: 'Thus, the correct answer is: X', where 'X' is simply the solution you've determined to be correct. Note that there may be more than one correct option, in which case you must list them all.",A. 7:00 PM && C. 8:00 PM,1
TimeBench,TimeDial,TimeDial,MC,TimeDial-TimeDial-435,1006,"There is a two-person dialogue with several options.
Choose all appropriate options to substitute the <mask> in the dialogue, and each question has at least one correct option.
Dialogue: Person1:Do you have some questions ?
Person2: Yes , I really want to know about the housing system in your company .
Person1: If you join us , our company will provide you a single dormitory . If you make great achievements , our company will offer you a flat according to the related regulations . It all depends .
Person2: I also want to know if there's a holiday at your company , for I must visit my parents every year .
Person1: Besides the official holidays , our company offers a <MASK> paid holiday every year , which makes it possible for you to visit your parents . Any other questions ?
Person2: No , thanks .

Options: A. ten hours
B. fifteen days
C. four months
D. ten days

","There is a two-person dialogue with several options.
Choose all appropriate options to substitute the <mask> in the dialogue, and each question has at least one correct option.
Dialogue: Person1:Do you have some questions ?
Person2: Yes , I really want to know about the housing system in your company .
Person1: If you join us , our company will provide you a single dormitory . If you make great achievements , our company will offer you a flat according to the related regulations . It all depends .
Person2: I also want to know if there's a holiday at your company , for I must visit my parents every year .
Person1: Besides the official holidays , our company offers a <MASK> paid holiday every year , which makes it possible for you to visit your parents . Any other questions ?
Person2: No , thanks .

Options: A. ten hours
B. fifteen days
C. four months
D. ten days

Let's think step by step before providing your final answer. However, you must conclude your assessment with the statement: 'Thus, the correct answer is: X', where 'X' is simply the solution you've determined to be correct. Note that there may be more than one correct option, in which case you must list them all.",B. fifteen days && D. ten days,1
TimeBench,TimeDial,TimeDial,MC,TimeDial-TimeDial-431,1050,"There is a two-person dialogue with several options.
Choose all appropriate options to substitute the <mask> in the dialogue, and each question has at least one correct option.
Dialogue: Person1:Good afternoon . How can I help you ?
Person2: Good afternoon . My name is Monica . I am here for the job interview at 2 PM .
Person1: Ok , please first fill in the form and return it to me . You can do it in the next door .
Person2: Done . Here is my paper .
Person1: Everybody attention . I would like to make sure you all know the process . The interview consists of three parts . One , all of the interviewees will answer the questionnaire and it lasts for maximum one hour . Two , we will take a <MASK> ' s break . After the break , we all come back to this office and I will announce the successful candidates for the 2nd round . In which , you have a small interview with your future manager .
Person2: What about the 3rd round ?
Person1: Good question . But I will tell you when you pass the first two .

Options: A. 3 - day
B. 30 - minute
C. 2 - minute
D. 40 - minute

","There is a two-person dialogue with several options.
Choose all appropriate options to substitute the <mask> in the dialogue, and each question has at least one correct option.
Dialogue: Person1:Good afternoon . How can I help you ?
Person2: Good afternoon . My name is Monica . I am here for the job interview at 2 PM .
Person1: Ok , please first fill in the form and return it to me . You can do it in the next door .
Person2: Done . Here is my paper .
Person1: Everybody attention . I would like to make sure you all know the process . The interview consists of three parts . One , all of the interviewees will answer the questionnaire and it lasts for maximum one hour . Two , we will take a <MASK> ' s break . After the break , we all come back to this office and I will announce the successful candidates for the 2nd round . In which , you have a small interview with your future manager .
Person2: What about the 3rd round ?
Person1: Good question . But I will tell you when you pass the first two .

Options: A. 3 - day
B. 30 - minute
C. 2 - minute
D. 40 - minute

Let's think step by step before providing your final answer. However, you must conclude your assessment with the statement: 'Thus, the correct answer is: X', where 'X' is simply the solution you've determined to be correct. Note that there may be more than one correct option, in which case you must list them all.",B. 30 - minute && D. 40 - minute,1
TimeBench,TimeDial,TimeDial,MC,TimeDial-TimeDial-338,1372,"There is a two-person dialogue with several options.
Choose all appropriate options to substitute the <mask> in the dialogue, and each question has at least one correct option.
Dialogue: Person1:First of all , thank you for accepting this job .
Person2: It ' s my pleasure .
Person1: What are your salary expectations ?
Person2: Would you please tell me about your pay skill first ?
Person1: We ' ll offer you a monthly salary to begin with , in addition , we offer one percent commission and all your sales . You also enjoy life insurance and health insurance . What ' s starting salary would you expect here ?
Person2: They sum my skills and experience . I ' d like to start it with 4000 yuan a month .
Person1: That sounds reasonable .
Person2: Do I have paid vacation ?
Person1: Yes , you have 2 weeks paid vacation a year , and you get it additional week after <MASK> , and then again , after 9 years if you decide to stay that long , we promote from within based on performance , so there is an excellent chance that you could become a sales manager or even a region manager .

Options: A. 9 years
B. a month
C. 4 years
D. 5 years

","There is a two-person dialogue with several options.
Choose all appropriate options to substitute the <mask> in the dialogue, and each question has at least one correct option.
Dialogue: Person1:First of all , thank you for accepting this job .
Person2: It ' s my pleasure .
Person1: What are your salary expectations ?
Person2: Would you please tell me about your pay skill first ?
Person1: We ' ll offer you a monthly salary to begin with , in addition , we offer one percent commission and all your sales . You also enjoy life insurance and health insurance . What ' s starting salary would you expect here ?
Person2: They sum my skills and experience . I ' d like to start it with 4000 yuan a month .
Person1: That sounds reasonable .
Person2: Do I have paid vacation ?
Person1: Yes , you have 2 weeks paid vacation a year , and you get it additional week after <MASK> , and then again , after 9 years if you decide to stay that long , we promote from within based on performance , so there is an excellent chance that you could become a sales manager or even a region manager .

Options: A. 9 years
B. a month
C. 4 years
D. 5 years

Let's think step by step before providing your final answer. However, you must conclude your assessment with the statement: 'Thus, the correct answer is: X', where 'X' is simply the solution you've determined to be correct. Note that there may be more than one correct option, in which case you must list them all.",C. 4 years && D. 5 years,1
TimeBench,TimeDial,TimeDial,MC,TimeDial-TimeDial-237,305,"There is a two-person dialogue with several options.
Choose all appropriate options to substitute the <mask> in the dialogue, and each question has at least one correct option.
Dialogue: Person1:Good morning , sir . What can I do for you ?
Person2: I want to buy a ticket to Sydney tomorrow .
Person1: Right now fight BW159 is the only one available , it is a non-direct one .
Person2: What's the exact information ?
Person1: It departs at 4:40 pm tomorrow and arrives in Sydney at 10:20 am . the next morning by way of Melboume .
Person2: How long is the layover in Melboume ?
Person1: <MASK> . Would you buy it ?
Person2: Yes . I want a first class single ticket .
Options: A. About 1 hour
B. about 35 minutes 
C. 10 seconds 
D. 4 days 

","There is a two-person dialogue with several options.
Choose all appropriate options to substitute the <mask> in the dialogue, and each question has at least one correct option.
Dialogue: Person1:Good morning , sir . What can I do for you ?
Person2: I want to buy a ticket to Sydney tomorrow .
Person1: Right now fight BW159 is the only one available , it is a non-direct one .
Person2: What's the exact information ?
Person1: It departs at 4:40 pm tomorrow and arrives in Sydney at 10:20 am . the next morning by way of Melboume .
Person2: How long is the layover in Melboume ?
Person1: <MASK> . Would you buy it ?
Person2: Yes . I want a first class single ticket .
Options: A. About 1 hour
B. about 35 minutes 
C. 10 seconds 
D. 4 days 

Let's think step by step before providing your final answer. However, you must conclude your assessment with the statement: 'Thus, the correct answer is: X', where 'X' is simply the solution you've determined to be correct. Note that there may be more than one correct option, in which case you must list them all.",A. About 1 hour && B. about 35 minutes ,1
TimeBench,TimeDial,TimeDial,MC,TimeDial-TimeDial-208,939,"There is a two-person dialogue with several options.
Choose all appropriate options to substitute the <mask> in the dialogue, and each question has at least one correct option.
Dialogue: Person1:Let me get the keys and we ' ll go to look at it .
Person2: Okay .
Person1: It ' s the one you like .
Person2: Wow ! It ' s really good for me , especially the living room . It is big enough to put all my stuff there . It ' s a deal ! I ' ll rent this one .
Person1: Okay . Now we need you to fill a form with your personal information . We need information like social insurance number ( Social security number in the US ) , your address , phone number , etc . We also need a security deposit of $ 200 . And you have to pay two months ' rent in advance for renting the first time . If there ' s nothing damaged , we ' ll give you back one month ' s rent when you move out . You ' ll be responsible for all the utilities . Do you want to sign a lease today ?
Person2: Sure !
Person1: Oh , one more thing I forgot . You must let us know <MASK> in advance if you want to stop renting within the contract . Otherwise , you can ' t get your deposit back .
Person2: Okay . Thank you for your reminder .
Person1: You ' re welcome . Be sure to get the keys one day before you move in .
Person2: Thank you again .

Options: A. two months
B. One and half month 
C. Six months
D. Two days

","There is a two-person dialogue with several options.
Choose all appropriate options to substitute the <mask> in the dialogue, and each question has at least one correct option.
Dialogue: Person1:Let me get the keys and we ' ll go to look at it .
Person2: Okay .
Person1: It ' s the one you like .
Person2: Wow ! It ' s really good for me , especially the living room . It is big enough to put all my stuff there . It ' s a deal ! I ' ll rent this one .
Person1: Okay . Now we need you to fill a form with your personal information . We need information like social insurance number ( Social security number in the US ) , your address , phone number , etc . We also need a security deposit of $ 200 . And you have to pay two months ' rent in advance for renting the first time . If there ' s nothing damaged , we ' ll give you back one month ' s rent when you move out . You ' ll be responsible for all the utilities . Do you want to sign a lease today ?
Person2: Sure !
Person1: Oh , one more thing I forgot . You must let us know <MASK> in advance if you want to stop renting within the contract . Otherwise , you can ' t get your deposit back .
Person2: Okay . Thank you for your reminder .
Person1: You ' re welcome . Be sure to get the keys one day before you move in .
Person2: Thank you again .

Options: A. two months
B. One and half month 
C. Six months
D. Two days

Let's think step by step before providing your final answer. However, you must conclude your assessment with the statement: 'Thus, the correct answer is: X', where 'X' is simply the solution you've determined to be correct. Note that there may be more than one correct option, in which case you must list them all.",A. two months && B. One and half month ,1
TimeBench,TimeDial,TimeDial,MC,TimeDial-TimeDial-213,1211,"There is a two-person dialogue with several options.
Choose all appropriate options to substitute the <mask> in the dialogue, and each question has at least one correct option.
Dialogue: Person1:Hi , Kate .
Person2: Hi , Don . What a surprise !
Person1: Yeah , I saw someone walking like you , but I wasn ' t sure . We haven ' t seen each other for how long ? Almost <MASK> ? But you look quite different now .
Person2: Have you noticed what has changed ?
Person1: Oh , you look quite slender and more vivacious . What have you been taking ? Are you on a diet ?
Person2: Yes . I ' m on a diet , but I ' Ve not taken anything . I just eat less and exercise more . And it really worked in the past three months . I ' Ve lost twelve pounds .
Person1: Wow ! That ' s great . I sincerely want to achieve my weight loss goals , but it ' s difficult for me to keep up the exercise . Also you know , old habits are hard to break .
Person2: What kind of exercise do you think I do ? I just go to dance everyday after work . I ' m taking an amateur dance class . I dance two hours everyday .
Person1: Dance ? You only go dancing ? That ' s not hard . I can do that .
Person2: Sure . Join my class next week .

Options: A. two hours 
B. three months
C. Three and half months
D. Five days

","There is a two-person dialogue with several options.
Choose all appropriate options to substitute the <mask> in the dialogue, and each question has at least one correct option.
Dialogue: Person1:Hi , Kate .
Person2: Hi , Don . What a surprise !
Person1: Yeah , I saw someone walking like you , but I wasn ' t sure . We haven ' t seen each other for how long ? Almost <MASK> ? But you look quite different now .
Person2: Have you noticed what has changed ?
Person1: Oh , you look quite slender and more vivacious . What have you been taking ? Are you on a diet ?
Person2: Yes . I ' m on a diet , but I ' Ve not taken anything . I just eat less and exercise more . And it really worked in the past three months . I ' Ve lost twelve pounds .
Person1: Wow ! That ' s great . I sincerely want to achieve my weight loss goals , but it ' s difficult for me to keep up the exercise . Also you know , old habits are hard to break .
Person2: What kind of exercise do you think I do ? I just go to dance everyday after work . I ' m taking an amateur dance class . I dance two hours everyday .
Person1: Dance ? You only go dancing ? That ' s not hard . I can do that .
Person2: Sure . Join my class next week .

Options: A. two hours 
B. three months
C. Three and half months
D. Five days

Let's think step by step before providing your final answer. However, you must conclude your assessment with the statement: 'Thus, the correct answer is: X', where 'X' is simply the solution you've determined to be correct. Note that there may be more than one correct option, in which case you must list them all.",B. three months && C. Three and half months,1
TimeBench,TimeDial,TimeDial,MC,TimeDial-TimeDial-296,665,"There is a two-person dialogue with several options.
Choose all appropriate options to substitute the <mask> in the dialogue, and each question has at least one correct option.
Dialogue: Person1:Hello . Could I speak to Justin , please ?
Person2: Speaking .
Person1: Oh , hi Justin . This is Karen Hepburn.We met at Chris and Jim's party .
Person2: Of course . How're you ?
Person1: Great . Uh , Justin , would you like to see Otis Lesley on Thursday night ? He's at the Kangaroo Club .
Person2: I'm sorry , Karen , but I can't . I have to work late this Thursday .
Person1: Oh ... that's too bad .
Person2: Yeah . I really like Lesley .
Person1: Actually , are you doing anything on Friday or Saturday ? He's playing those two nights as well .
Person2: Well , I can't make it on Friday either , but I'm free on Saturday night . What time does it start ?
Person1: At eight sharp.How about meeting in front of the club at <MASK> ?
Person2: That sounds perfect.And let's go out for coffee after the show .
Person1: Sure !
Person2: See you at seven fifteen , Saturday .

Options: A. about a quarter after seven
B. about a quarter after ten
C. about half past seven
D. about half past three

","There is a two-person dialogue with several options.
Choose all appropriate options to substitute the <mask> in the dialogue, and each question has at least one correct option.
Dialogue: Person1:Hello . Could I speak to Justin , please ?
Person2: Speaking .
Person1: Oh , hi Justin . This is Karen Hepburn.We met at Chris and Jim's party .
Person2: Of course . How're you ?
Person1: Great . Uh , Justin , would you like to see Otis Lesley on Thursday night ? He's at the Kangaroo Club .
Person2: I'm sorry , Karen , but I can't . I have to work late this Thursday .
Person1: Oh ... that's too bad .
Person2: Yeah . I really like Lesley .
Person1: Actually , are you doing anything on Friday or Saturday ? He's playing those two nights as well .
Person2: Well , I can't make it on Friday either , but I'm free on Saturday night . What time does it start ?
Person1: At eight sharp.How about meeting in front of the club at <MASK> ?
Person2: That sounds perfect.And let's go out for coffee after the show .
Person1: Sure !
Person2: See you at seven fifteen , Saturday .

Options: A. about a quarter after seven
B. about a quarter after ten
C. about half past seven
D. about half past three

Let's think step by step before providing your final answer. However, you must conclude your assessment with the statement: 'Thus, the correct answer is: X', where 'X' is simply the solution you've determined to be correct. Note that there may be more than one correct option, in which case you must list them all.",A. about a quarter after seven && C. about half past seven,1
TimeBench,TimeDial,TimeDial,MC,TimeDial-TimeDial-458,1413,"There is a two-person dialogue with several options.
Choose all appropriate options to substitute the <mask> in the dialogue, and each question has at least one correct option.
Dialogue: Person1:Okay , now I ' d like to find out more about your last job . I see you spent almost <MASK> at the London Weekly , is that right ?
Person2: Yes , that ' s right . To be honest , the first year was quite tough for me . I was really just treated more like an intern . I didn ' t have many responsibilities and I found it quite frustrating .
Person1: So , what changed ?
Person2: Well slowly but surely I proved myself , and the new editor liked me so he promoted me to features writer .
Person1: Wow , a real step up !
Person2: Yes , I was responsible for restaurant and food reviews mostly . I spent 3 years in that position , but to be honest it wasn ' t an area of journalism I wanted to stay in long-term .
Person1: I see , so why did you decide to leave finally ?
Person2: I just felt that the paper couldn ' t offer me any new opportunities . I really needed a more challenging role to be honest .

Options: A. Three and half years
B. four years
C. Ten days
D. Five months

","There is a two-person dialogue with several options.
Choose all appropriate options to substitute the <mask> in the dialogue, and each question has at least one correct option.
Dialogue: Person1:Okay , now I ' d like to find out more about your last job . I see you spent almost <MASK> at the London Weekly , is that right ?
Person2: Yes , that ' s right . To be honest , the first year was quite tough for me . I was really just treated more like an intern . I didn ' t have many responsibilities and I found it quite frustrating .
Person1: So , what changed ?
Person2: Well slowly but surely I proved myself , and the new editor liked me so he promoted me to features writer .
Person1: Wow , a real step up !
Person2: Yes , I was responsible for restaurant and food reviews mostly . I spent 3 years in that position , but to be honest it wasn ' t an area of journalism I wanted to stay in long-term .
Person1: I see , so why did you decide to leave finally ?
Person2: I just felt that the paper couldn ' t offer me any new opportunities . I really needed a more challenging role to be honest .

Options: A. Three and half years
B. four years
C. Ten days
D. Five months

Let's think step by step before providing your final answer. However, you must conclude your assessment with the statement: 'Thus, the correct answer is: X', where 'X' is simply the solution you've determined to be correct. Note that there may be more than one correct option, in which case you must list them all.",A. Three and half years && B. four years,1
TimeBench,TimeDial,TimeDial,MC,TimeDial-TimeDial-252,1346,"There is a two-person dialogue with several options.
Choose all appropriate options to substitute the <mask> in the dialogue, and each question has at least one correct option.
Dialogue: Person1:I think these patterns are quite good . Can you give me a price indication of these ?
Person2: Of course , it's my pleasure . We'll quote you the lowest price prevailing .
Person1: Thank you very much . If your price is suitable , then we can make further discussion of contract .
Person2: Here is our price list , our terms are cash within <MASK> of date of delivery , if you can pay it within one month . we'll give you a discount of 10 % .
Person1: Very good . How many goods do you have ?
Person2: Can you tell me how many goods you intend to order ?
Person1: We want to order 900 dozen .
Person2: The most we can offer you at present is 600 dozen .

Options: A. ten years
B. three months
C. one day
D. five months

","There is a two-person dialogue with several options.
Choose all appropriate options to substitute the <mask> in the dialogue, and each question has at least one correct option.
Dialogue: Person1:I think these patterns are quite good . Can you give me a price indication of these ?
Person2: Of course , it's my pleasure . We'll quote you the lowest price prevailing .
Person1: Thank you very much . If your price is suitable , then we can make further discussion of contract .
Person2: Here is our price list , our terms are cash within <MASK> of date of delivery , if you can pay it within one month . we'll give you a discount of 10 % .
Person1: Very good . How many goods do you have ?
Person2: Can you tell me how many goods you intend to order ?
Person1: We want to order 900 dozen .
Person2: The most we can offer you at present is 600 dozen .

Options: A. ten years
B. three months
C. one day
D. five months

Let's think step by step before providing your final answer. However, you must conclude your assessment with the statement: 'Thus, the correct answer is: X', where 'X' is simply the solution you've determined to be correct. Note that there may be more than one correct option, in which case you must list them all.",B. three months && D. five months,1
TimeBench,TimeDial,TimeDial,MC,TimeDial-TimeDial-489,49,"There is a two-person dialogue with several options.
Choose all appropriate options to substitute the <mask> in the dialogue, and each question has at least one correct option.
Dialogue: Person1:You like Titanic ? That movie is so cheesy .
Person2: It's not cheesy ! It's romantic . When it first came out , I saw it in the theaters five times in <MASK> .
Person1: Really ? Well the special effects might have been good in 1997 , but when you watch it today they make the film seem really cheesy .
Person2: Alright , maybe it's a little bit cheesy . But come on , isn't it fun to go to a cheap flick once in a while ?
Person1: Actually , I have to admit that you're right . I like some pretty cheesy movies too . I love Arnold Schwarzenegger action flicks , especially "" Terminator . ""
Person2: Haha , that's definitely a cheesy movie too . Did you watch it over and over again ?
Person1: Well ... I saw it only once , but for the next two months when I talked to people , I pretended I was the Terminator .
Options: A. one hour 
B. one week
C. two years 
D. 12 days 

","There is a two-person dialogue with several options.
Choose all appropriate options to substitute the <mask> in the dialogue, and each question has at least one correct option.
Dialogue: Person1:You like Titanic ? That movie is so cheesy .
Person2: It's not cheesy ! It's romantic . When it first came out , I saw it in the theaters five times in <MASK> .
Person1: Really ? Well the special effects might have been good in 1997 , but when you watch it today they make the film seem really cheesy .
Person2: Alright , maybe it's a little bit cheesy . But come on , isn't it fun to go to a cheap flick once in a while ?
Person1: Actually , I have to admit that you're right . I like some pretty cheesy movies too . I love Arnold Schwarzenegger action flicks , especially "" Terminator . ""
Person2: Haha , that's definitely a cheesy movie too . Did you watch it over and over again ?
Person1: Well ... I saw it only once , but for the next two months when I talked to people , I pretended I was the Terminator .
Options: A. one hour 
B. one week
C. two years 
D. 12 days 

Let's think step by step before providing your final answer. However, you must conclude your assessment with the statement: 'Thus, the correct answer is: X', where 'X' is simply the solution you've determined to be correct. Note that there may be more than one correct option, in which case you must list them all.",B. one week && D. 12 days ,1
TimeBench,TimeDial,TimeDial,MC,TimeDial-TimeDial-487,459,"There is a two-person dialogue with several options.
Choose all appropriate options to substitute the <mask> in the dialogue, and each question has at least one correct option.
Dialogue: Person1:Don't take too much off . I'm trying to grow my hair longer .
Person2: How about two inches ?
Person1: That sounds perfect . Do you think I can get some highlights today , too ? I've always wanted red .
Person2: I think that will over-process your hair , you should wait <MASK> .
Person1: All right . I'll just have the cut and perm today .
Person2: Great . My assistant will wash your hair , and then I'll be back to help you .
Person1: OK .

Options: A. at least two minutes
B. at least fifteen days
C. at least three years
D. at least two weeks

","There is a two-person dialogue with several options.
Choose all appropriate options to substitute the <mask> in the dialogue, and each question has at least one correct option.
Dialogue: Person1:Don't take too much off . I'm trying to grow my hair longer .
Person2: How about two inches ?
Person1: That sounds perfect . Do you think I can get some highlights today , too ? I've always wanted red .
Person2: I think that will over-process your hair , you should wait <MASK> .
Person1: All right . I'll just have the cut and perm today .
Person2: Great . My assistant will wash your hair , and then I'll be back to help you .
Person1: OK .

Options: A. at least two minutes
B. at least fifteen days
C. at least three years
D. at least two weeks

Let's think step by step before providing your final answer. However, you must conclude your assessment with the statement: 'Thus, the correct answer is: X', where 'X' is simply the solution you've determined to be correct. Note that there may be more than one correct option, in which case you must list them all.",B. at least fifteen days && D. at least two weeks,1
TimeBench,TimeDial,TimeDial,MC,TimeDial-TimeDial-270,678,"There is a two-person dialogue with several options.
Choose all appropriate options to substitute the <mask> in the dialogue, and each question has at least one correct option.
Dialogue: Person1:Did you move into your new apartment ?
Person2: Yes , but I ' m afraid it ' s still a mess . I haven ' t put anything away yet .
Person1: Don ' t worry . It ' ll probably take you about three weeks to get everything organized .
Person2: Don ' t say that . It looks like a dump now . I can ' t stand it .
Person1: Have you taken a walk around your neighborhood yet ?
Person2: Unfortunately , yes .
Person1: What do you mean by that ?
Person2: I took a long walk through the neighborhood this morning on my way to the train station . It took me <MASK> .
Person1: Yes , but you only pay 800 dollars a month . Emm , it ' s hard to decide which is better , shorter commuting time or lower rent .
Person2: I thought paying a lower rent would be better , but now I ' m not sure .
Person1: Is there a supermarket nearby ?
Person2: Yes , if you consider 7-11 is a supermarket .
Person1: Sounds like you better buy a bicycle .
Person2: That ' s right , or I ' m going to spend a lot of time walking .

Options: A. three seconds
B. 11 hours
C. 15 minutes
D. 20 minutes

","There is a two-person dialogue with several options.
Choose all appropriate options to substitute the <mask> in the dialogue, and each question has at least one correct option.
Dialogue: Person1:Did you move into your new apartment ?
Person2: Yes , but I ' m afraid it ' s still a mess . I haven ' t put anything away yet .
Person1: Don ' t worry . It ' ll probably take you about three weeks to get everything organized .
Person2: Don ' t say that . It looks like a dump now . I can ' t stand it .
Person1: Have you taken a walk around your neighborhood yet ?
Person2: Unfortunately , yes .
Person1: What do you mean by that ?
Person2: I took a long walk through the neighborhood this morning on my way to the train station . It took me <MASK> .
Person1: Yes , but you only pay 800 dollars a month . Emm , it ' s hard to decide which is better , shorter commuting time or lower rent .
Person2: I thought paying a lower rent would be better , but now I ' m not sure .
Person1: Is there a supermarket nearby ?
Person2: Yes , if you consider 7-11 is a supermarket .
Person1: Sounds like you better buy a bicycle .
Person2: That ' s right , or I ' m going to spend a lot of time walking .

Options: A. three seconds
B. 11 hours
C. 15 minutes
D. 20 minutes

Let's think step by step before providing your final answer. However, you must conclude your assessment with the statement: 'Thus, the correct answer is: X', where 'X' is simply the solution you've determined to be correct. Note that there may be more than one correct option, in which case you must list them all.",C. 15 minutes && D. 20 minutes,1
TimeBench,TimeDial,TimeDial,MC,TimeDial-TimeDial-202,588,"There is a two-person dialogue with several options.
Choose all appropriate options to substitute the <mask> in the dialogue, and each question has at least one correct option.
Dialogue: Person1:Hey Mark . What are you doing ?
Person2: Just watching some TV .
Person1: Anything interesting on ?
Person2: Not really . Just watching the sports highlight on ESPN .
Person1: So I take it you're pretty bored too .
Person2: Just killing time until I find something to do . What are you going to do ?
Person1: It's Saturday and we are sitting at home doing nothing . What's wrong with us ?
Person2: You wanna shoot some hoops ?
Person1: I already tried to call up some of the guys , but they are all busy .
Person2: Where's your girlfriend ? I thought you were going out with her today .
Person1: She's out shopping with her friends .
Person2: Let's go to Starbucks and think of something to do then .
Person1: Aright . Do you have any cigarettes ?
Person2: I only have a couple left . Why don't you pick some up on the way .
Person1: Ok . See you there in <MASK> .
Person2: Aright . See you there .

Options: A. about 30 minutes
B. about 20 minutes
C. about couple of seconds
D. about 30 days

","There is a two-person dialogue with several options.
Choose all appropriate options to substitute the <mask> in the dialogue, and each question has at least one correct option.
Dialogue: Person1:Hey Mark . What are you doing ?
Person2: Just watching some TV .
Person1: Anything interesting on ?
Person2: Not really . Just watching the sports highlight on ESPN .
Person1: So I take it you're pretty bored too .
Person2: Just killing time until I find something to do . What are you going to do ?
Person1: It's Saturday and we are sitting at home doing nothing . What's wrong with us ?
Person2: You wanna shoot some hoops ?
Person1: I already tried to call up some of the guys , but they are all busy .
Person2: Where's your girlfriend ? I thought you were going out with her today .
Person1: She's out shopping with her friends .
Person2: Let's go to Starbucks and think of something to do then .
Person1: Aright . Do you have any cigarettes ?
Person2: I only have a couple left . Why don't you pick some up on the way .
Person1: Ok . See you there in <MASK> .
Person2: Aright . See you there .

Options: A. about 30 minutes
B. about 20 minutes
C. about couple of seconds
D. about 30 days

Let's think step by step before providing your final answer. However, you must conclude your assessment with the statement: 'Thus, the correct answer is: X', where 'X' is simply the solution you've determined to be correct. Note that there may be more than one correct option, in which case you must list them all.",A. about 30 minutes && B. about 20 minutes,1
TimeBench,TimeDial,TimeDial,MC,TimeDial-TimeDial-162,1172,"There is a two-person dialogue with several options.
Choose all appropriate options to substitute the <mask> in the dialogue, and each question has at least one correct option.
Dialogue: Person1:Welcome to IBA . Do you need any assistance ?
Person2: Yes , please . I'm hoping to get a mortgage from you and was wondering about your interest rates .
Person1: I see . We offer Personal Housing Loans , or mortgages , at a rate of 0.42 % per month .
Person2: That's pretty much the same as I've been quoted at other banks .
Person1: We offer many different payment plans . Would you be looking at long-term or short-term ? Are you looking at a <MASK> repayment plan ?
Person2: Definitely . I want to get my mortgage paid off as soon as I can .
Person1: Then we can certainly help you with that . You see , for shorter term loans , we can offer an even more competitive interest rate .
Person2: Mmmm ... that does sound interesting . Is there anyone available I can talk with about this in more detail ?
Person1: I'll get our Mortgage Adviser for you . Please take a seat , I won't be a minute .

Options: A. 12 - year
B. 42 - year
C. 10 - year
D. month

","There is a two-person dialogue with several options.
Choose all appropriate options to substitute the <mask> in the dialogue, and each question has at least one correct option.
Dialogue: Person1:Welcome to IBA . Do you need any assistance ?
Person2: Yes , please . I'm hoping to get a mortgage from you and was wondering about your interest rates .
Person1: I see . We offer Personal Housing Loans , or mortgages , at a rate of 0.42 % per month .
Person2: That's pretty much the same as I've been quoted at other banks .
Person1: We offer many different payment plans . Would you be looking at long-term or short-term ? Are you looking at a <MASK> repayment plan ?
Person2: Definitely . I want to get my mortgage paid off as soon as I can .
Person1: Then we can certainly help you with that . You see , for shorter term loans , we can offer an even more competitive interest rate .
Person2: Mmmm ... that does sound interesting . Is there anyone available I can talk with about this in more detail ?
Person1: I'll get our Mortgage Adviser for you . Please take a seat , I won't be a minute .

Options: A. 12 - year
B. 42 - year
C. 10 - year
D. month

Let's think step by step before providing your final answer. However, you must conclude your assessment with the statement: 'Thus, the correct answer is: X', where 'X' is simply the solution you've determined to be correct. Note that there may be more than one correct option, in which case you must list them all.",A. 12 - year && C. 10 - year,1
TimeBench,TimeDial,TimeDial,MC,TimeDial-TimeDial-44,711,"There is a two-person dialogue with several options.
Choose all appropriate options to substitute the <mask> in the dialogue, and each question has at least one correct option.
Dialogue: Person1:Good morning . Can I help you ?
Person2: Good morning . I would like to make a reservation to Hong Kong for August 2 .
Person1: Just a moment , please . I am sorry , sir . There is no ticket available on that day . But we have flights for Hong Kong the next day .
Person2: May I inquire about the departure time ?
Person1: A 9:12 flight in the morning and a 14:00 flight in the afternoon .
Person2: When will the plane reach Hong Kong for the morning flight ?
Person1: At 10:20
Person2: OK . I would like to book a ticket for that one .
Person1: All right , sir . Please reconfirm your ticket no later than 12 noon <MASK> before the flight ; otherwise , your reservation will automatically be canceled .
Person2: Yes , I know . What's the fare ?
Person1: It's 500 dollars , not including ground transportation fares between the airport and downtown .
Person2: I see . Will it be doubled for the round trip ?
Person1: Right , sir . And please do not forget to bring a valid travel document with you when you buy the tickets .
Person2: I won't .

Options: A. 2 months
B. three days
C. 9 minutes
D. two days

","There is a two-person dialogue with several options.
Choose all appropriate options to substitute the <mask> in the dialogue, and each question has at least one correct option.
Dialogue: Person1:Good morning . Can I help you ?
Person2: Good morning . I would like to make a reservation to Hong Kong for August 2 .
Person1: Just a moment , please . I am sorry , sir . There is no ticket available on that day . But we have flights for Hong Kong the next day .
Person2: May I inquire about the departure time ?
Person1: A 9:12 flight in the morning and a 14:00 flight in the afternoon .
Person2: When will the plane reach Hong Kong for the morning flight ?
Person1: At 10:20
Person2: OK . I would like to book a ticket for that one .
Person1: All right , sir . Please reconfirm your ticket no later than 12 noon <MASK> before the flight ; otherwise , your reservation will automatically be canceled .
Person2: Yes , I know . What's the fare ?
Person1: It's 500 dollars , not including ground transportation fares between the airport and downtown .
Person2: I see . Will it be doubled for the round trip ?
Person1: Right , sir . And please do not forget to bring a valid travel document with you when you buy the tickets .
Person2: I won't .

Options: A. 2 months
B. three days
C. 9 minutes
D. two days

Let's think step by step before providing your final answer. However, you must conclude your assessment with the statement: 'Thus, the correct answer is: X', where 'X' is simply the solution you've determined to be correct. Note that there may be more than one correct option, in which case you must list them all.",B. three days && D. two days,1
TimeBench,TimeDial,TimeDial,MC,TimeDial-TimeDial-218,1375,"There is a two-person dialogue with several options.
Choose all appropriate options to substitute the <mask> in the dialogue, and each question has at least one correct option.
Dialogue: Person1:Hello , this is Francis from XYZ Company . I would like to discuss with you about a new project some time next week . Do you have time to meet ?
Person2: Well , I am not sure . Lets me check my agenda
Person1: Ok .
Person2: I am free on Tuesday afternoon <MASK> , is it convenient for you ?
Person1: It is ok with me . So I will be arriving at your office around two fifteen PM .
Person2: Yes , there is . See you then .

Options: A. from 2:30 PM to 4:30 PM
B. from 2:15 AM to 4 AM
C. from 9 PM to 11 PM
D. from 2 PM to 4 PM

","There is a two-person dialogue with several options.
Choose all appropriate options to substitute the <mask> in the dialogue, and each question has at least one correct option.
Dialogue: Person1:Hello , this is Francis from XYZ Company . I would like to discuss with you about a new project some time next week . Do you have time to meet ?
Person2: Well , I am not sure . Lets me check my agenda
Person1: Ok .
Person2: I am free on Tuesday afternoon <MASK> , is it convenient for you ?
Person1: It is ok with me . So I will be arriving at your office around two fifteen PM .
Person2: Yes , there is . See you then .

Options: A. from 2:30 PM to 4:30 PM
B. from 2:15 AM to 4 AM
C. from 9 PM to 11 PM
D. from 2 PM to 4 PM

Let's think step by step before providing your final answer. However, you must conclude your assessment with the statement: 'Thus, the correct answer is: X', where 'X' is simply the solution you've determined to be correct. Note that there may be more than one correct option, in which case you must list them all.",A. from 2:30 PM to 4:30 PM && D. from 2 PM to 4 PM,1
TimeBench,TimeDial,TimeDial,MC,TimeDial-TimeDial-402,1074,"There is a two-person dialogue with several options.
Choose all appropriate options to substitute the <mask> in the dialogue, and each question has at least one correct option.
Dialogue: Person1:This is today ' s schedule . At eight thirty , conference with the department managers . At 9 o ' clock , live for the workshop where you ' ll award prizes to the stafffor preventatives .
Person2: That ' s great . What are the prizes ?
Person1: 3000 RIB as bonus for each person .
Person2: To encourage the staff increases .
Person1: Ok . Next thing is laying the corner-stone for the new plant at <MASK> . At 12 AM , back here for lunch .
Person2: What about the afternoon ?
Person1: At 2 PM , give a presentation here with the press . At four o ' clock sharp , have dinner with Mr . Smith , manager of NCC .

Options: A. four o ' clock
B. 10:00 AM
C. 9:30 AM
D. 2 PM

","There is a two-person dialogue with several options.
Choose all appropriate options to substitute the <mask> in the dialogue, and each question has at least one correct option.
Dialogue: Person1:This is today ' s schedule . At eight thirty , conference with the department managers . At 9 o ' clock , live for the workshop where you ' ll award prizes to the stafffor preventatives .
Person2: That ' s great . What are the prizes ?
Person1: 3000 RIB as bonus for each person .
Person2: To encourage the staff increases .
Person1: Ok . Next thing is laying the corner-stone for the new plant at <MASK> . At 12 AM , back here for lunch .
Person2: What about the afternoon ?
Person1: At 2 PM , give a presentation here with the press . At four o ' clock sharp , have dinner with Mr . Smith , manager of NCC .

Options: A. four o ' clock
B. 10:00 AM
C. 9:30 AM
D. 2 PM

Let's think step by step before providing your final answer. However, you must conclude your assessment with the statement: 'Thus, the correct answer is: X', where 'X' is simply the solution you've determined to be correct. Note that there may be more than one correct option, in which case you must list them all.",B. 10:00 AM && C. 9:30 AM,1
TimeBench,TimeDial,TimeDial,MC,TimeDial-TimeDial-191,557,"There is a two-person dialogue with several options.
Choose all appropriate options to substitute the <mask> in the dialogue, and each question has at least one correct option.
Dialogue: Person1:Hi , Lander . What's wrong ?
Person2: I can hardly make ends meet these days .
Person1: Same here . I have't brought any new clothes for <MASK> .
Person2: My income remains the same but prices just continue to rise .
Person1: True . The news says that there is a general increase in the price of daily necessities .
Person2: Definitely . I have to spend 300 yuan more on food every month .

Options: A. 300 days
B. three months
C. Two and half months
D. every month

","There is a two-person dialogue with several options.
Choose all appropriate options to substitute the <mask> in the dialogue, and each question has at least one correct option.
Dialogue: Person1:Hi , Lander . What's wrong ?
Person2: I can hardly make ends meet these days .
Person1: Same here . I have't brought any new clothes for <MASK> .
Person2: My income remains the same but prices just continue to rise .
Person1: True . The news says that there is a general increase in the price of daily necessities .
Person2: Definitely . I have to spend 300 yuan more on food every month .

Options: A. 300 days
B. three months
C. Two and half months
D. every month

Let's think step by step before providing your final answer. However, you must conclude your assessment with the statement: 'Thus, the correct answer is: X', where 'X' is simply the solution you've determined to be correct. Note that there may be more than one correct option, in which case you must list them all.",B. three months && C. Two and half months,1
TimeBench,TimeDial,TimeDial,MC,TimeDial-TimeDial-260,861,"There is a two-person dialogue with several options.
Choose all appropriate options to substitute the <mask> in the dialogue, and each question has at least one correct option.
Dialogue: Person1:Good afternoon , Pan Am . May I help you ?
Person2: Yes . I'd like to make a reservation to New York for 18th next month .
Person1: Please wait a moment . Let me check for you.The flight is FW 711 and it arrives at 10:00 am .
Person2: How long is that journey ?
Person1: <MASK> .
Person2: Thank you .

Options: A. 14 hours
B. 18 seconds
C. 15 hours
D. a month

","There is a two-person dialogue with several options.
Choose all appropriate options to substitute the <mask> in the dialogue, and each question has at least one correct option.
Dialogue: Person1:Good afternoon , Pan Am . May I help you ?
Person2: Yes . I'd like to make a reservation to New York for 18th next month .
Person1: Please wait a moment . Let me check for you.The flight is FW 711 and it arrives at 10:00 am .
Person2: How long is that journey ?
Person1: <MASK> .
Person2: Thank you .

Options: A. 14 hours
B. 18 seconds
C. 15 hours
D. a month

Let's think step by step before providing your final answer. However, you must conclude your assessment with the statement: 'Thus, the correct answer is: X', where 'X' is simply the solution you've determined to be correct. Note that there may be more than one correct option, in which case you must list them all.",A. 14 hours && C. 15 hours,1
TimeBench,TimeDial,TimeDial,MC,TimeDial-TimeDial-106,409,"There is a two-person dialogue with several options.
Choose all appropriate options to substitute the <mask> in the dialogue, and each question has at least one correct option.
Dialogue: Person1:There are many new kinds of newspapers . I find it hard to choose among them . Which is the most popular paper circulating in our city ?
Person2: I'd recommend you the Morning Paper , it is true that the paper is a newly issued one , but its circulation is rising . Last month , it reached to three hundred thousand , which is a very good figure for a new paper .
Person1: What's the reason that people prefer to read this one ?
Person2: I think perhaps the news stories in it are truthful and accurate . It also has a special page about the stock market ; maybe this is the real reason for its popularity . Many people are now speculating in the stock market .
Person1: I can predict it will have the largest circulation in one or <MASK> .

Options: A. Five weeks
B. two years
C. Two and half years
D. Three months

","There is a two-person dialogue with several options.
Choose all appropriate options to substitute the <mask> in the dialogue, and each question has at least one correct option.
Dialogue: Person1:There are many new kinds of newspapers . I find it hard to choose among them . Which is the most popular paper circulating in our city ?
Person2: I'd recommend you the Morning Paper , it is true that the paper is a newly issued one , but its circulation is rising . Last month , it reached to three hundred thousand , which is a very good figure for a new paper .
Person1: What's the reason that people prefer to read this one ?
Person2: I think perhaps the news stories in it are truthful and accurate . It also has a special page about the stock market ; maybe this is the real reason for its popularity . Many people are now speculating in the stock market .
Person1: I can predict it will have the largest circulation in one or <MASK> .

Options: A. Five weeks
B. two years
C. Two and half years
D. Three months

Let's think step by step before providing your final answer. However, you must conclude your assessment with the statement: 'Thus, the correct answer is: X', where 'X' is simply the solution you've determined to be correct. Note that there may be more than one correct option, in which case you must list them all.",B. two years && C. Two and half years,1
TimeBench,TimeDial,TimeDial,MC,TimeDial-TimeDial-54,431,"There is a two-person dialogue with several options.
Choose all appropriate options to substitute the <mask> in the dialogue, and each question has at least one correct option.
Dialogue: Person1:Good afternoon ! Where to ?
Person2: Tian'anmen Square .
Person1: You are going to Tian'anmen Square . No problem .
Person2: How long will it take ? We are in a great hurry .
Person1: Around <MASK> , but it all depends on the traffic .
Person2: Hope there is no traffic jam .
Person1: By this time , it's better . The rush hour is over .
Person2: Could you drop us off on that corner ?
Person1: Sure thing . Here we are .
Person2: How much do we owe you ?
Person1: Eight yuan twenty cents .
Person2: Here is ten yuan . Keep the change , please .
Person1: Thank you . Have a nice day .
Person2: Thanks and you too .

Options: A. Eight seconds
B. twenty hours
C. 20 minutes
D. 15 minutes

","There is a two-person dialogue with several options.
Choose all appropriate options to substitute the <mask> in the dialogue, and each question has at least one correct option.
Dialogue: Person1:Good afternoon ! Where to ?
Person2: Tian'anmen Square .
Person1: You are going to Tian'anmen Square . No problem .
Person2: How long will it take ? We are in a great hurry .
Person1: Around <MASK> , but it all depends on the traffic .
Person2: Hope there is no traffic jam .
Person1: By this time , it's better . The rush hour is over .
Person2: Could you drop us off on that corner ?
Person1: Sure thing . Here we are .
Person2: How much do we owe you ?
Person1: Eight yuan twenty cents .
Person2: Here is ten yuan . Keep the change , please .
Person1: Thank you . Have a nice day .
Person2: Thanks and you too .

Options: A. Eight seconds
B. twenty hours
C. 20 minutes
D. 15 minutes

Let's think step by step before providing your final answer. However, you must conclude your assessment with the statement: 'Thus, the correct answer is: X', where 'X' is simply the solution you've determined to be correct. Note that there may be more than one correct option, in which case you must list them all.",C. 20 minutes && D. 15 minutes,1
TimeBench,TimeDial,TimeDial,MC,TimeDial-TimeDial-390,518,"There is a two-person dialogue with several options.
Choose all appropriate options to substitute the <mask> in the dialogue, and each question has at least one correct option.
Dialogue: Person1:What are you studying all day long for ? It ' s summer vacation !
Person2: I know ! I hate it ! But I ' m taking this crash course in math .
Person1: Why ?
Person2: I have to take my exams for getting into the university , so I need to prepare .
Person1: Do you think it will help ?
Person2: It has to ! I ' Ve been studying every day , <MASK> a day ! I don ' t know , but the school has a great success record .
Person1: Hmm ... Maybe I should sign up too .
Person2: I ' ll pick up an application form for you at school tomorrow .

Options: A. five minutes
B. eight hours
C. twenty four hours
D. nine hours

","There is a two-person dialogue with several options.
Choose all appropriate options to substitute the <mask> in the dialogue, and each question has at least one correct option.
Dialogue: Person1:What are you studying all day long for ? It ' s summer vacation !
Person2: I know ! I hate it ! But I ' m taking this crash course in math .
Person1: Why ?
Person2: I have to take my exams for getting into the university , so I need to prepare .
Person1: Do you think it will help ?
Person2: It has to ! I ' Ve been studying every day , <MASK> a day ! I don ' t know , but the school has a great success record .
Person1: Hmm ... Maybe I should sign up too .
Person2: I ' ll pick up an application form for you at school tomorrow .

Options: A. five minutes
B. eight hours
C. twenty four hours
D. nine hours

Let's think step by step before providing your final answer. However, you must conclude your assessment with the statement: 'Thus, the correct answer is: X', where 'X' is simply the solution you've determined to be correct. Note that there may be more than one correct option, in which case you must list them all.",B. eight hours && D. nine hours,1
TimeBench,TimeDial,TimeDial,MC,TimeDial-TimeDial-2,971,"There is a two-person dialogue with several options.
Choose all appropriate options to substitute the <mask> in the dialogue, and each question has at least one correct option.
Dialogue: Person1:Steven , have a rest . Could you have a talk with me ?
Person2: OK ! What can I do for you , Madam ?
Person1: Janice has just got sick and I need a hand now . Could you come here earlier tomorrow morning ?
Person2: When do you want me to come ?
Person1: Let me think . <MASK> if it is okay for you .
Person2: That's fine . I can make it .

Options: A. About half past seven
B. About Half past six
C. 11 PM
D. 2 AM

","There is a two-person dialogue with several options.
Choose all appropriate options to substitute the <mask> in the dialogue, and each question has at least one correct option.
Dialogue: Person1:Steven , have a rest . Could you have a talk with me ?
Person2: OK ! What can I do for you , Madam ?
Person1: Janice has just got sick and I need a hand now . Could you come here earlier tomorrow morning ?
Person2: When do you want me to come ?
Person1: Let me think . <MASK> if it is okay for you .
Person2: That's fine . I can make it .

Options: A. About half past seven
B. About Half past six
C. 11 PM
D. 2 AM

Let's think step by step before providing your final answer. However, you must conclude your assessment with the statement: 'Thus, the correct answer is: X', where 'X' is simply the solution you've determined to be correct. Note that there may be more than one correct option, in which case you must list them all.",A. About half past seven && B. About Half past six,1
TimeBench,TimeDial,TimeDial,MC,TimeDial-TimeDial-483,1294,"There is a two-person dialogue with several options.
Choose all appropriate options to substitute the <mask> in the dialogue, and each question has at least one correct option.
Dialogue: Person1:Do you have any direct flights to Toronto ?
Person2: Sorry , we don't . But I think you can fly on Northwest Airlines to Berlin and then have a connecting flight on Canada Airline to Toronto . And it is the most economical flight , just 1,900 dollars .
Person1: When does the flight depart ?
Person2: At 8 am . By the way , it also makes a refueling stop .
Person1: How long is the layover ?
Person2: <MASK> .
Person1: And how long do I have to stay in Berlin for the connecting flight ?
Person2: Not so long , just one hour .
Person1: So the time for the total journey is about ... ?
Person2: About 13 hours .
Person1: Let me count . Ok , it works out for my schedule . Thanks a lot !
Person2: You are welcome !

Options: A. Less than one hour
B. Less than 8 minutes
C. Less than fifty minutes
D. Less than 13 hours

","There is a two-person dialogue with several options.
Choose all appropriate options to substitute the <mask> in the dialogue, and each question has at least one correct option.
Dialogue: Person1:Do you have any direct flights to Toronto ?
Person2: Sorry , we don't . But I think you can fly on Northwest Airlines to Berlin and then have a connecting flight on Canada Airline to Toronto . And it is the most economical flight , just 1,900 dollars .
Person1: When does the flight depart ?
Person2: At 8 am . By the way , it also makes a refueling stop .
Person1: How long is the layover ?
Person2: <MASK> .
Person1: And how long do I have to stay in Berlin for the connecting flight ?
Person2: Not so long , just one hour .
Person1: So the time for the total journey is about ... ?
Person2: About 13 hours .
Person1: Let me count . Ok , it works out for my schedule . Thanks a lot !
Person2: You are welcome !

Options: A. Less than one hour
B. Less than 8 minutes
C. Less than fifty minutes
D. Less than 13 hours

Let's think step by step before providing your final answer. However, you must conclude your assessment with the statement: 'Thus, the correct answer is: X', where 'X' is simply the solution you've determined to be correct. Note that there may be more than one correct option, in which case you must list them all.",A. Less than one hour && C. Less than fifty minutes,1
TimeBench,TimeDial,TimeDial,MC,TimeDial-TimeDial-50,420,"There is a two-person dialogue with several options.
Choose all appropriate options to substitute the <mask> in the dialogue, and each question has at least one correct option.
Dialogue: Person1:I feel like to wear my hair in this way .
Person2: Oh , it's really popular these days .
Person1: Do you think it's suitable for me ?
Person2: Honestly speaking , I think the one next to it suits you better .
Person1: Even though I really like it , it's just too modern for me .
Person2: That's not true . Look over there ! That lady chose the same one and she is surely older than you .
Person1: Okay then . And I also want to have my hair colored .
Person2: Which color do you like ?
Person1: Claret-red .
Person2: Nice choice .
Person1: How long will it take ? I hope it won't be too long .
Person2: I hope not but it will take <MASK> .
Person1: Now it's my son's turn to wait .

Options: A. at least two hours 
B. at least fifteen hours 
C. at least three hours
D. at least two minutes 

","There is a two-person dialogue with several options.
Choose all appropriate options to substitute the <mask> in the dialogue, and each question has at least one correct option.
Dialogue: Person1:I feel like to wear my hair in this way .
Person2: Oh , it's really popular these days .
Person1: Do you think it's suitable for me ?
Person2: Honestly speaking , I think the one next to it suits you better .
Person1: Even though I really like it , it's just too modern for me .
Person2: That's not true . Look over there ! That lady chose the same one and she is surely older than you .
Person1: Okay then . And I also want to have my hair colored .
Person2: Which color do you like ?
Person1: Claret-red .
Person2: Nice choice .
Person1: How long will it take ? I hope it won't be too long .
Person2: I hope not but it will take <MASK> .
Person1: Now it's my son's turn to wait .

Options: A. at least two hours 
B. at least fifteen hours 
C. at least three hours
D. at least two minutes 

Let's think step by step before providing your final answer. However, you must conclude your assessment with the statement: 'Thus, the correct answer is: X', where 'X' is simply the solution you've determined to be correct. Note that there may be more than one correct option, in which case you must list them all.",A. at least two hours  && C. at least three hours,1
TimeBench,TimeDial,TimeDial,MC,TimeDial-TimeDial-420,1210,"There is a two-person dialogue with several options.
Choose all appropriate options to substitute the <mask> in the dialogue, and each question has at least one correct option.
Dialogue: Person1:Hi , Kate .
Person2: Hi , Don . What a surprise !
Person1: Yeah , I saw someone walking like you , but I wasn ' t sure . We haven ' t seen each other for how long ? Almost three months ? But you look quite different now .
Person2: Have you noticed what has changed ?
Person1: Oh , you look quite slender and more vivacious . What have you been taking ? Are you on a diet ?
Person2: Yes . I ' m on a diet , but I ' Ve not taken anything . I just eat less and exercise more . And it really worked in the past <MASK> . I ' Ve lost twelve pounds .
Person1: Wow ! That ' s great . I sincerely want to achieve my weight loss goals , but it ' s difficult for me to keep up the exercise . Also you know , old habits are hard to break .
Person2: What kind of exercise do you think I do ? I just go to dance everyday after work . I ' m taking an amateur dance class . I dance two hours everyday .
Person1: Dance ? You only go dancing ? That ' s not hard . I can do that .
Person2: Sure . Join my class next week .

Options: A. two months
B. two hours
C. 3 years
D. three months

","There is a two-person dialogue with several options.
Choose all appropriate options to substitute the <mask> in the dialogue, and each question has at least one correct option.
Dialogue: Person1:Hi , Kate .
Person2: Hi , Don . What a surprise !
Person1: Yeah , I saw someone walking like you , but I wasn ' t sure . We haven ' t seen each other for how long ? Almost three months ? But you look quite different now .
Person2: Have you noticed what has changed ?
Person1: Oh , you look quite slender and more vivacious . What have you been taking ? Are you on a diet ?
Person2: Yes . I ' m on a diet , but I ' Ve not taken anything . I just eat less and exercise more . And it really worked in the past <MASK> . I ' Ve lost twelve pounds .
Person1: Wow ! That ' s great . I sincerely want to achieve my weight loss goals , but it ' s difficult for me to keep up the exercise . Also you know , old habits are hard to break .
Person2: What kind of exercise do you think I do ? I just go to dance everyday after work . I ' m taking an amateur dance class . I dance two hours everyday .
Person1: Dance ? You only go dancing ? That ' s not hard . I can do that .
Person2: Sure . Join my class next week .

Options: A. two months
B. two hours
C. 3 years
D. three months

Let's think step by step before providing your final answer. However, you must conclude your assessment with the statement: 'Thus, the correct answer is: X', where 'X' is simply the solution you've determined to be correct. Note that there may be more than one correct option, in which case you must list them all.",A. two months && D. three months,1
TimeBench,TimeDial,TimeDial,MC,TimeDial-TimeDial-81,374,"There is a two-person dialogue with several options.
Choose all appropriate options to substitute the <mask> in the dialogue, and each question has at least one correct option.
Dialogue: Person1:What sort of salary did you get at your previous job ?
Person2: Well , I got $ 3,000 per month .
Person1: I see . I am sure we can offer you $ 3 , 500 at the beginning . Would that be satisfactory ?
Person2: Yes , I think so . That would be more than I have wished .
Person1: Good . We also have health insurance , bonus and paid vacation . When can you begin to work ?
Person2: What about early next week ?
Person1: Good . Please come in on Monday . Working hours are from eight to four-thirty . Lunch is <MASK> .
Person2: Yes , sir .
Options: A. 5-hours
B. 3-minutes
C. one-hour
D. fifty-five minutes

","There is a two-person dialogue with several options.
Choose all appropriate options to substitute the <mask> in the dialogue, and each question has at least one correct option.
Dialogue: Person1:What sort of salary did you get at your previous job ?
Person2: Well , I got $ 3,000 per month .
Person1: I see . I am sure we can offer you $ 3 , 500 at the beginning . Would that be satisfactory ?
Person2: Yes , I think so . That would be more than I have wished .
Person1: Good . We also have health insurance , bonus and paid vacation . When can you begin to work ?
Person2: What about early next week ?
Person1: Good . Please come in on Monday . Working hours are from eight to four-thirty . Lunch is <MASK> .
Person2: Yes , sir .
Options: A. 5-hours
B. 3-minutes
C. one-hour
D. fifty-five minutes

Let's think step by step before providing your final answer. However, you must conclude your assessment with the statement: 'Thus, the correct answer is: X', where 'X' is simply the solution you've determined to be correct. Note that there may be more than one correct option, in which case you must list them all.",C. one-hour && D. fifty-five minutes,1
TimeBench,TimeDial,TimeDial,MC,TimeDial-TimeDial-206,1122,"There is a two-person dialogue with several options.
Choose all appropriate options to substitute the <mask> in the dialogue, and each question has at least one correct option.
Dialogue: Person1:Hello , this is Francis .
Person2: Hi , this is Monica . I was wondering when we can work on this financial report .
Person1: Today , I am busy all day long .
Person2: Shall I see you on Friday morning ?
Person1: That ' s not good for me at all . It ' ll have to be another time .
Person2: We must find some time to read report .
Person1: I know . I am available <MASK> on Friday afternoon .
Person2: That ' s all right . Then see you on Friday afternoon .
Person1: See you .

Options: A. from 3 AM to 4 AM
B. from 4 PM to 7 PM
C. from 1 PM to 4 PM
D. From 12:30 PM to 3:30 PM

","There is a two-person dialogue with several options.
Choose all appropriate options to substitute the <mask> in the dialogue, and each question has at least one correct option.
Dialogue: Person1:Hello , this is Francis .
Person2: Hi , this is Monica . I was wondering when we can work on this financial report .
Person1: Today , I am busy all day long .
Person2: Shall I see you on Friday morning ?
Person1: That ' s not good for me at all . It ' ll have to be another time .
Person2: We must find some time to read report .
Person1: I know . I am available <MASK> on Friday afternoon .
Person2: That ' s all right . Then see you on Friday afternoon .
Person1: See you .

Options: A. from 3 AM to 4 AM
B. from 4 PM to 7 PM
C. from 1 PM to 4 PM
D. From 12:30 PM to 3:30 PM

Let's think step by step before providing your final answer. However, you must conclude your assessment with the statement: 'Thus, the correct answer is: X', where 'X' is simply the solution you've determined to be correct. Note that there may be more than one correct option, in which case you must list them all.",C. from 1 PM to 4 PM && D. From 12:30 PM to 3:30 PM,1
TimeBench,TimeDial,TimeDial,MC,TimeDial-TimeDial-35,385,"There is a two-person dialogue with several options.
Choose all appropriate options to substitute the <mask> in the dialogue, and each question has at least one correct option.
Dialogue: Person1:( At the MET station ) Hurry up ! We are running late for school .
Person2: Let's take the MET . lt's faster and cheap .
Person1: Which line should we take if we go to Danshui ?
Person2: We should take the red line . Let's get the tickets at the automatic vending Machine .
Person1: How much money should I insert in the slot ?
Person2: 5o dollars . Later you have to place your ticket near the sensor .
Person1: I see .
Person2: It's so crowded . All the seats are taken . Let's go there . There is a seat over there .
Person1: It's a priority seat . We can not sit there . We should give the seats to those eld , pregnant and disabled people .
Person2: Yeah , you are right . Let's stand . It takes only <MASK> .
Person1: If we go to Danshui in the morning on A weekday , we are sure to have seats since it's not during rush hour .
Person2: Anyway , we are arriving at Danshui soon . I can't wait to watch the beautiful sunset .

Options: A. about 15 hours
B. about 20 seconds
C. about 15 minutes
D. about 20 minutes

","There is a two-person dialogue with several options.
Choose all appropriate options to substitute the <mask> in the dialogue, and each question has at least one correct option.
Dialogue: Person1:( At the MET station ) Hurry up ! We are running late for school .
Person2: Let's take the MET . lt's faster and cheap .
Person1: Which line should we take if we go to Danshui ?
Person2: We should take the red line . Let's get the tickets at the automatic vending Machine .
Person1: How much money should I insert in the slot ?
Person2: 5o dollars . Later you have to place your ticket near the sensor .
Person1: I see .
Person2: It's so crowded . All the seats are taken . Let's go there . There is a seat over there .
Person1: It's a priority seat . We can not sit there . We should give the seats to those eld , pregnant and disabled people .
Person2: Yeah , you are right . Let's stand . It takes only <MASK> .
Person1: If we go to Danshui in the morning on A weekday , we are sure to have seats since it's not during rush hour .
Person2: Anyway , we are arriving at Danshui soon . I can't wait to watch the beautiful sunset .

Options: A. about 15 hours
B. about 20 seconds
C. about 15 minutes
D. about 20 minutes

Let's think step by step before providing your final answer. However, you must conclude your assessment with the statement: 'Thus, the correct answer is: X', where 'X' is simply the solution you've determined to be correct. Note that there may be more than one correct option, in which case you must list them all.",C. about 15 minutes && D. about 20 minutes,1
TimeBench,TimeDial,TimeDial,MC,TimeDial-TimeDial-428,571,"There is a two-person dialogue with several options.
Choose all appropriate options to substitute the <mask> in the dialogue, and each question has at least one correct option.
Dialogue: Person1:Hey ! Fred , you are <MASK> than me today . Usually , you don't .
Person2: Hurry ! It is time for me to steal something .
Person1: What's your meaning ?
Person2: I am stealing vegetables at the Happy Farm .
Person1: You are a thief ?
Person2: No , no . I mean stealing vegetables on Internet is very popular now . Many white collars join in this game and have a lot of fun by stealing others ' vegetables .
Person1: You mean it is a still virtual game . Your friends steal your vegetables time and time again , and you take theirs as well , right ?
Person2: You got what I meant . Perhaps , what I steal are not vegetables , but loneliness .
Person1: Don't be addicted to the game . It's not good for your job .

Options: A. one second earlier
B. ten minutes earlier
C. five minutes earlier
D. ten hours earlier

","There is a two-person dialogue with several options.
Choose all appropriate options to substitute the <mask> in the dialogue, and each question has at least one correct option.
Dialogue: Person1:Hey ! Fred , you are <MASK> than me today . Usually , you don't .
Person2: Hurry ! It is time for me to steal something .
Person1: What's your meaning ?
Person2: I am stealing vegetables at the Happy Farm .
Person1: You are a thief ?
Person2: No , no . I mean stealing vegetables on Internet is very popular now . Many white collars join in this game and have a lot of fun by stealing others ' vegetables .
Person1: You mean it is a still virtual game . Your friends steal your vegetables time and time again , and you take theirs as well , right ?
Person2: You got what I meant . Perhaps , what I steal are not vegetables , but loneliness .
Person1: Don't be addicted to the game . It's not good for your job .

Options: A. one second earlier
B. ten minutes earlier
C. five minutes earlier
D. ten hours earlier

Let's think step by step before providing your final answer. However, you must conclude your assessment with the statement: 'Thus, the correct answer is: X', where 'X' is simply the solution you've determined to be correct. Note that there may be more than one correct option, in which case you must list them all.",B. ten minutes earlier && C. five minutes earlier,1
TimeBench,TimeDial,TimeDial,MC,TimeDial-TimeDial-367,1189,"There is a two-person dialogue with several options.
Choose all appropriate options to substitute the <mask> in the dialogue, and each question has at least one correct option.
Dialogue: Person1:Hello , Madam . What can I do for you today ?
Person2: Hello . Yes , I'm here to redeem a Treasury Note . It's not at the maturity date yet , but it is an emergency .
Person1: OK , can I see the note and some ID , please ?
Person2: There you are . As you can see , the maturity isn't up yet .
Person1: You do realise that you must pay a 0.2 % charge for premature cancellation , right ?
Person2: Oh , really ? No , I wasn't aware of that .
Person1: Unfortunately , yes . You see , this is a three-year note ; it was issued over a year ago , but not over <MASK> . So , you will have to pay . I'm sorry about that .

Options: A. two years
B. 2 decades
C. three days
D. one and half year

","There is a two-person dialogue with several options.
Choose all appropriate options to substitute the <mask> in the dialogue, and each question has at least one correct option.
Dialogue: Person1:Hello , Madam . What can I do for you today ?
Person2: Hello . Yes , I'm here to redeem a Treasury Note . It's not at the maturity date yet , but it is an emergency .
Person1: OK , can I see the note and some ID , please ?
Person2: There you are . As you can see , the maturity isn't up yet .
Person1: You do realise that you must pay a 0.2 % charge for premature cancellation , right ?
Person2: Oh , really ? No , I wasn't aware of that .
Person1: Unfortunately , yes . You see , this is a three-year note ; it was issued over a year ago , but not over <MASK> . So , you will have to pay . I'm sorry about that .

Options: A. two years
B. 2 decades
C. three days
D. one and half year

Let's think step by step before providing your final answer. However, you must conclude your assessment with the statement: 'Thus, the correct answer is: X', where 'X' is simply the solution you've determined to be correct. Note that there may be more than one correct option, in which case you must list them all.",A. two years && D. one and half year,1
TimeBench,TimeDial,TimeDial,MC,TimeDial-TimeDial-340,178,"There is a two-person dialogue with several options.
Choose all appropriate options to substitute the <mask> in the dialogue, and each question has at least one correct option.
Dialogue: Person1:Can you tell me what bus to catch from Altadena to downtown LA ?
Person2: You can catch the 486 .
Person1: That bus goes all the way to LA ?
Person2: I believe so .
Person1: Is the bus ride long ?
Person2: It only takes <MASK> to an hour .
Person1: That's all ?
Person2: It's a pretty short trip .
Person1: Is there always a lot of people on that bus ?
Person2: It only gets crowded once it gets to LA .
Person1: Oh okay , thank you .
Person2: No problem .
Options: A. 48 seconds 
B. 30 minutes
C. 45 minutes
D. 5 minutes 

","There is a two-person dialogue with several options.
Choose all appropriate options to substitute the <mask> in the dialogue, and each question has at least one correct option.
Dialogue: Person1:Can you tell me what bus to catch from Altadena to downtown LA ?
Person2: You can catch the 486 .
Person1: That bus goes all the way to LA ?
Person2: I believe so .
Person1: Is the bus ride long ?
Person2: It only takes <MASK> to an hour .
Person1: That's all ?
Person2: It's a pretty short trip .
Person1: Is there always a lot of people on that bus ?
Person2: It only gets crowded once it gets to LA .
Person1: Oh okay , thank you .
Person2: No problem .
Options: A. 48 seconds 
B. 30 minutes
C. 45 minutes
D. 5 minutes 

Let's think step by step before providing your final answer. However, you must conclude your assessment with the statement: 'Thus, the correct answer is: X', where 'X' is simply the solution you've determined to be correct. Note that there may be more than one correct option, in which case you must list them all.",B. 30 minutes && C. 45 minutes,1
TimeBench,TimeDial,TimeDial,MC,TimeDial-TimeDial-474,607,"There is a two-person dialogue with several options.
Choose all appropriate options to substitute the <mask> in the dialogue, and each question has at least one correct option.
Dialogue: Person1:Hi , Tina , I've got good news . I have successfully passed the first two rounds of interview with ABC Company . They informed me to go to the final round next Monday . It looks very promising .
Person2: That is awesome . Congratulations ! I know you can make it .
Person1: Thanks . Let's go for a celebration this evening . Are you free ?
Person2: Yes . Wait for me at the cafe down my office building . Say <MASK> , ok ?
Person1: No problem . See you !
Person2: See you !

Options: A. 5:30 PM
B. 5:00 PM
C. 5:00 AM
D. 10:00 PM

","There is a two-person dialogue with several options.
Choose all appropriate options to substitute the <mask> in the dialogue, and each question has at least one correct option.
Dialogue: Person1:Hi , Tina , I've got good news . I have successfully passed the first two rounds of interview with ABC Company . They informed me to go to the final round next Monday . It looks very promising .
Person2: That is awesome . Congratulations ! I know you can make it .
Person1: Thanks . Let's go for a celebration this evening . Are you free ?
Person2: Yes . Wait for me at the cafe down my office building . Say <MASK> , ok ?
Person1: No problem . See you !
Person2: See you !

Options: A. 5:30 PM
B. 5:00 PM
C. 5:00 AM
D. 10:00 PM

Let's think step by step before providing your final answer. However, you must conclude your assessment with the statement: 'Thus, the correct answer is: X', where 'X' is simply the solution you've determined to be correct. Note that there may be more than one correct option, in which case you must list them all.",A. 5:30 PM && B. 5:00 PM,1
TimeBench,TimeDial,TimeDial,MC,TimeDial-TimeDial-242,904,"There is a two-person dialogue with several options.
Choose all appropriate options to substitute the <mask> in the dialogue, and each question has at least one correct option.
Dialogue: Person1:Hello , I'm sorry for calling this late . May I speak to Peter ?
Person2: I'm sorry . He's not in right now .
Person1: When is he coming back ?
Person2: He should be back in <MASK> . Could 1 you call back later ?
Person1: I'll call again in thirty minutes .

Options: A. ten minutes
B. 25 minutes 
C. 120  minutes 
D. 30 seconds 

","There is a two-person dialogue with several options.
Choose all appropriate options to substitute the <mask> in the dialogue, and each question has at least one correct option.
Dialogue: Person1:Hello , I'm sorry for calling this late . May I speak to Peter ?
Person2: I'm sorry . He's not in right now .
Person1: When is he coming back ?
Person2: He should be back in <MASK> . Could 1 you call back later ?
Person1: I'll call again in thirty minutes .

Options: A. ten minutes
B. 25 minutes 
C. 120  minutes 
D. 30 seconds 

Let's think step by step before providing your final answer. However, you must conclude your assessment with the statement: 'Thus, the correct answer is: X', where 'X' is simply the solution you've determined to be correct. Note that there may be more than one correct option, in which case you must list them all.",A. ten minutes && B. 25 minutes ,1
TimeBench,TimeDial,TimeDial,MC,TimeDial-TimeDial-14,361,"There is a two-person dialogue with several options.
Choose all appropriate options to substitute the <mask> in the dialogue, and each question has at least one correct option.
Dialogue: Person1:Bruno Bistro , how may I help you ?
Person2: Yes , hello , I would like to make a reservation please .
Person1: Certainly sir , For which day and time please ?
Person2: Tonight at seven .
Person1: I'm sorry sir , but we are fully booked tonight until eight .
Person2: In that case , <MASK> is fine .
Person1: Very well , and how many people will attend tonight ?
Person2: Four people .
Person1: Lastly , may I please know what name I should make the reservation under ?
Person2: Mark .
Options: A. eight o'clock
B. 9:30 PM
C. 4:00 PM 
D. 6:00 AM 

","There is a two-person dialogue with several options.
Choose all appropriate options to substitute the <mask> in the dialogue, and each question has at least one correct option.
Dialogue: Person1:Bruno Bistro , how may I help you ?
Person2: Yes , hello , I would like to make a reservation please .
Person1: Certainly sir , For which day and time please ?
Person2: Tonight at seven .
Person1: I'm sorry sir , but we are fully booked tonight until eight .
Person2: In that case , <MASK> is fine .
Person1: Very well , and how many people will attend tonight ?
Person2: Four people .
Person1: Lastly , may I please know what name I should make the reservation under ?
Person2: Mark .
Options: A. eight o'clock
B. 9:30 PM
C. 4:00 PM 
D. 6:00 AM 

Let's think step by step before providing your final answer. However, you must conclude your assessment with the statement: 'Thus, the correct answer is: X', where 'X' is simply the solution you've determined to be correct. Note that there may be more than one correct option, in which case you must list them all.",A. eight o'clock && B. 9:30 PM,1
TimeBench,TimeDial,TimeDial,MC,TimeDial-TimeDial-89,1035,"There is a two-person dialogue with several options.
Choose all appropriate options to substitute the <mask> in the dialogue, and each question has at least one correct option.
Dialogue: Person1:What can I help you with ?
Person2: May I ask you something ?
Person1: What's your question ?
Person2: How many hours behind the wheel do I need ?
Person1: What do you need to take it for ?
Person2: I'm trying to get my license .
Person1: You need six hours .
Person2: Can I do all six hours in <MASK> ?
Person1: You have to do it in three days .
Person2: That's all I have to do ?
Person1: That's everything .
Person2: Well , that's a relief .

Options: A. one day
B. three minutes
C. two days
D. six months

","There is a two-person dialogue with several options.
Choose all appropriate options to substitute the <mask> in the dialogue, and each question has at least one correct option.
Dialogue: Person1:What can I help you with ?
Person2: May I ask you something ?
Person1: What's your question ?
Person2: How many hours behind the wheel do I need ?
Person1: What do you need to take it for ?
Person2: I'm trying to get my license .
Person1: You need six hours .
Person2: Can I do all six hours in <MASK> ?
Person1: You have to do it in three days .
Person2: That's all I have to do ?
Person1: That's everything .
Person2: Well , that's a relief .

Options: A. one day
B. three minutes
C. two days
D. six months

Let's think step by step before providing your final answer. However, you must conclude your assessment with the statement: 'Thus, the correct answer is: X', where 'X' is simply the solution you've determined to be correct. Note that there may be more than one correct option, in which case you must list them all.",A. one day && C. two days,1
TimeBench,TimeDial,TimeDial,MC,TimeDial-TimeDial-388,115,"There is a two-person dialogue with several options.
Choose all appropriate options to substitute the <mask> in the dialogue, and each question has at least one correct option.
Dialogue: Person1:I see there are some workmen on the site . When is the building work due to start ?
Person2: Well , it'll take <MASK> to demolish the old building and clear away the debris . We should be ready to start the construction work in week 23 .
Person1: How long will the sub contractors be on site ?
Person2: About ten weeks in total if everything goes according to plan .
Person1: I'm sure it will . So , we should be able to start moving the machinery in during week 34 . I'll confirm that date with our suppliers .
Options: A. three weeks
B. four weeks
C. ten weeks
D. 34 seconds

","There is a two-person dialogue with several options.
Choose all appropriate options to substitute the <mask> in the dialogue, and each question has at least one correct option.
Dialogue: Person1:I see there are some workmen on the site . When is the building work due to start ?
Person2: Well , it'll take <MASK> to demolish the old building and clear away the debris . We should be ready to start the construction work in week 23 .
Person1: How long will the sub contractors be on site ?
Person2: About ten weeks in total if everything goes according to plan .
Person1: I'm sure it will . So , we should be able to start moving the machinery in during week 34 . I'll confirm that date with our suppliers .
Options: A. three weeks
B. four weeks
C. ten weeks
D. 34 seconds

Let's think step by step before providing your final answer. However, you must conclude your assessment with the statement: 'Thus, the correct answer is: X', where 'X' is simply the solution you've determined to be correct. Note that there may be more than one correct option, in which case you must list them all.",A. three weeks && B. four weeks,1
TimeBench,TimeDial,TimeDial,MC,TimeDial-TimeDial-167,1039,"There is a two-person dialogue with several options.
Choose all appropriate options to substitute the <mask> in the dialogue, and each question has at least one correct option.
Dialogue: Person1:Good morning Mr Smith . My name is Susan and I am a reporter for the Evening Star .
Person2: Good morning . How can I help you ?
Person1: I was hoping to talk to you today about your business .
Person2: Very well .
Person1: How long have you been the owner of your computer shop ?
Person2: <MASK> .
Person1: And how many staff do you employ ?
Person2: There is my wife who does the accounts and my brother who helps with the sales .
Person1: So this is a family business .
Person2: Yes , we are a small family business .
Person1: And how many computers do you sell each day ?
Person2: That depends on the day . We sell from here and on the Internet . I would say about twenty to thirty per week .
Person1: That about one hundred a month .
Person2: That's correct .
Person1: Thank you B for your time .
Person2: Thank you and goodbye .

Options: A. About a month
B. About one hundred years
C. About five years
D. About seven years

","There is a two-person dialogue with several options.
Choose all appropriate options to substitute the <mask> in the dialogue, and each question has at least one correct option.
Dialogue: Person1:Good morning Mr Smith . My name is Susan and I am a reporter for the Evening Star .
Person2: Good morning . How can I help you ?
Person1: I was hoping to talk to you today about your business .
Person2: Very well .
Person1: How long have you been the owner of your computer shop ?
Person2: <MASK> .
Person1: And how many staff do you employ ?
Person2: There is my wife who does the accounts and my brother who helps with the sales .
Person1: So this is a family business .
Person2: Yes , we are a small family business .
Person1: And how many computers do you sell each day ?
Person2: That depends on the day . We sell from here and on the Internet . I would say about twenty to thirty per week .
Person1: That about one hundred a month .
Person2: That's correct .
Person1: Thank you B for your time .
Person2: Thank you and goodbye .

Options: A. About a month
B. About one hundred years
C. About five years
D. About seven years

Let's think step by step before providing your final answer. However, you must conclude your assessment with the statement: 'Thus, the correct answer is: X', where 'X' is simply the solution you've determined to be correct. Note that there may be more than one correct option, in which case you must list them all.",C. About five years && D. About seven years,1
TimeBench,TimeDial,TimeDial,MC,TimeDial-TimeDial-329,594,"There is a two-person dialogue with several options.
Choose all appropriate options to substitute the <mask> in the dialogue, and each question has at least one correct option.
Dialogue: Person1:Hey Bobby . What's going on ?
Person2: Just taking a smoke break .
Person1: I forgot my cigarette today . Do you have another one ?
Person2: Sure . Here you go .
Person1: Thanks .
Person2: I didn't know you smoked .
Person1: Really ? I've been smoking for over a year now .
Person2: Oh . You're new to smoking still . I've been smoking for <MASK> .
Person1: You ever tried to quit ?
Person2: Many times . I'm really addicted . It's harder to stop than you think .
Person1: Yeah . I tried to quit last month , and I thought it was going to be easy , but it turns out that I'm still smoking .
Person2: I highly recommend you quit soon . The longer you smoke , the harder it becomes to quit .
Person1: I think you're right . Aright . Gotta go to class . Thanks for the cigarette . I'll talk to you later .
Person2: No problem . I'll talk to you later .

Options: A. 6 years
B. fifty years
C. a day
D. 7 years

","There is a two-person dialogue with several options.
Choose all appropriate options to substitute the <mask> in the dialogue, and each question has at least one correct option.
Dialogue: Person1:Hey Bobby . What's going on ?
Person2: Just taking a smoke break .
Person1: I forgot my cigarette today . Do you have another one ?
Person2: Sure . Here you go .
Person1: Thanks .
Person2: I didn't know you smoked .
Person1: Really ? I've been smoking for over a year now .
Person2: Oh . You're new to smoking still . I've been smoking for <MASK> .
Person1: You ever tried to quit ?
Person2: Many times . I'm really addicted . It's harder to stop than you think .
Person1: Yeah . I tried to quit last month , and I thought it was going to be easy , but it turns out that I'm still smoking .
Person2: I highly recommend you quit soon . The longer you smoke , the harder it becomes to quit .
Person1: I think you're right . Aright . Gotta go to class . Thanks for the cigarette . I'll talk to you later .
Person2: No problem . I'll talk to you later .

Options: A. 6 years
B. fifty years
C. a day
D. 7 years

Let's think step by step before providing your final answer. However, you must conclude your assessment with the statement: 'Thus, the correct answer is: X', where 'X' is simply the solution you've determined to be correct. Note that there may be more than one correct option, in which case you must list them all.",A. 6 years && D. 7 years,1
TimeBench,TimeDial,TimeDial,MC,TimeDial-TimeDial-493,62,"There is a two-person dialogue with several options.
Choose all appropriate options to substitute the <mask> in the dialogue, and each question has at least one correct option.
Dialogue: Person1:May I ask you how much this position pays per year ?
Person2: This job pays sixty-five thousand dollars per year .
Person1: What kind of benefits does this job have ?
Person2: This job provides full medical , dental , and disability .
Person1: What type of vacation time do we get ?
Person2: You get <MASK> paid vacation that you may use as you wish .
Person1: Do we have a 401K ?
Person2: We offer a 401K with some matching funds available depending on length of service .
Person1: What type of professional development do you offer ?
Person2: We provide up-to-date training on state of the art equipment .
Person1: Where do I sign up for my benefits package ?
Person2: Down the hall . I'll show you when the interview is over .
Options: A. 3 weeks
B. 40-week 
C. 65-minute 
D. one month

","There is a two-person dialogue with several options.
Choose all appropriate options to substitute the <mask> in the dialogue, and each question has at least one correct option.
Dialogue: Person1:May I ask you how much this position pays per year ?
Person2: This job pays sixty-five thousand dollars per year .
Person1: What kind of benefits does this job have ?
Person2: This job provides full medical , dental , and disability .
Person1: What type of vacation time do we get ?
Person2: You get <MASK> paid vacation that you may use as you wish .
Person1: Do we have a 401K ?
Person2: We offer a 401K with some matching funds available depending on length of service .
Person1: What type of professional development do you offer ?
Person2: We provide up-to-date training on state of the art equipment .
Person1: Where do I sign up for my benefits package ?
Person2: Down the hall . I'll show you when the interview is over .
Options: A. 3 weeks
B. 40-week 
C. 65-minute 
D. one month

Let's think step by step before providing your final answer. However, you must conclude your assessment with the statement: 'Thus, the correct answer is: X', where 'X' is simply the solution you've determined to be correct. Note that there may be more than one correct option, in which case you must list them all.",A. 3 weeks && D. one month,1
TimeBench,TimeDial,TimeDial,MC,TimeDial-TimeDial-135,1337,"There is a two-person dialogue with several options.
Choose all appropriate options to substitute the <mask> in the dialogue, and each question has at least one correct option.
Dialogue: Person1:What do you feel your greatest achievement has been at your current job ?
Person2: I think my greatest accomplishment has been acquiring the Hans account .
Person1: That certainly is quite an accomplishment .
Person2: Yes , it took a year and a lot of initiative to get that account .
Person1: What's your sales record been like there ?
Person2: <MASK> we have seen an increase in sales of about 30 % to 40 % each year , so I ' m very pleased . And our sales projections are quite good for the next two years .
Person1: If things are going so well , why do you want to leave the firm now ?
Person2: Hmm ... I think I am ready for a new challenge . I've put a good team together at my present company , and I think If I want to take the next step in my career , it's time for me to move on .

Options: A. The last two years
B. from last 30 Years 
C. from last 40 minutes 
D. The last 15 months 

","There is a two-person dialogue with several options.
Choose all appropriate options to substitute the <mask> in the dialogue, and each question has at least one correct option.
Dialogue: Person1:What do you feel your greatest achievement has been at your current job ?
Person2: I think my greatest accomplishment has been acquiring the Hans account .
Person1: That certainly is quite an accomplishment .
Person2: Yes , it took a year and a lot of initiative to get that account .
Person1: What's your sales record been like there ?
Person2: <MASK> we have seen an increase in sales of about 30 % to 40 % each year , so I ' m very pleased . And our sales projections are quite good for the next two years .
Person1: If things are going so well , why do you want to leave the firm now ?
Person2: Hmm ... I think I am ready for a new challenge . I've put a good team together at my present company , and I think If I want to take the next step in my career , it's time for me to move on .

Options: A. The last two years
B. from last 30 Years 
C. from last 40 minutes 
D. The last 15 months 

Let's think step by step before providing your final answer. However, you must conclude your assessment with the statement: 'Thus, the correct answer is: X', where 'X' is simply the solution you've determined to be correct. Note that there may be more than one correct option, in which case you must list them all.",A. The last two years && D. The last 15 months ,1
TimeBench,TimeDial,TimeDial,MC,TimeDial-TimeDial-307,1393,"There is a two-person dialogue with several options.
Choose all appropriate options to substitute the <mask> in the dialogue, and each question has at least one correct option.
Dialogue: Person1:Could you project what you would like to be doing five years from now ?
Person2: As I have some administrative experience from my last job , I may use my organizational and planning skills in the future .
Person1: How do you plan to accomplish this ?
Person2: By doing everything necessary and for further study .
Person1: How long would you like to stay with this company ?
Person2: How long I will stay with the company depends on whether the company and I are satisfied with each other .
Person1: What do you think of this industry's outlook in <MASK> ?
Person2: I do believe this industry will be developed rapidly in 5 years time .

Options: A. 25 minutes
B. 5 days from now 
C. five years

","There is a two-person dialogue with several options.
Choose all appropriate options to substitute the <mask> in the dialogue, and each question has at least one correct option.
Dialogue: Person1:Could you project what you would like to be doing five years from now ?
Person2: As I have some administrative experience from my last job , I may use my organizational and planning skills in the future .
Person1: How do you plan to accomplish this ?
Person2: By doing everything necessary and for further study .
Person1: How long would you like to stay with this company ?
Person2: How long I will stay with the company depends on whether the company and I are satisfied with each other .
Person1: What do you think of this industry's outlook in <MASK> ?
Person2: I do believe this industry will be developed rapidly in 5 years time .

Options: A. 25 minutes
B. 5 days from now 
C. five years

Let's think step by step before providing your final answer. However, you must conclude your assessment with the statement: 'Thus, the correct answer is: X', where 'X' is simply the solution you've determined to be correct. Note that there may be more than one correct option, in which case you must list them all.",C. five years,1
TimeBench,TimeDial,TimeDial,MC,TimeDial-TimeDial-320,224,"There is a two-person dialogue with several options.
Choose all appropriate options to substitute the <mask> in the dialogue, and each question has at least one correct option.
Dialogue: Person1:Hi . This is the Customer Service . How can I help you ?
Person2: Hi . I bought one of your vacuums from spend-wart . It ' s broken now .
Person1: Is it under warranty ?
Person2: I think so . I bought it four months ago .
Person1: Yes , it is still covered by our warranty . Tell me the mode number of your vacuum , please .
Person2: Okay . The model number is 6594 - c .
Person1: What ' s your address , your name and your phone number ?
Person2: 906 Ottawa street . My name is David Yang . My phone number is 713-786-0234 .
Person1: Okay . There are two Customer Service Offices in your area . The nearest one is Chadwick and Hacks Appliances .
Person2: Could you tell me where the office is located ?
Person1: Sure . 878 Fennel South .
Person2: Oh , I know that place . It ' s only <MASK> drive .
Person1: You have to call the office first .
Person2: All right . Thank you very much for your help .
Person1: My pleasure .
Options: A. four seconds
B. two minutes
C. 65 days
D. ten minutes

","There is a two-person dialogue with several options.
Choose all appropriate options to substitute the <mask> in the dialogue, and each question has at least one correct option.
Dialogue: Person1:Hi . This is the Customer Service . How can I help you ?
Person2: Hi . I bought one of your vacuums from spend-wart . It ' s broken now .
Person1: Is it under warranty ?
Person2: I think so . I bought it four months ago .
Person1: Yes , it is still covered by our warranty . Tell me the mode number of your vacuum , please .
Person2: Okay . The model number is 6594 - c .
Person1: What ' s your address , your name and your phone number ?
Person2: 906 Ottawa street . My name is David Yang . My phone number is 713-786-0234 .
Person1: Okay . There are two Customer Service Offices in your area . The nearest one is Chadwick and Hacks Appliances .
Person2: Could you tell me where the office is located ?
Person1: Sure . 878 Fennel South .
Person2: Oh , I know that place . It ' s only <MASK> drive .
Person1: You have to call the office first .
Person2: All right . Thank you very much for your help .
Person1: My pleasure .
Options: A. four seconds
B. two minutes
C. 65 days
D. ten minutes

Let's think step by step before providing your final answer. However, you must conclude your assessment with the statement: 'Thus, the correct answer is: X', where 'X' is simply the solution you've determined to be correct. Note that there may be more than one correct option, in which case you must list them all.",B. two minutes && D. ten minutes,1
TimeBench,TimeDial,TimeDial,MC,TimeDial-TimeDial-244,1399,"There is a two-person dialogue with several options.
Choose all appropriate options to substitute the <mask> in the dialogue, and each question has at least one correct option.
Dialogue: Person1:How are you , Mr Wilson ? I am Tina .
Person2: Glad to meet you , Mrs.Tina .
Person1: Please have a seat . I know our employment of forcer has already given you the information about your employee contract , but I'd like to go over the main details again before signing . First , you'll be getting a monthly salary , with <MASK> paid vacation after one year of service .
Person2: That's what I understand .
Person1: You'll be covered by our medical plan while on duty.Since you'll be middle management , you're expected to be available up to 1.5 hours past normal working hours.Any approved time over that will be paid at time and a half , which you can take as salary or time off .
Person2: Exactly my understanding .
Person1: A reasonable number of sick days will be covered by the company.Any extended illness will be covered by insurance.Have you read the other terms of the contract ?
Person2: Yes , I have .
Person1: Do you have any other questions ?
Person2: Just one . I noticed an item about flex-time.Is that a possibility for me ?
Person1: Yes , it is , but you'll have to discuss the details with your manager .
Person2: That's acceptable .
Person1: Good.Now , if you'll just sign here , you can start work in 3 days .

Options: A. one month
B. 20 days
C. Five months
D. 3 days

","There is a two-person dialogue with several options.
Choose all appropriate options to substitute the <mask> in the dialogue, and each question has at least one correct option.
Dialogue: Person1:How are you , Mr Wilson ? I am Tina .
Person2: Glad to meet you , Mrs.Tina .
Person1: Please have a seat . I know our employment of forcer has already given you the information about your employee contract , but I'd like to go over the main details again before signing . First , you'll be getting a monthly salary , with <MASK> paid vacation after one year of service .
Person2: That's what I understand .
Person1: You'll be covered by our medical plan while on duty.Since you'll be middle management , you're expected to be available up to 1.5 hours past normal working hours.Any approved time over that will be paid at time and a half , which you can take as salary or time off .
Person2: Exactly my understanding .
Person1: A reasonable number of sick days will be covered by the company.Any extended illness will be covered by insurance.Have you read the other terms of the contract ?
Person2: Yes , I have .
Person1: Do you have any other questions ?
Person2: Just one . I noticed an item about flex-time.Is that a possibility for me ?
Person1: Yes , it is , but you'll have to discuss the details with your manager .
Person2: That's acceptable .
Person1: Good.Now , if you'll just sign here , you can start work in 3 days .

Options: A. one month
B. 20 days
C. Five months
D. 3 days

Let's think step by step before providing your final answer. However, you must conclude your assessment with the statement: 'Thus, the correct answer is: X', where 'X' is simply the solution you've determined to be correct. Note that there may be more than one correct option, in which case you must list them all.",A. one month && B. 20 days,1
TimeBench,TimeDial,TimeDial,MC,TimeDial-TimeDial-55,46,"There is a two-person dialogue with several options.
Choose all appropriate options to substitute the <mask> in the dialogue, and each question has at least one correct option.
Dialogue: Person1:Our productivity has been down for <MASK> now . I'm seriously considering pulling in an outside consultant to diagnose the cause of our problematic areas . I think we'd all benefit from an outsider's perspective . Sometimes we're just too closed to the problems to see the forest for the trees .
Person2: I think that's a good idea . You know I got a golfing buddy that runs a consultant firm . He's an expert in organizational comunication.He does't come cheap , but he's an expert in this field.Maybe he could help get things on track .
Person1: Do you have his card ? What's in his portfolio ? Which firm has he worked for in the past ?
Person2: He's done staff for Microsoft and Boeing . I think he's been involved with Siemens ' training evaluations as well . I'll get you his card , you can give him a call .
Options: A. more than five minutes
B. more than six months
C. more than seven months
D. more than 20 years

","There is a two-person dialogue with several options.
Choose all appropriate options to substitute the <mask> in the dialogue, and each question has at least one correct option.
Dialogue: Person1:Our productivity has been down for <MASK> now . I'm seriously considering pulling in an outside consultant to diagnose the cause of our problematic areas . I think we'd all benefit from an outsider's perspective . Sometimes we're just too closed to the problems to see the forest for the trees .
Person2: I think that's a good idea . You know I got a golfing buddy that runs a consultant firm . He's an expert in organizational comunication.He does't come cheap , but he's an expert in this field.Maybe he could help get things on track .
Person1: Do you have his card ? What's in his portfolio ? Which firm has he worked for in the past ?
Person2: He's done staff for Microsoft and Boeing . I think he's been involved with Siemens ' training evaluations as well . I'll get you his card , you can give him a call .
Options: A. more than five minutes
B. more than six months
C. more than seven months
D. more than 20 years

Let's think step by step before providing your final answer. However, you must conclude your assessment with the statement: 'Thus, the correct answer is: X', where 'X' is simply the solution you've determined to be correct. Note that there may be more than one correct option, in which case you must list them all.",B. more than six months && C. more than seven months,1
TimeBench,TimeDial,TimeDial,MC,TimeDial-TimeDial-364,277,"There is a two-person dialogue with several options.
Choose all appropriate options to substitute the <mask> in the dialogue, and each question has at least one correct option.
Dialogue: Person1:Thank you for seeing me . Did you look over my letter and resume ?
Person2: Yes . Quite good . Perhaps you're very interested in the social benefits .
Person1: Yes , I think it is possible more important than the salary .
Person2: Really ? We would like to start you off at 2,000 yuan a month , excluding bonus and overtime pay .
Person1: Good , about the essential living conditions ?
Person2: Well , we'll supply you with an apartment of a bedroom and a living room .
Person1: I see . I'm a female . Are there any special benefits for me ?
Person2: Yes , in our company , the women have a <MASK> vacation a year , besides this , if you are a married woman , maternity leave for some months is permitted .
Person1: I think it is very necessary for us . I wonder whether I am on holiday with payment every year .
Person2: Yes , you have a paid month holiday every year .
Person1: Right . How about the unemployment compensation and the retirement pension ?
Person2: Well , we are only responsible for the retirement pension . About the unemployment compensation , this will be given by the government .
Person1: Yes , I see .
Options: A. one hour 
B. one-month
C. 20 seconds 
D. two-week

","There is a two-person dialogue with several options.
Choose all appropriate options to substitute the <mask> in the dialogue, and each question has at least one correct option.
Dialogue: Person1:Thank you for seeing me . Did you look over my letter and resume ?
Person2: Yes . Quite good . Perhaps you're very interested in the social benefits .
Person1: Yes , I think it is possible more important than the salary .
Person2: Really ? We would like to start you off at 2,000 yuan a month , excluding bonus and overtime pay .
Person1: Good , about the essential living conditions ?
Person2: Well , we'll supply you with an apartment of a bedroom and a living room .
Person1: I see . I'm a female . Are there any special benefits for me ?
Person2: Yes , in our company , the women have a <MASK> vacation a year , besides this , if you are a married woman , maternity leave for some months is permitted .
Person1: I think it is very necessary for us . I wonder whether I am on holiday with payment every year .
Person2: Yes , you have a paid month holiday every year .
Person1: Right . How about the unemployment compensation and the retirement pension ?
Person2: Well , we are only responsible for the retirement pension . About the unemployment compensation , this will be given by the government .
Person1: Yes , I see .
Options: A. one hour 
B. one-month
C. 20 seconds 
D. two-week

Let's think step by step before providing your final answer. However, you must conclude your assessment with the statement: 'Thus, the correct answer is: X', where 'X' is simply the solution you've determined to be correct. Note that there may be more than one correct option, in which case you must list them all.",B. one-month && D. two-week,1
TimeBench,TimeDial,TimeDial,MC,TimeDial-TimeDial-51,134,"There is a two-person dialogue with several options.
Choose all appropriate options to substitute the <mask> in the dialogue, and each question has at least one correct option.
Dialogue: Person1:Good morning , Mr . Smith .
Person2: Good morning , Jamie . What time is it now ?
Person1: It is 9 o'clock now .
Person2: I see . What is today's schedule ?
Person1: You have two meetings today . One is at <MASK> , and the other is at 2 pm . After the meeting , you will have dinner with Mr . Brown at the Chinese restaurant in Sister Hotel .
Person2: OK . Can you prepare things for the meeting in the meeting room ? Make enough copies of the handouts .
Person1: No problem . Do you need the OHP ?
Person2: Yes . I am going to show them some slides in the meeting . Can you call Mr . Brown to remind him of the dinner this evening ?
Person1: OK . Do you want to ask the receptionist to wait for our customers at the receptionist counter before the meeting ?
Person2: That would be great ! You are really a good employee .
Options: A. 9:00 PM 
B. 11:00 AM 
C. 10:00 AM
D. 2:00 AM

","There is a two-person dialogue with several options.
Choose all appropriate options to substitute the <mask> in the dialogue, and each question has at least one correct option.
Dialogue: Person1:Good morning , Mr . Smith .
Person2: Good morning , Jamie . What time is it now ?
Person1: It is 9 o'clock now .
Person2: I see . What is today's schedule ?
Person1: You have two meetings today . One is at <MASK> , and the other is at 2 pm . After the meeting , you will have dinner with Mr . Brown at the Chinese restaurant in Sister Hotel .
Person2: OK . Can you prepare things for the meeting in the meeting room ? Make enough copies of the handouts .
Person1: No problem . Do you need the OHP ?
Person2: Yes . I am going to show them some slides in the meeting . Can you call Mr . Brown to remind him of the dinner this evening ?
Person1: OK . Do you want to ask the receptionist to wait for our customers at the receptionist counter before the meeting ?
Person2: That would be great ! You are really a good employee .
Options: A. 9:00 PM 
B. 11:00 AM 
C. 10:00 AM
D. 2:00 AM

Let's think step by step before providing your final answer. However, you must conclude your assessment with the statement: 'Thus, the correct answer is: X', where 'X' is simply the solution you've determined to be correct. Note that there may be more than one correct option, in which case you must list them all.",B. 11:00 AM  && C. 10:00 AM,1
TimeBench,TimeDial,TimeDial,MC,TimeDial-TimeDial-457,246,"There is a two-person dialogue with several options.
Choose all appropriate options to substitute the <mask> in the dialogue, and each question has at least one correct option.
Dialogue: Person1:Good morning , sir . Can I see your boarding pass , please ?
Person2: Here you are .
Person1: Excuse me , sir . This is your passport .
Person2: Really ? Ugh ... Is there any difference ?
Person1: Yes . As a matter of fact , you can't board the plane without boarding pass .
Person2: Gee . I must have left it in my hotel room .
Person1: I'm sorry sir . I can't let you pass .
Person2: But when does the plane take off ?
Person1: Ugh , in <MASK> , sir .
Person2: Oh , my God ! What do I do now ? Bone head , bone head , bone head ( He smashes his head with his hand . ) .
Person1: Calm down , sir . You are creating a commotion .
Person2: ( The speaker in the airport says , ' Mr . Benjamin , we now have a boarding pass by the name of Benjamin at Lost and Found . ' ) Is that me ?
Person1: Could be .
Person2: Oh , thank God . Thank you , I'll be right back .
Person1: ( Benjamin starts to run and then he seems to remember something and returns . ) Ugh , excuse me , where is the Lost and Found ?
Person2: It's down in the lobby . Turn left at exit B .
Person1: Thank you , thank you , thanks again .
Options: A. about two seconds 
B. about five minutes 
C. about 11 hours 
D. about thirty minutes

","There is a two-person dialogue with several options.
Choose all appropriate options to substitute the <mask> in the dialogue, and each question has at least one correct option.
Dialogue: Person1:Good morning , sir . Can I see your boarding pass , please ?
Person2: Here you are .
Person1: Excuse me , sir . This is your passport .
Person2: Really ? Ugh ... Is there any difference ?
Person1: Yes . As a matter of fact , you can't board the plane without boarding pass .
Person2: Gee . I must have left it in my hotel room .
Person1: I'm sorry sir . I can't let you pass .
Person2: But when does the plane take off ?
Person1: Ugh , in <MASK> , sir .
Person2: Oh , my God ! What do I do now ? Bone head , bone head , bone head ( He smashes his head with his hand . ) .
Person1: Calm down , sir . You are creating a commotion .
Person2: ( The speaker in the airport says , ' Mr . Benjamin , we now have a boarding pass by the name of Benjamin at Lost and Found . ' ) Is that me ?
Person1: Could be .
Person2: Oh , thank God . Thank you , I'll be right back .
Person1: ( Benjamin starts to run and then he seems to remember something and returns . ) Ugh , excuse me , where is the Lost and Found ?
Person2: It's down in the lobby . Turn left at exit B .
Person1: Thank you , thank you , thanks again .
Options: A. about two seconds 
B. about five minutes 
C. about 11 hours 
D. about thirty minutes

Let's think step by step before providing your final answer. However, you must conclude your assessment with the statement: 'Thus, the correct answer is: X', where 'X' is simply the solution you've determined to be correct. Note that there may be more than one correct option, in which case you must list them all.",B. about five minutes  && D. about thirty minutes,1
TimeBench,TimeDial,TimeDial,MC,TimeDial-TimeDial-175,899,"There is a two-person dialogue with several options.
Choose all appropriate options to substitute the <mask> in the dialogue, and each question has at least one correct option.
Dialogue: Person1:Hi , Doris . I hear you are going to the United States next week .
Person2: So I am .
Person1: When did you get your passport ?
Person2: I got it last week .
Person1: How long is it valid ?
Person2: It's valid for <MASK> . I am planning to do a doctor ' s degree during my stay there .
Person1: Good . Good luck to you !
Person2: Thank you very much .

Options: A. 20 decades
B. 5 years
C. 6 years
D. a week

","There is a two-person dialogue with several options.
Choose all appropriate options to substitute the <mask> in the dialogue, and each question has at least one correct option.
Dialogue: Person1:Hi , Doris . I hear you are going to the United States next week .
Person2: So I am .
Person1: When did you get your passport ?
Person2: I got it last week .
Person1: How long is it valid ?
Person2: It's valid for <MASK> . I am planning to do a doctor ' s degree during my stay there .
Person1: Good . Good luck to you !
Person2: Thank you very much .

Options: A. 20 decades
B. 5 years
C. 6 years
D. a week

Let's think step by step before providing your final answer. However, you must conclude your assessment with the statement: 'Thus, the correct answer is: X', where 'X' is simply the solution you've determined to be correct. Note that there may be more than one correct option, in which case you must list them all.",B. 5 years && C. 6 years,1
TimeBench,TimeDial,TimeDial,MC,TimeDial-TimeDial-446,944,"There is a two-person dialogue with several options.
Choose all appropriate options to substitute the <mask> in the dialogue, and each question has at least one correct option.
Dialogue: Person1:Do you get up early every morning ?
Person2: <MASK> . I like to walk to the office .
Person1: Good habit . How long does it take ?
Person2: About 20 minutes . Do you live alone ?
Person1: No , my little sister lives with me .
Person2: How old is she ?
Person1: About 12 . She is a good girl .
Person2: I think so .

Options: A. About 6 in the morning
B. 12:00 AM
C. 7:00 PM
D. 5 in the morning

","There is a two-person dialogue with several options.
Choose all appropriate options to substitute the <mask> in the dialogue, and each question has at least one correct option.
Dialogue: Person1:Do you get up early every morning ?
Person2: <MASK> . I like to walk to the office .
Person1: Good habit . How long does it take ?
Person2: About 20 minutes . Do you live alone ?
Person1: No , my little sister lives with me .
Person2: How old is she ?
Person1: About 12 . She is a good girl .
Person2: I think so .

Options: A. About 6 in the morning
B. 12:00 AM
C. 7:00 PM
D. 5 in the morning

Let's think step by step before providing your final answer. However, you must conclude your assessment with the statement: 'Thus, the correct answer is: X', where 'X' is simply the solution you've determined to be correct. Note that there may be more than one correct option, in which case you must list them all.",A. About 6 in the morning && D. 5 in the morning,1
TimeBench,TimeDial,TimeDial,MC,TimeDial-TimeDial-497,1190,"There is a two-person dialogue with several options.
Choose all appropriate options to substitute the <mask> in the dialogue, and each question has at least one correct option.
Dialogue: Person1:Good afternoon . Which service do you require .
Person2: I need to increase the amount of my L / C . It's quite a new one ; I opened it <MASK> .
Person1: What you need to do is apply for an amendment on your existing L / C .
Person2: How do I go about that ?
Person1: You'll need to fill in this application form and there is a charge of 30 US dollars for this .
Person2: OK , you can take that from my account . I'll fill in the form now .
Person1: Thanks . Yes ... that's all in order . What we will do now is send the L / C amendment to the negotiating bank . As soon as we know anything , we'll contact you .

Options: A. 30 seconds ago 
B. 12 days ago
C. 3 months ago 
D. one week ago 

","There is a two-person dialogue with several options.
Choose all appropriate options to substitute the <mask> in the dialogue, and each question has at least one correct option.
Dialogue: Person1:Good afternoon . Which service do you require .
Person2: I need to increase the amount of my L / C . It's quite a new one ; I opened it <MASK> .
Person1: What you need to do is apply for an amendment on your existing L / C .
Person2: How do I go about that ?
Person1: You'll need to fill in this application form and there is a charge of 30 US dollars for this .
Person2: OK , you can take that from my account . I'll fill in the form now .
Person1: Thanks . Yes ... that's all in order . What we will do now is send the L / C amendment to the negotiating bank . As soon as we know anything , we'll contact you .

Options: A. 30 seconds ago 
B. 12 days ago
C. 3 months ago 
D. one week ago 

Let's think step by step before providing your final answer. However, you must conclude your assessment with the statement: 'Thus, the correct answer is: X', where 'X' is simply the solution you've determined to be correct. Note that there may be more than one correct option, in which case you must list them all.",B. 12 days ago && D. one week ago ,1
TimeBench,TimeDial,TimeDial,MC,TimeDial-TimeDial-59,764,"There is a two-person dialogue with several options.
Choose all appropriate options to substitute the <mask> in the dialogue, and each question has at least one correct option.
Dialogue: Person1:Hey , Tom , what to go for a run ?
Person2: No thanks . I like to run in the morning . I ran a couple of miles when I woke up today .
Person1: I try to do that , but I can ' t get up early enough .
Person2: I couldn ' t either at first , but you get used to it .
Person1: It ' s so hot at lunchtime ; I ' d rather run in the morning .
Person2: Well , why don ' t you come tomorrow ? I ' ll stop by your house on my way out .
Person1: I could try , but I can ' t say for sure if I ' ll get up in time . What time do you want to go ?
Person2: I ' ll give you a call around <MASK> and stop by around 6 thirty .
Person1: O . K . , maybe if I have someone to go with , I ' ll be able to get up in time for a jog .
Person2: Great , I ' ll see you then .
Person1: See you .

Options: A. 5 o'clock
B. 12 o'clock
C. 3 o'clock
D. 6 o'clock

","There is a two-person dialogue with several options.
Choose all appropriate options to substitute the <mask> in the dialogue, and each question has at least one correct option.
Dialogue: Person1:Hey , Tom , what to go for a run ?
Person2: No thanks . I like to run in the morning . I ran a couple of miles when I woke up today .
Person1: I try to do that , but I can ' t get up early enough .
Person2: I couldn ' t either at first , but you get used to it .
Person1: It ' s so hot at lunchtime ; I ' d rather run in the morning .
Person2: Well , why don ' t you come tomorrow ? I ' ll stop by your house on my way out .
Person1: I could try , but I can ' t say for sure if I ' ll get up in time . What time do you want to go ?
Person2: I ' ll give you a call around <MASK> and stop by around 6 thirty .
Person1: O . K . , maybe if I have someone to go with , I ' ll be able to get up in time for a jog .
Person2: Great , I ' ll see you then .
Person1: See you .

Options: A. 5 o'clock
B. 12 o'clock
C. 3 o'clock
D. 6 o'clock

Let's think step by step before providing your final answer. However, you must conclude your assessment with the statement: 'Thus, the correct answer is: X', where 'X' is simply the solution you've determined to be correct. Note that there may be more than one correct option, in which case you must list them all.",A. 5 o'clock && D. 6 o'clock,1
TimeBench,TimeDial,TimeDial,MC,TimeDial-TimeDial-49,391,"There is a two-person dialogue with several options.
Choose all appropriate options to substitute the <mask> in the dialogue, and each question has at least one correct option.
Dialogue: Person1:Hey ! Are you getting dressed ?
Person2: Yes , I am .
Person1: Why ? What time is it ?
Person2: It's <MASK> . I'm going to work .
Person1: But it's Saturday ! !
Person2: I'm working on Saturday mornings this month.Are you getting up ?
Person1: No , I'm not . I'm staying in bed .
Person2: OK . See you at noon .
Person1: If I'm awake .

Options: A. 9:00 
B. a quarter to eight
C. 6:00 pm 
D. 12:00 am

","There is a two-person dialogue with several options.
Choose all appropriate options to substitute the <mask> in the dialogue, and each question has at least one correct option.
Dialogue: Person1:Hey ! Are you getting dressed ?
Person2: Yes , I am .
Person1: Why ? What time is it ?
Person2: It's <MASK> . I'm going to work .
Person1: But it's Saturday ! !
Person2: I'm working on Saturday mornings this month.Are you getting up ?
Person1: No , I'm not . I'm staying in bed .
Person2: OK . See you at noon .
Person1: If I'm awake .

Options: A. 9:00 
B. a quarter to eight
C. 6:00 pm 
D. 12:00 am

Let's think step by step before providing your final answer. However, you must conclude your assessment with the statement: 'Thus, the correct answer is: X', where 'X' is simply the solution you've determined to be correct. Note that there may be more than one correct option, in which case you must list them all.",A. 9:00  && B. a quarter to eight,1
TimeBench,TimeDial,TimeDial,MC,TimeDial-TimeDial-236,120,"There is a two-person dialogue with several options.
Choose all appropriate options to substitute the <mask> in the dialogue, and each question has at least one correct option.
Dialogue: Person1:Even with volume sales our costs for the Exec User won't go down much .
Person2: Just what are you proposing ?
Person1: We could take a cut on the price . But 25 % would reduce much our profit margin . We suggest a compromise 10 % .
Person2: That's a big change from 25 % ! 10 % is beyond my negotiating limit . Any other ideas ?
Person1: I don't think I can change it right now . Why don't we talk again tomorrow ?
Person2: Sure . I have to talk to my office anyway . I hope we can find some common ground on this .
Person1: Robert , I have been instructed to reject the numbers you proposed , but we can try to come up with something else .
Person2: I hope so , Dana . My instructions are to negotiate hard on this deal , but I'm trying very hard to reach some middle ground .
Person1: I understand . We propose a structured deal . For <MASK> , we get a discount of 20 % and the next six months we get 15 % .
Person2: Dana . I can't bring those numbers back to my office , they'll turn it down flat .
Person1: Then you'll have to think of something better , Robert .
Options: A. the first 25 days 
B. the first six months
C. the first four months 
D. the first 15 months 

","There is a two-person dialogue with several options.
Choose all appropriate options to substitute the <mask> in the dialogue, and each question has at least one correct option.
Dialogue: Person1:Even with volume sales our costs for the Exec User won't go down much .
Person2: Just what are you proposing ?
Person1: We could take a cut on the price . But 25 % would reduce much our profit margin . We suggest a compromise 10 % .
Person2: That's a big change from 25 % ! 10 % is beyond my negotiating limit . Any other ideas ?
Person1: I don't think I can change it right now . Why don't we talk again tomorrow ?
Person2: Sure . I have to talk to my office anyway . I hope we can find some common ground on this .
Person1: Robert , I have been instructed to reject the numbers you proposed , but we can try to come up with something else .
Person2: I hope so , Dana . My instructions are to negotiate hard on this deal , but I'm trying very hard to reach some middle ground .
Person1: I understand . We propose a structured deal . For <MASK> , we get a discount of 20 % and the next six months we get 15 % .
Person2: Dana . I can't bring those numbers back to my office , they'll turn it down flat .
Person1: Then you'll have to think of something better , Robert .
Options: A. the first 25 days 
B. the first six months
C. the first four months 
D. the first 15 months 

Let's think step by step before providing your final answer. However, you must conclude your assessment with the statement: 'Thus, the correct answer is: X', where 'X' is simply the solution you've determined to be correct. Note that there may be more than one correct option, in which case you must list them all.",B. the first six months && C. the first four months ,1
TimeBench,TimeDial,TimeDial,MC,TimeDial-TimeDial-253,637,"There is a two-person dialogue with several options.
Choose all appropriate options to substitute the <mask> in the dialogue, and each question has at least one correct option.
Dialogue: Person1:Brian , do you know how to speak English ?
Person2: Yes .
Person1: Where did you learn ?
Person2: I learned in college .
Person1: You speak really well .
Person2: Thank you .
Person1: How long have you been in the U . S . ?
Person2: <MASK> .
Person1: Is your wife with you ?
Person2: Yes , she just got here yesterday .
Person1: Have you been to California before ?
Person2: No . I've never been there .
Person1: Have you ever been to Las Vegas ?
Person2: Yes . I went there once on a business trip .

Options: A. 4 weeks
B. one hour
C. 3 weeks
D. 80 years

","There is a two-person dialogue with several options.
Choose all appropriate options to substitute the <mask> in the dialogue, and each question has at least one correct option.
Dialogue: Person1:Brian , do you know how to speak English ?
Person2: Yes .
Person1: Where did you learn ?
Person2: I learned in college .
Person1: You speak really well .
Person2: Thank you .
Person1: How long have you been in the U . S . ?
Person2: <MASK> .
Person1: Is your wife with you ?
Person2: Yes , she just got here yesterday .
Person1: Have you been to California before ?
Person2: No . I've never been there .
Person1: Have you ever been to Las Vegas ?
Person2: Yes . I went there once on a business trip .

Options: A. 4 weeks
B. one hour
C. 3 weeks
D. 80 years

Let's think step by step before providing your final answer. However, you must conclude your assessment with the statement: 'Thus, the correct answer is: X', where 'X' is simply the solution you've determined to be correct. Note that there may be more than one correct option, in which case you must list them all.",A. 4 weeks && C. 3 weeks,1
TimeBench,TimeDial,TimeDial,MC,TimeDial-TimeDial-22,725,"There is a two-person dialogue with several options.
Choose all appropriate options to substitute the <mask> in the dialogue, and each question has at least one correct option.
Dialogue: Person1:Darling , I have news for you . Bobby and his wife , Evelyn , are going to have a baby soon .
Person2: Really ? I thought his wife couldn ' t have a baby .
Person1: Actually they ' re expecting the baby to come on my birthday .
Person2: Oh , what a coincidence ! I bet Bobby must be very happy about it . He likes children and always wants a child of his own .
Person1: In fact , they ' re both very excited about the coming baby . Evelyn imagines what their baby would be look like , since one parent is American and the other one is Chinese .
Person2: Oh , right . Now I know why they would want to see our boy . It ' s hard to imagine the wonder ! Are they expecting a boy or a girl ?
Person1: It ' s still a mystery . Because Evelyn is only <MASK> pregnant . But she begins to take her maternity leave now .
Person2: Oh ! You mean she doesn ' t have to work now ? It ' s hard for young parents not to overreact , isn ' t it ?

Options: A. two-month
B. one-year
C. three-month
D. one-day

","There is a two-person dialogue with several options.
Choose all appropriate options to substitute the <mask> in the dialogue, and each question has at least one correct option.
Dialogue: Person1:Darling , I have news for you . Bobby and his wife , Evelyn , are going to have a baby soon .
Person2: Really ? I thought his wife couldn ' t have a baby .
Person1: Actually they ' re expecting the baby to come on my birthday .
Person2: Oh , what a coincidence ! I bet Bobby must be very happy about it . He likes children and always wants a child of his own .
Person1: In fact , they ' re both very excited about the coming baby . Evelyn imagines what their baby would be look like , since one parent is American and the other one is Chinese .
Person2: Oh , right . Now I know why they would want to see our boy . It ' s hard to imagine the wonder ! Are they expecting a boy or a girl ?
Person1: It ' s still a mystery . Because Evelyn is only <MASK> pregnant . But she begins to take her maternity leave now .
Person2: Oh ! You mean she doesn ' t have to work now ? It ' s hard for young parents not to overreact , isn ' t it ?

Options: A. two-month
B. one-year
C. three-month
D. one-day

Let's think step by step before providing your final answer. However, you must conclude your assessment with the statement: 'Thus, the correct answer is: X', where 'X' is simply the solution you've determined to be correct. Note that there may be more than one correct option, in which case you must list them all.",A. two-month && C. three-month,1
TimeBench,TimeDial,TimeDial,MC,TimeDial-TimeDial-314,92,"There is a two-person dialogue with several options.
Choose all appropriate options to substitute the <mask> in the dialogue, and each question has at least one correct option.
Dialogue: Person1:Have you applied for you visa to go to study in the united states yet ?
Person2: Yes , I have . I handed in my application form <MASK> and I ' m going for an interview next week .
Person1: Good luck ! I ' Ve heard it ' s very difficult to get a visa to go to the united states .
Person2: The application form are quite complicated . It took me a few hours to fill it out . The hardest thing was getting all the necessary documents . That took almost two weeks .
Person1: What kind of documents did you need to present ?
Person2: I had to show document relating to my financial status and of course my education , because I want a student visa .
Person1: Why do you think so many people have their applications rejected ?
Person2: I think that they don ' t complete the forms correctly or they don ' t include all the required documents . The embassy is very strict about it . You have to be quite careful .
Person1: Why are they stricter with Chinese people than with other nationalities ?
Person2: That ' s simple . Many people break the rules regarding their visa conditions .
Options: A. 6 months ago 
B. one and half month ago
C. two weeks ago
D. two seconds ago 

","There is a two-person dialogue with several options.
Choose all appropriate options to substitute the <mask> in the dialogue, and each question has at least one correct option.
Dialogue: Person1:Have you applied for you visa to go to study in the united states yet ?
Person2: Yes , I have . I handed in my application form <MASK> and I ' m going for an interview next week .
Person1: Good luck ! I ' Ve heard it ' s very difficult to get a visa to go to the united states .
Person2: The application form are quite complicated . It took me a few hours to fill it out . The hardest thing was getting all the necessary documents . That took almost two weeks .
Person1: What kind of documents did you need to present ?
Person2: I had to show document relating to my financial status and of course my education , because I want a student visa .
Person1: Why do you think so many people have their applications rejected ?
Person2: I think that they don ' t complete the forms correctly or they don ' t include all the required documents . The embassy is very strict about it . You have to be quite careful .
Person1: Why are they stricter with Chinese people than with other nationalities ?
Person2: That ' s simple . Many people break the rules regarding their visa conditions .
Options: A. 6 months ago 
B. one and half month ago
C. two weeks ago
D. two seconds ago 

Let's think step by step before providing your final answer. However, you must conclude your assessment with the statement: 'Thus, the correct answer is: X', where 'X' is simply the solution you've determined to be correct. Note that there may be more than one correct option, in which case you must list them all.",B. one and half month ago && C. two weeks ago,1
TimeBench,TimeDial,TimeDial,MC,TimeDial-TimeDial-161,921,"There is a two-person dialogue with several options.
Choose all appropriate options to substitute the <mask> in the dialogue, and each question has at least one correct option.
Dialogue: Person1:I guess you should know that you need to be hospitalized .
Person2: Of course I know .
Person1: Now you can go to the in-patient department to go through the admission procedures .
Person2: OK . I'll go right now . By the way , do you think I ' ll have to stay in the hospital for long ?
Person1: It's hard to say . It depends on your recovery condition . But you need to stay for <MASK> for observation .
Person2: Thank you , Doctor . I will go now . Bye-bye .
Person1: Bye !

Options: A. at least two days
B. at least two years
C. at least one day
D. at least one second

","There is a two-person dialogue with several options.
Choose all appropriate options to substitute the <mask> in the dialogue, and each question has at least one correct option.
Dialogue: Person1:I guess you should know that you need to be hospitalized .
Person2: Of course I know .
Person1: Now you can go to the in-patient department to go through the admission procedures .
Person2: OK . I'll go right now . By the way , do you think I ' ll have to stay in the hospital for long ?
Person1: It's hard to say . It depends on your recovery condition . But you need to stay for <MASK> for observation .
Person2: Thank you , Doctor . I will go now . Bye-bye .
Person1: Bye !

Options: A. at least two days
B. at least two years
C. at least one day
D. at least one second

Let's think step by step before providing your final answer. However, you must conclude your assessment with the statement: 'Thus, the correct answer is: X', where 'X' is simply the solution you've determined to be correct. Note that there may be more than one correct option, in which case you must list them all.",A. at least two days && C. at least one day,1
TimeBench,TimeDial,TimeDial,MC,TimeDial-TimeDial-192,31,"There is a two-person dialogue with several options.
Choose all appropriate options to substitute the <mask> in the dialogue, and each question has at least one correct option.
Dialogue: Person1:I am really exhausted , you know , I have been working without the weekend for <MASK> . My boss always asks us to work overtime .
Person2: Does your boss pay you for the over-time work ?
Person1: No . But he provides free meals and sometimes gives us some small gifts . Many of us get very tired of this , and we'd rather have weekends than stay in the office .
Person2: He should know that this is against the Labor Law in our country . Legally , employees should get double pay if asked to do extra work during the weekend or on holidays .
Person1: We all know about that , but we have no choice . The chairman of the trade union says he is going to negotiate with the management .
Person2: I suggest that you go to the lawyers ' office to get some help .
Person1: That's a good idea . I think we will soon come to a solution to the problem .
Options: A. three weeks
B. 5 minutes
C. two weeks
D. 10 years

","There is a two-person dialogue with several options.
Choose all appropriate options to substitute the <mask> in the dialogue, and each question has at least one correct option.
Dialogue: Person1:I am really exhausted , you know , I have been working without the weekend for <MASK> . My boss always asks us to work overtime .
Person2: Does your boss pay you for the over-time work ?
Person1: No . But he provides free meals and sometimes gives us some small gifts . Many of us get very tired of this , and we'd rather have weekends than stay in the office .
Person2: He should know that this is against the Labor Law in our country . Legally , employees should get double pay if asked to do extra work during the weekend or on holidays .
Person1: We all know about that , but we have no choice . The chairman of the trade union says he is going to negotiate with the management .
Person2: I suggest that you go to the lawyers ' office to get some help .
Person1: That's a good idea . I think we will soon come to a solution to the problem .
Options: A. three weeks
B. 5 minutes
C. two weeks
D. 10 years

Let's think step by step before providing your final answer. However, you must conclude your assessment with the statement: 'Thus, the correct answer is: X', where 'X' is simply the solution you've determined to be correct. Note that there may be more than one correct option, in which case you must list them all.",A. three weeks && C. two weeks,1
TimeBench,TimeDial,TimeDial,MC,TimeDial-TimeDial-414,104,"There is a two-person dialogue with several options.
Choose all appropriate options to substitute the <mask> in the dialogue, and each question has at least one correct option.
Dialogue: Person1:Hello , I'd like to reserve a hotel room .
Person2: That should be no problem . May I have your full name , please ?
Person1: My name is John Sandals .
Person2: Hello , Mr . Sandals . My name is Michelle . What days do you need that reservation , sir ?
Person1: I'm planning to visit New York from <MASK> until Monday , April 17 .
Person2: Our room rates recently went up . Is that okay with you , Mr . Sandals ?
Person1: How much per night are we talking about ?
Person2: Each night will be $ 308 .
Person1: That price is perfectly acceptable .
Person2: Wonderful ! Do you prefer a smoking or nonsmoking room ?
Person1: Nonsmoking , please .
Person2: Next question , Is a queen-size bed okay ?
Person1: That sounds fine .
Person2: Okay , Mr . Sandals . Your reservation is in our computer . All we need now is a phone number .
Person1: Certainly . My phone number is 626-555-1739 .
Person2: Thank you , Mr . Sandals . We look forward to seeing you in New York !
Options: A. Monday , April 10 
B. Wednesday, December 31. 
C. Friday , April 14
D. Saturday, January 1.

","There is a two-person dialogue with several options.
Choose all appropriate options to substitute the <mask> in the dialogue, and each question has at least one correct option.
Dialogue: Person1:Hello , I'd like to reserve a hotel room .
Person2: That should be no problem . May I have your full name , please ?
Person1: My name is John Sandals .
Person2: Hello , Mr . Sandals . My name is Michelle . What days do you need that reservation , sir ?
Person1: I'm planning to visit New York from <MASK> until Monday , April 17 .
Person2: Our room rates recently went up . Is that okay with you , Mr . Sandals ?
Person1: How much per night are we talking about ?
Person2: Each night will be $ 308 .
Person1: That price is perfectly acceptable .
Person2: Wonderful ! Do you prefer a smoking or nonsmoking room ?
Person1: Nonsmoking , please .
Person2: Next question , Is a queen-size bed okay ?
Person1: That sounds fine .
Person2: Okay , Mr . Sandals . Your reservation is in our computer . All we need now is a phone number .
Person1: Certainly . My phone number is 626-555-1739 .
Person2: Thank you , Mr . Sandals . We look forward to seeing you in New York !
Options: A. Monday , April 10 
B. Wednesday, December 31. 
C. Friday , April 14
D. Saturday, January 1.

Let's think step by step before providing your final answer. However, you must conclude your assessment with the statement: 'Thus, the correct answer is: X', where 'X' is simply the solution you've determined to be correct. Note that there may be more than one correct option, in which case you must list them all.","A. Monday , April 10  && C. Friday , April 14",1
TimeBench,TimeDial,TimeDial,MC,TimeDial-TimeDial-344,1304,"There is a two-person dialogue with several options.
Choose all appropriate options to substitute the <mask> in the dialogue, and each question has at least one correct option.
Dialogue: Person1:Oh , this is Monica
Person2: OK . Commodity inspection is really an important part of our trade contract .
Person1: Yes . Let's first define the inspection right .
Person2: Following the rules of world business , the exporters have the right to inspect the goods before the delivery , while the importers have the right to re-inspect the goods after their arrival .
Person1: Would you tell me how the inspection is conducted before shipment and by which agency ?
Person2: Inspection is to be done by the China Commodity Inspection and Testing Bureau . Usually inspection is conducted within five days before each shipment .
Person1: And can you tell me about the re-inspection ?
Person2: Yes . The re-inspection should be made within <MASK> upon the arrival , and if any discrepancy is found , the claim must be raised within one month .
Person1: I see . How do they make testing and analysis of this item ?
Person2: They always use the standard and method laid down in the contract .
Person1: What if the results from the two inspections do not coincide with each other ?
Person2: A seminar of technical specialists including the surveyors from both sides will be held to clarify which result is correct .

Options: A. one day 
B. seven days
C. five hours 
D. 10 days 

","There is a two-person dialogue with several options.
Choose all appropriate options to substitute the <mask> in the dialogue, and each question has at least one correct option.
Dialogue: Person1:Oh , this is Monica
Person2: OK . Commodity inspection is really an important part of our trade contract .
Person1: Yes . Let's first define the inspection right .
Person2: Following the rules of world business , the exporters have the right to inspect the goods before the delivery , while the importers have the right to re-inspect the goods after their arrival .
Person1: Would you tell me how the inspection is conducted before shipment and by which agency ?
Person2: Inspection is to be done by the China Commodity Inspection and Testing Bureau . Usually inspection is conducted within five days before each shipment .
Person1: And can you tell me about the re-inspection ?
Person2: Yes . The re-inspection should be made within <MASK> upon the arrival , and if any discrepancy is found , the claim must be raised within one month .
Person1: I see . How do they make testing and analysis of this item ?
Person2: They always use the standard and method laid down in the contract .
Person1: What if the results from the two inspections do not coincide with each other ?
Person2: A seminar of technical specialists including the surveyors from both sides will be held to clarify which result is correct .

Options: A. one day 
B. seven days
C. five hours 
D. 10 days 

Let's think step by step before providing your final answer. However, you must conclude your assessment with the statement: 'Thus, the correct answer is: X', where 'X' is simply the solution you've determined to be correct. Note that there may be more than one correct option, in which case you must list them all.",B. seven days && D. 10 days ,1
TimeBench,TimeDial,TimeDial,MC,TimeDial-TimeDial-150,1014,"There is a two-person dialogue with several options.
Choose all appropriate options to substitute the <mask> in the dialogue, and each question has at least one correct option.
Dialogue: Person1:How many places have you worked altogether ?
Person2: Three .
Person1: Would you tell me the general description of your present job ?
Person2: I am in charge of the trading department . I'm handling invoices , shipping bills and computing freight costs , that's most of the documentation .
Person1: What time do you go to work ?
Person2: I must be there no later than 9:00 .
Person1: What time does the office close ?
Person2: I quit work whenever I get finished , usually <MASK> .
Person1: Does your work involve a lot of paper filling and typing ?
Person2: No , the secretary does this . It's not part of my job .
Person1: What made you decide to change your job ?
Person2: I am working in a small company where further promotion is impossible , so I decided to change my job . I'd like to find a job which is more challenging .

Options: A. about nine o'clock
B. about twelve o'clock
C. about six o'clock
D. about five o'clock

","There is a two-person dialogue with several options.
Choose all appropriate options to substitute the <mask> in the dialogue, and each question has at least one correct option.
Dialogue: Person1:How many places have you worked altogether ?
Person2: Three .
Person1: Would you tell me the general description of your present job ?
Person2: I am in charge of the trading department . I'm handling invoices , shipping bills and computing freight costs , that's most of the documentation .
Person1: What time do you go to work ?
Person2: I must be there no later than 9:00 .
Person1: What time does the office close ?
Person2: I quit work whenever I get finished , usually <MASK> .
Person1: Does your work involve a lot of paper filling and typing ?
Person2: No , the secretary does this . It's not part of my job .
Person1: What made you decide to change your job ?
Person2: I am working in a small company where further promotion is impossible , so I decided to change my job . I'd like to find a job which is more challenging .

Options: A. about nine o'clock
B. about twelve o'clock
C. about six o'clock
D. about five o'clock

Let's think step by step before providing your final answer. However, you must conclude your assessment with the statement: 'Thus, the correct answer is: X', where 'X' is simply the solution you've determined to be correct. Note that there may be more than one correct option, in which case you must list them all.",C. about six o'clock && D. about five o'clock,1
TimeBench,TimeDial,TimeDial,MC,TimeDial-TimeDial-131,296,"There is a two-person dialogue with several options.
Choose all appropriate options to substitute the <mask> in the dialogue, and each question has at least one correct option.
Dialogue: Person1:How can I help you ?
Person2: Yes , I am James Mason from Anderson and Associates Limited . I would like to see Mr . Smith .
Person1: Do you have an appointment ?
Person2: Yes , he knows I'm coming . Our meeting is set for <MASK> .
Person1: I wonder if Mr . Smith forgot your meeting . I am afraid he left this office this morning and is not expected back until 4 p . m . Let me find out if he made arrangements for someone else to meet with you in his place . Will you please have a seat ?
Person2: Sure .
Person1: Yes , Mr . Mason . I just checked with our office manager , Ms . Terry . She said Mr . Smith briefed her on your project . She is just finishing up a meeting now . She should be with you shortly . Would you like me to show you around while you are waiting ?
Person2: That would be very nice . Thank you .
Person1: Right this way , Mr . Mason . We can start with our front office . When Ms . Terry is ready , you may take the elevator at the front to the 6th floor.There is a conference room already prepared .
Options: A. 12:00 PM 
B. 2 o'clock
C. 4:00 AM
D. 6:00 PM 

","There is a two-person dialogue with several options.
Choose all appropriate options to substitute the <mask> in the dialogue, and each question has at least one correct option.
Dialogue: Person1:How can I help you ?
Person2: Yes , I am James Mason from Anderson and Associates Limited . I would like to see Mr . Smith .
Person1: Do you have an appointment ?
Person2: Yes , he knows I'm coming . Our meeting is set for <MASK> .
Person1: I wonder if Mr . Smith forgot your meeting . I am afraid he left this office this morning and is not expected back until 4 p . m . Let me find out if he made arrangements for someone else to meet with you in his place . Will you please have a seat ?
Person2: Sure .
Person1: Yes , Mr . Mason . I just checked with our office manager , Ms . Terry . She said Mr . Smith briefed her on your project . She is just finishing up a meeting now . She should be with you shortly . Would you like me to show you around while you are waiting ?
Person2: That would be very nice . Thank you .
Person1: Right this way , Mr . Mason . We can start with our front office . When Ms . Terry is ready , you may take the elevator at the front to the 6th floor.There is a conference room already prepared .
Options: A. 12:00 PM 
B. 2 o'clock
C. 4:00 AM
D. 6:00 PM 

Let's think step by step before providing your final answer. However, you must conclude your assessment with the statement: 'Thus, the correct answer is: X', where 'X' is simply the solution you've determined to be correct. Note that there may be more than one correct option, in which case you must list them all.",A. 12:00 PM  && B. 2 o'clock,1
TimeBench,TimeDial,TimeDial,MC,TimeDial-TimeDial-100,733,"There is a two-person dialogue with several options.
Choose all appropriate options to substitute the <mask> in the dialogue, and each question has at least one correct option.
Dialogue: Person1:Spring Festival is the most important festival in China , isn't it ?
Person2: Yes , that's true .
Person1: How long is the holiday ?
Person2: It depends.But usually it's <MASK> .
Person1: Do you eat any special food for the festival ?
Person2: Yes , dumpling is a must.There is also other food.For example , people eat chicken for good luck .
Person1: That's interesting . I'm told the Chinese firework is very beautiful , isn't it ?
Person2: Yes , it's really wonderful !
Person1: Oh , great ! I hope I can spend this Spring Festival with you here in Beijing .
Person2: I'm sure you'll have a good time .

Options: A. about 15 days
B. About two years
C. About 10 days
D. About one month

","There is a two-person dialogue with several options.
Choose all appropriate options to substitute the <mask> in the dialogue, and each question has at least one correct option.
Dialogue: Person1:Spring Festival is the most important festival in China , isn't it ?
Person2: Yes , that's true .
Person1: How long is the holiday ?
Person2: It depends.But usually it's <MASK> .
Person1: Do you eat any special food for the festival ?
Person2: Yes , dumpling is a must.There is also other food.For example , people eat chicken for good luck .
Person1: That's interesting . I'm told the Chinese firework is very beautiful , isn't it ?
Person2: Yes , it's really wonderful !
Person1: Oh , great ! I hope I can spend this Spring Festival with you here in Beijing .
Person2: I'm sure you'll have a good time .

Options: A. about 15 days
B. About two years
C. About 10 days
D. About one month

Let's think step by step before providing your final answer. However, you must conclude your assessment with the statement: 'Thus, the correct answer is: X', where 'X' is simply the solution you've determined to be correct. Note that there may be more than one correct option, in which case you must list them all.",A. about 15 days && C. About 10 days,1
TimeBench,TimeDial,TimeDial,MC,TimeDial-TimeDial-331,1026,"There is a two-person dialogue with several options.
Choose all appropriate options to substitute the <mask> in the dialogue, and each question has at least one correct option.
Dialogue: Person1:Good morning ! May I help you ?
Person2: Good morning ! Is Mr . Smith in ? I'm Cheng Jun from China National Petroleum Corporation . I'd like to see him .
Person1: Do you have an appointment with Mr . Smith ?
Person2: Am . No , I have an urgency to talk with him .
Person1: Wait a moment , please . I'll tell his secretary that you are here .
Person2: Thank you .
Person1: I'm sorry . He is holding a meeting until ten o'clock .
Person2: It's <MASK> now . And I'll wait for him .

Options: A. 9:30
B. five o'clock
C. twelve o'clock
D. nine o'clock

","There is a two-person dialogue with several options.
Choose all appropriate options to substitute the <mask> in the dialogue, and each question has at least one correct option.
Dialogue: Person1:Good morning ! May I help you ?
Person2: Good morning ! Is Mr . Smith in ? I'm Cheng Jun from China National Petroleum Corporation . I'd like to see him .
Person1: Do you have an appointment with Mr . Smith ?
Person2: Am . No , I have an urgency to talk with him .
Person1: Wait a moment , please . I'll tell his secretary that you are here .
Person2: Thank you .
Person1: I'm sorry . He is holding a meeting until ten o'clock .
Person2: It's <MASK> now . And I'll wait for him .

Options: A. 9:30
B. five o'clock
C. twelve o'clock
D. nine o'clock

Let's think step by step before providing your final answer. However, you must conclude your assessment with the statement: 'Thus, the correct answer is: X', where 'X' is simply the solution you've determined to be correct. Note that there may be more than one correct option, in which case you must list them all.",A. 9:30 && D. nine o'clock,1
TimeBench,TimeDial,TimeDial,MC,TimeDial-TimeDial-215,879,"There is a two-person dialogue with several options.
Choose all appropriate options to substitute the <mask> in the dialogue, and each question has at least one correct option.
Dialogue: Person1:Good evening .
Person2: Good evening . Could you let us have a double room ?
Person1: How long will you be staying ?
Person2: A week or <MASK> . We'd like to have a quiet room , if possible-not too near the street .
Person1: Let me see . Yes , you can have Room 313 . It's at the back .
Person2: What's the price per day ' ? And are the meals included or extra ?
Person1: 20 pounds per day , including breakfast .
Person2: All right , we'll take it .
Person1: Very good , sir . Will you register , please ?
Person2: OK .
Person1: Thank you . The porter will show you to your room

Options: A. fifteen days
B. 20 minutes
C. 313 days
D. ten days

","There is a two-person dialogue with several options.
Choose all appropriate options to substitute the <mask> in the dialogue, and each question has at least one correct option.
Dialogue: Person1:Good evening .
Person2: Good evening . Could you let us have a double room ?
Person1: How long will you be staying ?
Person2: A week or <MASK> . We'd like to have a quiet room , if possible-not too near the street .
Person1: Let me see . Yes , you can have Room 313 . It's at the back .
Person2: What's the price per day ' ? And are the meals included or extra ?
Person1: 20 pounds per day , including breakfast .
Person2: All right , we'll take it .
Person1: Very good , sir . Will you register , please ?
Person2: OK .
Person1: Thank you . The porter will show you to your room

Options: A. fifteen days
B. 20 minutes
C. 313 days
D. ten days

Let's think step by step before providing your final answer. However, you must conclude your assessment with the statement: 'Thus, the correct answer is: X', where 'X' is simply the solution you've determined to be correct. Note that there may be more than one correct option, in which case you must list them all.",A. fifteen days && D. ten days,1
TimeBench,TimeDial,TimeDial,MC,TimeDial-TimeDial-467,265,"There is a two-person dialogue with several options.
Choose all appropriate options to substitute the <mask> in the dialogue, and each question has at least one correct option.
Dialogue: Person1:What wrong with you ? You look pale ?
Person2: I ' m not sure . I feel hot and cold .
Person1: When did the trouble start ?
Person2: I was sick most of the night .
Person1: It sounds like you ' re coming down with the flu . Let me take your temperature .
Person2: Have I got high fever ?
Person1: Yes . Thirty-eight point seven . Do you have a headache , chestache or throat pain ?
Person2: Yes , I have .
Person1: Now , Let me have a look at you . I ' d like to listen to your chest . Breathe then , deep breath , that ' s it . Cough , now again . I want to exam your throat too . Open wide , say A .
Person2: ah .
Person1: Yes , It does look a bit sore.Let ' s take your extra way of your chest and give you a few tests .
Person2: All right , thanks .
Person1: The tests showed nothing wrong . a slight by infection .
Person2: What shall I do today ?
Person1: I ' m giving you some antibiotic and aspirin . Taking aspirin when you ' Ve got a fever and take one antibiotic until four hours and go home lie in bed for <MASK> . Take some water then you feel better .
Options: A. two days
B. eight months
C. four hours
D. three days

","There is a two-person dialogue with several options.
Choose all appropriate options to substitute the <mask> in the dialogue, and each question has at least one correct option.
Dialogue: Person1:What wrong with you ? You look pale ?
Person2: I ' m not sure . I feel hot and cold .
Person1: When did the trouble start ?
Person2: I was sick most of the night .
Person1: It sounds like you ' re coming down with the flu . Let me take your temperature .
Person2: Have I got high fever ?
Person1: Yes . Thirty-eight point seven . Do you have a headache , chestache or throat pain ?
Person2: Yes , I have .
Person1: Now , Let me have a look at you . I ' d like to listen to your chest . Breathe then , deep breath , that ' s it . Cough , now again . I want to exam your throat too . Open wide , say A .
Person2: ah .
Person1: Yes , It does look a bit sore.Let ' s take your extra way of your chest and give you a few tests .
Person2: All right , thanks .
Person1: The tests showed nothing wrong . a slight by infection .
Person2: What shall I do today ?
Person1: I ' m giving you some antibiotic and aspirin . Taking aspirin when you ' Ve got a fever and take one antibiotic until four hours and go home lie in bed for <MASK> . Take some water then you feel better .
Options: A. two days
B. eight months
C. four hours
D. three days

Let's think step by step before providing your final answer. However, you must conclude your assessment with the statement: 'Thus, the correct answer is: X', where 'X' is simply the solution you've determined to be correct. Note that there may be more than one correct option, in which case you must list them all.",A. two days && D. three days,1
TimeBench,TimeDial,TimeDial,MC,TimeDial-TimeDial-72,1354,"There is a two-person dialogue with several options.
Choose all appropriate options to substitute the <mask> in the dialogue, and each question has at least one correct option.
Dialogue: Person1:If I understand the terms correctly , the length of the contract would be one year with a <MASK> option . Is that correct ?
Person2: Do you mean the contract for equipment rental or the one for training ?
Person1: I was under the impression that both contracts had the same terms .
Person2: Yes and no . Let me see if I can clarify that . The terms are the same except that the contract for training has a clause that allows for the cancellation after the first six months .
Person1: Could you elaborate on that ?
Person2: Sure . What I mean is that either side could cancel the training contract after the six months as long as it's in writing .
Person1: Let me see if I have that right . This contract is for six months of training , but if it isn't cancelled , continues for another six months . Is that right ?
Person2: Yes , that's right .
Person1: Okay , that's clear enough . Let's move on to the other terms .

Options: A. Two years
B. six months
C. one-year
D. Three weeks

","There is a two-person dialogue with several options.
Choose all appropriate options to substitute the <mask> in the dialogue, and each question has at least one correct option.
Dialogue: Person1:If I understand the terms correctly , the length of the contract would be one year with a <MASK> option . Is that correct ?
Person2: Do you mean the contract for equipment rental or the one for training ?
Person1: I was under the impression that both contracts had the same terms .
Person2: Yes and no . Let me see if I can clarify that . The terms are the same except that the contract for training has a clause that allows for the cancellation after the first six months .
Person1: Could you elaborate on that ?
Person2: Sure . What I mean is that either side could cancel the training contract after the six months as long as it's in writing .
Person1: Let me see if I have that right . This contract is for six months of training , but if it isn't cancelled , continues for another six months . Is that right ?
Person2: Yes , that's right .
Person1: Okay , that's clear enough . Let's move on to the other terms .

Options: A. Two years
B. six months
C. one-year
D. Three weeks

Let's think step by step before providing your final answer. However, you must conclude your assessment with the statement: 'Thus, the correct answer is: X', where 'X' is simply the solution you've determined to be correct. Note that there may be more than one correct option, in which case you must list them all.",A. Two years && C. one-year,0
TimeBench,TimeDial,TimeDial,MC,TimeDial-TimeDial-107,587,"There is a two-person dialogue with several options.
Choose all appropriate options to substitute the <mask> in the dialogue, and each question has at least one correct option.
Dialogue: Person1:Hello , is this People's Theater ?
Person2: Yes , it is . May I help you ?
Person1: Yes , are advance tickets for ' Nut croakers ' still available ?
Person2: What date , sir ?
Person1: October 16th .
Person2: Let me see . Yes , we still have some tickets left . Which performance ?
Person1: 7:30 p . m . performance , please .
Person2: OK , we have tickets at 100 yuan and 50 yuan .
Person1: I'd like to reserve two seats at 100 yuan , please .
Person2: All right . May I have you name , please ?
Person1: Du Kun .
Person2: When would you like to collect the tickets ?
Person1: Tomorrow .
Person2: We can hold them until <MASK> before the show .
Person1: How do we cancel , just in case ?
Person2: Just telephone us , and let us know in advance . We don't charge for cancellation .
Person1: All right , thank you very much . Good bye .
Person2: You are welcome . Goodbye .

Options: A. one day
B. two days
C. two seconds
D. 100 days

","There is a two-person dialogue with several options.
Choose all appropriate options to substitute the <mask> in the dialogue, and each question has at least one correct option.
Dialogue: Person1:Hello , is this People's Theater ?
Person2: Yes , it is . May I help you ?
Person1: Yes , are advance tickets for ' Nut croakers ' still available ?
Person2: What date , sir ?
Person1: October 16th .
Person2: Let me see . Yes , we still have some tickets left . Which performance ?
Person1: 7:30 p . m . performance , please .
Person2: OK , we have tickets at 100 yuan and 50 yuan .
Person1: I'd like to reserve two seats at 100 yuan , please .
Person2: All right . May I have you name , please ?
Person1: Du Kun .
Person2: When would you like to collect the tickets ?
Person1: Tomorrow .
Person2: We can hold them until <MASK> before the show .
Person1: How do we cancel , just in case ?
Person2: Just telephone us , and let us know in advance . We don't charge for cancellation .
Person1: All right , thank you very much . Good bye .
Person2: You are welcome . Goodbye .

Options: A. one day
B. two days
C. two seconds
D. 100 days

Let's think step by step before providing your final answer. However, you must conclude your assessment with the statement: 'Thus, the correct answer is: X', where 'X' is simply the solution you've determined to be correct. Note that there may be more than one correct option, in which case you must list them all.",A. one day && B. two days,1
TimeBench,TimeDial,TimeDial,MC,TimeDial-TimeDial-271,407,"There is a two-person dialogue with several options.
Choose all appropriate options to substitute the <mask> in the dialogue, and each question has at least one correct option.
Dialogue: Person1:Good morning . Venus Real Estate Agency .
Person2: Good morning . I'm calling to ask if you have a vacant apartment .
Person1: Do you have any particular type of apartment in mind ?
Person2: I prefer a one-bedroom apartment .
Person1: Are you renting it alone or with company ?
Person2: I'll share it with one of my friends . What ' s in a one-bedroom apartment ?
Person1: A one-bedroom apartment has one bedroom , a living room , a kitchen and a bathroom .
Person2: Is there any furniture ?
Person1: No , but a fridge and a stove .
Person2: It sounds wonderful . Do I have to sign a lease ? How much should I pay ?
Person1: Yes , it ' s a one-year lease . And $ 200 a week with <MASK> refundable deposit .
Person2: When can I come over ?
Person1: Would Friday morning be alright ?
Person2: OK . Good-bye .
Person1: Good-bye .

Options: A. one year
B. one month
C. two months
D. one day

","There is a two-person dialogue with several options.
Choose all appropriate options to substitute the <mask> in the dialogue, and each question has at least one correct option.
Dialogue: Person1:Good morning . Venus Real Estate Agency .
Person2: Good morning . I'm calling to ask if you have a vacant apartment .
Person1: Do you have any particular type of apartment in mind ?
Person2: I prefer a one-bedroom apartment .
Person1: Are you renting it alone or with company ?
Person2: I'll share it with one of my friends . What ' s in a one-bedroom apartment ?
Person1: A one-bedroom apartment has one bedroom , a living room , a kitchen and a bathroom .
Person2: Is there any furniture ?
Person1: No , but a fridge and a stove .
Person2: It sounds wonderful . Do I have to sign a lease ? How much should I pay ?
Person1: Yes , it ' s a one-year lease . And $ 200 a week with <MASK> refundable deposit .
Person2: When can I come over ?
Person1: Would Friday morning be alright ?
Person2: OK . Good-bye .
Person1: Good-bye .

Options: A. one year
B. one month
C. two months
D. one day

Let's think step by step before providing your final answer. However, you must conclude your assessment with the statement: 'Thus, the correct answer is: X', where 'X' is simply the solution you've determined to be correct. Note that there may be more than one correct option, in which case you must list them all.",B. one month && C. two months,1
TimeBench,TimeDial,TimeDial,MC,TimeDial-TimeDial-349,1363,"There is a two-person dialogue with several options.
Choose all appropriate options to substitute the <mask> in the dialogue, and each question has at least one correct option.
Dialogue: Person1:Have you ever been involved in the auditing work ?
Person2: Yes , I have . I was employed by the financial section of the university ever since I graduated . I worked there for <MASK> . Then I had worked in a bank for 3 years .
Person1: How long did it take you to become an auditor ?
Person2: Very short time . I became an auditor within three months .

Options: A. 2 years
B. 3 years
C. three days
D. ten weeks

","There is a two-person dialogue with several options.
Choose all appropriate options to substitute the <mask> in the dialogue, and each question has at least one correct option.
Dialogue: Person1:Have you ever been involved in the auditing work ?
Person2: Yes , I have . I was employed by the financial section of the university ever since I graduated . I worked there for <MASK> . Then I had worked in a bank for 3 years .
Person1: How long did it take you to become an auditor ?
Person2: Very short time . I became an auditor within three months .

Options: A. 2 years
B. 3 years
C. three days
D. ten weeks

Let's think step by step before providing your final answer. However, you must conclude your assessment with the statement: 'Thus, the correct answer is: X', where 'X' is simply the solution you've determined to be correct. Note that there may be more than one correct option, in which case you must list them all.",A. 2 years && B. 3 years,1
TimeBench,TimeDial,TimeDial,MC,TimeDial-TimeDial-436,6,"There is a two-person dialogue with several options.
Choose all appropriate options to substitute the <mask> in the dialogue, and each question has at least one correct option.
Dialogue: Person1:Good morning , Mr Zhang , I wonder whether you have got an answer from your superior .
Person2: Yes , we had a meting about it yesterday afternoon .
Person1: What's the answer ?
Person2: We decided that we could agree to your price , but we are a bit worried about the slow delivery .
Person1: Let me see . I quoted your delivery in <MASK> , didn't I ?
Person2: Yes , but we hope that the wool could reach us as soon as possible .
Person1: I thought you would be worried about it . So I rang Auckland last night . As you are our biggest customer , they agreed to ship the order on the first vessel available that will leave Auckland next month .
Person2: Good , if you agree we'll draft the agreement right away and sign it then .
Person1: By all means .
Options: A. five years
B. one hour
C. two months
D. three months

","There is a two-person dialogue with several options.
Choose all appropriate options to substitute the <mask> in the dialogue, and each question has at least one correct option.
Dialogue: Person1:Good morning , Mr Zhang , I wonder whether you have got an answer from your superior .
Person2: Yes , we had a meting about it yesterday afternoon .
Person1: What's the answer ?
Person2: We decided that we could agree to your price , but we are a bit worried about the slow delivery .
Person1: Let me see . I quoted your delivery in <MASK> , didn't I ?
Person2: Yes , but we hope that the wool could reach us as soon as possible .
Person1: I thought you would be worried about it . So I rang Auckland last night . As you are our biggest customer , they agreed to ship the order on the first vessel available that will leave Auckland next month .
Person2: Good , if you agree we'll draft the agreement right away and sign it then .
Person1: By all means .
Options: A. five years
B. one hour
C. two months
D. three months

Let's think step by step before providing your final answer. However, you must conclude your assessment with the statement: 'Thus, the correct answer is: X', where 'X' is simply the solution you've determined to be correct. Note that there may be more than one correct option, in which case you must list them all.",C. two months && D. three months,1
