source,benchmark,task,answer_format,question_id,original_id,question,prompt,groundtruth,verification_final
TimeBench,MCTACO,MCTACO,MC,MCTACO-MCTACO-798,827,"Answer the following question, select all the possible correct options, and each question has at least one correct option.
Context: Since then, she has earned promotions from managing attorney, senior attorney, then director of the Council on Aging project.
Question: How often does she earn promotions?
Options: A. once a year
B. about every three centuries
C. once every year
D. every 3 weeks

","Answer the following question, select all the possible correct options, and each question has at least one correct option.
Context: Since then, she has earned promotions from managing attorney, senior attorney, then director of the Council on Aging project.
Question: How often does she earn promotions?
Options: A. once a year
B. about every three centuries
C. once every year
D. every 3 weeks

Let's think step by step before providing your final answer. However, you must conclude your assessment with the statement: 'Thus, the correct answer is: X', where 'X' is simply the solution you've determined to be correct. Note that there may be more than one correct option, in which case you must list them all.",A. once a year && C. once every year,1
TimeBench,MCTACO,MCTACO,MC,MCTACO-MCTACO-443,743,"Answer the following question, select all the possible correct options, and each question has at least one correct option.
Context: Logs indicate that it began at 9:25 and included the CIA; the FBI; the departments of State, Justice, and Defense; the FAA; and the White House shelter.
Question: What happened after it began?
Options: A. nothing occurred
B. the officials took action
C. the government took action
D. nothing happened

","Answer the following question, select all the possible correct options, and each question has at least one correct option.
Context: Logs indicate that it began at 9:25 and included the CIA; the FBI; the departments of State, Justice, and Defense; the FAA; and the White House shelter.
Question: What happened after it began?
Options: A. nothing occurred
B. the officials took action
C. the government took action
D. nothing happened

Let's think step by step before providing your final answer. However, you must conclude your assessment with the statement: 'Thus, the correct answer is: X', where 'X' is simply the solution you've determined to be correct. Note that there may be more than one correct option, in which case you must list them all.",B. the officials took action && C. the government took action,1
TimeBench,MCTACO,MCTACO,MC,MCTACO-MCTACO-790,986,"Answer the following question, select all the possible correct options, and each question has at least one correct option.
Context: Portuguese explorers then embarked upon Macau (now Macao), the Congo, and various other parts of Africa, including the Sudan.
Question: How long did the Portuguese explore?
Options: A. the past several years
B. for several years
C. ten years
D. a couple of seconds

","Answer the following question, select all the possible correct options, and each question has at least one correct option.
Context: Portuguese explorers then embarked upon Macau (now Macao), the Congo, and various other parts of Africa, including the Sudan.
Question: How long did the Portuguese explore?
Options: A. the past several years
B. for several years
C. ten years
D. a couple of seconds

Let's think step by step before providing your final answer. However, you must conclude your assessment with the statement: 'Thus, the correct answer is: X', where 'X' is simply the solution you've determined to be correct. Note that there may be more than one correct option, in which case you must list them all.",B. for several years && C. ten years,1
TimeBench,MCTACO,MCTACO,MC,MCTACO-MCTACO-635,156,"Answer the following question, select all the possible correct options, and each question has at least one correct option.
Context: Lgurio informs Callimaco that Nicia and Lucrezia are anxious to have a child .
Question: When did Lgurio inform Callimaco?
Options: A. during their afternoon walk
B. 5.56 years ago
C. two weeks ago
D. 16.67 years ago

","Answer the following question, select all the possible correct options, and each question has at least one correct option.
Context: Lgurio informs Callimaco that Nicia and Lucrezia are anxious to have a child .
Question: When did Lgurio inform Callimaco?
Options: A. during their afternoon walk
B. 5.56 years ago
C. two weeks ago
D. 16.67 years ago

Let's think step by step before providing your final answer. However, you must conclude your assessment with the statement: 'Thus, the correct answer is: X', where 'X' is simply the solution you've determined to be correct. Note that there may be more than one correct option, in which case you must list them all.",A. during their afternoon walk && C. two weeks ago,1
TimeBench,MCTACO,MCTACO,MC,MCTACO-MCTACO-267,92,"Answer the following question, select all the possible correct options, and each question has at least one correct option.
Context: { { lang } } centers on a man who roams the street night after night .
Question: What happens after the man is found to be roaming the streets at night?
Options: A. he is questioned by authorities
B. the man is stopped by police after he is found to be roaming the streets at night
C. he eats lunch
D. he is questioned by police

","Answer the following question, select all the possible correct options, and each question has at least one correct option.
Context: { { lang } } centers on a man who roams the street night after night .
Question: What happens after the man is found to be roaming the streets at night?
Options: A. he is questioned by authorities
B. the man is stopped by police after he is found to be roaming the streets at night
C. he eats lunch
D. he is questioned by police

Let's think step by step before providing your final answer. However, you must conclude your assessment with the statement: 'Thus, the correct answer is: X', where 'X' is simply the solution you've determined to be correct. Note that there may be more than one correct option, in which case you must list them all.",A. he is questioned by authorities && B. the man is stopped by police after he is found to be roaming the streets at night && D. he is questioned by police,1
TimeBench,MCTACO,MCTACO,MC,MCTACO-MCTACO-699,1113,"Answer the following question, select all the possible correct options, and each question has at least one correct option.
Context: Floodplains In very flat regions, flood water may spread out on the surface of the land.
Question: What happens after flood water spreads?
Options: A. structures get flooded
B. we get  out of it
C. it soaks in
D. people take a leisurely swim

","Answer the following question, select all the possible correct options, and each question has at least one correct option.
Context: Floodplains In very flat regions, flood water may spread out on the surface of the land.
Question: What happens after flood water spreads?
Options: A. structures get flooded
B. we get  out of it
C. it soaks in
D. people take a leisurely swim

Let's think step by step before providing your final answer. However, you must conclude your assessment with the statement: 'Thus, the correct answer is: X', where 'X' is simply the solution you've determined to be correct. Note that there may be more than one correct option, in which case you must list them all.",A. structures get flooded && C. it soaks in,1
TimeBench,MCTACO,MCTACO,MC,MCTACO-MCTACO-558,67,"Answer the following question, select all the possible correct options, and each question has at least one correct option.
Context: This is an astonishing new record for a coin, he said.
Question: What happened after the record was established?
Options: A. the coin became a collectible
B. the office there had a dismal new-business record
C. everyone read about it in the paper
D. the coin was thrown in the trash

","Answer the following question, select all the possible correct options, and each question has at least one correct option.
Context: This is an astonishing new record for a coin, he said.
Question: What happened after the record was established?
Options: A. the coin became a collectible
B. the office there had a dismal new-business record
C. everyone read about it in the paper
D. the coin was thrown in the trash

Let's think step by step before providing your final answer. However, you must conclude your assessment with the statement: 'Thus, the correct answer is: X', where 'X' is simply the solution you've determined to be correct. Note that there may be more than one correct option, in which case you must list them all.",A. the coin became a collectible && C. everyone read about it in the paper,1
TimeBench,MCTACO,MCTACO,MC,MCTACO-MCTACO-212,1208,"Answer the following question, select all the possible correct options, and each question has at least one correct option.
Context: Despite his quick climb up the legal ladder, Bailey has always found time to help out in causes he feels strongly about.
Question: How often does he help out in causes he feels strongly about?
Options: A. several times a hour
B. several times a day
C. a few times a hour
D. weekly

","Answer the following question, select all the possible correct options, and each question has at least one correct option.
Context: Despite his quick climb up the legal ladder, Bailey has always found time to help out in causes he feels strongly about.
Question: How often does he help out in causes he feels strongly about?
Options: A. several times a hour
B. several times a day
C. a few times a hour
D. weekly

Let's think step by step before providing your final answer. However, you must conclude your assessment with the statement: 'Thus, the correct answer is: X', where 'X' is simply the solution you've determined to be correct. Note that there may be more than one correct option, in which case you must list them all.",D. weekly,1
TimeBench,MCTACO,MCTACO,MC,MCTACO-MCTACO-432,1122,"Answer the following question, select all the possible correct options, and each question has at least one correct option.
Context: Jerry swims in circles until Tom's head has done a 360 , and is then grabbed again .
Question: What happened before Jerry swam in circles?
Options: A. he got in the pool
B. he put on his swim trunks
C. he gained 200 lbs
D. he got a lot more done

","Answer the following question, select all the possible correct options, and each question has at least one correct option.
Context: Jerry swims in circles until Tom's head has done a 360 , and is then grabbed again .
Question: What happened before Jerry swam in circles?
Options: A. he got in the pool
B. he put on his swim trunks
C. he gained 200 lbs
D. he got a lot more done

Let's think step by step before providing your final answer. However, you must conclude your assessment with the statement: 'Thus, the correct answer is: X', where 'X' is simply the solution you've determined to be correct. Note that there may be more than one correct option, in which case you must list them all.",A. he got in the pool && B. he put on his swim trunks,1
TimeBench,MCTACO,MCTACO,MC,MCTACO-MCTACO-310,838,"Answer the following question, select all the possible correct options, and each question has at least one correct option.
Context: they were heard saying when the photo was taken -- while Rowlf is clearly a selfie king.
Question: How often does Rowlf take selfies?
Options: A. 10 times a month
B. each day
C. 5 times a minute
D. every day

","Answer the following question, select all the possible correct options, and each question has at least one correct option.
Context: they were heard saying when the photo was taken -- while Rowlf is clearly a selfie king.
Question: How often does Rowlf take selfies?
Options: A. 10 times a month
B. each day
C. 5 times a minute
D. every day

Let's think step by step before providing your final answer. However, you must conclude your assessment with the statement: 'Thus, the correct answer is: X', where 'X' is simply the solution you've determined to be correct. Note that there may be more than one correct option, in which case you must list them all.",B. each day && D. every day,1
TimeBench,MCTACO,MCTACO,MC,MCTACO-MCTACO-519,73,"Answer the following question, select all the possible correct options, and each question has at least one correct option.
Context: The next evening, she arrived with a stack of glistening stopboxes containing sushi, sashimi, oysters in their shells, and Terran vegetables fresh plucked from their hydroponic beds.
Question: At what time did she arrive?
Options: A. at 2 a.m
B. 7:00 PM
C. at dawn
D. 6:00 PM

","Answer the following question, select all the possible correct options, and each question has at least one correct option.
Context: The next evening, she arrived with a stack of glistening stopboxes containing sushi, sashimi, oysters in their shells, and Terran vegetables fresh plucked from their hydroponic beds.
Question: At what time did she arrive?
Options: A. at 2 a.m
B. 7:00 PM
C. at dawn
D. 6:00 PM

Let's think step by step before providing your final answer. However, you must conclude your assessment with the statement: 'Thus, the correct answer is: X', where 'X' is simply the solution you've determined to be correct. Note that there may be more than one correct option, in which case you must list them all.",B. 7:00 PM && D. 6:00 PM,1
TimeBench,MCTACO,MCTACO,MC,MCTACO-MCTACO-486,114,"Answer the following question, select all the possible correct options, and each question has at least one correct option.
Context: This aversion to war also led Einstein to befriend author Upton Sinclair and film star Charlie Chaplin, both noted for their pacifism.
Question: When did Einstein befriend the authors?
Options: A. in 1938
B. 1000 years ago
C. in 1939
D. 3:00 AM

","Answer the following question, select all the possible correct options, and each question has at least one correct option.
Context: This aversion to war also led Einstein to befriend author Upton Sinclair and film star Charlie Chaplin, both noted for their pacifism.
Question: When did Einstein befriend the authors?
Options: A. in 1938
B. 1000 years ago
C. in 1939
D. 3:00 AM

Let's think step by step before providing your final answer. However, you must conclude your assessment with the statement: 'Thus, the correct answer is: X', where 'X' is simply the solution you've determined to be correct. Note that there may be more than one correct option, in which case you must list them all.",A. in 1938 && C. in 1939,1
TimeBench,MCTACO,MCTACO,MC,MCTACO-MCTACO-488,828,"Answer the following question, select all the possible correct options, and each question has at least one correct option.
Context: Since then, she has earned promotions from managing attorney, senior attorney, then director of the Council on Aging project.
Question: When did she earn her promotions?
Options: A. in the past few hours
B. once a day
C. every two hours
D. in the last few years

","Answer the following question, select all the possible correct options, and each question has at least one correct option.
Context: Since then, she has earned promotions from managing attorney, senior attorney, then director of the Council on Aging project.
Question: When did she earn her promotions?
Options: A. in the past few hours
B. once a day
C. every two hours
D. in the last few years

Let's think step by step before providing your final answer. However, you must conclude your assessment with the statement: 'Thus, the correct answer is: X', where 'X' is simply the solution you've determined to be correct. Note that there may be more than one correct option, in which case you must list them all.",D. in the last few years,1
TimeBench,MCTACO,MCTACO,MC,MCTACO-MCTACO-287,656,"Answer the following question, select all the possible correct options, and each question has at least one correct option.
Context: This time, however, the anonymous artist worked in tandem with the director of Bristol museum in the UK.
Question: What happened after they worked together?
Options: A. the artist did much work for the museum
B. the artist created many pieces
C. they opened an exhibit
D. fought each other

","Answer the following question, select all the possible correct options, and each question has at least one correct option.
Context: This time, however, the anonymous artist worked in tandem with the director of Bristol museum in the UK.
Question: What happened after they worked together?
Options: A. the artist did much work for the museum
B. the artist created many pieces
C. they opened an exhibit
D. fought each other

Let's think step by step before providing your final answer. However, you must conclude your assessment with the statement: 'Thus, the correct answer is: X', where 'X' is simply the solution you've determined to be correct. Note that there may be more than one correct option, in which case you must list them all.",A. the artist did much work for the museum && B. the artist created many pieces && C. they opened an exhibit,1
TimeBench,MCTACO,MCTACO,MC,MCTACO-MCTACO-40,75,"Answer the following question, select all the possible correct options, and each question has at least one correct option.
Context: The next evening, she arrived with a stack of glistening stopboxes containing sushi, sashimi, oysters in their shells, and Terran vegetables fresh plucked from their hydroponic beds.
Question: For how long was she gone?
Options: A. 8 minutes
B. 2 days
C. overnight and the preceding day
D. 10 seconds

","Answer the following question, select all the possible correct options, and each question has at least one correct option.
Context: The next evening, she arrived with a stack of glistening stopboxes containing sushi, sashimi, oysters in their shells, and Terran vegetables fresh plucked from their hydroponic beds.
Question: For how long was she gone?
Options: A. 8 minutes
B. 2 days
C. overnight and the preceding day
D. 10 seconds

Let's think step by step before providing your final answer. However, you must conclude your assessment with the statement: 'Thus, the correct answer is: X', where 'X' is simply the solution you've determined to be correct. Note that there may be more than one correct option, in which case you must list them all.",B. 2 days && C. overnight and the preceding day,1
TimeBench,MCTACO,MCTACO,MC,MCTACO-MCTACO-445,1178,"Answer the following question, select all the possible correct options, and each question has at least one correct option.
Context: Einstein's affiliation with the Institute for Advanced Study would last until his death in 1955.
Question: When did Einstein become a faculty member at the Institute for Advanced Study?
Options: A. in 1728
B. 1772
C. 1701
D. in 1933

","Answer the following question, select all the possible correct options, and each question has at least one correct option.
Context: Einstein's affiliation with the Institute for Advanced Study would last until his death in 1955.
Question: When did Einstein become a faculty member at the Institute for Advanced Study?
Options: A. in 1728
B. 1772
C. 1701
D. in 1933

Let's think step by step before providing your final answer. However, you must conclude your assessment with the statement: 'Thus, the correct answer is: X', where 'X' is simply the solution you've determined to be correct. Note that there may be more than one correct option, in which case you must list them all.",D. in 1933,1
TimeBench,MCTACO,MCTACO,MC,MCTACO-MCTACO-706,981,"Answer the following question, select all the possible correct options, and each question has at least one correct option.
Context: Britain finally ceded the island to Spain in the year 1802, under the terms of the Treaty of Amiens.
Question: How many times did the British cede the Island?
Options: A. they fought over it 3 different times
B. once
C. they only ceded the island once
D. 27 times

","Answer the following question, select all the possible correct options, and each question has at least one correct option.
Context: Britain finally ceded the island to Spain in the year 1802, under the terms of the Treaty of Amiens.
Question: How many times did the British cede the Island?
Options: A. they fought over it 3 different times
B. once
C. they only ceded the island once
D. 27 times

Let's think step by step before providing your final answer. However, you must conclude your assessment with the statement: 'Thus, the correct answer is: X', where 'X' is simply the solution you've determined to be correct. Note that there may be more than one correct option, in which case you must list them all.",B. once && C. they only ceded the island once,1
TimeBench,MCTACO,MCTACO,MC,MCTACO-MCTACO-303,1329,"Answer the following question, select all the possible correct options, and each question has at least one correct option.
Context: Concerning the Georgetown Hoya interview where Heston was asked about Rolland, you write: ""There is no indication that [Heston] recognized Kayla Rolland's case.""
Question: Did the Rolland case initiate before the interview?
Options: A. yes since the interview was concerning it
B. yes since the interview was about it
C. no
D. no it has yet to start

","Answer the following question, select all the possible correct options, and each question has at least one correct option.
Context: Concerning the Georgetown Hoya interview where Heston was asked about Rolland, you write: ""There is no indication that [Heston] recognized Kayla Rolland's case.""
Question: Did the Rolland case initiate before the interview?
Options: A. yes since the interview was concerning it
B. yes since the interview was about it
C. no
D. no it has yet to start

Let's think step by step before providing your final answer. However, you must conclude your assessment with the statement: 'Thus, the correct answer is: X', where 'X' is simply the solution you've determined to be correct. Note that there may be more than one correct option, in which case you must list them all.",A. yes since the interview was concerning it && B. yes since the interview was about it,1
TimeBench,MCTACO,MCTACO,MC,MCTACO-MCTACO-197,1051,"Answer the following question, select all the possible correct options, and each question has at least one correct option.
Context: During the fight , Hughes and Holly find out that the diamond on Yonggary's forehead is the device giving the aliens control of Yonggary .
Question: How long was the fight?
Options: A. 2 weeks
B. 0.4 days
C. 3 hours
D. 1.5 hours

","Answer the following question, select all the possible correct options, and each question has at least one correct option.
Context: During the fight , Hughes and Holly find out that the diamond on Yonggary's forehead is the device giving the aliens control of Yonggary .
Question: How long was the fight?
Options: A. 2 weeks
B. 0.4 days
C. 3 hours
D. 1.5 hours

Let's think step by step before providing your final answer. However, you must conclude your assessment with the statement: 'Thus, the correct answer is: X', where 'X' is simply the solution you've determined to be correct. Note that there may be more than one correct option, in which case you must list them all.",C. 3 hours && D. 1.5 hours,1
TimeBench,MCTACO,MCTACO,MC,MCTACO-MCTACO-588,556,"Answer the following question, select all the possible correct options, and each question has at least one correct option.
Context: All the puppies at the dog pound need a loving home.
Question: What happens after a home is found?
Options: A. the puppy goes to live with their new family
B. the puppy gets to decide if they want to live there
C. similar behavior at home harmed their marriage
D. the adoption process is initiated

","Answer the following question, select all the possible correct options, and each question has at least one correct option.
Context: All the puppies at the dog pound need a loving home.
Question: What happens after a home is found?
Options: A. the puppy goes to live with their new family
B. the puppy gets to decide if they want to live there
C. similar behavior at home harmed their marriage
D. the adoption process is initiated

Let's think step by step before providing your final answer. However, you must conclude your assessment with the statement: 'Thus, the correct answer is: X', where 'X' is simply the solution you've determined to be correct. Note that there may be more than one correct option, in which case you must list them all.",A. the puppy goes to live with their new family && D. the adoption process is initiated,1
TimeBench,MCTACO,MCTACO,MC,MCTACO-MCTACO-412,1000,"Answer the following question, select all the possible correct options, and each question has at least one correct option.
Context: The Shang Dynasty gave rise to the concept of one Chinese nation under one government.
Question: How long did the Shang Dynasty last?
Options: A. for another year
B. 2000 hours
C. for hundreds of years
D. 500 years

","Answer the following question, select all the possible correct options, and each question has at least one correct option.
Context: The Shang Dynasty gave rise to the concept of one Chinese nation under one government.
Question: How long did the Shang Dynasty last?
Options: A. for another year
B. 2000 hours
C. for hundreds of years
D. 500 years

Let's think step by step before providing your final answer. However, you must conclude your assessment with the statement: 'Thus, the correct answer is: X', where 'X' is simply the solution you've determined to be correct. Note that there may be more than one correct option, in which case you must list them all.",C. for hundreds of years && D. 500 years,1
TimeBench,MCTACO,MCTACO,MC,MCTACO-MCTACO-347,1087,"Answer the following question, select all the possible correct options, and each question has at least one correct option.
Context: Radio Televizioni Shqiptar (RTSH) is the public radio and TV broadcaster of Albania, founded by King Zog in 1938.
Question: How often is RTSH used?
Options: A. once a century
B. once a second
C. daily
D. eveyday

","Answer the following question, select all the possible correct options, and each question has at least one correct option.
Context: Radio Televizioni Shqiptar (RTSH) is the public radio and TV broadcaster of Albania, founded by King Zog in 1938.
Question: How often is RTSH used?
Options: A. once a century
B. once a second
C. daily
D. eveyday

Let's think step by step before providing your final answer. However, you must conclude your assessment with the statement: 'Thus, the correct answer is: X', where 'X' is simply the solution you've determined to be correct. Note that there may be more than one correct option, in which case you must list them all.",C. daily && D. eveyday,1
TimeBench,MCTACO,MCTACO,MC,MCTACO-MCTACO-832,330,"Answer the following question, select all the possible correct options, and each question has at least one correct option.
Context: It too has many Continents are much older than ocean basins.
Question: What happened before the Continents existed?
Options: A. the land was covered by water
B. water covered the world
C. there were cities everywhere
D. people lived on whales

","Answer the following question, select all the possible correct options, and each question has at least one correct option.
Context: It too has many Continents are much older than ocean basins.
Question: What happened before the Continents existed?
Options: A. the land was covered by water
B. water covered the world
C. there were cities everywhere
D. people lived on whales

Let's think step by step before providing your final answer. However, you must conclude your assessment with the statement: 'Thus, the correct answer is: X', where 'X' is simply the solution you've determined to be correct. Note that there may be more than one correct option, in which case you must list them all.",A. the land was covered by water && B. water covered the world,1
TimeBench,MCTACO,MCTACO,MC,MCTACO-MCTACO-597,861,"Answer the following question, select all the possible correct options, and each question has at least one correct option.
Context: The hordes of people who attended Hoover Dam's 1935 dedication set the city's now-formidable public relations machine into action.
Question: Is the Hoover Dam still open?
Options: A. yes
B. the hoover building is still open
C. the hoover dam is still open
D. the hoover dam is now open

","Answer the following question, select all the possible correct options, and each question has at least one correct option.
Context: The hordes of people who attended Hoover Dam's 1935 dedication set the city's now-formidable public relations machine into action.
Question: Is the Hoover Dam still open?
Options: A. yes
B. the hoover building is still open
C. the hoover dam is still open
D. the hoover dam is now open

Let's think step by step before providing your final answer. However, you must conclude your assessment with the statement: 'Thus, the correct answer is: X', where 'X' is simply the solution you've determined to be correct. Note that there may be more than one correct option, in which case you must list them all.",A. yes && B. the hoover building is still open && C. the hoover dam is still open && D. the hoover dam is now open,1
TimeBench,MCTACO,MCTACO,MC,MCTACO-MCTACO-496,561,"Answer the following question, select all the possible correct options, and each question has at least one correct option.
Context: For example, you can undo the tarnish on copper pennies by placing them in vinegar.
Question: What do you have to do after placing the pennies in vinegar?
Options: A. put them in the oven to dry
B. put them in the oven for dry
C. let them sit there
D. wait

","Answer the following question, select all the possible correct options, and each question has at least one correct option.
Context: For example, you can undo the tarnish on copper pennies by placing them in vinegar.
Question: What do you have to do after placing the pennies in vinegar?
Options: A. put them in the oven to dry
B. put them in the oven for dry
C. let them sit there
D. wait

Let's think step by step before providing your final answer. However, you must conclude your assessment with the statement: 'Thus, the correct answer is: X', where 'X' is simply the solution you've determined to be correct. Note that there may be more than one correct option, in which case you must list them all.",C. let them sit there && D. wait,1
TimeBench,MCTACO,MCTACO,MC,MCTACO-MCTACO-236,1045,"Answer the following question, select all the possible correct options, and each question has at least one correct option.
Context: Not only did it create jobs, but it also created Lake Mead, the massive reservoir that today provides water to all of southern Nevada.
Question: When was Lake Mead created?
Options: A. years ago
B. a year ago
C. one year ago
D. decades ago

","Answer the following question, select all the possible correct options, and each question has at least one correct option.
Context: Not only did it create jobs, but it also created Lake Mead, the massive reservoir that today provides water to all of southern Nevada.
Question: When was Lake Mead created?
Options: A. years ago
B. a year ago
C. one year ago
D. decades ago

Let's think step by step before providing your final answer. However, you must conclude your assessment with the statement: 'Thus, the correct answer is: X', where 'X' is simply the solution you've determined to be correct. Note that there may be more than one correct option, in which case you must list them all.",A. years ago && D. decades ago,1
TimeBench,MCTACO,MCTACO,MC,MCTACO-MCTACO-670,914,"Answer the following question, select all the possible correct options, and each question has at least one correct option.
Context: The Justice Department released a statement on the alert the same day.
Question: How long did the statement take to be read out-loud?
Options: A. 5 days
B. 8 hours
C. about 10 minutes
D. 6 minutes

","Answer the following question, select all the possible correct options, and each question has at least one correct option.
Context: The Justice Department released a statement on the alert the same day.
Question: How long did the statement take to be read out-loud?
Options: A. 5 days
B. 8 hours
C. about 10 minutes
D. 6 minutes

Let's think step by step before providing your final answer. However, you must conclude your assessment with the statement: 'Thus, the correct answer is: X', where 'X' is simply the solution you've determined to be correct. Note that there may be more than one correct option, in which case you must list them all.",C. about 10 minutes && D. 6 minutes,1
TimeBench,MCTACO,MCTACO,MC,MCTACO-MCTACO-87,929,"Answer the following question, select all the possible correct options, and each question has at least one correct option.
Context: In the nose, mucus and hairs trap any dust or other particles in the air.
Question: How long does it take to trap dust particles in mucus?
Options: A. a couple seconds
B. 5 months
C. 5 days
D. 5 seconds

","Answer the following question, select all the possible correct options, and each question has at least one correct option.
Context: In the nose, mucus and hairs trap any dust or other particles in the air.
Question: How long does it take to trap dust particles in mucus?
Options: A. a couple seconds
B. 5 months
C. 5 days
D. 5 seconds

Let's think step by step before providing your final answer. However, you must conclude your assessment with the statement: 'Thus, the correct answer is: X', where 'X' is simply the solution you've determined to be correct. Note that there may be more than one correct option, in which case you must list them all.",A. a couple seconds && D. 5 seconds,1
TimeBench,MCTACO,MCTACO,MC,MCTACO-MCTACO-291,739,"Answer the following question, select all the possible correct options, and each question has at least one correct option.
Context: Schools were scarce between World War I and World War II.
Question: About how much time passed between World War I and World War II?
Options: A. 2 weeks
B. about 20 years
C. 21 years
D. about 20 seconds

","Answer the following question, select all the possible correct options, and each question has at least one correct option.
Context: Schools were scarce between World War I and World War II.
Question: About how much time passed between World War I and World War II?
Options: A. 2 weeks
B. about 20 years
C. 21 years
D. about 20 seconds

Let's think step by step before providing your final answer. However, you must conclude your assessment with the statement: 'Thus, the correct answer is: X', where 'X' is simply the solution you've determined to be correct. Note that there may be more than one correct option, in which case you must list them all.",B. about 20 years && C. 21 years,1
TimeBench,MCTACO,MCTACO,MC,MCTACO-MCTACO-232,680,"Answer the following question, select all the possible correct options, and each question has at least one correct option.
Context: Dr. Safti is so busy saving lives that he can not personally care for Edwina , who has fallen ill .
Question: How often does Dr. Safti save lives?
Options: A. dr . safti saving lives every century
B. sunday
C. nearly every morning
D. dr. safti saves lives every day

","Answer the following question, select all the possible correct options, and each question has at least one correct option.
Context: Dr. Safti is so busy saving lives that he can not personally care for Edwina , who has fallen ill .
Question: How often does Dr. Safti save lives?
Options: A. dr . safti saving lives every century
B. sunday
C. nearly every morning
D. dr. safti saves lives every day

Let's think step by step before providing your final answer. However, you must conclude your assessment with the statement: 'Thus, the correct answer is: X', where 'X' is simply the solution you've determined to be correct. Note that there may be more than one correct option, in which case you must list them all.",C. nearly every morning && D. dr. safti saves lives every day,1
TimeBench,MCTACO,MCTACO,MC,MCTACO-MCTACO-64,1299,"Answer the following question, select all the possible correct options, and each question has at least one correct option.
Context: The postwar period began, however, with millions of displaced people homeless and starving.
Question: What happened after people were homeless and starving?
Options: A. they died
B. many people have jobs
C. many of them died
D. they celebrated

","Answer the following question, select all the possible correct options, and each question has at least one correct option.
Context: The postwar period began, however, with millions of displaced people homeless and starving.
Question: What happened after people were homeless and starving?
Options: A. they died
B. many people have jobs
C. many of them died
D. they celebrated

Let's think step by step before providing your final answer. However, you must conclude your assessment with the statement: 'Thus, the correct answer is: X', where 'X' is simply the solution you've determined to be correct. Note that there may be more than one correct option, in which case you must list them all.",A. they died && C. many of them died,1
TimeBench,MCTACO,MCTACO,MC,MCTACO-MCTACO-848,535,"Answer the following question, select all the possible correct options, and each question has at least one correct option.
Context: They first traveled by plane around Europe, where they saw many different people and sights.
Question: How long was their average plane flight?
Options: A. the average trip was 6 hours
B. 3 years
C. the average plane flight was 0.11 day
D. the average plane flight was 1 minute

","Answer the following question, select all the possible correct options, and each question has at least one correct option.
Context: They first traveled by plane around Europe, where they saw many different people and sights.
Question: How long was their average plane flight?
Options: A. the average trip was 6 hours
B. 3 years
C. the average plane flight was 0.11 day
D. the average plane flight was 1 minute

Let's think step by step before providing your final answer. However, you must conclude your assessment with the statement: 'Thus, the correct answer is: X', where 'X' is simply the solution you've determined to be correct. Note that there may be more than one correct option, in which case you must list them all.",A. the average trip was 6 hours && C. the average plane flight was 0.11 day,1
TimeBench,MCTACO,MCTACO,MC,MCTACO-MCTACO-560,136,"Answer the following question, select all the possible correct options, and each question has at least one correct option.
Context: By 1930 raw-material production had tripled the figure of 1900, manufactured goods had increased twelve-fold, and heavy industry was galloping towards maturity.
Question: How many times per year did new manufacturing facilities open?
Options: A. around once a year
B. about once a year
C. about once a second
D. about once per year

","Answer the following question, select all the possible correct options, and each question has at least one correct option.
Context: By 1930 raw-material production had tripled the figure of 1900, manufactured goods had increased twelve-fold, and heavy industry was galloping towards maturity.
Question: How many times per year did new manufacturing facilities open?
Options: A. around once a year
B. about once a year
C. about once a second
D. about once per year

Let's think step by step before providing your final answer. However, you must conclude your assessment with the statement: 'Thus, the correct answer is: X', where 'X' is simply the solution you've determined to be correct. Note that there may be more than one correct option, in which case you must list them all.",A. around once a year && B. about once a year && D. about once per year,1
TimeBench,MCTACO,MCTACO,MC,MCTACO-MCTACO-553,834,"Answer the following question, select all the possible correct options, and each question has at least one correct option.
Context: A floodplain is an area where a thick layer of rich soil is left behind as the floodwater recedes.
Question: How long does it take for floodwater to recede?
Options: A. 15 days
B. 30 years
C. 10 seconds
D. a week

","Answer the following question, select all the possible correct options, and each question has at least one correct option.
Context: A floodplain is an area where a thick layer of rich soil is left behind as the floodwater recedes.
Question: How long does it take for floodwater to recede?
Options: A. 15 days
B. 30 years
C. 10 seconds
D. a week

Let's think step by step before providing your final answer. However, you must conclude your assessment with the statement: 'Thus, the correct answer is: X', where 'X' is simply the solution you've determined to be correct. Note that there may be more than one correct option, in which case you must list them all.",A. 15 days && D. a week,1
TimeBench,MCTACO,MCTACO,MC,MCTACO-MCTACO-334,263,"Answer the following question, select all the possible correct options, and each question has at least one correct option.
Context: They practiced a slash-and-burn agriculture of yams and millet, a technique that exhausted the soil and imposed a semi-nomadic existence from one jungle clearing to another.
Question: How often does the group move?
Options: A. 3 times per year
B. 3 times a hour
C. once a year
D. about once a hour

","Answer the following question, select all the possible correct options, and each question has at least one correct option.
Context: They practiced a slash-and-burn agriculture of yams and millet, a technique that exhausted the soil and imposed a semi-nomadic existence from one jungle clearing to another.
Question: How often does the group move?
Options: A. 3 times per year
B. 3 times a hour
C. once a year
D. about once a hour

Let's think step by step before providing your final answer. However, you must conclude your assessment with the statement: 'Thus, the correct answer is: X', where 'X' is simply the solution you've determined to be correct. Note that there may be more than one correct option, in which case you must list them all.",A. 3 times per year && C. once a year,1
TimeBench,MCTACO,MCTACO,MC,MCTACO-MCTACO-50,985,"Answer the following question, select all the possible correct options, and each question has at least one correct option.
Context: Portuguese explorers then embarked upon Macau (now Macao), the Congo, and various other parts of Africa, including the Sudan.
Question: What happened after they explored the Sudan?
Options: A. they sailed home to report
B. they returned to portugal
C. they returned home to report
D. they returned to lisbon

","Answer the following question, select all the possible correct options, and each question has at least one correct option.
Context: Portuguese explorers then embarked upon Macau (now Macao), the Congo, and various other parts of Africa, including the Sudan.
Question: What happened after they explored the Sudan?
Options: A. they sailed home to report
B. they returned to portugal
C. they returned home to report
D. they returned to lisbon

Let's think step by step before providing your final answer. However, you must conclude your assessment with the statement: 'Thus, the correct answer is: X', where 'X' is simply the solution you've determined to be correct. Note that there may be more than one correct option, in which case you must list them all.",A. they sailed home to report && B. they returned to portugal && C. they returned home to report && D. they returned to lisbon,1
TimeBench,MCTACO,MCTACO,MC,MCTACO-MCTACO-138,1317,"Answer the following question, select all the possible correct options, and each question has at least one correct option.
Context: Advocating civil disobedience, he led his famous Salt March to the sea, to scoop up salt and circumvent the hated British salt tax.
Question: What happened after he led his famous Salt March to the sea?
Options: A. he was celebrated
B. people despised him
C. congress throwing tax dollars to sea
D. he was honoured

","Answer the following question, select all the possible correct options, and each question has at least one correct option.
Context: Advocating civil disobedience, he led his famous Salt March to the sea, to scoop up salt and circumvent the hated British salt tax.
Question: What happened after he led his famous Salt March to the sea?
Options: A. he was celebrated
B. people despised him
C. congress throwing tax dollars to sea
D. he was honoured

Let's think step by step before providing your final answer. However, you must conclude your assessment with the statement: 'Thus, the correct answer is: X', where 'X' is simply the solution you've determined to be correct. Note that there may be more than one correct option, in which case you must list them all.",A. he was celebrated && D. he was honoured,1
TimeBench,MCTACO,MCTACO,MC,MCTACO-MCTACO-847,525,"Answer the following question, select all the possible correct options, and each question has at least one correct option.
Context: The major organs of the digestive system include the mouth, esophagus, stomach, and small and large in- testines.
Question: How long does it take for food to be digested?
Options: A. 2.5 hours
B. 0.5 minute
C. one minute
D. 12 to 72 hours

","Answer the following question, select all the possible correct options, and each question has at least one correct option.
Context: The major organs of the digestive system include the mouth, esophagus, stomach, and small and large in- testines.
Question: How long does it take for food to be digested?
Options: A. 2.5 hours
B. 0.5 minute
C. one minute
D. 12 to 72 hours

Let's think step by step before providing your final answer. However, you must conclude your assessment with the statement: 'Thus, the correct answer is: X', where 'X' is simply the solution you've determined to be correct. Note that there may be more than one correct option, in which case you must list them all.",D. 12 to 72 hours,1
TimeBench,MCTACO,MCTACO,MC,MCTACO-MCTACO-631,634,"Answer the following question, select all the possible correct options, and each question has at least one correct option.
Context: Another example is, I am at the corner of Maple Street and Main Street. Both streets may be a good reference for anyone living in your town.
Question: How often do they give directions to their location?
Options: A. each week
B. every year
C. each year
D. every week

","Answer the following question, select all the possible correct options, and each question has at least one correct option.
Context: Another example is, I am at the corner of Maple Street and Main Street. Both streets may be a good reference for anyone living in your town.
Question: How often do they give directions to their location?
Options: A. each week
B. every year
C. each year
D. every week

Let's think step by step before providing your final answer. However, you must conclude your assessment with the statement: 'Thus, the correct answer is: X', where 'X' is simply the solution you've determined to be correct. Note that there may be more than one correct option, in which case you must list them all.",A. each week && B. every year && C. each year && D. every week,0
TimeBench,MCTACO,MCTACO,MC,MCTACO-MCTACO-690,1217,"Answer the following question, select all the possible correct options, and each question has at least one correct option.
Context: Some are trying to escape eviction or an abusive marriage.
Question: What happens if they manage to escape?
Options: A. they move on with life
B. they end up in a shelter
C. they move on a deal
D. they don't try to escape

","Answer the following question, select all the possible correct options, and each question has at least one correct option.
Context: Some are trying to escape eviction or an abusive marriage.
Question: What happens if they manage to escape?
Options: A. they move on with life
B. they end up in a shelter
C. they move on a deal
D. they don't try to escape

Let's think step by step before providing your final answer. However, you must conclude your assessment with the statement: 'Thus, the correct answer is: X', where 'X' is simply the solution you've determined to be correct. Note that there may be more than one correct option, in which case you must list them all.",A. they move on with life && B. they end up in a shelter,1
TimeBench,MCTACO,MCTACO,MC,MCTACO-MCTACO-665,717,"Answer the following question, select all the possible correct options, and each question has at least one correct option.
Context: They made Parameswara an offer he could not refuse: port facilities and an annual financial tribute in exchange for Chinese protection against the marauding Thais.
Question: What happened after?
Options: A. the countries made good on their deal
B. the countries made good upon their deal
C. they accepted the offering
D. the declined the offer

","Answer the following question, select all the possible correct options, and each question has at least one correct option.
Context: They made Parameswara an offer he could not refuse: port facilities and an annual financial tribute in exchange for Chinese protection against the marauding Thais.
Question: What happened after?
Options: A. the countries made good on their deal
B. the countries made good upon their deal
C. they accepted the offering
D. the declined the offer

Let's think step by step before providing your final answer. However, you must conclude your assessment with the statement: 'Thus, the correct answer is: X', where 'X' is simply the solution you've determined to be correct. Note that there may be more than one correct option, in which case you must list them all.",A. the countries made good on their deal && B. the countries made good upon their deal && C. they accepted the offering,1
TimeBench,MCTACO,MCTACO,MC,MCTACO-MCTACO-812,1242,"Answer the following question, select all the possible correct options, and each question has at least one correct option.
Context: Mintie, her colleagues say, could have made a lot of money in private practice.
Question: How often does Mintie make money?
Options: A. every minute
B. every work day
C. 5 days a week
D. 0.56 days a week

","Answer the following question, select all the possible correct options, and each question has at least one correct option.
Context: Mintie, her colleagues say, could have made a lot of money in private practice.
Question: How often does Mintie make money?
Options: A. every minute
B. every work day
C. 5 days a week
D. 0.56 days a week

Let's think step by step before providing your final answer. However, you must conclude your assessment with the statement: 'Thus, the correct answer is: X', where 'X' is simply the solution you've determined to be correct. Note that there may be more than one correct option, in which case you must list them all.",B. every work day && C. 5 days a week,1
TimeBench,MCTACO,MCTACO,MC,MCTACO-MCTACO-364,947,"Answer the following question, select all the possible correct options, and each question has at least one correct option.
Context: These organs all work together to help you gain energy from the food you eat.
Question: How often do the organs convert food into energy?
Options: A. every time after eating
B. 50 minutes
C. 15 weeks
D. every time before eating

","Answer the following question, select all the possible correct options, and each question has at least one correct option.
Context: These organs all work together to help you gain energy from the food you eat.
Question: How often do the organs convert food into energy?
Options: A. every time after eating
B. 50 minutes
C. 15 weeks
D. every time before eating

Let's think step by step before providing your final answer. However, you must conclude your assessment with the statement: 'Thus, the correct answer is: X', where 'X' is simply the solution you've determined to be correct. Note that there may be more than one correct option, in which case you must list them all.",A. every time after eating,1
TimeBench,MCTACO,MCTACO,MC,MCTACO-MCTACO-78,892,"Answer the following question, select all the possible correct options, and each question has at least one correct option.
Context: Ellen Pollak's The Poetics of Sexual Myth (1985) argues that Pope followed an anti-feminist tradition, that regarded women as inferior to men both intellectually and physically.
Question: What happened after Ellen made the book?
Options: A. the pope was praised after ellen made the book
B. got a medal from the pope
C. the pope was criticized after ellen made the book
D. the pope was criticized after ellen published the book

","Answer the following question, select all the possible correct options, and each question has at least one correct option.
Context: Ellen Pollak's The Poetics of Sexual Myth (1985) argues that Pope followed an anti-feminist tradition, that regarded women as inferior to men both intellectually and physically.
Question: What happened after Ellen made the book?
Options: A. the pope was praised after ellen made the book
B. got a medal from the pope
C. the pope was criticized after ellen made the book
D. the pope was criticized after ellen published the book

Let's think step by step before providing your final answer. However, you must conclude your assessment with the statement: 'Thus, the correct answer is: X', where 'X' is simply the solution you've determined to be correct. Note that there may be more than one correct option, in which case you must list them all.",C. the pope was criticized after ellen made the book && D. the pope was criticized after ellen published the book,1
TimeBench,MCTACO,MCTACO,MC,MCTACO-MCTACO-738,1,"Answer the following question, select all the possible correct options, and each question has at least one correct option.
Context: Durer's father died in 1502, and his mother died in 1513.
Question: What happened after Durer's father died?
Options: A. durer's mother became depressed
B. they snubbed his mother
C. he got a new job
D. durer took care of his mother

","Answer the following question, select all the possible correct options, and each question has at least one correct option.
Context: Durer's father died in 1502, and his mother died in 1513.
Question: What happened after Durer's father died?
Options: A. durer's mother became depressed
B. they snubbed his mother
C. he got a new job
D. durer took care of his mother

Let's think step by step before providing your final answer. However, you must conclude your assessment with the statement: 'Thus, the correct answer is: X', where 'X' is simply the solution you've determined to be correct. Note that there may be more than one correct option, in which case you must list them all.",A. durer's mother became depressed && D. durer took care of his mother,1
TimeBench,MCTACO,MCTACO,MC,MCTACO-MCTACO-345,395,"Answer the following question, select all the possible correct options, and each question has at least one correct option.
Context: About a third of what we throw out is packaging.
Question: What happens after the packaging is thrown out?
Options: A. it is recycled
B. it's taken to garbage dumps
C. it's taken out to be thrown out again
D. it is collected by bankers

","Answer the following question, select all the possible correct options, and each question has at least one correct option.
Context: About a third of what we throw out is packaging.
Question: What happens after the packaging is thrown out?
Options: A. it is recycled
B. it's taken to garbage dumps
C. it's taken out to be thrown out again
D. it is collected by bankers

Let's think step by step before providing your final answer. However, you must conclude your assessment with the statement: 'Thus, the correct answer is: X', where 'X' is simply the solution you've determined to be correct. Note that there may be more than one correct option, in which case you must list them all.",A. it is recycled && B. it's taken to garbage dumps,1
TimeBench,MCTACO,MCTACO,MC,MCTACO-MCTACO-623,138,"Answer the following question, select all the possible correct options, and each question has at least one correct option.
Context: By 1930 raw-material production had tripled the figure of 1900, manufactured goods had increased twelve-fold, and heavy industry was galloping towards maturity.
Question: What happened after raw-materials production increased?
Options: A. less goods were produced
B. faster manufacturing could be done
C. more goods were produced
D. manufacturing declined

","Answer the following question, select all the possible correct options, and each question has at least one correct option.
Context: By 1930 raw-material production had tripled the figure of 1900, manufactured goods had increased twelve-fold, and heavy industry was galloping towards maturity.
Question: What happened after raw-materials production increased?
Options: A. less goods were produced
B. faster manufacturing could be done
C. more goods were produced
D. manufacturing declined

Let's think step by step before providing your final answer. However, you must conclude your assessment with the statement: 'Thus, the correct answer is: X', where 'X' is simply the solution you've determined to be correct. Note that there may be more than one correct option, in which case you must list them all.",B. faster manufacturing could be done && C. more goods were produced,1
TimeBench,MCTACO,MCTACO,MC,MCTACO-MCTACO-501,631,"Answer the following question, select all the possible correct options, and each question has at least one correct option.
Context: The use of non-covariant objects like pseudotensors was heavily criticized in 1917 by Erwin Schrodinger and others.
Question: How long did Schrodinger oppose pseudotensors?
Options: A. most of his career
B. a few days
C. all of his career
D. one week

","Answer the following question, select all the possible correct options, and each question has at least one correct option.
Context: The use of non-covariant objects like pseudotensors was heavily criticized in 1917 by Erwin Schrodinger and others.
Question: How long did Schrodinger oppose pseudotensors?
Options: A. most of his career
B. a few days
C. all of his career
D. one week

Let's think step by step before providing your final answer. However, you must conclude your assessment with the statement: 'Thus, the correct answer is: X', where 'X' is simply the solution you've determined to be correct. Note that there may be more than one correct option, in which case you must list them all.",A. most of his career && C. all of his career,1
TimeBench,MCTACO,MCTACO,MC,MCTACO-MCTACO-576,428,"Answer the following question, select all the possible correct options, and each question has at least one correct option.
Context: Now, following Ressam's arrest, the FBI asked for an unprecedented number of special wiretaps.
Question: How often does the FBI ask for wire tap permission?
Options: A. once a century
B. several times per hour
C. sometimes
D. always

","Answer the following question, select all the possible correct options, and each question has at least one correct option.
Context: Now, following Ressam's arrest, the FBI asked for an unprecedented number of special wiretaps.
Question: How often does the FBI ask for wire tap permission?
Options: A. once a century
B. several times per hour
C. sometimes
D. always

Let's think step by step before providing your final answer. However, you must conclude your assessment with the statement: 'Thus, the correct answer is: X', where 'X' is simply the solution you've determined to be correct. Note that there may be more than one correct option, in which case you must list them all.",C. sometimes,1
TimeBench,MCTACO,MCTACO,MC,MCTACO-MCTACO-747,1114,"Answer the following question, select all the possible correct options, and each question has at least one correct option.
Context: Floodplains In very flat regions, flood water may spread out on the surface of the land.
Question: How long does it take for flood water to spread?
Options: A. 6 hours
B. 0.2 year
C. 1 year
D. hours

","Answer the following question, select all the possible correct options, and each question has at least one correct option.
Context: Floodplains In very flat regions, flood water may spread out on the surface of the land.
Question: How long does it take for flood water to spread?
Options: A. 6 hours
B. 0.2 year
C. 1 year
D. hours

Let's think step by step before providing your final answer. However, you must conclude your assessment with the statement: 'Thus, the correct answer is: X', where 'X' is simply the solution you've determined to be correct. Note that there may be more than one correct option, in which case you must list them all.",A. 6 hours && D. hours,1
TimeBench,MCTACO,MCTACO,MC,MCTACO-MCTACO-389,724,"Answer the following question, select all the possible correct options, and each question has at least one correct option.
Context: Einstein discovered Louis de Broglie's work, and supported his ideas, which were received skeptically at first.
Question: How long did Einstein support Louis' work?
Options: A. 30 minutes
B. seconds
C. 30 years
D. decades

","Answer the following question, select all the possible correct options, and each question has at least one correct option.
Context: Einstein discovered Louis de Broglie's work, and supported his ideas, which were received skeptically at first.
Question: How long did Einstein support Louis' work?
Options: A. 30 minutes
B. seconds
C. 30 years
D. decades

Let's think step by step before providing your final answer. However, you must conclude your assessment with the statement: 'Thus, the correct answer is: X', where 'X' is simply the solution you've determined to be correct. Note that there may be more than one correct option, in which case you must list them all.",C. 30 years && D. decades,1
TimeBench,MCTACO,MCTACO,MC,MCTACO-MCTACO-6,816,"Answer the following question, select all the possible correct options, and each question has at least one correct option.
Context: Convicted murderer Seth Baxter awakens chained to a table beneath a pendulum blade .
Question: Is he still in handcuffs?
Options: A. yes he is still in handcuffs
B. i glanced at the table next to mine
C. he changed his vote to yes
D. yes

","Answer the following question, select all the possible correct options, and each question has at least one correct option.
Context: Convicted murderer Seth Baxter awakens chained to a table beneath a pendulum blade .
Question: Is he still in handcuffs?
Options: A. yes he is still in handcuffs
B. i glanced at the table next to mine
C. he changed his vote to yes
D. yes

Let's think step by step before providing your final answer. However, you must conclude your assessment with the statement: 'Thus, the correct answer is: X', where 'X' is simply the solution you've determined to be correct. Note that there may be more than one correct option, in which case you must list them all.",A. yes he is still in handcuffs && D. yes,1
TimeBench,MCTACO,MCTACO,MC,MCTACO-MCTACO-98,341,"Answer the following question, select all the possible correct options, and each question has at least one correct option.
Context: Fossils tell an obscure story of man's slow and sporadic development.
Question: What time of day would a typical fossil dig begin?
Options: A. evening
B. 8:00 AM
C. late night
D. 7:00 AM

","Answer the following question, select all the possible correct options, and each question has at least one correct option.
Context: Fossils tell an obscure story of man's slow and sporadic development.
Question: What time of day would a typical fossil dig begin?
Options: A. evening
B. 8:00 AM
C. late night
D. 7:00 AM

Let's think step by step before providing your final answer. However, you must conclude your assessment with the statement: 'Thus, the correct answer is: X', where 'X' is simply the solution you've determined to be correct. Note that there may be more than one correct option, in which case you must list them all.",B. 8:00 AM && D. 7:00 AM,1
TimeBench,MCTACO,MCTACO,MC,MCTACO-MCTACO-552,1100,"Answer the following question, select all the possible correct options, and each question has at least one correct option.
Context: One day, Kevin traveled from his home in the United States of America to Erin's house in England.
Question: When did Kevin arrive at the airport?
Options: A. last week
B. last year
C. at 5 pm
D. 9:00 AM

","Answer the following question, select all the possible correct options, and each question has at least one correct option.
Context: One day, Kevin traveled from his home in the United States of America to Erin's house in England.
Question: When did Kevin arrive at the airport?
Options: A. last week
B. last year
C. at 5 pm
D. 9:00 AM

Let's think step by step before providing your final answer. However, you must conclude your assessment with the statement: 'Thus, the correct answer is: X', where 'X' is simply the solution you've determined to be correct. Note that there may be more than one correct option, in which case you must list them all.",C. at 5 pm && D. 9:00 AM,0
TimeBench,MCTACO,MCTACO,MC,MCTACO-MCTACO-362,939,"Answer the following question, select all the possible correct options, and each question has at least one correct option.
Context: When our cars burn gasoline in their engines, it is converted into motion and heat.
Question: At what time of the day is an engine burning gasoline?
Options: A. 5:00 PM
B. 2:00 AM
C. noon
D. 12:00 AM

","Answer the following question, select all the possible correct options, and each question has at least one correct option.
Context: When our cars burn gasoline in their engines, it is converted into motion and heat.
Question: At what time of the day is an engine burning gasoline?
Options: A. 5:00 PM
B. 2:00 AM
C. noon
D. 12:00 AM

Let's think step by step before providing your final answer. However, you must conclude your assessment with the statement: 'Thus, the correct answer is: X', where 'X' is simply the solution you've determined to be correct. Note that there may be more than one correct option, in which case you must list them all.",A. 5:00 PM && C. noon,0
TimeBench,MCTACO,MCTACO,MC,MCTACO-MCTACO-711,832,"Answer the following question, select all the possible correct options, and each question has at least one correct option.
Context: Construction on Hoover Dam (originally Boulder Dam, subsequently renamed for the president who authorized the project) began in 1931 in a canyon 45 miles (72 km) southeast of Las Vegas.
Question: How often did the construction workers work on the Hoover Dam?
Options: A. 6 minutes per week
B. each day
C. every year
D. 6 times per week

","Answer the following question, select all the possible correct options, and each question has at least one correct option.
Context: Construction on Hoover Dam (originally Boulder Dam, subsequently renamed for the president who authorized the project) began in 1931 in a canyon 45 miles (72 km) southeast of Las Vegas.
Question: How often did the construction workers work on the Hoover Dam?
Options: A. 6 minutes per week
B. each day
C. every year
D. 6 times per week

Let's think step by step before providing your final answer. However, you must conclude your assessment with the statement: 'Thus, the correct answer is: X', where 'X' is simply the solution you've determined to be correct. Note that there may be more than one correct option, in which case you must list them all.",B. each day && D. 6 times per week,1
TimeBench,MCTACO,MCTACO,MC,MCTACO-MCTACO-381,1074,"Answer the following question, select all the possible correct options, and each question has at least one correct option.
Context: Like the skateboarder, the higher the ramp, the faster he will be going when he reaches the bottom.
Question: How long does it take the skateboarder to go down the highest ramp?
Options: A. just another few seconds
B. five hours
C. 1 century
D. 3 seconds

","Answer the following question, select all the possible correct options, and each question has at least one correct option.
Context: Like the skateboarder, the higher the ramp, the faster he will be going when he reaches the bottom.
Question: How long does it take the skateboarder to go down the highest ramp?
Options: A. just another few seconds
B. five hours
C. 1 century
D. 3 seconds

Let's think step by step before providing your final answer. However, you must conclude your assessment with the statement: 'Thus, the correct answer is: X', where 'X' is simply the solution you've determined to be correct. Note that there may be more than one correct option, in which case you must list them all.",A. just another few seconds && D. 3 seconds,1
TimeBench,MCTACO,MCTACO,MC,MCTACO-MCTACO-446,1210,"Answer the following question, select all the possible correct options, and each question has at least one correct option.
Context: Despite his quick climb up the legal ladder, Bailey has always found time to help out in causes he feels strongly about.
Question: How long did it take for Bailey to reach his current position since passing the bar?
Options: A. 12 hours
B. 36 years
C. 5 years
D. 5 seconds

","Answer the following question, select all the possible correct options, and each question has at least one correct option.
Context: Despite his quick climb up the legal ladder, Bailey has always found time to help out in causes he feels strongly about.
Question: How long did it take for Bailey to reach his current position since passing the bar?
Options: A. 12 hours
B. 36 years
C. 5 years
D. 5 seconds

Let's think step by step before providing your final answer. However, you must conclude your assessment with the statement: 'Thus, the correct answer is: X', where 'X' is simply the solution you've determined to be correct. Note that there may be more than one correct option, in which case you must list them all.",C. 5 years,1
TimeBench,MCTACO,MCTACO,MC,MCTACO-MCTACO-293,812,"Answer the following question, select all the possible correct options, and each question has at least one correct option.
Context: The person may walk a half mile in the wrong direction!
Question: How long will the person spend walking in the wrong direction?
Options: A. 10 minutes
B. 10 months
C. 360 minutes
D. 15 minutes

","Answer the following question, select all the possible correct options, and each question has at least one correct option.
Context: The person may walk a half mile in the wrong direction!
Question: How long will the person spend walking in the wrong direction?
Options: A. 10 minutes
B. 10 months
C. 360 minutes
D. 15 minutes

Let's think step by step before providing your final answer. However, you must conclude your assessment with the statement: 'Thus, the correct answer is: X', where 'X' is simply the solution you've determined to be correct. Note that there may be more than one correct option, in which case you must list them all.",A. 10 minutes && D. 15 minutes,1
TimeBench,MCTACO,MCTACO,MC,MCTACO-MCTACO-378,1071,"Answer the following question, select all the possible correct options, and each question has at least one correct option.
Context: Danny begins spending less and less time at home with his wife and children .
Question: How often was he gone during the week?
Options: A. most of the week
B. 5 months
C. 4 days a week
D. 1.67 days

","Answer the following question, select all the possible correct options, and each question has at least one correct option.
Context: Danny begins spending less and less time at home with his wife and children .
Question: How often was he gone during the week?
Options: A. most of the week
B. 5 months
C. 4 days a week
D. 1.67 days

Let's think step by step before providing your final answer. However, you must conclude your assessment with the statement: 'Thus, the correct answer is: X', where 'X' is simply the solution you've determined to be correct. Note that there may be more than one correct option, in which case you must list them all.",A. most of the week && C. 4 days a week,1
TimeBench,MCTACO,MCTACO,MC,MCTACO-MCTACO-674,433,"Answer the following question, select all the possible correct options, and each question has at least one correct option.
Context: In a 1945 interview, Camus rejected any ideological associations: ""No, I am not an existentialist.
Question: How many interviews did Camus do during his career?
Options: A. none
B. 0
C. a fair number
D. two per second

","Answer the following question, select all the possible correct options, and each question has at least one correct option.
Context: In a 1945 interview, Camus rejected any ideological associations: ""No, I am not an existentialist.
Question: How many interviews did Camus do during his career?
Options: A. none
B. 0
C. a fair number
D. two per second

Let's think step by step before providing your final answer. However, you must conclude your assessment with the statement: 'Thus, the correct answer is: X', where 'X' is simply the solution you've determined to be correct. Note that there may be more than one correct option, in which case you must list them all.",C. a fair number,1
TimeBench,MCTACO,MCTACO,MC,MCTACO-MCTACO-495,962,"Answer the following question, select all the possible correct options, and each question has at least one correct option.
Context: For example, buy local produce at a farmers market, like the one in Figure 2.20.
Question: What happened after produce was bought at the farmers market?
Options: A. the farmers ran a boycott
B. it was taken home
C. they took it home and prepared it for cooking
D. it introduced a line for the home market

","Answer the following question, select all the possible correct options, and each question has at least one correct option.
Context: For example, buy local produce at a farmers market, like the one in Figure 2.20.
Question: What happened after produce was bought at the farmers market?
Options: A. the farmers ran a boycott
B. it was taken home
C. they took it home and prepared it for cooking
D. it introduced a line for the home market

Let's think step by step before providing your final answer. However, you must conclude your assessment with the statement: 'Thus, the correct answer is: X', where 'X' is simply the solution you've determined to be correct. Note that there may be more than one correct option, in which case you must list them all.",B. it was taken home && C. they took it home and prepared it for cooking,1
TimeBench,MCTACO,MCTACO,MC,MCTACO-MCTACO-245,1102,"Answer the following question, select all the possible correct options, and each question has at least one correct option.
Context: One day, Kevin traveled from his home in the United States of America to Erin's house in England.
Question: How long did the trip take?
Options: A. 1 day
B. 18 minutes
C. several weeks
D. several months

","Answer the following question, select all the possible correct options, and each question has at least one correct option.
Context: One day, Kevin traveled from his home in the United States of America to Erin's house in England.
Question: How long did the trip take?
Options: A. 1 day
B. 18 minutes
C. several weeks
D. several months

Let's think step by step before providing your final answer. However, you must conclude your assessment with the statement: 'Thus, the correct answer is: X', where 'X' is simply the solution you've determined to be correct. Note that there may be more than one correct option, in which case you must list them all.",A. 1 day,1
TimeBench,MCTACO,MCTACO,MC,MCTACO-MCTACO-683,958,"Answer the following question, select all the possible correct options, and each question has at least one correct option.
Context: Once we arrive, the castle looked much bigger than we had imagined.
Question: What happens now that you've seen it
Options: A. think the castle was small
B. explore the castle
C. we walk away unexcited
D. we are given a tour

","Answer the following question, select all the possible correct options, and each question has at least one correct option.
Context: Once we arrive, the castle looked much bigger than we had imagined.
Question: What happens now that you've seen it
Options: A. think the castle was small
B. explore the castle
C. we walk away unexcited
D. we are given a tour

Let's think step by step before providing your final answer. However, you must conclude your assessment with the statement: 'Thus, the correct answer is: X', where 'X' is simply the solution you've determined to be correct. Note that there may be more than one correct option, in which case you must list them all.",B. explore the castle && D. we are given a tour,1
TimeBench,MCTACO,MCTACO,MC,MCTACO-MCTACO-835,931,"Answer the following question, select all the possible correct options, and each question has at least one correct option.
Context: Johnson is a justice on California's Second District Court of Appeal.
Question: How many times a week does Johnson go to court?
Options: A. 5
B. he always goes to court
C. 15
D. he goes to court three times a week

","Answer the following question, select all the possible correct options, and each question has at least one correct option.
Context: Johnson is a justice on California's Second District Court of Appeal.
Question: How many times a week does Johnson go to court?
Options: A. 5
B. he always goes to court
C. 15
D. he goes to court three times a week

Let's think step by step before providing your final answer. However, you must conclude your assessment with the statement: 'Thus, the correct answer is: X', where 'X' is simply the solution you've determined to be correct. Note that there may be more than one correct option, in which case you must list them all.",A. 5 && D. he goes to court three times a week,1
TimeBench,MCTACO,MCTACO,MC,MCTACO-MCTACO-251,937,"Answer the following question, select all the possible correct options, and each question has at least one correct option.
Context: It's the first in a new series featuring Iraq war veteran and private investigator Spero Lucas.
Question: What happened before the series aired?
Options: A. no preparations were made
B. the series was written
C. the actor was given an award for the movie
D. the actor was given an award for the film

","Answer the following question, select all the possible correct options, and each question has at least one correct option.
Context: It's the first in a new series featuring Iraq war veteran and private investigator Spero Lucas.
Question: What happened before the series aired?
Options: A. no preparations were made
B. the series was written
C. the actor was given an award for the movie
D. the actor was given an award for the film

Let's think step by step before providing your final answer. However, you must conclude your assessment with the statement: 'Thus, the correct answer is: X', where 'X' is simply the solution you've determined to be correct. Note that there may be more than one correct option, in which case you must list them all.",B. the series was written,1
TimeBench,MCTACO,MCTACO,MC,MCTACO-MCTACO-209,758,"Answer the following question, select all the possible correct options, and each question has at least one correct option.
Context: The Persian Gulf War destroyed much of the country's medical infrastructure, according to a report by the World Health Organization.
Question: How often did the Persian Gulf War take place?
Options: A. 45 times
B. once
C. 0.56 times
D. one time

","Answer the following question, select all the possible correct options, and each question has at least one correct option.
Context: The Persian Gulf War destroyed much of the country's medical infrastructure, according to a report by the World Health Organization.
Question: How often did the Persian Gulf War take place?
Options: A. 45 times
B. once
C. 0.56 times
D. one time

Let's think step by step before providing your final answer. However, you must conclude your assessment with the statement: 'Thus, the correct answer is: X', where 'X' is simply the solution you've determined to be correct. Note that there may be more than one correct option, in which case you must list them all.",B. once && D. one time,1
TimeBench,MCTACO,MCTACO,MC,MCTACO-MCTACO-500,1301,"Answer the following question, select all the possible correct options, and each question has at least one correct option.
Context: The postwar period began, however, with millions of displaced people homeless and starving.
Question: How often did starving people eat?
Options: A. 27 times a day
B. infrequently
C. 3 times a night
D. once a year

","Answer the following question, select all the possible correct options, and each question has at least one correct option.
Context: The postwar period began, however, with millions of displaced people homeless and starving.
Question: How often did starving people eat?
Options: A. 27 times a day
B. infrequently
C. 3 times a night
D. once a year

Let's think step by step before providing your final answer. However, you must conclude your assessment with the statement: 'Thus, the correct answer is: X', where 'X' is simply the solution you've determined to be correct. Note that there may be more than one correct option, in which case you must list them all.",B. infrequently,1
TimeBench,MCTACO,MCTACO,MC,MCTACO-MCTACO-3,1177,"Answer the following question, select all the possible correct options, and each question has at least one correct option.
Context: Einstein's affiliation with the Institute for Advanced Study would last until his death in 1955.
Question: How many times did he join the Institute for Advanced Study?
Options: A. 20
B. 10
C. october 2 , 1955
D. once

","Answer the following question, select all the possible correct options, and each question has at least one correct option.
Context: Einstein's affiliation with the Institute for Advanced Study would last until his death in 1955.
Question: How many times did he join the Institute for Advanced Study?
Options: A. 20
B. 10
C. october 2 , 1955
D. once

Let's think step by step before providing your final answer. However, you must conclude your assessment with the statement: 'Thus, the correct answer is: X', where 'X' is simply the solution you've determined to be correct. Note that there may be more than one correct option, in which case you must list them all.",D. once,1
TimeBench,MCTACO,MCTACO,MC,MCTACO-MCTACO-630,372,"Answer the following question, select all the possible correct options, and each question has at least one correct option.
Context: You can clearly see the same rock layers on opposite sides of the canyon.
Question: When did they canyon split?
Options: A. 100,000 seconds ago
B. last week
C. 100,000 years ago
D. during the earthquake

","Answer the following question, select all the possible correct options, and each question has at least one correct option.
Context: You can clearly see the same rock layers on opposite sides of the canyon.
Question: When did they canyon split?
Options: A. 100,000 seconds ago
B. last week
C. 100,000 years ago
D. during the earthquake

Let's think step by step before providing your final answer. However, you must conclude your assessment with the statement: 'Thus, the correct answer is: X', where 'X' is simply the solution you've determined to be correct. Note that there may be more than one correct option, in which case you must list them all.","C. 100,000 years ago && D. during the earthquake",1
TimeBench,MCTACO,MCTACO,MC,MCTACO-MCTACO-214,1240,"Answer the following question, select all the possible correct options, and each question has at least one correct option.
Context: Human operators are there to monitor the systems, catch errors and fine-tune the production process for maximum efficiency.
Question: How long do human operators monitor the systems?
Options: A. 1 hours
B. they monitor the machines for 24 hours
C. they monitor the machines for 15 seconds
D. they watch the systems for 24 hours

","Answer the following question, select all the possible correct options, and each question has at least one correct option.
Context: Human operators are there to monitor the systems, catch errors and fine-tune the production process for maximum efficiency.
Question: How long do human operators monitor the systems?
Options: A. 1 hours
B. they monitor the machines for 24 hours
C. they monitor the machines for 15 seconds
D. they watch the systems for 24 hours

Let's think step by step before providing your final answer. However, you must conclude your assessment with the statement: 'Thus, the correct answer is: X', where 'X' is simply the solution you've determined to be correct. Note that there may be more than one correct option, in which case you must list them all.",B. they monitor the machines for 24 hours && D. they watch the systems for 24 hours,1
TimeBench,MCTACO,MCTACO,MC,MCTACO-MCTACO-810,754,"Answer the following question, select all the possible correct options, and each question has at least one correct option.
Context: Martinez works two jobs as a physician's assistant and supports his elderly parents and 8-year-old son.
Question: What does Martinez do after he works?
Options: A. he goes home
B. one son sacrifices his own career
C. he takes care of his family
D. he goes home and plays video games all month

","Answer the following question, select all the possible correct options, and each question has at least one correct option.
Context: Martinez works two jobs as a physician's assistant and supports his elderly parents and 8-year-old son.
Question: What does Martinez do after he works?
Options: A. he goes home
B. one son sacrifices his own career
C. he takes care of his family
D. he goes home and plays video games all month

Let's think step by step before providing your final answer. However, you must conclude your assessment with the statement: 'Thus, the correct answer is: X', where 'X' is simply the solution you've determined to be correct. Note that there may be more than one correct option, in which case you must list them all.",A. he goes home && C. he takes care of his family,1
TimeBench,MCTACO,MCTACO,MC,MCTACO-MCTACO-484,21,"Answer the following question, select all the possible correct options, and each question has at least one correct option.
Context: Setbacks in the 1930s caused by the European postwar slump were only a spur to redouble efforts by diversifying heavy industry into the machine-making, metallurgical, and chemical sectors.
Question: How long did the postwar slump last?
Options: A. 5 years
B. for a week
C. for years
D. 5 weeks

","Answer the following question, select all the possible correct options, and each question has at least one correct option.
Context: Setbacks in the 1930s caused by the European postwar slump were only a spur to redouble efforts by diversifying heavy industry into the machine-making, metallurgical, and chemical sectors.
Question: How long did the postwar slump last?
Options: A. 5 years
B. for a week
C. for years
D. 5 weeks

Let's think step by step before providing your final answer. However, you must conclude your assessment with the statement: 'Thus, the correct answer is: X', where 'X' is simply the solution you've determined to be correct. Note that there may be more than one correct option, in which case you must list them all.",A. 5 years && C. for years,1
TimeBench,MCTACO,MCTACO,MC,MCTACO-MCTACO-765,983,"Answer the following question, select all the possible correct options, and each question has at least one correct option.
Context: Portuguese explorers then embarked upon Macau (now Macao), the Congo, and various other parts of Africa, including the Sudan.
Question: How often did Portugal send out  expeditions?
Options: A. once a week
B. once every decade
C. daily
D. every 10 years

","Answer the following question, select all the possible correct options, and each question has at least one correct option.
Context: Portuguese explorers then embarked upon Macau (now Macao), the Congo, and various other parts of Africa, including the Sudan.
Question: How often did Portugal send out  expeditions?
Options: A. once a week
B. once every decade
C. daily
D. every 10 years

Let's think step by step before providing your final answer. However, you must conclude your assessment with the statement: 'Thus, the correct answer is: X', where 'X' is simply the solution you've determined to be correct. Note that there may be more than one correct option, in which case you must list them all.",B. once every decade && D. every 10 years,1
TimeBench,MCTACO,MCTACO,MC,MCTACO-MCTACO-440,690,"Answer the following question, select all the possible correct options, and each question has at least one correct option.
Context: Youll buy fewer items in the long run, so youll save money as well as resources.
Question: What happens after you save money?
Options: A. you become homeless
B. you won't have any money because of inflation
C. you will have more money to spend later
D. you have more financial security

","Answer the following question, select all the possible correct options, and each question has at least one correct option.
Context: Youll buy fewer items in the long run, so youll save money as well as resources.
Question: What happens after you save money?
Options: A. you become homeless
B. you won't have any money because of inflation
C. you will have more money to spend later
D. you have more financial security

Let's think step by step before providing your final answer. However, you must conclude your assessment with the statement: 'Thus, the correct answer is: X', where 'X' is simply the solution you've determined to be correct. Note that there may be more than one correct option, in which case you must list them all.",C. you will have more money to spend later && D. you have more financial security,1
TimeBench,MCTACO,MCTACO,MC,MCTACO-MCTACO-80,508,"Answer the following question, select all the possible correct options, and each question has at least one correct option.
Context: Sarah is dating the curator Michael Pierce , a single father who is away from the museum that night .
Question: How often is Michael at the museum?
Options: A. 5 days a week
B. 9 nights per week
C. five days a week
D. one century a week

","Answer the following question, select all the possible correct options, and each question has at least one correct option.
Context: Sarah is dating the curator Michael Pierce , a single father who is away from the museum that night .
Question: How often is Michael at the museum?
Options: A. 5 days a week
B. 9 nights per week
C. five days a week
D. one century a week

Let's think step by step before providing your final answer. However, you must conclude your assessment with the statement: 'Thus, the correct answer is: X', where 'X' is simply the solution you've determined to be correct. Note that there may be more than one correct option, in which case you must list them all.",A. 5 days a week && C. five days a week,1
TimeBench,MCTACO,MCTACO,MC,MCTACO-MCTACO-199,48,"Answer the following question, select all the possible correct options, and each question has at least one correct option.
Context: The organization has already lost some staff through attrition and has turned away some cases, she said.
Question: What happened once the organization began turning away cases?
Options: A. they started to lose clients when they turned away cases
B. they gained more clients when they turned away cases
C. they lost revenue
D. they lost business because people went elsewhere

","Answer the following question, select all the possible correct options, and each question has at least one correct option.
Context: The organization has already lost some staff through attrition and has turned away some cases, she said.
Question: What happened once the organization began turning away cases?
Options: A. they started to lose clients when they turned away cases
B. they gained more clients when they turned away cases
C. they lost revenue
D. they lost business because people went elsewhere

Let's think step by step before providing your final answer. However, you must conclude your assessment with the statement: 'Thus, the correct answer is: X', where 'X' is simply the solution you've determined to be correct. Note that there may be more than one correct option, in which case you must list them all.",A. they started to lose clients when they turned away cases && C. they lost revenue && D. they lost business because people went elsewhere,1
TimeBench,MCTACO,MCTACO,MC,MCTACO-MCTACO-638,956,"Answer the following question, select all the possible correct options, and each question has at least one correct option.
Context: Once we arrive, the castle looked much bigger than we had imagined.
Question: Has the castle always been there
Options: A. for over 100 years
B. for over 300 hours
C. for over 300 seconds
D. for over 900 years

","Answer the following question, select all the possible correct options, and each question has at least one correct option.
Context: Once we arrive, the castle looked much bigger than we had imagined.
Question: Has the castle always been there
Options: A. for over 100 years
B. for over 300 hours
C. for over 300 seconds
D. for over 900 years

Let's think step by step before providing your final answer. However, you must conclude your assessment with the statement: 'Thus, the correct answer is: X', where 'X' is simply the solution you've determined to be correct. Note that there may be more than one correct option, in which case you must list them all.",A. for over 100 years && D. for over 900 years,1
TimeBench,MCTACO,MCTACO,MC,MCTACO-MCTACO-429,965,"Answer the following question, select all the possible correct options, and each question has at least one correct option.
Context: For example, buy local produce at a farmers market, like the one in Figure 2.20.
Question: How often do they buy produce from the farmers market?
Options: A. twice a second
B. sometimes
C. twice a week
D. once a second

","Answer the following question, select all the possible correct options, and each question has at least one correct option.
Context: For example, buy local produce at a farmers market, like the one in Figure 2.20.
Question: How often do they buy produce from the farmers market?
Options: A. twice a second
B. sometimes
C. twice a week
D. once a second

Let's think step by step before providing your final answer. However, you must conclude your assessment with the statement: 'Thus, the correct answer is: X', where 'X' is simply the solution you've determined to be correct. Note that there may be more than one correct option, in which case you must list them all.",B. sometimes && C. twice a week,1
TimeBench,MCTACO,MCTACO,MC,MCTACO-MCTACO-698,46,"Answer the following question, select all the possible correct options, and each question has at least one correct option.
Context: Einstein was displeased with quantum theory and mechanics (the very theory he helped create), despite its acceptance by other physicists, stating that God ""is not playing at dice.""
Question: Has Einstein always known about quantum theory?
Options: A. until he was two weeks old
B. no
C. he knew about it, since he was two seconds old
D. until he was two years old

","Answer the following question, select all the possible correct options, and each question has at least one correct option.
Context: Einstein was displeased with quantum theory and mechanics (the very theory he helped create), despite its acceptance by other physicists, stating that God ""is not playing at dice.""
Question: Has Einstein always known about quantum theory?
Options: A. until he was two weeks old
B. no
C. he knew about it, since he was two seconds old
D. until he was two years old

Let's think step by step before providing your final answer. However, you must conclude your assessment with the statement: 'Thus, the correct answer is: X', where 'X' is simply the solution you've determined to be correct. Note that there may be more than one correct option, in which case you must list them all.",B. no,1
TimeBench,MCTACO,MCTACO,MC,MCTACO-MCTACO-56,1016,"Answer the following question, select all the possible correct options, and each question has at least one correct option.
Context: She had it for a long time so it is now a dark brown color.
Question: How long has she had it?
Options: A. 0.6 days
B. five years
C. 2 seconds
D. 10 years

","Answer the following question, select all the possible correct options, and each question has at least one correct option.
Context: She had it for a long time so it is now a dark brown color.
Question: How long has she had it?
Options: A. 0.6 days
B. five years
C. 2 seconds
D. 10 years

Let's think step by step before providing your final answer. However, you must conclude your assessment with the statement: 'Thus, the correct answer is: X', where 'X' is simply the solution you've determined to be correct. Note that there may be more than one correct option, in which case you must list them all.",B. five years && D. 10 years,1
TimeBench,MCTACO,MCTACO,MC,MCTACO-MCTACO-329,317,"Answer the following question, select all the possible correct options, and each question has at least one correct option.
Context: Bringing my face close to the shoes, I breathed deeply of air that my parents had trapped while closing up that symbol of their love for me.
Question: How long did he breathe in the air from the shoes?
Options: A. 8 months
B. a few seconds
C. 5 minutes
D. one second

","Answer the following question, select all the possible correct options, and each question has at least one correct option.
Context: Bringing my face close to the shoes, I breathed deeply of air that my parents had trapped while closing up that symbol of their love for me.
Question: How long did he breathe in the air from the shoes?
Options: A. 8 months
B. a few seconds
C. 5 minutes
D. one second

Let's think step by step before providing your final answer. However, you must conclude your assessment with the statement: 'Thus, the correct answer is: X', where 'X' is simply the solution you've determined to be correct. Note that there may be more than one correct option, in which case you must list them all.",B. a few seconds && D. one second,1
TimeBench,MCTACO,MCTACO,MC,MCTACO-MCTACO-431,296,"Answer the following question, select all the possible correct options, and each question has at least one correct option.
Context: The fossils that are very distinct at certain times of Earths history are called index fossils.
Question: When were the fossils found?
Options: A. 4 years ago
B. two million years ago
C. 10 years ago
D. 11:00 AM

","Answer the following question, select all the possible correct options, and each question has at least one correct option.
Context: The fossils that are very distinct at certain times of Earths history are called index fossils.
Question: When were the fossils found?
Options: A. 4 years ago
B. two million years ago
C. 10 years ago
D. 11:00 AM

Let's think step by step before providing your final answer. However, you must conclude your assessment with the statement: 'Thus, the correct answer is: X', where 'X' is simply the solution you've determined to be correct. Note that there may be more than one correct option, in which case you must list them all.",A. 4 years ago && C. 10 years ago,0
TimeBench,MCTACO,MCTACO,MC,MCTACO-MCTACO-418,1068,"Answer the following question, select all the possible correct options, and each question has at least one correct option.
Context: Yes, they can, because they are in enclosed space stations or pressurized suits.In both cases, they are surrounded by air molecules.
Question: How long do the suits remain pressurized?
Options: A. a couple seconds
B. 4 hours
C. two months
D. two hours,

","Answer the following question, select all the possible correct options, and each question has at least one correct option.
Context: Yes, they can, because they are in enclosed space stations or pressurized suits.In both cases, they are surrounded by air molecules.
Question: How long do the suits remain pressurized?
Options: A. a couple seconds
B. 4 hours
C. two months
D. two hours,

Let's think step by step before providing your final answer. However, you must conclude your assessment with the statement: 'Thus, the correct answer is: X', where 'X' is simply the solution you've determined to be correct. Note that there may be more than one correct option, in which case you must list them all.","B. 4 hours && D. two hours,",1
TimeBench,MCTACO,MCTACO,MC,MCTACO-MCTACO-679,230,"Answer the following question, select all the possible correct options, and each question has at least one correct option.
Context: What if you rode the bus or were driven in a car?
Question: How often do kids ride the bus?
Options: A. 5 days a week
B. every 5 minutes
C. 5 centuries a week
D. twice a minute

","Answer the following question, select all the possible correct options, and each question has at least one correct option.
Context: What if you rode the bus or were driven in a car?
Question: How often do kids ride the bus?
Options: A. 5 days a week
B. every 5 minutes
C. 5 centuries a week
D. twice a minute

Let's think step by step before providing your final answer. However, you must conclude your assessment with the statement: 'Thus, the correct answer is: X', where 'X' is simply the solution you've determined to be correct. Note that there may be more than one correct option, in which case you must list them all.",A. 5 days a week,1
TimeBench,MCTACO,MCTACO,MC,MCTACO-MCTACO-487,412,"Answer the following question, select all the possible correct options, and each question has at least one correct option.
Context: With large population movements in the 1990s to urban areas, the provision of education has undergone transformation as well.
Question: How often do people move to urban areas today?
Options: A. rarely
B. every day
C. every century
D. frequently

","Answer the following question, select all the possible correct options, and each question has at least one correct option.
Context: With large population movements in the 1990s to urban areas, the provision of education has undergone transformation as well.
Question: How often do people move to urban areas today?
Options: A. rarely
B. every day
C. every century
D. frequently

Let's think step by step before providing your final answer. However, you must conclude your assessment with the statement: 'Thus, the correct answer is: X', where 'X' is simply the solution you've determined to be correct. Note that there may be more than one correct option, in which case you must list them all.",B. every day && D. frequently,1
TimeBench,MCTACO,MCTACO,MC,MCTACO-MCTACO-808,764,"Answer the following question, select all the possible correct options, and each question has at least one correct option.
Context: Finley only realizes with hindsight that his misdeeds far surpass those of Violet .
Question: What did he do after he realized this?
Options: A. they released only one of his machines
B. changed his ways
C. he tried to unload his holding
D. he repents

","Answer the following question, select all the possible correct options, and each question has at least one correct option.
Context: Finley only realizes with hindsight that his misdeeds far surpass those of Violet .
Question: What did he do after he realized this?
Options: A. they released only one of his machines
B. changed his ways
C. he tried to unload his holding
D. he repents

Let's think step by step before providing your final answer. However, you must conclude your assessment with the statement: 'Thus, the correct answer is: X', where 'X' is simply the solution you've determined to be correct. Note that there may be more than one correct option, in which case you must list them all.",B. changed his ways && D. he repents,1
TimeBench,MCTACO,MCTACO,MC,MCTACO-MCTACO-394,909,"Answer the following question, select all the possible correct options, and each question has at least one correct option.
Context: His people had tried and tried to break him, but he was wild at heart.
Question: How often did the people try to break him?
Options: A. people tried to break him once every two months
B. people try to break him every day
C. people tried to break him every night
D. once a minute

","Answer the following question, select all the possible correct options, and each question has at least one correct option.
Context: His people had tried and tried to break him, but he was wild at heart.
Question: How often did the people try to break him?
Options: A. people tried to break him once every two months
B. people try to break him every day
C. people tried to break him every night
D. once a minute

Let's think step by step before providing your final answer. However, you must conclude your assessment with the statement: 'Thus, the correct answer is: X', where 'X' is simply the solution you've determined to be correct. Note that there may be more than one correct option, in which case you must list them all.",B. people try to break him every day && C. people tried to break him every night,1
TimeBench,MCTACO,MCTACO,MC,MCTACO-MCTACO-755,265,"Answer the following question, select all the possible correct options, and each question has at least one correct option.
Context: They practiced a slash-and-burn agriculture of yams and millet, a technique that exhausted the soil and imposed a semi-nomadic existence from one jungle clearing to another.
Question: How long did the group remain in one jungle?
Options: A. a few months
B. a few minutes
C. many decades
D. 2 months

","Answer the following question, select all the possible correct options, and each question has at least one correct option.
Context: They practiced a slash-and-burn agriculture of yams and millet, a technique that exhausted the soil and imposed a semi-nomadic existence from one jungle clearing to another.
Question: How long did the group remain in one jungle?
Options: A. a few months
B. a few minutes
C. many decades
D. 2 months

Let's think step by step before providing your final answer. However, you must conclude your assessment with the statement: 'Thus, the correct answer is: X', where 'X' is simply the solution you've determined to be correct. Note that there may be more than one correct option, in which case you must list them all.",A. a few months && D. 2 months,1
TimeBench,MCTACO,MCTACO,MC,MCTACO-MCTACO-651,516,"Answer the following question, select all the possible correct options, and each question has at least one correct option.
Context: She held a similar post a few years ago in the school's Elder Law Clinic.
Question: How often did she go to work in her previous post?
Options: A. 5 days per year
B. every second
C. 5 times a week
D. once a second

","Answer the following question, select all the possible correct options, and each question has at least one correct option.
Context: She held a similar post a few years ago in the school's Elder Law Clinic.
Question: How often did she go to work in her previous post?
Options: A. 5 days per year
B. every second
C. 5 times a week
D. once a second

Let's think step by step before providing your final answer. However, you must conclude your assessment with the statement: 'Thus, the correct answer is: X', where 'X' is simply the solution you've determined to be correct. Note that there may be more than one correct option, in which case you must list them all.",C. 5 times a week,1
TimeBench,MCTACO,MCTACO,MC,MCTACO-MCTACO-828,205,"Answer the following question, select all the possible correct options, and each question has at least one correct option.
Context: Even though electronic espionage may cost U.S. firms billions of dollars a year, most aren't yet taking precautions, the experts said.
Question: How often are U.S. firms losing money?
Options: A. every previous year
B. every week
C. every couple months
D. every century

","Answer the following question, select all the possible correct options, and each question has at least one correct option.
Context: Even though electronic espionage may cost U.S. firms billions of dollars a year, most aren't yet taking precautions, the experts said.
Question: How often are U.S. firms losing money?
Options: A. every previous year
B. every week
C. every couple months
D. every century

Let's think step by step before providing your final answer. However, you must conclude your assessment with the statement: 'Thus, the correct answer is: X', where 'X' is simply the solution you've determined to be correct. Note that there may be more than one correct option, in which case you must list them all.",B. every week && C. every couple months,0
TimeBench,MCTACO,MCTACO,MC,MCTACO-MCTACO-282,746,"Answer the following question, select all the possible correct options, and each question has at least one correct option.
Context: As winter approaches, some plants respond by their leaves changing color.
Question: When does winter officially begin?
Options: A. December 21
B. 21st century
C. december 21 , 1975
D. december 21st

","Answer the following question, select all the possible correct options, and each question has at least one correct option.
Context: As winter approaches, some plants respond by their leaves changing color.
Question: When does winter officially begin?
Options: A. December 21
B. 21st century
C. december 21 , 1975
D. december 21st

Let's think step by step before providing your final answer. However, you must conclude your assessment with the statement: 'Thus, the correct answer is: X', where 'X' is simply the solution you've determined to be correct. Note that there may be more than one correct option, in which case you must list them all.",A. December 21 && D. december 21st,1
TimeBench,MCTACO,MCTACO,MC,MCTACO-MCTACO-333,877,"Answer the following question, select all the possible correct options, and each question has at least one correct option.
Context: Adding to the physical, emotional and financial burden they take on, grandparents face legal problems.
Question: What do grandparents do after facing legal problems?
Options: A. they die
B. hire attorneys
C. grandparents die
D. grandparents panic

","Answer the following question, select all the possible correct options, and each question has at least one correct option.
Context: Adding to the physical, emotional and financial burden they take on, grandparents face legal problems.
Question: What do grandparents do after facing legal problems?
Options: A. they die
B. hire attorneys
C. grandparents die
D. grandparents panic

Let's think step by step before providing your final answer. However, you must conclude your assessment with the statement: 'Thus, the correct answer is: X', where 'X' is simply the solution you've determined to be correct. Note that there may be more than one correct option, in which case you must list them all.",B. hire attorneys && D. grandparents panic,1
TimeBench,MCTACO,MCTACO,MC,MCTACO-MCTACO-91,756,"Answer the following question, select all the possible correct options, and each question has at least one correct option.
Context: Martinez works two jobs as a physician's assistant and supports his elderly parents and 8-year-old son.
Question: How often does Martinez work?
Options: A. 15 hours a year
B. once a year
C. everyday
D. 1.67 hours a week

","Answer the following question, select all the possible correct options, and each question has at least one correct option.
Context: Martinez works two jobs as a physician's assistant and supports his elderly parents and 8-year-old son.
Question: How often does Martinez work?
Options: A. 15 hours a year
B. once a year
C. everyday
D. 1.67 hours a week

Let's think step by step before providing your final answer. However, you must conclude your assessment with the statement: 'Thus, the correct answer is: X', where 'X' is simply the solution you've determined to be correct. Note that there may be more than one correct option, in which case you must list them all.",C. everyday,1
TimeBench,MCTACO,MCTACO,MC,MCTACO-MCTACO-799,101,"Answer the following question, select all the possible correct options, and each question has at least one correct option.
Context: After the second World Trade Center crash, Boston Center managers recognized that both aircraft were transcontinental 767 jetliners that had departed Logan Airport.
Question: What did the Boston Center managers do after they recognized both aircraft?
Options: A. they contacted authorities
B. they contacted the airport
C. ignore them
D. ignored them

","Answer the following question, select all the possible correct options, and each question has at least one correct option.
Context: After the second World Trade Center crash, Boston Center managers recognized that both aircraft were transcontinental 767 jetliners that had departed Logan Airport.
Question: What did the Boston Center managers do after they recognized both aircraft?
Options: A. they contacted authorities
B. they contacted the airport
C. ignore them
D. ignored them

Let's think step by step before providing your final answer. However, you must conclude your assessment with the statement: 'Thus, the correct answer is: X', where 'X' is simply the solution you've determined to be correct. Note that there may be more than one correct option, in which case you must list them all.",A. they contacted authorities && B. they contacted the airport,1
TimeBench,MCTACO,MCTACO,MC,MCTACO-MCTACO-406,619,"Answer the following question, select all the possible correct options, and each question has at least one correct option.
Context: The massive ice sheet, called a glacier, caused the features on the land you see today.
Question: How long did it take the glacier to cause the features on the land?
Options: A. thousands of years
B. 10 days
C. hundreds of seconds
D. 5000 years

","Answer the following question, select all the possible correct options, and each question has at least one correct option.
Context: The massive ice sheet, called a glacier, caused the features on the land you see today.
Question: How long did it take the glacier to cause the features on the land?
Options: A. thousands of years
B. 10 days
C. hundreds of seconds
D. 5000 years

Let's think step by step before providing your final answer. However, you must conclude your assessment with the statement: 'Thus, the correct answer is: X', where 'X' is simply the solution you've determined to be correct. Note that there may be more than one correct option, in which case you must list them all.",A. thousands of years && D. 5000 years,1
TimeBench,MCTACO,MCTACO,MC,MCTACO-MCTACO-300,369,"Answer the following question, select all the possible correct options, and each question has at least one correct option.
Context: You can clearly see the same rock layers on opposite sides of the canyon.
Question: How long does it take to travel to the far side of the canyon by foot?
Options: A. it takes you about 270 seconds to make it across
B. it takes an second to travel to the other side
C. it takes you about 30 seconds to make it across
D. six hours

","Answer the following question, select all the possible correct options, and each question has at least one correct option.
Context: You can clearly see the same rock layers on opposite sides of the canyon.
Question: How long does it take to travel to the far side of the canyon by foot?
Options: A. it takes you about 270 seconds to make it across
B. it takes an second to travel to the other side
C. it takes you about 30 seconds to make it across
D. six hours

Let's think step by step before providing your final answer. However, you must conclude your assessment with the statement: 'Thus, the correct answer is: X', where 'X' is simply the solution you've determined to be correct. Note that there may be more than one correct option, in which case you must list them all.",D. six hours,0
TimeBench,MCTACO,MCTACO,MC,MCTACO-MCTACO-159,740,"Answer the following question, select all the possible correct options, and each question has at least one correct option.
Context: Schools were scarce between World War I and World War II.
Question: How many times did World War I happen?
Options: A. 6 times
B. once
C. 18 times
D. 15 times

","Answer the following question, select all the possible correct options, and each question has at least one correct option.
Context: Schools were scarce between World War I and World War II.
Question: How many times did World War I happen?
Options: A. 6 times
B. once
C. 18 times
D. 15 times

Let's think step by step before providing your final answer. However, you must conclude your assessment with the statement: 'Thus, the correct answer is: X', where 'X' is simply the solution you've determined to be correct. Note that there may be more than one correct option, in which case you must list them all.",B. once,1
TimeBench,MCTACO,MCTACO,MC,MCTACO-MCTACO-132,229,"Answer the following question, select all the possible correct options, and each question has at least one correct option.
Context: What if you rode the bus or were driven in a car?
Question: What would you do after the bus ride?
Options: A. you would arrive at your destination
B. go home
C. you want your house insured
D. never get off the bus

","Answer the following question, select all the possible correct options, and each question has at least one correct option.
Context: What if you rode the bus or were driven in a car?
Question: What would you do after the bus ride?
Options: A. you would arrive at your destination
B. go home
C. you want your house insured
D. never get off the bus

Let's think step by step before providing your final answer. However, you must conclude your assessment with the statement: 'Thus, the correct answer is: X', where 'X' is simply the solution you've determined to be correct. Note that there may be more than one correct option, in which case you must list them all.",A. you would arrive at your destination && B. go home,1
TimeBench,MCTACO,MCTACO,MC,MCTACO-MCTACO-71,1315,"Answer the following question, select all the possible correct options, and each question has at least one correct option.
Context: Advocating civil disobedience, he led his famous Salt March to the sea, to scoop up salt and circumvent the hated British salt tax.
Question: How often did they use salt?
Options: A. each day
B. every minute
C. three times a century
D. once a day

","Answer the following question, select all the possible correct options, and each question has at least one correct option.
Context: Advocating civil disobedience, he led his famous Salt March to the sea, to scoop up salt and circumvent the hated British salt tax.
Question: How often did they use salt?
Options: A. each day
B. every minute
C. three times a century
D. once a day

Let's think step by step before providing your final answer. However, you must conclude your assessment with the statement: 'Thus, the correct answer is: X', where 'X' is simply the solution you've determined to be correct. Note that there may be more than one correct option, in which case you must list them all.",A. each day && D. once a day,1
TimeBench,MCTACO,MCTACO,MC,MCTACO-MCTACO-448,320,"Answer the following question, select all the possible correct options, and each question has at least one correct option.
Context: After meeting Maharishi Mahesh Yogi , the Beatles quickly return to London , and in a press conference they say they made a mistake when they trusted Maharishi .
Question: What happened after the press conference?
Options: A. maharishi mahesh yogi was perceived as a fraud
B. maharishi mahesh yogi was seen as a fraud
C. they denounced maharishi
D. they returned home

","Answer the following question, select all the possible correct options, and each question has at least one correct option.
Context: After meeting Maharishi Mahesh Yogi , the Beatles quickly return to London , and in a press conference they say they made a mistake when they trusted Maharishi .
Question: What happened after the press conference?
Options: A. maharishi mahesh yogi was perceived as a fraud
B. maharishi mahesh yogi was seen as a fraud
C. they denounced maharishi
D. they returned home

Let's think step by step before providing your final answer. However, you must conclude your assessment with the statement: 'Thus, the correct answer is: X', where 'X' is simply the solution you've determined to be correct. Note that there may be more than one correct option, in which case you must list them all.",A. maharishi mahesh yogi was perceived as a fraud && B. maharishi mahesh yogi was seen as a fraud && C. they denounced maharishi && D. they returned home,1
TimeBench,MCTACO,MCTACO,MC,MCTACO-MCTACO-83,295,"Answer the following question, select all the possible correct options, and each question has at least one correct option.
Context: The fossils that are very distinct at certain times of Earths history are called index fossils.
Question: How many times a year does the average user go to a museum to look at fossils?
Options: A. 12.5
B. 1 time
C. 2 times
D. 0.2 time

","Answer the following question, select all the possible correct options, and each question has at least one correct option.
Context: The fossils that are very distinct at certain times of Earths history are called index fossils.
Question: How many times a year does the average user go to a museum to look at fossils?
Options: A. 12.5
B. 1 time
C. 2 times
D. 0.2 time

Let's think step by step before providing your final answer. However, you must conclude your assessment with the statement: 'Thus, the correct answer is: X', where 'X' is simply the solution you've determined to be correct. Note that there may be more than one correct option, in which case you must list them all.",B. 1 time && C. 2 times,1
TimeBench,MCTACO,MCTACO,MC,MCTACO-MCTACO-29,1120,"Answer the following question, select all the possible correct options, and each question has at least one correct option.
Context: During the ensuing Battle of Chaeronea, Philip commanded the right wing and Alexander the left, accompanied by a group of Philip's trusted generals.
Question: Was Alexander still accompanied by a group of Philip's trusted generals the next day?
Options: A. yes the battle lasted minutes
B. current right-wing administration
C. yes
D. yes this battle lasted days

","Answer the following question, select all the possible correct options, and each question has at least one correct option.
Context: During the ensuing Battle of Chaeronea, Philip commanded the right wing and Alexander the left, accompanied by a group of Philip's trusted generals.
Question: Was Alexander still accompanied by a group of Philip's trusted generals the next day?
Options: A. yes the battle lasted minutes
B. current right-wing administration
C. yes
D. yes this battle lasted days

Let's think step by step before providing your final answer. However, you must conclude your assessment with the statement: 'Thus, the correct answer is: X', where 'X' is simply the solution you've determined to be correct. Note that there may be more than one correct option, in which case you must list them all.",C. yes && D. yes this battle lasted days,1
TimeBench,MCTACO,MCTACO,MC,MCTACO-MCTACO-7,510,"Answer the following question, select all the possible correct options, and each question has at least one correct option.
Context: This was still the Stone Age, but the people are thought to have made silk from thread produced by the worms they cultivated on the leaves of their mulberry trees.
Question: How often did people make thread?
Options: A. every second
B. every day
C. every week
D. every hour

","Answer the following question, select all the possible correct options, and each question has at least one correct option.
Context: This was still the Stone Age, but the people are thought to have made silk from thread produced by the worms they cultivated on the leaves of their mulberry trees.
Question: How often did people make thread?
Options: A. every second
B. every day
C. every week
D. every hour

Let's think step by step before providing your final answer. However, you must conclude your assessment with the statement: 'Thus, the correct answer is: X', where 'X' is simply the solution you've determined to be correct. Note that there may be more than one correct option, in which case you must list them all.",B. every day && C. every week,1
TimeBench,MCTACO,MCTACO,MC,MCTACO-MCTACO-591,1075,"Answer the following question, select all the possible correct options, and each question has at least one correct option.
Context: She had gotten out of her last day of school and was free for the summer.
Question: How often does she get time off?
Options: A. 4 times a day
B. every summer
C. every summer and every school break
D. 4 times a second

","Answer the following question, select all the possible correct options, and each question has at least one correct option.
Context: She had gotten out of her last day of school and was free for the summer.
Question: How often does she get time off?
Options: A. 4 times a day
B. every summer
C. every summer and every school break
D. 4 times a second

Let's think step by step before providing your final answer. However, you must conclude your assessment with the statement: 'Thus, the correct answer is: X', where 'X' is simply the solution you've determined to be correct. Note that there may be more than one correct option, in which case you must list them all.",B. every summer && C. every summer and every school break,1
TimeBench,MCTACO,MCTACO,MC,MCTACO-MCTACO-758,188,"Answer the following question, select all the possible correct options, and each question has at least one correct option.
Context: At current rates of use, coal will last about 300 years.
Question: What did people do after knowing that coal will not last forever?
Options: A. they began to develop other energy sources
B. they started using coal
C. they earn the current higher rates
D. alternative sources of funds meet its obligations

","Answer the following question, select all the possible correct options, and each question has at least one correct option.
Context: At current rates of use, coal will last about 300 years.
Question: What did people do after knowing that coal will not last forever?
Options: A. they began to develop other energy sources
B. they started using coal
C. they earn the current higher rates
D. alternative sources of funds meet its obligations

Let's think step by step before providing your final answer. However, you must conclude your assessment with the statement: 'Thus, the correct answer is: X', where 'X' is simply the solution you've determined to be correct. Note that there may be more than one correct option, in which case you must list them all.",A. they began to develop other energy sources,1
TimeBench,MCTACO,MCTACO,MC,MCTACO-MCTACO-235,418,"Answer the following question, select all the possible correct options, and each question has at least one correct option.
Context: They woke up and the sun was beginning to set.
Question: At what time was the sun beginning to set?
Options: A. at 45 pm
B. seven pm
C. at 5 pm
D. at 5 am

","Answer the following question, select all the possible correct options, and each question has at least one correct option.
Context: They woke up and the sun was beginning to set.
Question: At what time was the sun beginning to set?
Options: A. at 45 pm
B. seven pm
C. at 5 pm
D. at 5 am

Let's think step by step before providing your final answer. However, you must conclude your assessment with the statement: 'Thus, the correct answer is: X', where 'X' is simply the solution you've determined to be correct. Note that there may be more than one correct option, in which case you must list them all.",B. seven pm && C. at 5 pm,1
TimeBench,MCTACO,MCTACO,MC,MCTACO-MCTACO-598,995,"Answer the following question, select all the possible correct options, and each question has at least one correct option.
Context: Khallad helped in Yemen until he was arrested in a case of mistaken identity and freed with  Bin Laden's help, as we also mentioned earlier.
Question: What year was Khallad arrested?
Options: A. 1999
B. 2127
C. 1833
D. 1996

","Answer the following question, select all the possible correct options, and each question has at least one correct option.
Context: Khallad helped in Yemen until he was arrested in a case of mistaken identity and freed with  Bin Laden's help, as we also mentioned earlier.
Question: What year was Khallad arrested?
Options: A. 1999
B. 2127
C. 1833
D. 1996

Let's think step by step before providing your final answer. However, you must conclude your assessment with the statement: 'Thus, the correct answer is: X', where 'X' is simply the solution you've determined to be correct. Note that there may be more than one correct option, in which case you must list them all.",A. 1999 && D. 1996,1
TimeBench,MCTACO,MCTACO,MC,MCTACO-MCTACO-42,642,"Answer the following question, select all the possible correct options, and each question has at least one correct option.
Context: So how do you know where light will go after it strikes a shiny surface?
Question: What does light do after it is reflected?
Options: A. moves onto another surface
B. it goes to another surface
C. it travels to another surface
D. goes onto another surface

","Answer the following question, select all the possible correct options, and each question has at least one correct option.
Context: So how do you know where light will go after it strikes a shiny surface?
Question: What does light do after it is reflected?
Options: A. moves onto another surface
B. it goes to another surface
C. it travels to another surface
D. goes onto another surface

Let's think step by step before providing your final answer. However, you must conclude your assessment with the statement: 'Thus, the correct answer is: X', where 'X' is simply the solution you've determined to be correct. Note that there may be more than one correct option, in which case you must list them all.",A. moves onto another surface && B. it goes to another surface && C. it travels to another surface && D. goes onto another surface,1
TimeBench,MCTACO,MCTACO,MC,MCTACO-MCTACO-109,677,"Answer the following question, select all the possible correct options, and each question has at least one correct option.
Context: Meanwhile , after being placed in the Cairo Museum , the mummy of Prem is revived when Hasmid chants the sacred oath on the shroud .
Question: What happens after the mummy of Prem is revived?
Options: A. it has a math test
B. it walks around the room
C. it walks
D. he returns back to sleep

","Answer the following question, select all the possible correct options, and each question has at least one correct option.
Context: Meanwhile , after being placed in the Cairo Museum , the mummy of Prem is revived when Hasmid chants the sacred oath on the shroud .
Question: What happens after the mummy of Prem is revived?
Options: A. it has a math test
B. it walks around the room
C. it walks
D. he returns back to sleep

Let's think step by step before providing your final answer. However, you must conclude your assessment with the statement: 'Thus, the correct answer is: X', where 'X' is simply the solution you've determined to be correct. Note that there may be more than one correct option, in which case you must list them all.",B. it walks around the room && C. it walks,1
TimeBench,MCTACO,MCTACO,MC,MCTACO-MCTACO-514,1243,"Answer the following question, select all the possible correct options, and each question has at least one correct option.
Context: Mintie, her colleagues say, could have made a lot of money in private practice.
Question: What does Mintie do after she makes money?
Options: A. spends money or saves it
B. invests it
C. pay bills
D. throws it away

","Answer the following question, select all the possible correct options, and each question has at least one correct option.
Context: Mintie, her colleagues say, could have made a lot of money in private practice.
Question: What does Mintie do after she makes money?
Options: A. spends money or saves it
B. invests it
C. pay bills
D. throws it away

Let's think step by step before providing your final answer. However, you must conclude your assessment with the statement: 'Thus, the correct answer is: X', where 'X' is simply the solution you've determined to be correct. Note that there may be more than one correct option, in which case you must list them all.",A. spends money or saves it && B. invests it && C. pay bills,1
TimeBench,MCTACO,MCTACO,MC,MCTACO-MCTACO-52,1019,"Answer the following question, select all the possible correct options, and each question has at least one correct option.
Context: Moreover, he said, technology now exists for stealing corporate secrets after they've been ""erased"" from a computer's memory.
Question: What happens after hacker steal the corporate secrets?
Options: A. the hack returns the data
B. they are sold on the black market
C. the hacker sells the secrets
D. the hacker returns the data

","Answer the following question, select all the possible correct options, and each question has at least one correct option.
Context: Moreover, he said, technology now exists for stealing corporate secrets after they've been ""erased"" from a computer's memory.
Question: What happens after hacker steal the corporate secrets?
Options: A. the hack returns the data
B. they are sold on the black market
C. the hacker sells the secrets
D. the hacker returns the data

Let's think step by step before providing your final answer. However, you must conclude your assessment with the statement: 'Thus, the correct answer is: X', where 'X' is simply the solution you've determined to be correct. Note that there may be more than one correct option, in which case you must list them all.",B. they are sold on the black market && C. the hacker sells the secrets,1
TimeBench,MCTACO,MCTACO,MC,MCTACO-MCTACO-449,860,"Answer the following question, select all the possible correct options, and each question has at least one correct option.
Context: The hordes of people who attended Hoover Dam's 1935 dedication set the city's now-formidable public relations machine into action.
Question: What did the visitors do after the opening?
Options: A. the visitors swam in the dam after the opened
B. the visitors swam in the dam after the opening
C. traveled to the dam
D. the visitors looked at the dam after the opening

","Answer the following question, select all the possible correct options, and each question has at least one correct option.
Context: The hordes of people who attended Hoover Dam's 1935 dedication set the city's now-formidable public relations machine into action.
Question: What did the visitors do after the opening?
Options: A. the visitors swam in the dam after the opened
B. the visitors swam in the dam after the opening
C. traveled to the dam
D. the visitors looked at the dam after the opening

Let's think step by step before providing your final answer. However, you must conclude your assessment with the statement: 'Thus, the correct answer is: X', where 'X' is simply the solution you've determined to be correct. Note that there may be more than one correct option, in which case you must list them all.",C. traveled to the dam && D. the visitors looked at the dam after the opening,1
TimeBench,MCTACO,MCTACO,MC,MCTACO-MCTACO-781,1078,"Answer the following question, select all the possible correct options, and each question has at least one correct option.
Context: She had gotten out of her last day of school and was free for the summer.
Question: How long did she go to school?
Options: A. one minute
B. 3 minutes
C. nine months of the year
D. three months of the year

","Answer the following question, select all the possible correct options, and each question has at least one correct option.
Context: She had gotten out of her last day of school and was free for the summer.
Question: How long did she go to school?
Options: A. one minute
B. 3 minutes
C. nine months of the year
D. three months of the year

Let's think step by step before providing your final answer. However, you must conclude your assessment with the statement: 'Thus, the correct answer is: X', where 'X' is simply the solution you've determined to be correct. Note that there may be more than one correct option, in which case you must list them all.",C. nine months of the year,1
TimeBench,MCTACO,MCTACO,MC,MCTACO-MCTACO-549,322,"Answer the following question, select all the possible correct options, and each question has at least one correct option.
Context: He had never had any pets before, but was always excited to see the other dogs and cats in his neighborhood.
Question: How often does he see dogs and cats?
Options: A. about once every month
B. every day in the area
C. every few days
D. about once a month

","Answer the following question, select all the possible correct options, and each question has at least one correct option.
Context: He had never had any pets before, but was always excited to see the other dogs and cats in his neighborhood.
Question: How often does he see dogs and cats?
Options: A. about once every month
B. every day in the area
C. every few days
D. about once a month

Let's think step by step before providing your final answer. However, you must conclude your assessment with the statement: 'Thus, the correct answer is: X', where 'X' is simply the solution you've determined to be correct. Note that there may be more than one correct option, in which case you must list them all.",B. every day in the area && C. every few days,1
TimeBench,MCTACO,MCTACO,MC,MCTACO-MCTACO-265,282,"Answer the following question, select all the possible correct options, and each question has at least one correct option.
Context: It seemed strange to him, but not as strange as it was to see Linda the brown chicken in the living room last spring.
Question: How often does he find a wild animal in his house?
Options: A. he sees a wild animal in his house once every five years
B. he finds a wild animal in his house once a day
C. he finds a wild animal in his house once every five years
D. he finds a wild animal in his house once every five seconds

","Answer the following question, select all the possible correct options, and each question has at least one correct option.
Context: It seemed strange to him, but not as strange as it was to see Linda the brown chicken in the living room last spring.
Question: How often does he find a wild animal in his house?
Options: A. he sees a wild animal in his house once every five years
B. he finds a wild animal in his house once a day
C. he finds a wild animal in his house once every five years
D. he finds a wild animal in his house once every five seconds

Let's think step by step before providing your final answer. However, you must conclude your assessment with the statement: 'Thus, the correct answer is: X', where 'X' is simply the solution you've determined to be correct. Note that there may be more than one correct option, in which case you must list them all.",A. he sees a wild animal in his house once every five years && C. he finds a wild animal in his house once every five years,1
TimeBench,MCTACO,MCTACO,MC,MCTACO-MCTACO-657,18,"Answer the following question, select all the possible correct options, and each question has at least one correct option.
Context: However, more recently, it has been suggested that it may date from earlier than Abdalonymus' death.
Question: How long has it existed?
Options: A. hundreds of weeks
B. thousands of hours
C. 2,000 years
D. thousands of years

","Answer the following question, select all the possible correct options, and each question has at least one correct option.
Context: However, more recently, it has been suggested that it may date from earlier than Abdalonymus' death.
Question: How long has it existed?
Options: A. hundreds of weeks
B. thousands of hours
C. 2,000 years
D. thousands of years

Let's think step by step before providing your final answer. However, you must conclude your assessment with the statement: 'Thus, the correct answer is: X', where 'X' is simply the solution you've determined to be correct. Note that there may be more than one correct option, in which case you must list them all.","C. 2,000 years && D. thousands of years",1
TimeBench,MCTACO,MCTACO,MC,MCTACO-MCTACO-19,932,"Answer the following question, select all the possible correct options, and each question has at least one correct option.
Context: Johnson is a justice on California's Second District Court of Appeal.
Question: What happens after Johnson arrives at the court?
Options: A. he goes to sleep
B. he starts working
C. he rules on a case
D. he plays pool

","Answer the following question, select all the possible correct options, and each question has at least one correct option.
Context: Johnson is a justice on California's Second District Court of Appeal.
Question: What happens after Johnson arrives at the court?
Options: A. he goes to sleep
B. he starts working
C. he rules on a case
D. he plays pool

Let's think step by step before providing your final answer. However, you must conclude your assessment with the statement: 'Thus, the correct answer is: X', where 'X' is simply the solution you've determined to be correct. Note that there may be more than one correct option, in which case you must list them all.",B. he starts working && C. he rules on a case,1
TimeBench,MCTACO,MCTACO,MC,MCTACO-MCTACO-307,294,"Answer the following question, select all the possible correct options, and each question has at least one correct option.
Context: After graduating from Cairo University with a degree in architectural engineering in 1990, Atta worked as an urban planner in Cairo for a couple of years.
Question: What happened after Atta worked as an urban planner?
Options: A. atta moved from moscow
B. his brushed his teeth
C. he was promoted
D. atta returned to moscow

","Answer the following question, select all the possible correct options, and each question has at least one correct option.
Context: After graduating from Cairo University with a degree in architectural engineering in 1990, Atta worked as an urban planner in Cairo for a couple of years.
Question: What happened after Atta worked as an urban planner?
Options: A. atta moved from moscow
B. his brushed his teeth
C. he was promoted
D. atta returned to moscow

Let's think step by step before providing your final answer. However, you must conclude your assessment with the statement: 'Thus, the correct answer is: X', where 'X' is simply the solution you've determined to be correct. Note that there may be more than one correct option, in which case you must list them all.",C. he was promoted,0
TimeBench,MCTACO,MCTACO,MC,MCTACO-MCTACO-62,854,"Answer the following question, select all the possible correct options, and each question has at least one correct option.
Context: Taj Jackson told the magazine: ""My mom made sure that we had a real childhood, with birthday parties, baseball, family outings, all that stuff.""
Question: How often would Taj Jackson have a birthday party?
Options: A. every second
B. every year
C. once a year
D. once per week

","Answer the following question, select all the possible correct options, and each question has at least one correct option.
Context: Taj Jackson told the magazine: ""My mom made sure that we had a real childhood, with birthday parties, baseball, family outings, all that stuff.""
Question: How often would Taj Jackson have a birthday party?
Options: A. every second
B. every year
C. once a year
D. once per week

Let's think step by step before providing your final answer. However, you must conclude your assessment with the statement: 'Thus, the correct answer is: X', where 'X' is simply the solution you've determined to be correct. Note that there may be more than one correct option, in which case you must list them all.",B. every year && C. once a year,1
TimeBench,MCTACO,MCTACO,MC,MCTACO-MCTACO-273,1192,"Answer the following question, select all the possible correct options, and each question has at least one correct option.
Context: Later in the month, they traveled to China by train and were allowed to see how different life was over there.
Question: Were they still in China after the trip?
Options: A. no they were only visiting
B. no
C. they see how the economy behaves
D. no they were just visiting

","Answer the following question, select all the possible correct options, and each question has at least one correct option.
Context: Later in the month, they traveled to China by train and were allowed to see how different life was over there.
Question: Were they still in China after the trip?
Options: A. no they were only visiting
B. no
C. they see how the economy behaves
D. no they were just visiting

Let's think step by step before providing your final answer. However, you must conclude your assessment with the statement: 'Thus, the correct answer is: X', where 'X' is simply the solution you've determined to be correct. Note that there may be more than one correct option, in which case you must list them all.",A. no they were only visiting && B. no && D. no they were just visiting,1
TimeBench,MCTACO,MCTACO,MC,MCTACO-MCTACO-286,721,"Answer the following question, select all the possible correct options, and each question has at least one correct option.
Context: The instant would have been improved had my baby shoes been cleaned before they were encased.
Question: How often are the baby shoes encased?
Options: A. once
B. every week
C. just once
D. every year

","Answer the following question, select all the possible correct options, and each question has at least one correct option.
Context: The instant would have been improved had my baby shoes been cleaned before they were encased.
Question: How often are the baby shoes encased?
Options: A. once
B. every week
C. just once
D. every year

Let's think step by step before providing your final answer. However, you must conclude your assessment with the statement: 'Thus, the correct answer is: X', where 'X' is simply the solution you've determined to be correct. Note that there may be more than one correct option, in which case you must list them all.",A. once && C. just once,1
TimeBench,MCTACO,MCTACO,MC,MCTACO-MCTACO-498,749,"Answer the following question, select all the possible correct options, and each question has at least one correct option.
Context: As winter approaches, some plants respond by their leaves changing color.
Question: How many times in a year do the leaves change color?
Options: A. 1 time a year
B. once
C. 1 time a hour
D. once a week

","Answer the following question, select all the possible correct options, and each question has at least one correct option.
Context: As winter approaches, some plants respond by their leaves changing color.
Question: How many times in a year do the leaves change color?
Options: A. 1 time a year
B. once
C. 1 time a hour
D. once a week

Let's think step by step before providing your final answer. However, you must conclude your assessment with the statement: 'Thus, the correct answer is: X', where 'X' is simply the solution you've determined to be correct. Note that there may be more than one correct option, in which case you must list them all.",A. 1 time a year && B. once,1
TimeBench,MCTACO,MCTACO,MC,MCTACO-MCTACO-352,733,"Answer the following question, select all the possible correct options, and each question has at least one correct option.
Context: He said that Oliver North of Iran-Contra notoriety thought he had erased his computer but that the information was later retrieved for congressional committees to read.
Question: How often do the congressional committees convene?
Options: A. 0.6 times a day
B. each year
C. 3 times a day
D. 3 times a month

","Answer the following question, select all the possible correct options, and each question has at least one correct option.
Context: He said that Oliver North of Iran-Contra notoriety thought he had erased his computer but that the information was later retrieved for congressional committees to read.
Question: How often do the congressional committees convene?
Options: A. 0.6 times a day
B. each year
C. 3 times a day
D. 3 times a month

Let's think step by step before providing your final answer. However, you must conclude your assessment with the statement: 'Thus, the correct answer is: X', where 'X' is simply the solution you've determined to be correct. Note that there may be more than one correct option, in which case you must list them all.",D. 3 times a month,1
TimeBench,MCTACO,MCTACO,MC,MCTACO-MCTACO-533,590,"Answer the following question, select all the possible correct options, and each question has at least one correct option.
Context: After the August missile strikes, diplomatic options to press the Taliban seemed no more promising than military options.
Question: How often did the strikes happen
Options: A. once that minute
B. once that month
C. once that century
D. a number of times during the minute

","Answer the following question, select all the possible correct options, and each question has at least one correct option.
Context: After the August missile strikes, diplomatic options to press the Taliban seemed no more promising than military options.
Question: How often did the strikes happen
Options: A. once that minute
B. once that month
C. once that century
D. a number of times during the minute

Let's think step by step before providing your final answer. However, you must conclude your assessment with the statement: 'Thus, the correct answer is: X', where 'X' is simply the solution you've determined to be correct. Note that there may be more than one correct option, in which case you must list them all.",B. once that month,1
TimeBench,MCTACO,MCTACO,MC,MCTACO-MCTACO-358,1081,"Answer the following question, select all the possible correct options, and each question has at least one correct option.
Context: The factory is highly automated and designed to shift flexibly to produce many different kinds of chips to suit demand.
Question: When is the factory making chips?
Options: A. 2:00 AM
B. 2:00 PM
C. 11:00 AM
D. during the night

","Answer the following question, select all the possible correct options, and each question has at least one correct option.
Context: The factory is highly automated and designed to shift flexibly to produce many different kinds of chips to suit demand.
Question: When is the factory making chips?
Options: A. 2:00 AM
B. 2:00 PM
C. 11:00 AM
D. during the night

Let's think step by step before providing your final answer. However, you must conclude your assessment with the statement: 'Thus, the correct answer is: X', where 'X' is simply the solution you've determined to be correct. Note that there may be more than one correct option, in which case you must list them all.",B. 2:00 PM && C. 11:00 AM,0
TimeBench,MCTACO,MCTACO,MC,MCTACO-MCTACO-369,31,"Answer the following question, select all the possible correct options, and each question has at least one correct option.
Context: She renews in Ranchipur an acquaintance with a former lover , Tom Ransome , now a dissolute alcoholic .
Question: How frequently does Tom drink?
Options: A. every night
B. several times each century
C. every century
D. every day

","Answer the following question, select all the possible correct options, and each question has at least one correct option.
Context: She renews in Ranchipur an acquaintance with a former lover , Tom Ransome , now a dissolute alcoholic .
Question: How frequently does Tom drink?
Options: A. every night
B. several times each century
C. every century
D. every day

Let's think step by step before providing your final answer. However, you must conclude your assessment with the statement: 'Thus, the correct answer is: X', where 'X' is simply the solution you've determined to be correct. Note that there may be more than one correct option, in which case you must list them all.",A. every night && D. every day,1
TimeBench,MCTACO,MCTACO,MC,MCTACO-MCTACO-494,469,"Answer the following question, select all the possible correct options, and each question has at least one correct option.
Context: Magnets are able to place a force on certain materials.
Question: What happens after the force is placed?
Options: A. nothing
B. it retracts from the magnet
C. the magnet moves the material
D. the magnet breaks

","Answer the following question, select all the possible correct options, and each question has at least one correct option.
Context: Magnets are able to place a force on certain materials.
Question: What happens after the force is placed?
Options: A. nothing
B. it retracts from the magnet
C. the magnet moves the material
D. the magnet breaks

Let's think step by step before providing your final answer. However, you must conclude your assessment with the statement: 'Thus, the correct answer is: X', where 'X' is simply the solution you've determined to be correct. Note that there may be more than one correct option, in which case you must list them all.",B. it retracts from the magnet && C. the magnet moves the material,1
TimeBench,MCTACO,MCTACO,MC,MCTACO-MCTACO-527,993,"Answer the following question, select all the possible correct options, and each question has at least one correct option.
Context: The ground is capable of supporting grass and trees, so wind erosion would not explain it.
Question: After the land erodes, what happens to the trees?
Options: A. the forests thrive
B. the trees die
C. the forests fall
D. the trees stay up

","Answer the following question, select all the possible correct options, and each question has at least one correct option.
Context: The ground is capable of supporting grass and trees, so wind erosion would not explain it.
Question: After the land erodes, what happens to the trees?
Options: A. the forests thrive
B. the trees die
C. the forests fall
D. the trees stay up

Let's think step by step before providing your final answer. However, you must conclude your assessment with the statement: 'Thus, the correct answer is: X', where 'X' is simply the solution you've determined to be correct. Note that there may be more than one correct option, in which case you must list them all.",B. the trees die && C. the forests fall,1
TimeBench,MCTACO,MCTACO,MC,MCTACO-MCTACO-177,882,"Answer the following question, select all the possible correct options, and each question has at least one correct option.
Context: Columbia University's student group for ROTC cadets and Marine officer candidates is named the Alexander Hamilton Society.
Question: How often does the Alexander Hamilton Society have meetings?
Options: A. 45 times a day
B. once a month
C. once a week
D. each month

","Answer the following question, select all the possible correct options, and each question has at least one correct option.
Context: Columbia University's student group for ROTC cadets and Marine officer candidates is named the Alexander Hamilton Society.
Question: How often does the Alexander Hamilton Society have meetings?
Options: A. 45 times a day
B. once a month
C. once a week
D. each month

Let's think step by step before providing your final answer. However, you must conclude your assessment with the statement: 'Thus, the correct answer is: X', where 'X' is simply the solution you've determined to be correct. Note that there may be more than one correct option, in which case you must list them all.",B. once a month && C. once a week && D. each month,1
TimeBench,MCTACO,MCTACO,MC,MCTACO-MCTACO-249,107,"Answer the following question, select all the possible correct options, and each question has at least one correct option.
Context: Domestic violence survivors in Jackson, Vicksburg, Hattiesburg, Oxford and Pascagoula can all get help.
Question: What happened to allow them to seek help?
Options: A. you need all the help you can get
B. a shelter opened
C. you get all of him
D. they got beat

","Answer the following question, select all the possible correct options, and each question has at least one correct option.
Context: Domestic violence survivors in Jackson, Vicksburg, Hattiesburg, Oxford and Pascagoula can all get help.
Question: What happened to allow them to seek help?
Options: A. you need all the help you can get
B. a shelter opened
C. you get all of him
D. they got beat

Let's think step by step before providing your final answer. However, you must conclude your assessment with the statement: 'Thus, the correct answer is: X', where 'X' is simply the solution you've determined to be correct. Note that there may be more than one correct option, in which case you must list them all.",B. a shelter opened,1
TimeBench,MCTACO,MCTACO,MC,MCTACO-MCTACO-550,1036,"Answer the following question, select all the possible correct options, and each question has at least one correct option.
Context: Gonzo treated himself to a massage today to try to work out all of his stuntman kinks.
Question: Was Gonzo still having a massage the next week?
Options: A. he had no time to work
B. no the massage was under one hour
C. yes the massage was under an hour
D. no the massage lasted just a couple minutes

","Answer the following question, select all the possible correct options, and each question has at least one correct option.
Context: Gonzo treated himself to a massage today to try to work out all of his stuntman kinks.
Question: Was Gonzo still having a massage the next week?
Options: A. he had no time to work
B. no the massage was under one hour
C. yes the massage was under an hour
D. no the massage lasted just a couple minutes

Let's think step by step before providing your final answer. However, you must conclude your assessment with the statement: 'Thus, the correct answer is: X', where 'X' is simply the solution you've determined to be correct. Note that there may be more than one correct option, in which case you must list them all.",B. no the massage was under one hour && D. no the massage lasted just a couple minutes,1
TimeBench,MCTACO,MCTACO,MC,MCTACO-MCTACO-75,659,"Answer the following question, select all the possible correct options, and each question has at least one correct option.
Context: It is spending more than $500 million a year on semiconductor research and development.
Question: What will happen when the development stage is over?
Options: A. they will patent it
B. the semiconductor is developed
C. motorola inc. participate in a semiconductor research project
D. they will never use it again

","Answer the following question, select all the possible correct options, and each question has at least one correct option.
Context: It is spending more than $500 million a year on semiconductor research and development.
Question: What will happen when the development stage is over?
Options: A. they will patent it
B. the semiconductor is developed
C. motorola inc. participate in a semiconductor research project
D. they will never use it again

Let's think step by step before providing your final answer. However, you must conclude your assessment with the statement: 'Thus, the correct answer is: X', where 'X' is simply the solution you've determined to be correct. Note that there may be more than one correct option, in which case you must list them all.",A. they will patent it && B. the semiconductor is developed,1
TimeBench,MCTACO,MCTACO,MC,MCTACO-MCTACO-114,719,"Answer the following question, select all the possible correct options, and each question has at least one correct option.
Context: They made Parameswara an offer he could not refuse: port facilities and an annual financial tribute in exchange for Chinese protection against the marauding Thais.
Question: Did Parameswara still have the offer the next day?
Options: A. he made an offer
B. yes since they had to deal with him
C. no he changed it the next month
D. yes since they wanted to deal with him

","Answer the following question, select all the possible correct options, and each question has at least one correct option.
Context: They made Parameswara an offer he could not refuse: port facilities and an annual financial tribute in exchange for Chinese protection against the marauding Thais.
Question: Did Parameswara still have the offer the next day?
Options: A. he made an offer
B. yes since they had to deal with him
C. no he changed it the next month
D. yes since they wanted to deal with him

Let's think step by step before providing your final answer. However, you must conclude your assessment with the statement: 'Thus, the correct answer is: X', where 'X' is simply the solution you've determined to be correct. Note that there may be more than one correct option, in which case you must list them all.",B. yes since they had to deal with him && D. yes since they wanted to deal with him,1
TimeBench,MCTACO,MCTACO,MC,MCTACO-MCTACO-452,984,"Answer the following question, select all the possible correct options, and each question has at least one correct option.
Context: Portuguese explorers then embarked upon Macau (now Macao), the Congo, and various other parts of Africa, including the Sudan.
Question: When did the explorers visit Macau?
Options: A. in 2097
B. January 1650
C. in 1810
D. 4203

","Answer the following question, select all the possible correct options, and each question has at least one correct option.
Context: Portuguese explorers then embarked upon Macau (now Macao), the Congo, and various other parts of Africa, including the Sudan.
Question: When did the explorers visit Macau?
Options: A. in 2097
B. January 1650
C. in 1810
D. 4203

Let's think step by step before providing your final answer. However, you must conclude your assessment with the statement: 'Thus, the correct answer is: X', where 'X' is simply the solution you've determined to be correct. Note that there may be more than one correct option, in which case you must list them all.",B. January 1650 && C. in 1810,1
TimeBench,MCTACO,MCTACO,MC,MCTACO-MCTACO-105,1146,"Answer the following question, select all the possible correct options, and each question has at least one correct option.
Context: Delighted , Preetam goes in search of her watch and brings it back .
Question: What did Preetam do after coming back with her watch ?
Options: A. she wears it
B. she threw it in the garbage
C. she put the watch on her wrist
D. it belonged to her grandfather

","Answer the following question, select all the possible correct options, and each question has at least one correct option.
Context: Delighted , Preetam goes in search of her watch and brings it back .
Question: What did Preetam do after coming back with her watch ?
Options: A. she wears it
B. she threw it in the garbage
C. she put the watch on her wrist
D. it belonged to her grandfather

Let's think step by step before providing your final answer. However, you must conclude your assessment with the statement: 'Thus, the correct answer is: X', where 'X' is simply the solution you've determined to be correct. Note that there may be more than one correct option, in which case you must list them all.",A. she wears it && C. she put the watch on her wrist,1
TimeBench,MCTACO,MCTACO,MC,MCTACO-MCTACO-115,587,"Answer the following question, select all the possible correct options, and each question has at least one correct option.
Context: Soaking wet, he ran toward where I was eating a sandwich on the grass and curled right up in my lap so I could make him feel better.
Question: At what time of the day did he lay in her lap?
Options: A. 4:00 AM
B. 2:00 AM
C. about 3 pm
D. 4:00 PM

","Answer the following question, select all the possible correct options, and each question has at least one correct option.
Context: Soaking wet, he ran toward where I was eating a sandwich on the grass and curled right up in my lap so I could make him feel better.
Question: At what time of the day did he lay in her lap?
Options: A. 4:00 AM
B. 2:00 AM
C. about 3 pm
D. 4:00 PM

Let's think step by step before providing your final answer. However, you must conclude your assessment with the statement: 'Thus, the correct answer is: X', where 'X' is simply the solution you've determined to be correct. Note that there may be more than one correct option, in which case you must list them all.",C. about 3 pm && D. 4:00 PM,1
TimeBench,MCTACO,MCTACO,MC,MCTACO-MCTACO-363,1239,"Answer the following question, select all the possible correct options, and each question has at least one correct option.
Context: Human operators are there to monitor the systems, catch errors and fine-tune the production process for maximum efficiency.
Question: What do the human operators do when they leave work?
Options: A. human operators go sailing when they leave work
B. human employees go home when they leave work
C. go to space
D. they go home

","Answer the following question, select all the possible correct options, and each question has at least one correct option.
Context: Human operators are there to monitor the systems, catch errors and fine-tune the production process for maximum efficiency.
Question: What do the human operators do when they leave work?
Options: A. human operators go sailing when they leave work
B. human employees go home when they leave work
C. go to space
D. they go home

Let's think step by step before providing your final answer. However, you must conclude your assessment with the statement: 'Thus, the correct answer is: X', where 'X' is simply the solution you've determined to be correct. Note that there may be more than one correct option, in which case you must list them all.",B. human employees go home when they leave work && D. they go home,1
TimeBench,MCTACO,MCTACO,MC,MCTACO-MCTACO-458,1276,"Answer the following question, select all the possible correct options, and each question has at least one correct option.
Context: Tocqueville was a classical liberal who advocated parliamentary government, but was skeptical of the extremes of democracy.
Question: How often did he join different political [parties?
Options: A. he joined different political parties twice in his life
B. every century
C. every night
D. every month

","Answer the following question, select all the possible correct options, and each question has at least one correct option.
Context: Tocqueville was a classical liberal who advocated parliamentary government, but was skeptical of the extremes of democracy.
Question: How often did he join different political [parties?
Options: A. he joined different political parties twice in his life
B. every century
C. every night
D. every month

Let's think step by step before providing your final answer. However, you must conclude your assessment with the statement: 'Thus, the correct answer is: X', where 'X' is simply the solution you've determined to be correct. Note that there may be more than one correct option, in which case you must list them all.",A. he joined different political parties twice in his life,1
TimeBench,MCTACO,MCTACO,MC,MCTACO-MCTACO-337,1011,"Answer the following question, select all the possible correct options, and each question has at least one correct option.
Context: They then took a boat to Africa and Asia, where they went on a trip through the mountains.
Question: Were they always in Africa?
Options: A. they took the art
B. yes
C. no
D. they check through the orders on file

","Answer the following question, select all the possible correct options, and each question has at least one correct option.
Context: They then took a boat to Africa and Asia, where they went on a trip through the mountains.
Question: Were they always in Africa?
Options: A. they took the art
B. yes
C. no
D. they check through the orders on file

Let's think step by step before providing your final answer. However, you must conclude your assessment with the statement: 'Thus, the correct answer is: X', where 'X' is simply the solution you've determined to be correct. Note that there may be more than one correct option, in which case you must list them all.",C. no,1
TimeBench,MCTACO,MCTACO,MC,MCTACO-MCTACO-782,1216,"Answer the following question, select all the possible correct options, and each question has at least one correct option.
Context: Some are trying to escape eviction or an abusive marriage.
Question: How long can it take them to escape?
Options: A. usually it take less than 0.56 minutes to escape
B. weeks
C. it can take months of planning to come up with an exit plan
D. a second

","Answer the following question, select all the possible correct options, and each question has at least one correct option.
Context: Some are trying to escape eviction or an abusive marriage.
Question: How long can it take them to escape?
Options: A. usually it take less than 0.56 minutes to escape
B. weeks
C. it can take months of planning to come up with an exit plan
D. a second

Let's think step by step before providing your final answer. However, you must conclude your assessment with the statement: 'Thus, the correct answer is: X', where 'X' is simply the solution you've determined to be correct. Note that there may be more than one correct option, in which case you must list them all.",B. weeks && C. it can take months of planning to come up with an exit plan,1
TimeBench,MCTACO,MCTACO,MC,MCTACO-MCTACO-95,440,"Answer the following question, select all the possible correct options, and each question has at least one correct option.
Context: We may promise ""justice for all,"" but for those who can't afford a lawyer, that promise is often a lie.
Question: What happened before justice for all was promised?
Options: A. after justice for all was promised, many unjust actions occurred, which forced our country to make the promise
B. civil liberty and freedom of speech
C. people were treated unfairly
D. many promise  more than they can deliver

","Answer the following question, select all the possible correct options, and each question has at least one correct option.
Context: We may promise ""justice for all,"" but for those who can't afford a lawyer, that promise is often a lie.
Question: What happened before justice for all was promised?
Options: A. after justice for all was promised, many unjust actions occurred, which forced our country to make the promise
B. civil liberty and freedom of speech
C. people were treated unfairly
D. many promise  more than they can deliver

Let's think step by step before providing your final answer. However, you must conclude your assessment with the statement: 'Thus, the correct answer is: X', where 'X' is simply the solution you've determined to be correct. Note that there may be more than one correct option, in which case you must list them all.",C. people were treated unfairly,1
TimeBench,MCTACO,MCTACO,MC,MCTACO-MCTACO-395,1095,"Answer the following question, select all the possible correct options, and each question has at least one correct option.
Context: She later adopted the stage name Fontaine -- the name of her mother's second husband.
Question: What happened after she was given a stage name?
Options: A. she retired
B. she and her husband need the car
C. she used it for her performances
D. she became famous

","Answer the following question, select all the possible correct options, and each question has at least one correct option.
Context: She later adopted the stage name Fontaine -- the name of her mother's second husband.
Question: What happened after she was given a stage name?
Options: A. she retired
B. she and her husband need the car
C. she used it for her performances
D. she became famous

Let's think step by step before providing your final answer. However, you must conclude your assessment with the statement: 'Thus, the correct answer is: X', where 'X' is simply the solution you've determined to be correct. Note that there may be more than one correct option, in which case you must list them all.",C. she used it for her performances && D. she became famous,1
TimeBench,MCTACO,MCTACO,MC,MCTACO-MCTACO-168,371,"Answer the following question, select all the possible correct options, and each question has at least one correct option.
Context: You can clearly see the same rock layers on opposite sides of the canyon.
Question: How often are canyons formed?
Options: A. every million years
B. 1 month
C. 1 minute
D. 0.33 day

","Answer the following question, select all the possible correct options, and each question has at least one correct option.
Context: You can clearly see the same rock layers on opposite sides of the canyon.
Question: How often are canyons formed?
Options: A. every million years
B. 1 month
C. 1 minute
D. 0.33 day

Let's think step by step before providing your final answer. However, you must conclude your assessment with the statement: 'Thus, the correct answer is: X', where 'X' is simply the solution you've determined to be correct. Note that there may be more than one correct option, in which case you must list them all.",A. every million years,1
TimeBench,MCTACO,MCTACO,MC,MCTACO-MCTACO-745,299,"Answer the following question, select all the possible correct options, and each question has at least one correct option.
Context: The fossils that are very distinct at certain times of Earths history are called index fossils.
Question: Were fossils always there?
Options: A. maybe
B. no
C. none
D. mr. florio says the times are my times

","Answer the following question, select all the possible correct options, and each question has at least one correct option.
Context: The fossils that are very distinct at certain times of Earths history are called index fossils.
Question: Were fossils always there?
Options: A. maybe
B. no
C. none
D. mr. florio says the times are my times

Let's think step by step before providing your final answer. However, you must conclude your assessment with the statement: 'Thus, the correct answer is: X', where 'X' is simply the solution you've determined to be correct. Note that there may be more than one correct option, in which case you must list them all.",B. no,1
TimeBench,MCTACO,MCTACO,MC,MCTACO-MCTACO-535,1249,"Answer the following question, select all the possible correct options, and each question has at least one correct option.
Context: The origin of the funds remains unknown, although we have a general idea of how al Qaeda financed itself during the period leading up to 9/11.
Question: For how long was al Qaeda financing itself?
Options: A. 9 years
B. 3 weeks
C. 5 seconds
D. 15 years

","Answer the following question, select all the possible correct options, and each question has at least one correct option.
Context: The origin of the funds remains unknown, although we have a general idea of how al Qaeda financed itself during the period leading up to 9/11.
Question: For how long was al Qaeda financing itself?
Options: A. 9 years
B. 3 weeks
C. 5 seconds
D. 15 years

Let's think step by step before providing your final answer. However, you must conclude your assessment with the statement: 'Thus, the correct answer is: X', where 'X' is simply the solution you've determined to be correct. Note that there may be more than one correct option, in which case you must list them all.",A. 9 years && D. 15 years,1
TimeBench,MCTACO,MCTACO,MC,MCTACO-MCTACO-779,195,"Answer the following question, select all the possible correct options, and each question has at least one correct option.
Context: But the key figure in the sultanate was Tun Perak, bendahara (prime minister) and military commander.
Question: What happened after Perak was made prime minister?
Options: A. he starts a job as a sailor
B. he gave important decisions for the nation
C. he started a job for a sailor
D. made speeches

","Answer the following question, select all the possible correct options, and each question has at least one correct option.
Context: But the key figure in the sultanate was Tun Perak, bendahara (prime minister) and military commander.
Question: What happened after Perak was made prime minister?
Options: A. he starts a job as a sailor
B. he gave important decisions for the nation
C. he started a job for a sailor
D. made speeches

Let's think step by step before providing your final answer. However, you must conclude your assessment with the statement: 'Thus, the correct answer is: X', where 'X' is simply the solution you've determined to be correct. Note that there may be more than one correct option, in which case you must list them all.",B. he gave important decisions for the nation && D. made speeches,1
TimeBench,MCTACO,MCTACO,MC,MCTACO-MCTACO-585,1261,"Answer the following question, select all the possible correct options, and each question has at least one correct option.
Context: She added a special growing mix from the garden store to make the soil better.
Question: When did she add growing mix into the garden?
Options: A. when coming back from the garden store
B. every 2.5 minutes
C. tomorrow
D. after coming back from the garden store

","Answer the following question, select all the possible correct options, and each question has at least one correct option.
Context: She added a special growing mix from the garden store to make the soil better.
Question: When did she add growing mix into the garden?
Options: A. when coming back from the garden store
B. every 2.5 minutes
C. tomorrow
D. after coming back from the garden store

Let's think step by step before providing your final answer. However, you must conclude your assessment with the statement: 'Thus, the correct answer is: X', where 'X' is simply the solution you've determined to be correct. Note that there may be more than one correct option, in which case you must list them all.",A. when coming back from the garden store && D. after coming back from the garden store,1
TimeBench,MCTACO,MCTACO,MC,MCTACO-MCTACO-532,923,"Answer the following question, select all the possible correct options, and each question has at least one correct option.
Context: Ace , a wannabe rock star , is on his way to a concert of the band Guitar Wolf when space aliens invade the Earth .
Question: What happened before Ace began going to the concert?
Options: A. he enters the concert venue
B. ace got ready
C. he learned his lesson
D. they entered the concert venue

","Answer the following question, select all the possible correct options, and each question has at least one correct option.
Context: Ace , a wannabe rock star , is on his way to a concert of the band Guitar Wolf when space aliens invade the Earth .
Question: What happened before Ace began going to the concert?
Options: A. he enters the concert venue
B. ace got ready
C. he learned his lesson
D. they entered the concert venue

Let's think step by step before providing your final answer. However, you must conclude your assessment with the statement: 'Thus, the correct answer is: X', where 'X' is simply the solution you've determined to be correct. Note that there may be more than one correct option, in which case you must list them all.",B. ace got ready,1
TimeBench,MCTACO,MCTACO,MC,MCTACO-MCTACO-850,972,"Answer the following question, select all the possible correct options, and each question has at least one correct option.
Context: Atta and Omari boarded a 6:00 A.M. flight from Portland to Boston's Logan International Airport.
Question: How long did the flight take?
Options: A. 10 minutes
B. 72 hours
C. 6 hours
D. 10 days

","Answer the following question, select all the possible correct options, and each question has at least one correct option.
Context: Atta and Omari boarded a 6:00 A.M. flight from Portland to Boston's Logan International Airport.
Question: How long did the flight take?
Options: A. 10 minutes
B. 72 hours
C. 6 hours
D. 10 days

Let's think step by step before providing your final answer. However, you must conclude your assessment with the statement: 'Thus, the correct answer is: X', where 'X' is simply the solution you've determined to be correct. Note that there may be more than one correct option, in which case you must list them all.",C. 6 hours,1
TimeBench,MCTACO,MCTACO,MC,MCTACO-MCTACO-223,78,"Answer the following question, select all the possible correct options, and each question has at least one correct option.
Context: Safti admits his love for Edwina to Lord Esketh , who is now sympathetic toward this good man's plight .
Question: When did Safti fall in love with Edwina?
Options: A. twice per week
B. 1 year ago
C. the previous year
D. the following year

","Answer the following question, select all the possible correct options, and each question has at least one correct option.
Context: Safti admits his love for Edwina to Lord Esketh , who is now sympathetic toward this good man's plight .
Question: When did Safti fall in love with Edwina?
Options: A. twice per week
B. 1 year ago
C. the previous year
D. the following year

Let's think step by step before providing your final answer. However, you must conclude your assessment with the statement: 'Thus, the correct answer is: X', where 'X' is simply the solution you've determined to be correct. Note that there may be more than one correct option, in which case you must list them all.",B. 1 year ago && C. the previous year,1
TimeBench,MCTACO,MCTACO,MC,MCTACO-MCTACO-465,178,"Answer the following question, select all the possible correct options, and each question has at least one correct option.
Context: The Portuguese Crown, delighted with its first important discovery, immediately embarked on a program of colonization.
Question: How often did the Portuguese send new settlers to the colonies?
Options: A. 18 times a day
B. once a second
C. a few times a year
D. twice per hour

","Answer the following question, select all the possible correct options, and each question has at least one correct option.
Context: The Portuguese Crown, delighted with its first important discovery, immediately embarked on a program of colonization.
Question: How often did the Portuguese send new settlers to the colonies?
Options: A. 18 times a day
B. once a second
C. a few times a year
D. twice per hour

Let's think step by step before providing your final answer. However, you must conclude your assessment with the statement: 'Thus, the correct answer is: X', where 'X' is simply the solution you've determined to be correct. Note that there may be more than one correct option, in which case you must list them all.",C. a few times a year,1
TimeBench,MCTACO,MCTACO,MC,MCTACO-MCTACO-737,953,"Answer the following question, select all the possible correct options, and each question has at least one correct option.
Context: It was the seismograph that made it possible to learn why the Earth acted like a magnet.
Question: How often were measurements taken?
Options: A. every 45 years
B. once a day
C. twice a week
D. every week

","Answer the following question, select all the possible correct options, and each question has at least one correct option.
Context: It was the seismograph that made it possible to learn why the Earth acted like a magnet.
Question: How often were measurements taken?
Options: A. every 45 years
B. once a day
C. twice a week
D. every week

Let's think step by step before providing your final answer. However, you must conclude your assessment with the statement: 'Thus, the correct answer is: X', where 'X' is simply the solution you've determined to be correct. Note that there may be more than one correct option, in which case you must list them all.",B. once a day && C. twice a week && D. every week,1
TimeBench,MCTACO,MCTACO,MC,MCTACO-MCTACO-325,917,"Answer the following question, select all the possible correct options, and each question has at least one correct option.
Context: The Justice Department released a statement on the alert the same day.
Question: What time of day was the statement released?
Options: A. 12:00 AM
B. 1:00 AM
C. 9:00 AM
D. noon

","Answer the following question, select all the possible correct options, and each question has at least one correct option.
Context: The Justice Department released a statement on the alert the same day.
Question: What time of day was the statement released?
Options: A. 12:00 AM
B. 1:00 AM
C. 9:00 AM
D. noon

Let's think step by step before providing your final answer. However, you must conclude your assessment with the statement: 'Thus, the correct answer is: X', where 'X' is simply the solution you've determined to be correct. Note that there may be more than one correct option, in which case you must list them all.",C. 9:00 AM && D. noon,1
TimeBench,MCTACO,MCTACO,MC,MCTACO-MCTACO-784,855,"Answer the following question, select all the possible correct options, and each question has at least one correct option.
Context: Taj Jackson told the magazine: ""My mom made sure that we had a real childhood, with birthday parties, baseball, family outings, all that stuff.""
Question: What would Taj Jackson and his family do before a birthday party?
Options: A. he invites them to fabulous parties
B. send out invitations to friends
C. send out scholarships to friends
D. send out invites for friends

","Answer the following question, select all the possible correct options, and each question has at least one correct option.
Context: Taj Jackson told the magazine: ""My mom made sure that we had a real childhood, with birthday parties, baseball, family outings, all that stuff.""
Question: What would Taj Jackson and his family do before a birthday party?
Options: A. he invites them to fabulous parties
B. send out invitations to friends
C. send out scholarships to friends
D. send out invites for friends

Let's think step by step before providing your final answer. However, you must conclude your assessment with the statement: 'Thus, the correct answer is: X', where 'X' is simply the solution you've determined to be correct. Note that there may be more than one correct option, in which case you must list them all.",B. send out invitations to friends && D. send out invites for friends,1
TimeBench,MCTACO,MCTACO,MC,MCTACO-MCTACO-23,829,"Answer the following question, select all the possible correct options, and each question has at least one correct option.
Context: Since then, she has earned promotions from managing attorney, senior attorney, then director of the Council on Aging project.
Question: What did she do after earning her promotions?
Options: A. she wished she hadn ' t received them
B. she worked at her new job
C. she wish she hadn ' t received them
D. she enjoyed her profession

","Answer the following question, select all the possible correct options, and each question has at least one correct option.
Context: Since then, she has earned promotions from managing attorney, senior attorney, then director of the Council on Aging project.
Question: What did she do after earning her promotions?
Options: A. she wished she hadn ' t received them
B. she worked at her new job
C. she wish she hadn ' t received them
D. she enjoyed her profession

Let's think step by step before providing your final answer. However, you must conclude your assessment with the statement: 'Thus, the correct answer is: X', where 'X' is simply the solution you've determined to be correct. Note that there may be more than one correct option, in which case you must list them all.",B. she worked at her new job && D. she enjoyed her profession,1
TimeBench,MCTACO,MCTACO,MC,MCTACO-MCTACO-357,434,"Answer the following question, select all the possible correct options, and each question has at least one correct option.
Context: In a 1945 interview, Camus rejected any ideological associations: ""No, I am not an existentialist.
Question: At what time did the interview air?
Options: A. they say that i am a student-athlete
B. i said i am beside myself
C. 7:00 PM
D. at 7pm

","Answer the following question, select all the possible correct options, and each question has at least one correct option.
Context: In a 1945 interview, Camus rejected any ideological associations: ""No, I am not an existentialist.
Question: At what time did the interview air?
Options: A. they say that i am a student-athlete
B. i said i am beside myself
C. 7:00 PM
D. at 7pm

Let's think step by step before providing your final answer. However, you must conclude your assessment with the statement: 'Thus, the correct answer is: X', where 'X' is simply the solution you've determined to be correct. Note that there may be more than one correct option, in which case you must list them all.",C. 7:00 PM && D. at 7pm,1
TimeBench,MCTACO,MCTACO,MC,MCTACO-MCTACO-222,446,"Answer the following question, select all the possible correct options, and each question has at least one correct option.
Context: If you build a campfire, you start with a large stack of sticks and logs.
Question: How long does it take to build a campfire?
Options: A. 3 hour
B. you build a better mousetrap
C. 15 seconds
D. 6 minutes

","Answer the following question, select all the possible correct options, and each question has at least one correct option.
Context: If you build a campfire, you start with a large stack of sticks and logs.
Question: How long does it take to build a campfire?
Options: A. 3 hour
B. you build a better mousetrap
C. 15 seconds
D. 6 minutes

Let's think step by step before providing your final answer. However, you must conclude your assessment with the statement: 'Thus, the correct answer is: X', where 'X' is simply the solution you've determined to be correct. Note that there may be more than one correct option, in which case you must list them all.",D. 6 minutes,1
TimeBench,MCTACO,MCTACO,MC,MCTACO-MCTACO-341,6,"Answer the following question, select all the possible correct options, and each question has at least one correct option.
Context: There were a couple times that the family dog, Mika, has tried to take Joey from Marsha and eat him!
Question: What happens after Mika tries to eat Joey?
Options: A. joey runs back to mika
B. he is praised by marsha
C. he gets put outside
D. mika gets in trouble

","Answer the following question, select all the possible correct options, and each question has at least one correct option.
Context: There were a couple times that the family dog, Mika, has tried to take Joey from Marsha and eat him!
Question: What happens after Mika tries to eat Joey?
Options: A. joey runs back to mika
B. he is praised by marsha
C. he gets put outside
D. mika gets in trouble

Let's think step by step before providing your final answer. However, you must conclude your assessment with the statement: 'Thus, the correct answer is: X', where 'X' is simply the solution you've determined to be correct. Note that there may be more than one correct option, in which case you must list them all.",C. he gets put outside && D. mika gets in trouble,1
TimeBench,MCTACO,MCTACO,MC,MCTACO-MCTACO-712,924,"Answer the following question, select all the possible correct options, and each question has at least one correct option.
Context: Boston Center TMU [Traffic Management Unit], we have a problem here.
Question: How long had the problem been occuring?
Options: A. the problem was a recent accident, and had just occurred less than 90 minutes prior
B. 2 weeks
C. 2 seconds
D. 2 hours

","Answer the following question, select all the possible correct options, and each question has at least one correct option.
Context: Boston Center TMU [Traffic Management Unit], we have a problem here.
Question: How long had the problem been occuring?
Options: A. the problem was a recent accident, and had just occurred less than 90 minutes prior
B. 2 weeks
C. 2 seconds
D. 2 hours

Let's think step by step before providing your final answer. However, you must conclude your assessment with the statement: 'Thus, the correct answer is: X', where 'X' is simply the solution you've determined to be correct. Note that there may be more than one correct option, in which case you must list them all.","A. the problem was a recent accident, and had just occurred less than 90 minutes prior && D. 2 hours",1
TimeBench,MCTACO,MCTACO,MC,MCTACO-MCTACO-204,438,"Answer the following question, select all the possible correct options, and each question has at least one correct option.
Context: With this, it became impossible for me to stay upstairs, he said, pointing to the scars on his forearm.
Question: When did he decide to move out?
Options: A. he moved out after he was cut on his forearms, within 1 month
B. he decided to stay upstairs, and get more scars
C. in 20 seconds
D. he moved out after he was cut on his forearms, within 3 month

","Answer the following question, select all the possible correct options, and each question has at least one correct option.
Context: With this, it became impossible for me to stay upstairs, he said, pointing to the scars on his forearm.
Question: When did he decide to move out?
Options: A. he moved out after he was cut on his forearms, within 1 month
B. he decided to stay upstairs, and get more scars
C. in 20 seconds
D. he moved out after he was cut on his forearms, within 3 month

Let's think step by step before providing your final answer. However, you must conclude your assessment with the statement: 'Thus, the correct answer is: X', where 'X' is simply the solution you've determined to be correct. Note that there may be more than one correct option, in which case you must list them all.","A. he moved out after he was cut on his forearms, within 1 month && D. he moved out after he was cut on his forearms, within 3 month",1
TimeBench,MCTACO,MCTACO,MC,MCTACO-MCTACO-238,242,"Answer the following question, select all the possible correct options, and each question has at least one correct option.
Context: In 27 percent of the cases, the charges were dismissed or the defendant was found not guilty.
Question: What did the defendants do after the charges were dismissed or they were found not guilty?
Options: A. they celebrated
B. the company plead guilty to two felony charges
C. returned home to their family
D. they found the two were identical

","Answer the following question, select all the possible correct options, and each question has at least one correct option.
Context: In 27 percent of the cases, the charges were dismissed or the defendant was found not guilty.
Question: What did the defendants do after the charges were dismissed or they were found not guilty?
Options: A. they celebrated
B. the company plead guilty to two felony charges
C. returned home to their family
D. they found the two were identical

Let's think step by step before providing your final answer. However, you must conclude your assessment with the statement: 'Thus, the correct answer is: X', where 'X' is simply the solution you've determined to be correct. Note that there may be more than one correct option, in which case you must list them all.",A. they celebrated && C. returned home to their family,1
TimeBench,MCTACO,MCTACO,MC,MCTACO-MCTACO-285,908,"Answer the following question, select all the possible correct options, and each question has at least one correct option.
Context: This sediment has been eroded off areas of land from upstream.
Question: How long has the sediment  erosion been occuring?
Options: A. 0.33 day
B. 1 hour
C. as long as there's been a stream
D. 2 minutes

","Answer the following question, select all the possible correct options, and each question has at least one correct option.
Context: This sediment has been eroded off areas of land from upstream.
Question: How long has the sediment  erosion been occuring?
Options: A. 0.33 day
B. 1 hour
C. as long as there's been a stream
D. 2 minutes

Let's think step by step before providing your final answer. However, you must conclude your assessment with the statement: 'Thus, the correct answer is: X', where 'X' is simply the solution you've determined to be correct. Note that there may be more than one correct option, in which case you must list them all.",C. as long as there's been a stream,1
TimeBench,MCTACO,MCTACO,MC,MCTACO-MCTACO-185,735,"Answer the following question, select all the possible correct options, and each question has at least one correct option.
Context: He said that Oliver North of Iran-Contra notoriety thought he had erased his computer but that the information was later retrieved for congressional committees to read.
Question: What happened after the congressional committees read the data?
Options: A. they took action
B. they removed the data
C. they analyzed the data
D. neither took action

","Answer the following question, select all the possible correct options, and each question has at least one correct option.
Context: He said that Oliver North of Iran-Contra notoriety thought he had erased his computer but that the information was later retrieved for congressional committees to read.
Question: What happened after the congressional committees read the data?
Options: A. they took action
B. they removed the data
C. they analyzed the data
D. neither took action

Let's think step by step before providing your final answer. However, you must conclude your assessment with the statement: 'Thus, the correct answer is: X', where 'X' is simply the solution you've determined to be correct. Note that there may be more than one correct option, in which case you must list them all.",A. they took action && C. they analyzed the data,1
TimeBench,MCTACO,MCTACO,MC,MCTACO-MCTACO-154,1306,"Answer the following question, select all the possible correct options, and each question has at least one correct option.
Context: The new novel takes place in a morally gray and often violent world.
Question: How often is there violence
Options: A. twice a second
B. twice a year
C. everyday
D. once in a few years

","Answer the following question, select all the possible correct options, and each question has at least one correct option.
Context: The new novel takes place in a morally gray and often violent world.
Question: How often is there violence
Options: A. twice a second
B. twice a year
C. everyday
D. once in a few years

Let's think step by step before providing your final answer. However, you must conclude your assessment with the statement: 'Thus, the correct answer is: X', where 'X' is simply the solution you've determined to be correct. Note that there may be more than one correct option, in which case you must list them all.",C. everyday,1
TimeBench,MCTACO,MCTACO,MC,MCTACO-MCTACO-827,51,"Answer the following question, select all the possible correct options, and each question has at least one correct option.
Context: The most powerful families thus carved out for themselves whole regions that were to become the fiefdoms of Japanese feudalism.
Question: What happened after these regions were carved out?
Options: A. the families gained control
B. they became the fiefdoms of japanese feudalism
C. americans behave as if they were japanese
D. japan defeated iraq

","Answer the following question, select all the possible correct options, and each question has at least one correct option.
Context: The most powerful families thus carved out for themselves whole regions that were to become the fiefdoms of Japanese feudalism.
Question: What happened after these regions were carved out?
Options: A. the families gained control
B. they became the fiefdoms of japanese feudalism
C. americans behave as if they were japanese
D. japan defeated iraq

Let's think step by step before providing your final answer. However, you must conclude your assessment with the statement: 'Thus, the correct answer is: X', where 'X' is simply the solution you've determined to be correct. Note that there may be more than one correct option, in which case you must list them all.",A. the families gained control && B. they became the fiefdoms of japanese feudalism,1
TimeBench,MCTACO,MCTACO,MC,MCTACO-MCTACO-531,487,"Answer the following question, select all the possible correct options, and each question has at least one correct option.
Context: Hamilton attacked his political opponents as demanding freedom for themselves and refusing to allow it to blacks.
Question: What did Hamilton do before his political career?
Options: A. worked as a lawyer
B. was in prison
C. was in jail
D. he worked as a lawyer

","Answer the following question, select all the possible correct options, and each question has at least one correct option.
Context: Hamilton attacked his political opponents as demanding freedom for themselves and refusing to allow it to blacks.
Question: What did Hamilton do before his political career?
Options: A. worked as a lawyer
B. was in prison
C. was in jail
D. he worked as a lawyer

Let's think step by step before providing your final answer. However, you must conclude your assessment with the statement: 'Thus, the correct answer is: X', where 'X' is simply the solution you've determined to be correct. Note that there may be more than one correct option, in which case you must list them all.",A. worked as a lawyer && D. he worked as a lawyer,1
TimeBench,MCTACO,MCTACO,MC,MCTACO-MCTACO-278,551,"Answer the following question, select all the possible correct options, and each question has at least one correct option.
Context: Princes and princesses judged the merits of birds, insects, flowers, roots, or seashells.
Question: When did they judge the merits of birds, insects, flowers, roots, or seashells?
Options: A. centuries ago
B. yesterday
C. during the renaissance
D. tomorrow

","Answer the following question, select all the possible correct options, and each question has at least one correct option.
Context: Princes and princesses judged the merits of birds, insects, flowers, roots, or seashells.
Question: When did they judge the merits of birds, insects, flowers, roots, or seashells?
Options: A. centuries ago
B. yesterday
C. during the renaissance
D. tomorrow

Let's think step by step before providing your final answer. However, you must conclude your assessment with the statement: 'Thus, the correct answer is: X', where 'X' is simply the solution you've determined to be correct. Note that there may be more than one correct option, in which case you must list them all.",A. centuries ago && C. during the renaissance,1
TimeBench,MCTACO,MCTACO,MC,MCTACO-MCTACO-637,1080,"Answer the following question, select all the possible correct options, and each question has at least one correct option.
Context: The factory is highly automated and designed to shift flexibly to produce many different kinds of chips to suit demand.
Question: How often does the factory make chips?
Options: A. every other tuesday
B. everyday
C. once a week
D. every day

","Answer the following question, select all the possible correct options, and each question has at least one correct option.
Context: The factory is highly automated and designed to shift flexibly to produce many different kinds of chips to suit demand.
Question: How often does the factory make chips?
Options: A. every other tuesday
B. everyday
C. once a week
D. every day

Let's think step by step before providing your final answer. However, you must conclude your assessment with the statement: 'Thus, the correct answer is: X', where 'X' is simply the solution you've determined to be correct. Note that there may be more than one correct option, in which case you must list them all.",B. everyday && D. every day,1
TimeBench,MCTACO,MCTACO,MC,MCTACO-MCTACO-89,100,"Answer the following question, select all the possible correct options, and each question has at least one correct option.
Context: After the second World Trade Center crash, Boston Center managers recognized that both aircraft were transcontinental 767 jetliners that had departed Logan Airport.
Question: What time did the planes crash into the World Trade Center?
Options: A. 9:00 AM
B. noon
C. 1:00 AM
D. 9:00 PM

","Answer the following question, select all the possible correct options, and each question has at least one correct option.
Context: After the second World Trade Center crash, Boston Center managers recognized that both aircraft were transcontinental 767 jetliners that had departed Logan Airport.
Question: What time did the planes crash into the World Trade Center?
Options: A. 9:00 AM
B. noon
C. 1:00 AM
D. 9:00 PM

Let's think step by step before providing your final answer. However, you must conclude your assessment with the statement: 'Thus, the correct answer is: X', where 'X' is simply the solution you've determined to be correct. Note that there may be more than one correct option, in which case you must list them all.",A. 9:00 AM,1
TimeBench,MCTACO,MCTACO,MC,MCTACO-MCTACO-118,163,"Answer the following question, select all the possible correct options, and each question has at least one correct option.
Context: He continued long into the night, until the eldritch orb had sunk into the waiting hands of the willow, raised perpetually skyward.
Question: What happened before the night?
Options: A. he watched the angel rise
B. he looked for the orb
C. he searched for the orb
D. the start of the eclipse

","Answer the following question, select all the possible correct options, and each question has at least one correct option.
Context: He continued long into the night, until the eldritch orb had sunk into the waiting hands of the willow, raised perpetually skyward.
Question: What happened before the night?
Options: A. he watched the angel rise
B. he looked for the orb
C. he searched for the orb
D. the start of the eclipse

Let's think step by step before providing your final answer. However, you must conclude your assessment with the statement: 'Thus, the correct answer is: X', where 'X' is simply the solution you've determined to be correct. Note that there may be more than one correct option, in which case you must list them all.",B. he looked for the orb && C. he searched for the orb,1
TimeBench,MCTACO,MCTACO,MC,MCTACO-MCTACO-126,998,"Answer the following question, select all the possible correct options, and each question has at least one correct option.
Context: The Shang Dynasty gave rise to the concept of one Chinese nation under one government.
Question: What year did the Shang Dynasty begin?
Options: A. thousands of seconds ago
B. after 1900
C. 5000 a.d
D. 1600 bce

","Answer the following question, select all the possible correct options, and each question has at least one correct option.
Context: The Shang Dynasty gave rise to the concept of one Chinese nation under one government.
Question: What year did the Shang Dynasty begin?
Options: A. thousands of seconds ago
B. after 1900
C. 5000 a.d
D. 1600 bce

Let's think step by step before providing your final answer. However, you must conclude your assessment with the statement: 'Thus, the correct answer is: X', where 'X' is simply the solution you've determined to be correct. Note that there may be more than one correct option, in which case you must list them all.",D. 1600 bce,1
TimeBench,MCTACO,MCTACO,MC,MCTACO-MCTACO-1,1204,"Answer the following question, select all the possible correct options, and each question has at least one correct option.
Context: The previous numismatic record holder was an 1804 U.S. silver dollar, which sold for $4.14 million in 1999.
Question: What happened after the silver dollar was sold?
Options: A. the buyer threw it in the trash
B. the buyer collected his coin
C. it went into a private collection
D. it was taken off the market

","Answer the following question, select all the possible correct options, and each question has at least one correct option.
Context: The previous numismatic record holder was an 1804 U.S. silver dollar, which sold for $4.14 million in 1999.
Question: What happened after the silver dollar was sold?
Options: A. the buyer threw it in the trash
B. the buyer collected his coin
C. it went into a private collection
D. it was taken off the market

Let's think step by step before providing your final answer. However, you must conclude your assessment with the statement: 'Thus, the correct answer is: X', where 'X' is simply the solution you've determined to be correct. Note that there may be more than one correct option, in which case you must list them all.",B. the buyer collected his coin && C. it went into a private collection && D. it was taken off the market,1
TimeBench,MCTACO,MCTACO,MC,MCTACO-MCTACO-396,383,"Answer the following question, select all the possible correct options, and each question has at least one correct option.
Context: When you dont have a lot of energy, you may sit around and do very little.
Question: How long do you sit around to regain energy?
Options: A. a couple hours
B. 30 seconds
C. 30 minutes
D. a few seconds

","Answer the following question, select all the possible correct options, and each question has at least one correct option.
Context: When you dont have a lot of energy, you may sit around and do very little.
Question: How long do you sit around to regain energy?
Options: A. a couple hours
B. 30 seconds
C. 30 minutes
D. a few seconds

Let's think step by step before providing your final answer. However, you must conclude your assessment with the statement: 'Thus, the correct answer is: X', where 'X' is simply the solution you've determined to be correct. Note that there may be more than one correct option, in which case you must list them all.",A. a couple hours && C. 30 minutes,1
TimeBench,MCTACO,MCTACO,MC,MCTACO-MCTACO-279,1112,"Answer the following question, select all the possible correct options, and each question has at least one correct option.
Context: Floodplains In very flat regions, flood water may spread out on the surface of the land.
Question: When did flood water start spreading?
Options: A. after the rainstorm
B. during the rainstorm
C. before the rainstorm
D. following the rainstorm

","Answer the following question, select all the possible correct options, and each question has at least one correct option.
Context: Floodplains In very flat regions, flood water may spread out on the surface of the land.
Question: When did flood water start spreading?
Options: A. after the rainstorm
B. during the rainstorm
C. before the rainstorm
D. following the rainstorm

Let's think step by step before providing your final answer. However, you must conclude your assessment with the statement: 'Thus, the correct answer is: X', where 'X' is simply the solution you've determined to be correct. Note that there may be more than one correct option, in which case you must list them all.",A. after the rainstorm && B. during the rainstorm && D. following the rainstorm,1
TimeBench,MCTACO,MCTACO,MC,MCTACO-MCTACO-661,1218,"Answer the following question, select all the possible correct options, and each question has at least one correct option.
Context: Some are trying to escape eviction or an abusive marriage.
Question: How frequently do they attempt to escape?
Options: A. every 2 centuries
B. every 2 minutes
C. three times each year
D. every 2 months

","Answer the following question, select all the possible correct options, and each question has at least one correct option.
Context: Some are trying to escape eviction or an abusive marriage.
Question: How frequently do they attempt to escape?
Options: A. every 2 centuries
B. every 2 minutes
C. three times each year
D. every 2 months

Let's think step by step before providing your final answer. However, you must conclude your assessment with the statement: 'Thus, the correct answer is: X', where 'X' is simply the solution you've determined to be correct. Note that there may be more than one correct option, in which case you must list them all.",C. three times each year && D. every 2 months,1
TimeBench,MCTACO,MCTACO,MC,MCTACO-MCTACO-539,249,"Answer the following question, select all the possible correct options, and each question has at least one correct option.
Context: He tried to halt the Dayaks' piracy and head-hunting while defending their more ""morally acceptable"" customs.
Question: How often does he defend their acceptable customs?
Options: A. sometimes it's centuries between when he defended customs
B. sometimes it's months between when he defended customs
C. he defends their customs every other century
D. he defends their more ""morally acceptable"" customs whenever the topic of dayaks is brought up

","Answer the following question, select all the possible correct options, and each question has at least one correct option.
Context: He tried to halt the Dayaks' piracy and head-hunting while defending their more ""morally acceptable"" customs.
Question: How often does he defend their acceptable customs?
Options: A. sometimes it's centuries between when he defended customs
B. sometimes it's months between when he defended customs
C. he defends their customs every other century
D. he defends their more ""morally acceptable"" customs whenever the topic of dayaks is brought up

Let's think step by step before providing your final answer. However, you must conclude your assessment with the statement: 'Thus, the correct answer is: X', where 'X' is simply the solution you've determined to be correct. Note that there may be more than one correct option, in which case you must list them all.","B. sometimes it's months between when he defended customs && D. he defends their more ""morally acceptable"" customs whenever the topic of dayaks is brought up",1
TimeBench,MCTACO,MCTACO,MC,MCTACO-MCTACO-370,1313,"Answer the following question, select all the possible correct options, and each question has at least one correct option.
Context: In the fall of 1991, he asked a German family he had met in Cairo to help him continue his education in Germany.
Question: What month did he do this?
Options: A. november
B. in february
C. in september
D. he rejoined his family

","Answer the following question, select all the possible correct options, and each question has at least one correct option.
Context: In the fall of 1991, he asked a German family he had met in Cairo to help him continue his education in Germany.
Question: What month did he do this?
Options: A. november
B. in february
C. in september
D. he rejoined his family

Let's think step by step before providing your final answer. However, you must conclude your assessment with the statement: 'Thus, the correct answer is: X', where 'X' is simply the solution you've determined to be correct. Note that there may be more than one correct option, in which case you must list them all.",A. november && C. in september,1
TimeBench,MCTACO,MCTACO,MC,MCTACO-MCTACO-308,547,"Answer the following question, select all the possible correct options, and each question has at least one correct option.
Context: The two become close friends but do not reveal the secrets .
Question: What did they do after they became friends?
Options: A. spent time with each other
B. the two points of view nullify each other
C. they became enemies
D. they hung out

","Answer the following question, select all the possible correct options, and each question has at least one correct option.
Context: The two become close friends but do not reveal the secrets .
Question: What did they do after they became friends?
Options: A. spent time with each other
B. the two points of view nullify each other
C. they became enemies
D. they hung out

Let's think step by step before providing your final answer. However, you must conclude your assessment with the statement: 'Thus, the correct answer is: X', where 'X' is simply the solution you've determined to be correct. Note that there may be more than one correct option, in which case you must list them all.",A. spent time with each other && D. they hung out,1
TimeBench,MCTACO,MCTACO,MC,MCTACO-MCTACO-311,723,"Answer the following question, select all the possible correct options, and each question has at least one correct option.
Context: Einstein discovered Louis de Broglie's work, and supported his ideas, which were received skeptically at first.
Question: What did Einstein do after discovering and supporting Louis' work?
Options: A. he became inspired to make discoveries
B. ignored them
C. he divorced his first wife
D. he was influenced to make discoveries

","Answer the following question, select all the possible correct options, and each question has at least one correct option.
Context: Einstein discovered Louis de Broglie's work, and supported his ideas, which were received skeptically at first.
Question: What did Einstein do after discovering and supporting Louis' work?
Options: A. he became inspired to make discoveries
B. ignored them
C. he divorced his first wife
D. he was influenced to make discoveries

Let's think step by step before providing your final answer. However, you must conclude your assessment with the statement: 'Thus, the correct answer is: X', where 'X' is simply the solution you've determined to be correct. Note that there may be more than one correct option, in which case you must list them all.",A. he became inspired to make discoveries && D. he was influenced to make discoveries,1
TimeBench,MCTACO,MCTACO,MC,MCTACO-MCTACO-502,788,"Answer the following question, select all the possible correct options, and each question has at least one correct option.
Context: There are some exceptions, including pregnancies that resulted from sexual assault, incest or other violations of law.
Question: How many months did the pregnancies last?
Options: A. the pregnancies lasted 3.67 months
B. 9 months
C. the pregnancies lasted 9 months
D. the pregnancies lasted 11 weeks

","Answer the following question, select all the possible correct options, and each question has at least one correct option.
Context: There are some exceptions, including pregnancies that resulted from sexual assault, incest or other violations of law.
Question: How many months did the pregnancies last?
Options: A. the pregnancies lasted 3.67 months
B. 9 months
C. the pregnancies lasted 9 months
D. the pregnancies lasted 11 weeks

Let's think step by step before providing your final answer. However, you must conclude your assessment with the statement: 'Thus, the correct answer is: X', where 'X' is simply the solution you've determined to be correct. Note that there may be more than one correct option, in which case you must list them all.",B. 9 months && C. the pregnancies lasted 9 months,1
TimeBench,MCTACO,MCTACO,MC,MCTACO-MCTACO-372,902,"Answer the following question, select all the possible correct options, and each question has at least one correct option.
Context: Casino operators had to reassess the nature of their business.
Question: How many days a week do the casino operators go to work?
Options: A. once a minute
B. once a century
C. 5 days a week
D. they go to work 5 days a week

","Answer the following question, select all the possible correct options, and each question has at least one correct option.
Context: Casino operators had to reassess the nature of their business.
Question: How many days a week do the casino operators go to work?
Options: A. once a minute
B. once a century
C. 5 days a week
D. they go to work 5 days a week

Let's think step by step before providing your final answer. However, you must conclude your assessment with the statement: 'Thus, the correct answer is: X', where 'X' is simply the solution you've determined to be correct. Note that there may be more than one correct option, in which case you must list them all.",C. 5 days a week && D. they go to work 5 days a week,1
TimeBench,MCTACO,MCTACO,MC,MCTACO-MCTACO-713,836,"Answer the following question, select all the possible correct options, and each question has at least one correct option.
Context: A floodplain is an area where a thick layer of rich soil is left behind as the floodwater recedes.
Question: How often does it flood in a floodplain?
Options: A. once a year
B. every week
C. once every 15 seconds
D. every year

","Answer the following question, select all the possible correct options, and each question has at least one correct option.
Context: A floodplain is an area where a thick layer of rich soil is left behind as the floodwater recedes.
Question: How often does it flood in a floodplain?
Options: A. once a year
B. every week
C. once every 15 seconds
D. every year

Let's think step by step before providing your final answer. However, you must conclude your assessment with the statement: 'Thus, the correct answer is: X', where 'X' is simply the solution you've determined to be correct. Note that there may be more than one correct option, in which case you must list them all.",A. once a year && D. every year,1
TimeBench,MCTACO,MCTACO,MC,MCTACO-MCTACO-108,649,"Answer the following question, select all the possible correct options, and each question has at least one correct option.
Context: Jaanu , who has been following Nandini , beats up Preetam thinking that he is in love with Nandini .
Question: What happened after Jaanu beat up Preetam?
Options: A. preretam is thanking him
B. preetam told jaanu that he was his best friend
C. preetam  is bleeding
D. preetam went to the hospital to treat his injuries

","Answer the following question, select all the possible correct options, and each question has at least one correct option.
Context: Jaanu , who has been following Nandini , beats up Preetam thinking that he is in love with Nandini .
Question: What happened after Jaanu beat up Preetam?
Options: A. preretam is thanking him
B. preetam told jaanu that he was his best friend
C. preetam  is bleeding
D. preetam went to the hospital to treat his injuries

Let's think step by step before providing your final answer. However, you must conclude your assessment with the statement: 'Thus, the correct answer is: X', where 'X' is simply the solution you've determined to be correct. Note that there may be more than one correct option, in which case you must list them all.",C. preetam  is bleeding && D. preetam went to the hospital to treat his injuries,1
TimeBench,MCTACO,MCTACO,MC,MCTACO-MCTACO-101,760,"Answer the following question, select all the possible correct options, and each question has at least one correct option.
Context: The Persian Gulf War destroyed much of the country's medical infrastructure, according to a report by the World Health Organization.
Question: What happened after the infrastructure was destroyed?
Options: A. the end of world war two
B. they let it go
C. they were going to rebuild it
D. the country suffered

","Answer the following question, select all the possible correct options, and each question has at least one correct option.
Context: The Persian Gulf War destroyed much of the country's medical infrastructure, according to a report by the World Health Organization.
Question: What happened after the infrastructure was destroyed?
Options: A. the end of world war two
B. they let it go
C. they were going to rebuild it
D. the country suffered

Let's think step by step before providing your final answer. However, you must conclude your assessment with the statement: 'Thus, the correct answer is: X', where 'X' is simply the solution you've determined to be correct. Note that there may be more than one correct option, in which case you must list them all.",C. they were going to rebuild it && D. the country suffered,1
TimeBench,MCTACO,MCTACO,MC,MCTACO-MCTACO-444,1282,"Answer the following question, select all the possible correct options, and each question has at least one correct option.
Context: The lightscreen provided had informed me when and where official meals were taking place, but I hadn't bothered to acknowledge the invitations.
Question: How often does the lightscreen provide information?
Options: A. each 5 centuries
B. each day
C. each morning
D. every year

","Answer the following question, select all the possible correct options, and each question has at least one correct option.
Context: The lightscreen provided had informed me when and where official meals were taking place, but I hadn't bothered to acknowledge the invitations.
Question: How often does the lightscreen provide information?
Options: A. each 5 centuries
B. each day
C. each morning
D. every year

Let's think step by step before providing your final answer. However, you must conclude your assessment with the statement: 'Thus, the correct answer is: X', where 'X' is simply the solution you've determined to be correct. Note that there may be more than one correct option, in which case you must list them all.",B. each day && C. each morning,1
TimeBench,MCTACO,MCTACO,MC,MCTACO-MCTACO-616,1304,"Answer the following question, select all the possible correct options, and each question has at least one correct option.
Context: The new novel takes place in a morally gray and often violent world.
Question: How long was it a violent world
Options: A. 20 years
B. 20 hours
C. years
D. 45 minutes

","Answer the following question, select all the possible correct options, and each question has at least one correct option.
Context: The new novel takes place in a morally gray and often violent world.
Question: How long was it a violent world
Options: A. 20 years
B. 20 hours
C. years
D. 45 minutes

Let's think step by step before providing your final answer. However, you must conclude your assessment with the statement: 'Thus, the correct answer is: X', where 'X' is simply the solution you've determined to be correct. Note that there may be more than one correct option, in which case you must list them all.",A. 20 years && C. years,1
TimeBench,MCTACO,MCTACO,MC,MCTACO-MCTACO-804,490,"Answer the following question, select all the possible correct options, and each question has at least one correct option.
Context: They also liked to go through the small forest behind the house, making a game of hide and seek.
Question: How often do they play hide and seek?
Options: A. 5 times a century
B. they hide their cowardly acts
C. once a morning
D. once a day

","Answer the following question, select all the possible correct options, and each question has at least one correct option.
Context: They also liked to go through the small forest behind the house, making a game of hide and seek.
Question: How often do they play hide and seek?
Options: A. 5 times a century
B. they hide their cowardly acts
C. once a morning
D. once a day

Let's think step by step before providing your final answer. However, you must conclude your assessment with the statement: 'Thus, the correct answer is: X', where 'X' is simply the solution you've determined to be correct. Note that there may be more than one correct option, in which case you must list them all.",C. once a morning && D. once a day,1
TimeBench,MCTACO,MCTACO,MC,MCTACO-MCTACO-58,936,"Answer the following question, select all the possible correct options, and each question has at least one correct option.
Context: It's the first in a new series featuring Iraq war veteran and private investigator Spero Lucas.
Question: How many times per week did the series air?
Options: A. once
B. once a year
C. every month
D. every week

","Answer the following question, select all the possible correct options, and each question has at least one correct option.
Context: It's the first in a new series featuring Iraq war veteran and private investigator Spero Lucas.
Question: How many times per week did the series air?
Options: A. once
B. once a year
C. every month
D. every week

Let's think step by step before providing your final answer. However, you must conclude your assessment with the statement: 'Thus, the correct answer is: X', where 'X' is simply the solution you've determined to be correct. Note that there may be more than one correct option, in which case you must list them all.",A. once && D. every week,1
TimeBench,MCTACO,MCTACO,MC,MCTACO-MCTACO-125,606,"Answer the following question, select all the possible correct options, and each question has at least one correct option.
Context: The fort of Massaga was reduced only after days of bloody fighting, in which Alexander was wounded seriously in the ankle.
Question: How many times did Alexander injure his ankle?
Options: A. 1000 times
B. once
C. 20 times
D. 500 times

","Answer the following question, select all the possible correct options, and each question has at least one correct option.
Context: The fort of Massaga was reduced only after days of bloody fighting, in which Alexander was wounded seriously in the ankle.
Question: How many times did Alexander injure his ankle?
Options: A. 1000 times
B. once
C. 20 times
D. 500 times

Let's think step by step before providing your final answer. However, you must conclude your assessment with the statement: 'Thus, the correct answer is: X', where 'X' is simply the solution you've determined to be correct. Note that there may be more than one correct option, in which case you must list them all.",B. once,1
TimeBench,MCTACO,MCTACO,MC,MCTACO-MCTACO-573,135,"Answer the following question, select all the possible correct options, and each question has at least one correct option.
Context: After earning bachelor's and master's degrees in education and a few years teaching, Kilgore enrolled at the UM law school.
Question: How long did it take to earn a bachelor's degree?
Options: A. 0.4 years
B. 4 seconds
C. 8 months
D. 4 years

","Answer the following question, select all the possible correct options, and each question has at least one correct option.
Context: After earning bachelor's and master's degrees in education and a few years teaching, Kilgore enrolled at the UM law school.
Question: How long did it take to earn a bachelor's degree?
Options: A. 0.4 years
B. 4 seconds
C. 8 months
D. 4 years

Let's think step by step before providing your final answer. However, you must conclude your assessment with the statement: 'Thus, the correct answer is: X', where 'X' is simply the solution you've determined to be correct. Note that there may be more than one correct option, in which case you must list them all.",D. 4 years,1
TimeBench,MCTACO,MCTACO,MC,MCTACO-MCTACO-447,727,"Answer the following question, select all the possible correct options, and each question has at least one correct option.
Context: So what do we call a substance that has only a single type of atom?
Question: How long did it take for scientists to recognize atoms?
Options: A. 10 minutes
B. 200 weeks
C. 50 minutes
D. centuries

","Answer the following question, select all the possible correct options, and each question has at least one correct option.
Context: So what do we call a substance that has only a single type of atom?
Question: How long did it take for scientists to recognize atoms?
Options: A. 10 minutes
B. 200 weeks
C. 50 minutes
D. centuries

Let's think step by step before providing your final answer. However, you must conclude your assessment with the statement: 'Thus, the correct answer is: X', where 'X' is simply the solution you've determined to be correct. Note that there may be more than one correct option, in which case you must list them all.",D. centuries,1
TimeBench,MCTACO,MCTACO,MC,MCTACO-MCTACO-517,304,"Answer the following question, select all the possible correct options, and each question has at least one correct option.
Context: After finally sleeping with Lucrezia , Callimaco confesses everything .
Question: How long had Callimaco pursued Lucrezia?
Options: A. 3 day
B. 1 minute
C. months
D. 1 year

","Answer the following question, select all the possible correct options, and each question has at least one correct option.
Context: After finally sleeping with Lucrezia , Callimaco confesses everything .
Question: How long had Callimaco pursued Lucrezia?
Options: A. 3 day
B. 1 minute
C. months
D. 1 year

Let's think step by step before providing your final answer. However, you must conclude your assessment with the statement: 'Thus, the correct answer is: X', where 'X' is simply the solution you've determined to be correct. Note that there may be more than one correct option, in which case you must list them all.",C. months && D. 1 year,1
TimeBench,MCTACO,MCTACO,MC,MCTACO-MCTACO-322,591,"Answer the following question, select all the possible correct options, and each question has at least one correct option.
Context: After the August missile strikes, diplomatic options to press the Taliban seemed no more promising than military options.
Question: What happened after the strikes
Options: A. everyone sang songs
B. investors exercise the options
C. they have the ability to exercise their options
D. many civilians died

","Answer the following question, select all the possible correct options, and each question has at least one correct option.
Context: After the August missile strikes, diplomatic options to press the Taliban seemed no more promising than military options.
Question: What happened after the strikes
Options: A. everyone sang songs
B. investors exercise the options
C. they have the ability to exercise their options
D. many civilians died

Let's think step by step before providing your final answer. However, you must conclude your assessment with the statement: 'Thus, the correct answer is: X', where 'X' is simply the solution you've determined to be correct. Note that there may be more than one correct option, in which case you must list them all.",D. many civilians died,1
TimeBench,MCTACO,MCTACO,MC,MCTACO-MCTACO-354,54,"Answer the following question, select all the possible correct options, and each question has at least one correct option.
Context: The most powerful families thus carved out for themselves whole regions that were to become the fiefdoms of Japanese feudalism.
Question: How often would one family be able to do something like this?
Options: A. once
B. once a day
C. once in a generation
D. 150 times

","Answer the following question, select all the possible correct options, and each question has at least one correct option.
Context: The most powerful families thus carved out for themselves whole regions that were to become the fiefdoms of Japanese feudalism.
Question: How often would one family be able to do something like this?
Options: A. once
B. once a day
C. once in a generation
D. 150 times

Let's think step by step before providing your final answer. However, you must conclude your assessment with the statement: 'Thus, the correct answer is: X', where 'X' is simply the solution you've determined to be correct. Note that there may be more than one correct option, in which case you must list them all.",A. once && C. once in a generation,1
TimeBench,MCTACO,MCTACO,MC,MCTACO-MCTACO-788,1229,"Answer the following question, select all the possible correct options, and each question has at least one correct option.
Context: Ratners's chairman, Gerald Ratner, said the deal remains of ""substantial benefit to Ratners.""
Question: What happened after the chairman spoke?
Options: A. reporters asked questions
B. the shareholders asked some questions
C. a meteor hit the office
D. he asked no questions

","Answer the following question, select all the possible correct options, and each question has at least one correct option.
Context: Ratners's chairman, Gerald Ratner, said the deal remains of ""substantial benefit to Ratners.""
Question: What happened after the chairman spoke?
Options: A. reporters asked questions
B. the shareholders asked some questions
C. a meteor hit the office
D. he asked no questions

Let's think step by step before providing your final answer. However, you must conclude your assessment with the statement: 'Thus, the correct answer is: X', where 'X' is simply the solution you've determined to be correct. Note that there may be more than one correct option, in which case you must list them all.",A. reporters asked questions && B. the shareholders asked some questions,1
TimeBench,MCTACO,MCTACO,MC,MCTACO-MCTACO-143,875,"Answer the following question, select all the possible correct options, and each question has at least one correct option.
Context: At Corinth, Philip established a ""Hellenic Alliance"" (modeled on the old anti-Persian alliance of the Greco-Persian Wars), which included most Greek city-states except Sparta.
Question: How long did the Hellenic Alliance last?
Options: A. many years
B. 1 minute
C. 1 month
D. for years

","Answer the following question, select all the possible correct options, and each question has at least one correct option.
Context: At Corinth, Philip established a ""Hellenic Alliance"" (modeled on the old anti-Persian alliance of the Greco-Persian Wars), which included most Greek city-states except Sparta.
Question: How long did the Hellenic Alliance last?
Options: A. many years
B. 1 minute
C. 1 month
D. for years

Let's think step by step before providing your final answer. However, you must conclude your assessment with the statement: 'Thus, the correct answer is: X', where 'X' is simply the solution you've determined to be correct. Note that there may be more than one correct option, in which case you must list them all.",A. many years && D. for years,1
TimeBench,MCTACO,MCTACO,MC,MCTACO-MCTACO-471,598,"Answer the following question, select all the possible correct options, and each question has at least one correct option.
Context: Having damaged the enemy's cohesion, Philip ordered his troops to press forward and quickly routed them.
Question: What Philip did after routing his troops?
Options: A. philip told them to stop
B. he gave the verbal spanking to the press
C. philip gave them more orders
D. he gave them more orders

","Answer the following question, select all the possible correct options, and each question has at least one correct option.
Context: Having damaged the enemy's cohesion, Philip ordered his troops to press forward and quickly routed them.
Question: What Philip did after routing his troops?
Options: A. philip told them to stop
B. he gave the verbal spanking to the press
C. philip gave them more orders
D. he gave them more orders

Let's think step by step before providing your final answer. However, you must conclude your assessment with the statement: 'Thus, the correct answer is: X', where 'X' is simply the solution you've determined to be correct. Note that there may be more than one correct option, in which case you must list them all.",C. philip gave them more orders && D. he gave them more orders,1
TimeBench,MCTACO,MCTACO,MC,MCTACO-MCTACO-817,423,"Answer the following question, select all the possible correct options, and each question has at least one correct option.
Context: , these timid, gentle nomads hunting with bow and arrow were driven back from the coasts by waves of sturdy immigrants arriving in outrigger canoes equipped with sails.
Question: When were the nomads driven out of their lands?
Options: A. late in the 4th century
B. when the immigrants left
C. early in the 8th century
D. last night

","Answer the following question, select all the possible correct options, and each question has at least one correct option.
Context: , these timid, gentle nomads hunting with bow and arrow were driven back from the coasts by waves of sturdy immigrants arriving in outrigger canoes equipped with sails.
Question: When were the nomads driven out of their lands?
Options: A. late in the 4th century
B. when the immigrants left
C. early in the 8th century
D. last night

Let's think step by step before providing your final answer. However, you must conclude your assessment with the statement: 'Thus, the correct answer is: X', where 'X' is simply the solution you've determined to be correct. Note that there may be more than one correct option, in which case you must list them all.",A. late in the 4th century && C. early in the 8th century,0
TimeBench,MCTACO,MCTACO,MC,MCTACO-MCTACO-264,209,"Answer the following question, select all the possible correct options, and each question has at least one correct option.
Context: Even though electronic espionage may cost U.S. firms billions of dollars a year, most aren't yet taking precautions, the experts said.
Question: Will electronic espionage always be happening in the U.S.?
Options: A. yes as long as machines exist
B. electronic espionage does not exists
C. electronic espionage doesn not exist
D. yes as long as computers exist

","Answer the following question, select all the possible correct options, and each question has at least one correct option.
Context: Even though electronic espionage may cost U.S. firms billions of dollars a year, most aren't yet taking precautions, the experts said.
Question: Will electronic espionage always be happening in the U.S.?
Options: A. yes as long as machines exist
B. electronic espionage does not exists
C. electronic espionage doesn not exist
D. yes as long as computers exist

Let's think step by step before providing your final answer. However, you must conclude your assessment with the statement: 'Thus, the correct answer is: X', where 'X' is simply the solution you've determined to be correct. Note that there may be more than one correct option, in which case you must list them all.",A. yes as long as machines exist && D. yes as long as computers exist,1
TimeBench,MCTACO,MCTACO,MC,MCTACO-MCTACO-693,1077,"Answer the following question, select all the possible correct options, and each question has at least one correct option.
Context: She had gotten out of her last day of school and was free for the summer.
Question: What did she do after her last day of school?
Options: A. she got accepted to school
B. have fun
C. she attended secretarial school
D. she celebrated

","Answer the following question, select all the possible correct options, and each question has at least one correct option.
Context: She had gotten out of her last day of school and was free for the summer.
Question: What did she do after her last day of school?
Options: A. she got accepted to school
B. have fun
C. she attended secretarial school
D. she celebrated

Let's think step by step before providing your final answer. However, you must conclude your assessment with the statement: 'Thus, the correct answer is: X', where 'X' is simply the solution you've determined to be correct. Note that there may be more than one correct option, in which case you must list them all.",B. have fun && D. she celebrated,1
TimeBench,MCTACO,MCTACO,MC,MCTACO-MCTACO-313,319,"Answer the following question, select all the possible correct options, and each question has at least one correct option.
Context: After meeting Maharishi Mahesh Yogi , the Beatles quickly return to London , and in a press conference they say they made a mistake when they trusted Maharishi .
Question: When did the Beetles hold their press conference?
Options: A. 12:00 PM
B. 2:00 PM
C. 12:00 AM
D. the minute after they return to london

","Answer the following question, select all the possible correct options, and each question has at least one correct option.
Context: After meeting Maharishi Mahesh Yogi , the Beatles quickly return to London , and in a press conference they say they made a mistake when they trusted Maharishi .
Question: When did the Beetles hold their press conference?
Options: A. 12:00 PM
B. 2:00 PM
C. 12:00 AM
D. the minute after they return to london

Let's think step by step before providing your final answer. However, you must conclude your assessment with the statement: 'Thus, the correct answer is: X', where 'X' is simply the solution you've determined to be correct. Note that there may be more than one correct option, in which case you must list them all.",A. 12:00 PM && B. 2:00 PM,0
TimeBench,MCTACO,MCTACO,MC,MCTACO-MCTACO-391,413,"Answer the following question, select all the possible correct options, and each question has at least one correct option.
Context: With large population movements in the 1990s to urban areas, the provision of education has undergone transformation as well.
Question: What time did most education in these areas regularly start?
Options: A. 1:00 AM
B. 8:00 AM
C. 5:00 AM
D. 9:00 AM

","Answer the following question, select all the possible correct options, and each question has at least one correct option.
Context: With large population movements in the 1990s to urban areas, the provision of education has undergone transformation as well.
Question: What time did most education in these areas regularly start?
Options: A. 1:00 AM
B. 8:00 AM
C. 5:00 AM
D. 9:00 AM

Let's think step by step before providing your final answer. However, you must conclude your assessment with the statement: 'Thus, the correct answer is: X', where 'X' is simply the solution you've determined to be correct. Note that there may be more than one correct option, in which case you must list them all.",B. 8:00 AM && D. 9:00 AM,1
TimeBench,MCTACO,MCTACO,MC,MCTACO-MCTACO-13,1001,"Answer the following question, select all the possible correct options, and each question has at least one correct option.
Context: When  Bin Laden lived in Sudan from 1991 to 1996, he owned a number of businesses and other assets.
Question: What did Bin Laden do after moving to Sudan?
Options: A. he lived
B. he purchased a house
C. he bought a home
D. other new york agencies license professionals and businesses

","Answer the following question, select all the possible correct options, and each question has at least one correct option.
Context: When  Bin Laden lived in Sudan from 1991 to 1996, he owned a number of businesses and other assets.
Question: What did Bin Laden do after moving to Sudan?
Options: A. he lived
B. he purchased a house
C. he bought a home
D. other new york agencies license professionals and businesses

Let's think step by step before providing your final answer. However, you must conclude your assessment with the statement: 'Thus, the correct answer is: X', where 'X' is simply the solution you've determined to be correct. Note that there may be more than one correct option, in which case you must list them all.",A. he lived && B. he purchased a house && C. he bought a home,1
TimeBench,MCTACO,MCTACO,MC,MCTACO-MCTACO-408,338,"Answer the following question, select all the possible correct options, and each question has at least one correct option.
Context: Fossils tell an obscure story of man's slow and sporadic development.
Question: How long does it take a fossil to form?
Options: A. 10,000 hours
B. 100 seconds
C. 10,000 years
D. millions of hours

","Answer the following question, select all the possible correct options, and each question has at least one correct option.
Context: Fossils tell an obscure story of man's slow and sporadic development.
Question: How long does it take a fossil to form?
Options: A. 10,000 hours
B. 100 seconds
C. 10,000 years
D. millions of hours

Let's think step by step before providing your final answer. However, you must conclude your assessment with the statement: 'Thus, the correct answer is: X', where 'X' is simply the solution you've determined to be correct. Note that there may be more than one correct option, in which case you must list them all.","C. 10,000 years && D. millions of hours",1
