source,benchmark,task,answer_format,question_id,original_id,question,prompt,groundtruth,verification_final
AGIEval,Civil Service Examination,LogiQA-en,MC,Civil Service Examination-LogiQA-en-639,N.A.,"Philosopher? In the 18th century, a paper on motion is absolute asserted that the change of an object's position over time can be measured without reference to the position of any other object.However, a well-respected physicist claimed that this paper is incoherent.Since an incoherent paper cannot be regarded as a description of reality, movement cannot be absolute.
Question: Which of the following methods or techniques of argument does the philosopher use in his argument?

Choices:
A. Use professional terminology to convince others.
B. Rely on the authority of an expert to support a premise.
C. It is reasonable to use experimental results to illustrate the mentioned changes in location.
D. It is observed that something is a certain condition under experimental conditions, and it is also the case in any case when it is pushed out.
","Philosopher? In the 18th century, a paper on motion is absolute asserted that the change of an object's position over time can be measured without reference to the position of any other object.However, a well-respected physicist claimed that this paper is incoherent.Since an incoherent paper cannot be regarded as a description of reality, movement cannot be absolute.
Question: Which of the following methods or techniques of argument does the philosopher use in his argument?

Choices:
A. Use professional terminology to convince others.
B. Rely on the authority of an expert to support a premise.
C. It is reasonable to use experimental results to illustrate the mentioned changes in location.
D. It is observed that something is a certain condition under experimental conditions, and it is also the case in any case when it is pushed out.

Let's think step by step before providing your final answer. However, you must conclude your assessment with the statement: 'Thus, the correct answer is: X', where 'X' is simply the letter corresponding to the answer option you've determined to be correct.",B.Rely on the authority of an expert to support a premise.,1
AGIEval,Civil Service Examination,LogiQA-en,MC,Civil Service Examination-LogiQA-en-265,N.A.,"There is a European-centric bias in the perception of world culture.During the period of the cultural axis, every cultural area has its backbone thoughts, and each backbone thought has its contribution to world culture.The backbone of China's ideology is both Confucianism, Taoism, and Mohism, and the ideas of the sons represented by Confucianism, Taoism, and Moth have contributed to world culture.
Question: Which of the following statements is the assumption upon which the above argument relies?

Choices:
A. India is one of the cultural districts during the cultural axis period.
B. Greece is one of the cultural districts during the cultural axis period.
C. China is one of the cultural districts during the cultural axis period.
D. Egypt is one of the cultural districts during the cultural axis period.
","There is a European-centric bias in the perception of world culture.During the period of the cultural axis, every cultural area has its backbone thoughts, and each backbone thought has its contribution to world culture.The backbone of China's ideology is both Confucianism, Taoism, and Mohism, and the ideas of the sons represented by Confucianism, Taoism, and Moth have contributed to world culture.
Question: Which of the following statements is the assumption upon which the above argument relies?

Choices:
A. India is one of the cultural districts during the cultural axis period.
B. Greece is one of the cultural districts during the cultural axis period.
C. China is one of the cultural districts during the cultural axis period.
D. Egypt is one of the cultural districts during the cultural axis period.

Let's think step by step before providing your final answer. However, you must conclude your assessment with the statement: 'Thus, the correct answer is: X', where 'X' is simply the letter corresponding to the answer option you've determined to be correct.",C.China is one of the cultural districts during the cultural axis period.,1
AGIEval,Civil Service Examination,LogiQA-en,MC,Civil Service Examination-LogiQA-en-260,N.A.,"When a team travels to Tibet, in addition to Lhasa, there are 6 cities or scenic spots to choose from? City E, City F, Lake G, Mountain H, Mountain I, Lake J Taking into account factors such as time, funding, plateau environment, and physical condition of the personnel, (1) at least one of Lake G and Lake J should be visited.(2) If you don't go to E city or F city, you can't go to G lake.(3) If you don't go to E city, you can't go to H mountain.(4) Only when I cross the I peak can I reach Lake J.
Question: If this team does not go to I Peak due to climate reasons, which of the following must be true?

Choices:
A. The group went to E city and J lake
B. The group went to city E instead of city F
C. The group went to visit G Lake and H Mountain
D. The group went to F city and G lake tour
","When a team travels to Tibet, in addition to Lhasa, there are 6 cities or scenic spots to choose from? City E, City F, Lake G, Mountain H, Mountain I, Lake J Taking into account factors such as time, funding, plateau environment, and physical condition of the personnel, (1) at least one of Lake G and Lake J should be visited.(2) If you don't go to E city or F city, you can't go to G lake.(3) If you don't go to E city, you can't go to H mountain.(4) Only when I cross the I peak can I reach Lake J.
Question: If this team does not go to I Peak due to climate reasons, which of the following must be true?

Choices:
A. The group went to E city and J lake
B. The group went to city E instead of city F
C. The group went to visit G Lake and H Mountain
D. The group went to F city and G lake tour

Let's think step by step before providing your final answer. However, you must conclude your assessment with the statement: 'Thus, the correct answer is: X', where 'X' is simply the letter corresponding to the answer option you've determined to be correct.",D.The group went to F city and G lake tour,1
AGIEval,Civil Service Examination,LogiQA-en,MC,Civil Service Examination-LogiQA-en-496,N.A.,"A unit arranges for 6 people on duty on the first day, second day, third day of the new year.They are G., H, K, L, P, and S.Two people are required per day.The personnel arrangement must meet the following conditions? (1) L and P must be on duty on the same day.(2) G and H cannot be on duty on the same day.(3) If K is on the first day of duty, then G is on the second day of duty.(4 ) If S is on the third day of duty, then H is on the second day of duty.
Question: If H is on duty the same day before S, which of the following must be true?

Choices:
A. G on the second day of duty
B. P on duty in the second day
C. K on duty in the first day
D. H on duty at the first day
","A unit arranges for 6 people on duty on the first day, second day, third day of the new year.They are G., H, K, L, P, and S.Two people are required per day.The personnel arrangement must meet the following conditions? (1) L and P must be on duty on the same day.(2) G and H cannot be on duty on the same day.(3) If K is on the first day of duty, then G is on the second day of duty.(4 ) If S is on the third day of duty, then H is on the second day of duty.
Question: If H is on duty the same day before S, which of the following must be true?

Choices:
A. G on the second day of duty
B. P on duty in the second day
C. K on duty in the first day
D. H on duty at the first day

Let's think step by step before providing your final answer. However, you must conclude your assessment with the statement: 'Thus, the correct answer is: X', where 'X' is simply the letter corresponding to the answer option you've determined to be correct.",A.G on the second day of duty,0
AGIEval,Civil Service Examination,LogiQA-en,MC,Civil Service Examination-LogiQA-en-251,N.A.,"In a magic show, from the seven magicians-G.H.K.L.N.P and Q, choose 6 people to play, and the performance is divided into two teams? 1 team and 2 teams.Each team consists of three positions? front, middle, and back.The magicians on the field happen to occupy one position each.The choice and location of the magician must meet the following conditions? (1) If G or H is arranged to play, they must be in the front.Bit.(2) If K is scheduled to play, he must be in the middle.(3) If L is scheduled to play, he must be on team 1.(4) Neither P nor K can be in the same team as N.(5) P cannot be in the same team as Q.(6) If H is in team 2, Q is in the middle of team 1.
Question: If G is in team 1, which pair of magicians can be in team 1?

Choices:
A. K and L
B. K and P
C. L and N
D. L and Q
","In a magic show, from the seven magicians-G.H.K.L.N.P and Q, choose 6 people to play, and the performance is divided into two teams? 1 team and 2 teams.Each team consists of three positions? front, middle, and back.The magicians on the field happen to occupy one position each.The choice and location of the magician must meet the following conditions? (1) If G or H is arranged to play, they must be in the front.Bit.(2) If K is scheduled to play, he must be in the middle.(3) If L is scheduled to play, he must be on team 1.(4) Neither P nor K can be in the same team as N.(5) P cannot be in the same team as Q.(6) If H is in team 2, Q is in the middle of team 1.
Question: If G is in team 1, which pair of magicians can be in team 1?

Choices:
A. K and L
B. K and P
C. L and N
D. L and Q

Let's think step by step before providing your final answer. However, you must conclude your assessment with the statement: 'Thus, the correct answer is: X', where 'X' is simply the letter corresponding to the answer option you've determined to be correct.",D.L and Q,0
AGIEval,Civil Service Examination,LogiQA-en,MC,Civil Service Examination-LogiQA-en-132,N.A.,"The function of the government is to meet the real needs of the people.Unless the government knows what those needs are, the government cannot meet those needs.Freedom of expression can ensure that government officials hear such demand messages.Therefore, for a healthy country, free speech is essential.
Question: Which of the following, if true, cannot weaken the above argument?

Choices:
A. In most cases, the people do not know what they really need.
B. Free speech ultimately tends to disrupt social order, and good social order is a prerequisite for meeting the needs of the masses.
C. The legitimate function of the government is not to satisfy the needs of the people, but to provide equal opportunities for the people.
D. Freedom of expression is insufficient to satisfy the needs of the masses, and good social order is also essential.
","The function of the government is to meet the real needs of the people.Unless the government knows what those needs are, the government cannot meet those needs.Freedom of expression can ensure that government officials hear such demand messages.Therefore, for a healthy country, free speech is essential.
Question: Which of the following, if true, cannot weaken the above argument?

Choices:
A. In most cases, the people do not know what they really need.
B. Free speech ultimately tends to disrupt social order, and good social order is a prerequisite for meeting the needs of the masses.
C. The legitimate function of the government is not to satisfy the needs of the people, but to provide equal opportunities for the people.
D. Freedom of expression is insufficient to satisfy the needs of the masses, and good social order is also essential.

Let's think step by step before providing your final answer. However, you must conclude your assessment with the statement: 'Thus, the correct answer is: X', where 'X' is simply the letter corresponding to the answer option you've determined to be correct.","D.Freedom of expression is insufficient to satisfy the needs of the masses, and good social order is also essential.",1
AGIEval,Civil Service Examination,LogiQA-en,MC,Civil Service Examination-LogiQA-en-328,N.A.,"Energy-saving lamps require less power and are more energy-efficient.Therefore, if people only use energy-saving lamps and do not use ordinary incandescent lamps that consume more electricity, they will save a lot of electricity.
Question: Which of the following statements is the assumption upon which the above argument relies?

Choices:
A. The brightness of energy-saving lamps is at least the same as that of ordinary incandescent lamps
B. People can reduce environmental pollution by using less electricity.
C. People always want to reduce electricity, water and so on.
D. Energy-saving lamps are not cheaper than ordinary incandescent lamps.
","Energy-saving lamps require less power and are more energy-efficient.Therefore, if people only use energy-saving lamps and do not use ordinary incandescent lamps that consume more electricity, they will save a lot of electricity.
Question: Which of the following statements is the assumption upon which the above argument relies?

Choices:
A. The brightness of energy-saving lamps is at least the same as that of ordinary incandescent lamps
B. People can reduce environmental pollution by using less electricity.
C. People always want to reduce electricity, water and so on.
D. Energy-saving lamps are not cheaper than ordinary incandescent lamps.

Let's think step by step before providing your final answer. However, you must conclude your assessment with the statement: 'Thus, the correct answer is: X', where 'X' is simply the letter corresponding to the answer option you've determined to be correct.",A.The brightness of energy-saving lamps is at least the same as that of ordinary incandescent lamps,1
AGIEval,Civil Service Examination,LogiQA-en,MC,Civil Service Examination-LogiQA-en-279,N.A.,"Clothing, food, housing and transportation are the top priorities of the people.However, the ""clothing"" has been replaced by the hospital's ""medicine"" in recent years.Expensive medical treatment and difficult medical treatment have become one of the hot issues of social concern.Therefore, we must quickly advance the reform of the medical system.
Question: Which of the following questions is most relevant for evaluating the above argument?

Choices:
A. How important are the bribery of drug dealers and the receipt of red envelopes by doctors in seeing doctors?
B. What is the most fundamental cause of expensive and difficult medical treatment?
C. How much does insufficient government funding play in increasing medical prices?
D. How much do affordable hospitals play in curbing medical prices?
","Clothing, food, housing and transportation are the top priorities of the people.However, the ""clothing"" has been replaced by the hospital's ""medicine"" in recent years.Expensive medical treatment and difficult medical treatment have become one of the hot issues of social concern.Therefore, we must quickly advance the reform of the medical system.
Question: Which of the following questions is most relevant for evaluating the above argument?

Choices:
A. How important are the bribery of drug dealers and the receipt of red envelopes by doctors in seeing doctors?
B. What is the most fundamental cause of expensive and difficult medical treatment?
C. How much does insufficient government funding play in increasing medical prices?
D. How much do affordable hospitals play in curbing medical prices?

Let's think step by step before providing your final answer. However, you must conclude your assessment with the statement: 'Thus, the correct answer is: X', where 'X' is simply the letter corresponding to the answer option you've determined to be correct.",B.What is the most fundamental cause of expensive and difficult medical treatment?,1
AGIEval,Civil Service Examination,LogiQA-en,MC,Civil Service Examination-LogiQA-en-275,N.A.,"twenty three.The computer anti-virus company calls the viruses that have been captured and processed as known viruses, otherwise it is an unknown virus.So far, antivirus software's prevention of new viruses lags behind the emergence of viruses, because antivirus software cannot know the situation of new viruses in advance.Some people want to develop anti-virus tools that proactively defend against new viruses.This is impossible.It is as whimsical as trying to make special drugs for an unknown disease.
Question: Which of the following, if true, can weaken the above argument to the greatest extent?

Choices:
A. Viruses that are truly innovative and technologically breakthrough are usually conceptual viruses, which are generally not very destructive.
B. 99% of new viruses are written after imitating known viruses.The characteristics of their transmission, infection, addition, and destruction can be learned from known viruses.
C. Computer viruses are written by humans.They are much simpler than viruses in the biological world.
D. Every time an anti-virus company claims to discover a new virus, it is determined by a certain method.
","twenty three.The computer anti-virus company calls the viruses that have been captured and processed as known viruses, otherwise it is an unknown virus.So far, antivirus software's prevention of new viruses lags behind the emergence of viruses, because antivirus software cannot know the situation of new viruses in advance.Some people want to develop anti-virus tools that proactively defend against new viruses.This is impossible.It is as whimsical as trying to make special drugs for an unknown disease.
Question: Which of the following, if true, can weaken the above argument to the greatest extent?

Choices:
A. Viruses that are truly innovative and technologically breakthrough are usually conceptual viruses, which are generally not very destructive.
B. 99% of new viruses are written after imitating known viruses.The characteristics of their transmission, infection, addition, and destruction can be learned from known viruses.
C. Computer viruses are written by humans.They are much simpler than viruses in the biological world.
D. Every time an anti-virus company claims to discover a new virus, it is determined by a certain method.

Let's think step by step before providing your final answer. However, you must conclude your assessment with the statement: 'Thus, the correct answer is: X', where 'X' is simply the letter corresponding to the answer option you've determined to be correct.","B.99% of new viruses are written after imitating known viruses.The characteristics of their transmission, infection, addition, and destruction can be learned from known viruses.",1
AGIEval,Civil Service Examination,LogiQA-en,MC,Civil Service Examination-LogiQA-en-449,N.A.,"There are 6 singers? F, G, L, K, H, M.3 piano accompaniment? X, Y, W.Each piano accompanimentist happened to accompany two of the singers.Known condition information is as follows? (1) If X is F accompaniment, then W is L accompaniment.(2) If X is not a G accompaniment, then Y is an M accompaniment.(3) X or Y is H accompaniment.(4) F and G do not share accompaniment; L and K do not share accompaniment; H and M do not share accompaniment.
Question: If X is an accompaniment to L and H, which of the following statements must be true?

Choices:
A. W is K accompaniment.
B. Y is F accompaniment.
C. G and K are accompanied by the same accompaniment.
D. F and M are accompanied by the same accompaniment.
","There are 6 singers? F, G, L, K, H, M.3 piano accompaniment? X, Y, W.Each piano accompanimentist happened to accompany two of the singers.Known condition information is as follows? (1) If X is F accompaniment, then W is L accompaniment.(2) If X is not a G accompaniment, then Y is an M accompaniment.(3) X or Y is H accompaniment.(4) F and G do not share accompaniment; L and K do not share accompaniment; H and M do not share accompaniment.
Question: If X is an accompaniment to L and H, which of the following statements must be true?

Choices:
A. W is K accompaniment.
B. Y is F accompaniment.
C. G and K are accompanied by the same accompaniment.
D. F and M are accompanied by the same accompaniment.

Let's think step by step before providing your final answer. However, you must conclude your assessment with the statement: 'Thus, the correct answer is: X', where 'X' is simply the letter corresponding to the answer option you've determined to be correct.",A.W is K accompaniment.,0
AGIEval,Civil Service Examination,LogiQA-en,MC,Civil Service Examination-LogiQA-en-82,N.A.,"The raw material of cement is very cheap, like limestone and mud everywhere can be used as raw material of cement.However, the price of cement will be influenced by the price of oil, because it takes a lot of energy to convert raw materials from Pakistan to cement in high-temperature furnaces.
Question: Based on the above conclusions, which of the following conclusions is most likely to be drawn?

Choices:
A. Petroleum is one of the raw materials contained in cement
B. Petroleum is the energy source of some high-temperature furnaces for making cement
C. The price of cement falls as the price of oil rises
D. The higher the price of cement, the higher the price of limestone
","The raw material of cement is very cheap, like limestone and mud everywhere can be used as raw material of cement.However, the price of cement will be influenced by the price of oil, because it takes a lot of energy to convert raw materials from Pakistan to cement in high-temperature furnaces.
Question: Based on the above conclusions, which of the following conclusions is most likely to be drawn?

Choices:
A. Petroleum is one of the raw materials contained in cement
B. Petroleum is the energy source of some high-temperature furnaces for making cement
C. The price of cement falls as the price of oil rises
D. The higher the price of cement, the higher the price of limestone

Let's think step by step before providing your final answer. However, you must conclude your assessment with the statement: 'Thus, the correct answer is: X', where 'X' is simply the letter corresponding to the answer option you've determined to be correct.",B.Petroleum is the energy source of some high-temperature furnaces for making cement,1
AGIEval,Civil Service Examination,LogiQA-en,MC,Civil Service Examination-LogiQA-en-422,N.A.,"Expert? Only when the property rights of an item are clearly defined and can be traded can the real value of the item be reflected.We said that we must protect the interests of farmers.If we can't figure out what the farmers' best interests are, how to protect them? What valuable things do farmers have? That is the homestead.Only when the value of the homestead is fully reflected can we really protect the interests of farmers.
Question: If the above statement is true, which of the following statements must be true?

Choices:
A. To truly protect the interests of farmers, it is necessary to allow transactions on homesteads.
B. As long as you understand what is the peasants 'best interests, you can protect the peasants' interests.
C. As long as the property rights of the homestead are clearly defined and can be traded on, the true value of it can be reflected.
D. If the homestead is traded, its value can be fully reflected.
","Expert? Only when the property rights of an item are clearly defined and can be traded can the real value of the item be reflected.We said that we must protect the interests of farmers.If we can't figure out what the farmers' best interests are, how to protect them? What valuable things do farmers have? That is the homestead.Only when the value of the homestead is fully reflected can we really protect the interests of farmers.
Question: If the above statement is true, which of the following statements must be true?

Choices:
A. To truly protect the interests of farmers, it is necessary to allow transactions on homesteads.
B. As long as you understand what is the peasants 'best interests, you can protect the peasants' interests.
C. As long as the property rights of the homestead are clearly defined and can be traded on, the true value of it can be reflected.
D. If the homestead is traded, its value can be fully reflected.

Let's think step by step before providing your final answer. However, you must conclude your assessment with the statement: 'Thus, the correct answer is: X', where 'X' is simply the letter corresponding to the answer option you've determined to be correct.","A.To truly protect the interests of farmers, it is necessary to allow transactions on homesteads.",0
AGIEval,Civil Service Examination,LogiQA-en,MC,Civil Service Examination-LogiQA-en-365,N.A.,"For those who want to exercise, multiple physical exercises alternately perform better than a single exercise.The exercise of a single project makes a small number of people develop muscles, and multiple physical exercises can alternately develop the muscle groups of the human body.The latter consumes more calories than the former.
Question: If any of the following statements is true, is it most advantageous to strengthen the above argument?

Choices:
A. Among healthy people, health improvement is proportional to calorie consumption.
B. Exercise is the most effective way to exercise.
C. Those who recover from serious illnesses are not suitable for intense single physical exercise.
D. It is much more difficult to fully develop the muscle groups of the human body than to promote the development of a few muscles.
","For those who want to exercise, multiple physical exercises alternately perform better than a single exercise.The exercise of a single project makes a small number of people develop muscles, and multiple physical exercises can alternately develop the muscle groups of the human body.The latter consumes more calories than the former.
Question: If any of the following statements is true, is it most advantageous to strengthen the above argument?

Choices:
A. Among healthy people, health improvement is proportional to calorie consumption.
B. Exercise is the most effective way to exercise.
C. Those who recover from serious illnesses are not suitable for intense single physical exercise.
D. It is much more difficult to fully develop the muscle groups of the human body than to promote the development of a few muscles.

Let's think step by step before providing your final answer. However, you must conclude your assessment with the statement: 'Thus, the correct answer is: X', where 'X' is simply the letter corresponding to the answer option you've determined to be correct.","A.Among healthy people, health improvement is proportional to calorie consumption.",1
AGIEval,Civil Service Examination,LogiQA-en,MC,Civil Service Examination-LogiQA-en-70,N.A.,"A national academic conference held by a society receives nearly 1,000 conference papers each time.In order to ensure the quality of the conference communication papers, the academic conference organizing committee decided to select only 10% of the papers from the conference papers as conference communication papers each time.
Question: The decision of the academic conference organizing committee is most likely based on which of the following assumptions?

Choices:
A. There is always a certain percentage of paper quality in every conference paper submitted.
B. The number of conference papers received each time in the future will not change significantly.
C. 90% of conference papers do not meet the quality of conference papers.
D. The academic conference organizing committee can make accurate judgments on the quality of the paper.
","A national academic conference held by a society receives nearly 1,000 conference papers each time.In order to ensure the quality of the conference communication papers, the academic conference organizing committee decided to select only 10% of the papers from the conference papers as conference communication papers each time.
Question: The decision of the academic conference organizing committee is most likely based on which of the following assumptions?

Choices:
A. There is always a certain percentage of paper quality in every conference paper submitted.
B. The number of conference papers received each time in the future will not change significantly.
C. 90% of conference papers do not meet the quality of conference papers.
D. The academic conference organizing committee can make accurate judgments on the quality of the paper.

Let's think step by step before providing your final answer. However, you must conclude your assessment with the statement: 'Thus, the correct answer is: X', where 'X' is simply the letter corresponding to the answer option you've determined to be correct.",A.There is always a certain percentage of paper quality in every conference paper submitted.,0
AGIEval,Civil Service Examination,LogiQA-en,MC,Civil Service Examination-LogiQA-en-11,N.A.,"According to a report, in the year to March, mainland Chinese buyers became the second largest group of foreign buyers buying US real estate, with a transaction volume of US $ 9 billion, second only to Canada.This is 23% higher than the previous year ’s USD 7.3 billion transaction volume and 88% higher than the previous year ’s USD 4.8 billion transaction volume.Some people think that there are more and more rich people in China who are transferring their property abroad.
Question: Which of the following is true is the best argument against the above argument

Choices:
A. Many Chinese people buy homes for their children to study in the US
B. Although the turnover has increased by 23%, the volume of Chinese buyers has not increased this year
C. There are groups of real estate speculators among the wealthy Chinese who have speculated in Beijing and Shanghai
D. The risk of the US real estate market has been small in recent years and has a certain function of value preservation and appreciation
","According to a report, in the year to March, mainland Chinese buyers became the second largest group of foreign buyers buying US real estate, with a transaction volume of US $ 9 billion, second only to Canada.This is 23% higher than the previous year ’s USD 7.3 billion transaction volume and 88% higher than the previous year ’s USD 4.8 billion transaction volume.Some people think that there are more and more rich people in China who are transferring their property abroad.
Question: Which of the following is true is the best argument against the above argument

Choices:
A. Many Chinese people buy homes for their children to study in the US
B. Although the turnover has increased by 23%, the volume of Chinese buyers has not increased this year
C. There are groups of real estate speculators among the wealthy Chinese who have speculated in Beijing and Shanghai
D. The risk of the US real estate market has been small in recent years and has a certain function of value preservation and appreciation

Let's think step by step before providing your final answer. However, you must conclude your assessment with the statement: 'Thus, the correct answer is: X', where 'X' is simply the letter corresponding to the answer option you've determined to be correct.","B.Although the turnover has increased by 23%, the volume of Chinese buyers has not increased this year",1
AGIEval,Civil Service Examination,LogiQA-en,MC,Civil Service Examination-LogiQA-en-378,N.A.,"Pollution problems caused by garbage exudates are most severe in countries with a per capita output value of between US $ 4,000 and US $ 5,000 per year, and relatively poor or wealthy countries are not as severe.At the initial stage of industrial development, the pollution problem is relatively serious.When industrial development can create enough means to deal with such problems, the pollution problem will be reduced.At present, the per capita output value of Country X is $ 5,000 per year.In the next few years, pollution caused by garbage exudates in Country X will gradually decrease.
Question: Which of the following statements is the assumption upon which the above argument relies?

Choices:
A. In the next few years, country X will develop a fine system for illegal waste disposal.
B. Over the next few years, the countries surrounding Country X will reduce the emissions of air and water pollutants.
C. In the next few years, the industrial development of country X will grow.
D. In the next few years, the industrialization process in country X will be affected by pollution control issues.
","Pollution problems caused by garbage exudates are most severe in countries with a per capita output value of between US $ 4,000 and US $ 5,000 per year, and relatively poor or wealthy countries are not as severe.At the initial stage of industrial development, the pollution problem is relatively serious.When industrial development can create enough means to deal with such problems, the pollution problem will be reduced.At present, the per capita output value of Country X is $ 5,000 per year.In the next few years, pollution caused by garbage exudates in Country X will gradually decrease.
Question: Which of the following statements is the assumption upon which the above argument relies?

Choices:
A. In the next few years, country X will develop a fine system for illegal waste disposal.
B. Over the next few years, the countries surrounding Country X will reduce the emissions of air and water pollutants.
C. In the next few years, the industrial development of country X will grow.
D. In the next few years, the industrialization process in country X will be affected by pollution control issues.

Let's think step by step before providing your final answer. However, you must conclude your assessment with the statement: 'Thus, the correct answer is: X', where 'X' is simply the letter corresponding to the answer option you've determined to be correct.","C.In the next few years, the industrial development of country X will grow.",1
AGIEval,Civil Service Examination,LogiQA-en,MC,Civil Service Examination-LogiQA-en-64,N.A.,"The report of the Ministry of Health shows that the cost of health care has indeed increased over the years.It can be seen that the medical conditions enjoyed by each of us have greatly improved.
Question: Which of the following raises the most serious question to the above conclusion?

Choices:
A. The vast majority of health care costs are spent on high-tech intensive care for high-risk patients.
B. Without increasing costs, our health conditions may also improve.
C. 70% of the state's allocation to the health sector is for infrastructure construction.
D. The cost of care for elderly chronic diseases is very large.
","The report of the Ministry of Health shows that the cost of health care has indeed increased over the years.It can be seen that the medical conditions enjoyed by each of us have greatly improved.
Question: Which of the following raises the most serious question to the above conclusion?

Choices:
A. The vast majority of health care costs are spent on high-tech intensive care for high-risk patients.
B. Without increasing costs, our health conditions may also improve.
C. 70% of the state's allocation to the health sector is for infrastructure construction.
D. The cost of care for elderly chronic diseases is very large.

Let's think step by step before providing your final answer. However, you must conclude your assessment with the statement: 'Thus, the correct answer is: X', where 'X' is simply the letter corresponding to the answer option you've determined to be correct.",A.The vast majority of health care costs are spent on high-tech intensive care for high-risk patients.,0
AGIEval,Civil Service Examination,LogiQA-en,MC,Civil Service Examination-LogiQA-en-564,N.A.,"Some uneducated people have become outstanding writers, and more outstanding writers have received college education.Excellent writers are all sensitive and imaginative people, and only sensitive and imaginative people can write works that are touching.
Question: If the above statement is true, which of the following statements must be true?

Choices:
A. Only excellent writers can write touching works.
B. Some sensitive and imaginative writers are not excellent writers.
C. Writers who can write touching works are excellent writers.
D. Some sensitive and imaginative writers have not received college education.
","Some uneducated people have become outstanding writers, and more outstanding writers have received college education.Excellent writers are all sensitive and imaginative people, and only sensitive and imaginative people can write works that are touching.
Question: If the above statement is true, which of the following statements must be true?

Choices:
A. Only excellent writers can write touching works.
B. Some sensitive and imaginative writers are not excellent writers.
C. Writers who can write touching works are excellent writers.
D. Some sensitive and imaginative writers have not received college education.

Let's think step by step before providing your final answer. However, you must conclude your assessment with the statement: 'Thus, the correct answer is: X', where 'X' is simply the letter corresponding to the answer option you've determined to be correct.",D.Some sensitive and imaginative writers have not received college education.,1
AGIEval,Civil Service Examination,LogiQA-en,MC,Civil Service Examination-LogiQA-en-55,N.A.,"Wang Gang must be a university teacher, because he not only has a doctorate from a prestigious school, but also has more than one year of research experience in a research institution overseas.
Question: Which of the following can guarantee the correctness of the above statement?

Choices:
A. Unless it is a university teacher, it is impossible to have a doctorate from a prestigious school and have more than one year of research experience in an overseas research institution.
B. In recent years, college teachers have required overseas research experience.
C. Some middle school teachers also have doctorate degrees and overseas research experience.
D. Unless they are PhDs and have more than one year of overseas research experience, they cannot become university teachers.
","Wang Gang must be a university teacher, because he not only has a doctorate from a prestigious school, but also has more than one year of research experience in a research institution overseas.
Question: Which of the following can guarantee the correctness of the above statement?

Choices:
A. Unless it is a university teacher, it is impossible to have a doctorate from a prestigious school and have more than one year of research experience in an overseas research institution.
B. In recent years, college teachers have required overseas research experience.
C. Some middle school teachers also have doctorate degrees and overseas research experience.
D. Unless they are PhDs and have more than one year of overseas research experience, they cannot become university teachers.

Let's think step by step before providing your final answer. However, you must conclude your assessment with the statement: 'Thus, the correct answer is: X', where 'X' is simply the letter corresponding to the answer option you've determined to be correct.","A.Unless it is a university teacher, it is impossible to have a doctorate from a prestigious school and have more than one year of research experience in an overseas research institution.",1
AGIEval,Civil Service Examination,LogiQA-en,MC,Civil Service Examination-LogiQA-en-536,N.A.,"Since the beginning of 2013, Beijing has suffered from the haze weather that lasted for many days.The ""Beijing Cough"" caused by air pollution has become one of the hot topics of discussion.In order to solve the dilemma of the haze, some experts suggested that starting with buses, taxis and municipal public vehicles, electric vehicles should be used instead of fuel vehicles, and then gradually extended to other social vehicles.
Question: If the following statement is true, which one most strongly questioned the above experts' suggestions?

Choices:
A. From the perspective of vehicle purchase and use costs, electric vehicles currently do not have a competitive advantage over fuel vehicles.
B. Research on the effects of electric vehicle emission reduction in the United Kingdom and the United States shows that electric vehicles that use coal power will generally lead to more pollutant emissions.
C. Electric cars in Beijing use coal power.Electric car power will increase coal consumption and particulate emissions in the surrounding power supply provinces, resulting in haze.
D. Controlling atmospheric pollution is a complex project, and a single control measure is difficult to work.
","Since the beginning of 2013, Beijing has suffered from the haze weather that lasted for many days.The ""Beijing Cough"" caused by air pollution has become one of the hot topics of discussion.In order to solve the dilemma of the haze, some experts suggested that starting with buses, taxis and municipal public vehicles, electric vehicles should be used instead of fuel vehicles, and then gradually extended to other social vehicles.
Question: If the following statement is true, which one most strongly questioned the above experts' suggestions?

Choices:
A. From the perspective of vehicle purchase and use costs, electric vehicles currently do not have a competitive advantage over fuel vehicles.
B. Research on the effects of electric vehicle emission reduction in the United Kingdom and the United States shows that electric vehicles that use coal power will generally lead to more pollutant emissions.
C. Electric cars in Beijing use coal power.Electric car power will increase coal consumption and particulate emissions in the surrounding power supply provinces, resulting in haze.
D. Controlling atmospheric pollution is a complex project, and a single control measure is difficult to work.

Let's think step by step before providing your final answer. However, you must conclude your assessment with the statement: 'Thus, the correct answer is: X', where 'X' is simply the letter corresponding to the answer option you've determined to be correct.","C.Electric cars in Beijing use coal power.Electric car power will increase coal consumption and particulate emissions in the surrounding power supply provinces, resulting in haze.",1
AGIEval,Civil Service Examination,LogiQA-en,MC,Civil Service Examination-LogiQA-en-248,N.A.,"In a magic show, from the seven magicians-G.H.K.L.N.P and Q, choose 6 people to play, and the performance is divided into two teams? 1 team and 2 teams.Each team consists of three positions? front, middle, and back.The magicians on the field happen to occupy one position each.The choice and location of the magician must meet the following conditions? (1) If G or H is arranged to play, they must be in front Bit.(2) If K is scheduled to play, he must be in the middle.(3) If L is scheduled to play, he must be on team 1.(4) Neither P nor K can be in the same team as N.(5) P cannot be in the same team as Q.(6) If H is in team 2, Q is in the middle of team 1.
Question: Which of the following lists are acceptable arrangements for the second team's performance?

Choices:
A. Before? H Middle? P After? K
B. Before? H Middle? L After? N
C. Before? G In? Q After? P
D. Before? G In? Q After? N
","In a magic show, from the seven magicians-G.H.K.L.N.P and Q, choose 6 people to play, and the performance is divided into two teams? 1 team and 2 teams.Each team consists of three positions? front, middle, and back.The magicians on the field happen to occupy one position each.The choice and location of the magician must meet the following conditions? (1) If G or H is arranged to play, they must be in front Bit.(2) If K is scheduled to play, he must be in the middle.(3) If L is scheduled to play, he must be on team 1.(4) Neither P nor K can be in the same team as N.(5) P cannot be in the same team as Q.(6) If H is in team 2, Q is in the middle of team 1.
Question: Which of the following lists are acceptable arrangements for the second team's performance?

Choices:
A. Before? H Middle? P After? K
B. Before? H Middle? L After? N
C. Before? G In? Q After? P
D. Before? G In? Q After? N

Let's think step by step before providing your final answer. However, you must conclude your assessment with the statement: 'Thus, the correct answer is: X', where 'X' is simply the letter corresponding to the answer option you've determined to be correct.",D.Before? G In? Q After? N,1
AGIEval,Civil Service Examination,LogiQA-en,MC,Civil Service Examination-LogiQA-en-301,N.A.,"There are 7 candidates hired by Haier? F, G, H, I, W, X and Y.One of them needs to be assigned to the public relations department, three to the production department, and three to the sales department.The personnel allocation of these 7 employees must meet the following conditions? (1) H and Y must be allocated in the same department.(2) F and G cannot be allocated in the same department (3) If X is allocated in the sales department, W is allocated in the production department.(4) F must be allocated in the production department.
Question: Which of the following pairs of employees is unlikely to be assigned to the sales department?

Choices:
A. G and I
B. G and X
C. G and Y
D. H and W
","There are 7 candidates hired by Haier? F, G, H, I, W, X and Y.One of them needs to be assigned to the public relations department, three to the production department, and three to the sales department.The personnel allocation of these 7 employees must meet the following conditions? (1) H and Y must be allocated in the same department.(2) F and G cannot be allocated in the same department (3) If X is allocated in the sales department, W is allocated in the production department.(4) F must be allocated in the production department.
Question: Which of the following pairs of employees is unlikely to be assigned to the sales department?

Choices:
A. G and I
B. G and X
C. G and Y
D. H and W

Let's think step by step before providing your final answer. However, you must conclude your assessment with the statement: 'Thus, the correct answer is: X', where 'X' is simply the letter corresponding to the answer option you've determined to be correct.",B.G and X,0
AGIEval,Civil Service Examination,LogiQA-en,MC,Civil Service Examination-LogiQA-en-510,N.A.,"Dr.Melissa Moore of Stanford University in the United States? ""Oh My God? A Brief History of Swearing"" talked about an interesting phenomenon? some patients with Alzheimer's disease or stroke have completely lost their language ability , Can still say a certain swear word repeatedly.This is confusing? aren't swear words talking?
Question: If the following statement is true, which one best explains the above phenomenon?

Choices:
A. Of the approximately 1 million English words, although only a dozen are swear words, they are used very frequently.
B. Research by brain scientists confirmed that the human spirit can change the state of the body in a physiological sense.
C. Swearing is the most expressive word for extreme emotions.Swearing can reduce stress and help to endure pain.
D. General words are stored in the upper brain area that controls autonomous behavior and rational thinking, while swear words are stored in the lower brain area responsible for emotions and instincts.
","Dr.Melissa Moore of Stanford University in the United States? ""Oh My God? A Brief History of Swearing"" talked about an interesting phenomenon? some patients with Alzheimer's disease or stroke have completely lost their language ability , Can still say a certain swear word repeatedly.This is confusing? aren't swear words talking?
Question: If the following statement is true, which one best explains the above phenomenon?

Choices:
A. Of the approximately 1 million English words, although only a dozen are swear words, they are used very frequently.
B. Research by brain scientists confirmed that the human spirit can change the state of the body in a physiological sense.
C. Swearing is the most expressive word for extreme emotions.Swearing can reduce stress and help to endure pain.
D. General words are stored in the upper brain area that controls autonomous behavior and rational thinking, while swear words are stored in the lower brain area responsible for emotions and instincts.

Let's think step by step before providing your final answer. However, you must conclude your assessment with the statement: 'Thus, the correct answer is: X', where 'X' is simply the letter corresponding to the answer option you've determined to be correct.","D.General words are stored in the upper brain area that controls autonomous behavior and rational thinking, while swear words are stored in the lower brain area responsible for emotions and instincts.",1
AGIEval,Civil Service Examination,LogiQA-en,MC,Civil Service Examination-LogiQA-en-32,N.A.,"Conne Levi with a ""moe"" look looks like other newborns.But because it is the world's first test-tube baby screened by next-generation gene sequencing technology, his advent has attracted the attention of experts and scholars.Not long ago, this news detonated the audience at the ""European Society of Human Reproduction and Embryology Annual Meeting"" held in London, England.And ordinary people also believe that humans may usher in the era of ""customized babies"".
Question: Which of the following, if true, would best refute the views of ordinary people?

Choices:
A. ""Artificial"" genetic screening does not rule out that there will be loopholes; in natural conception, the guidelines for survival of the fittest in nature seem to be more subtle and effective
B. It can be seen from the development history of modern science and technology that technological development is often faster than human cognition, and sometimes technology will go further and deviate from the track of human cognition
C. Gene screening is mainly to avoid reproductive defects, this technology brings opportunities for human eugenics and eugenics; as for ""customized babies"", the concept of cloning is more involved, the two should not be confused
D. ""Customized babies"" have not been tried globally, this concept also challenges the most controversial human reproductive ethics
","Conne Levi with a ""moe"" look looks like other newborns.But because it is the world's first test-tube baby screened by next-generation gene sequencing technology, his advent has attracted the attention of experts and scholars.Not long ago, this news detonated the audience at the ""European Society of Human Reproduction and Embryology Annual Meeting"" held in London, England.And ordinary people also believe that humans may usher in the era of ""customized babies"".
Question: Which of the following, if true, would best refute the views of ordinary people?

Choices:
A. ""Artificial"" genetic screening does not rule out that there will be loopholes; in natural conception, the guidelines for survival of the fittest in nature seem to be more subtle and effective
B. It can be seen from the development history of modern science and technology that technological development is often faster than human cognition, and sometimes technology will go further and deviate from the track of human cognition
C. Gene screening is mainly to avoid reproductive defects, this technology brings opportunities for human eugenics and eugenics; as for ""customized babies"", the concept of cloning is more involved, the two should not be confused
D. ""Customized babies"" have not been tried globally, this concept also challenges the most controversial human reproductive ethics

Let's think step by step before providing your final answer. However, you must conclude your assessment with the statement: 'Thus, the correct answer is: X', where 'X' is simply the letter corresponding to the answer option you've determined to be correct.","C.Gene screening is mainly to avoid reproductive defects, this technology brings opportunities for human eugenics and eugenics; as for ""customized babies"", the concept of cloning is more involved, the two should not be confused",1
AGIEval,Civil Service Examination,LogiQA-en,MC,Civil Service Examination-LogiQA-en-257,N.A.,"From the end of the 1980s to the beginning of the 1990s, a total of 134 in-service staff died in 7 research institutes of the Chinese Academy of Sciences and Peking University in a five-year period.Some people collected this data and concluded that the average age of death of intellectuals in Zhongguancun is 53.34 years, which is lower than Beijing ’s average life expectancy of 73 years in 1990 and 5.18 years lower than the 58.52 years surveyed 10 years ago.
Question: Which of the following most accurately points out the fallacy of this statistical reasoning?

Choices:
A. The actual situation is that 143 in-service personnel died, and the sample data is unreliable.
B. If the sample size is too small, data on the deaths of in-service personnel from other research institutions and universities in Zhongguancun should be added.
C. This is equivalent to the surprising conclusion after surveying the average age of death of college students is 22 years? people with college education have an average life expectancy of more than 50 years less than others.
D. This statistical reasoning does not distinguish between types of intellectuals in Zhongguancun.
","From the end of the 1980s to the beginning of the 1990s, a total of 134 in-service staff died in 7 research institutes of the Chinese Academy of Sciences and Peking University in a five-year period.Some people collected this data and concluded that the average age of death of intellectuals in Zhongguancun is 53.34 years, which is lower than Beijing ’s average life expectancy of 73 years in 1990 and 5.18 years lower than the 58.52 years surveyed 10 years ago.
Question: Which of the following most accurately points out the fallacy of this statistical reasoning?

Choices:
A. The actual situation is that 143 in-service personnel died, and the sample data is unreliable.
B. If the sample size is too small, data on the deaths of in-service personnel from other research institutions and universities in Zhongguancun should be added.
C. This is equivalent to the surprising conclusion after surveying the average age of death of college students is 22 years? people with college education have an average life expectancy of more than 50 years less than others.
D. This statistical reasoning does not distinguish between types of intellectuals in Zhongguancun.

Let's think step by step before providing your final answer. However, you must conclude your assessment with the statement: 'Thus, the correct answer is: X', where 'X' is simply the letter corresponding to the answer option you've determined to be correct.",C.This is equivalent to the surprising conclusion after surveying the average age of death of college students is 22 years? people with college education have an average life expectancy of more than 50 years less than others.,1
AGIEval,Civil Service Examination,LogiQA-en,MC,Civil Service Examination-LogiQA-en-175,N.A.,"Leishmaniasis is an infectious disease that is transmitted by sand flies biting sick mice and then biting.When building a new town in a certain area, although leishmaniasis and sand flies are both swords in the area, epidemiologists warn that strengthening rodent control to reduce the number of rats will do more harm than good.Profit.
Question: If the above statement is true, which of the following best confirms the expert's warning?

Choices:
A. Rats infected with Leishmaniasis have few chances of directly transmitting the disease to people.
B. Leishmaniasis is more contagious in rats than in humans.
C. Sand flies that do not infect leishmaniasis are not harmful to human health.
D. Sand flies bite people only when the number of mice is insufficient.
","Leishmaniasis is an infectious disease that is transmitted by sand flies biting sick mice and then biting.When building a new town in a certain area, although leishmaniasis and sand flies are both swords in the area, epidemiologists warn that strengthening rodent control to reduce the number of rats will do more harm than good.Profit.
Question: If the above statement is true, which of the following best confirms the expert's warning?

Choices:
A. Rats infected with Leishmaniasis have few chances of directly transmitting the disease to people.
B. Leishmaniasis is more contagious in rats than in humans.
C. Sand flies that do not infect leishmaniasis are not harmful to human health.
D. Sand flies bite people only when the number of mice is insufficient.

Let's think step by step before providing your final answer. However, you must conclude your assessment with the statement: 'Thus, the correct answer is: X', where 'X' is simply the letter corresponding to the answer option you've determined to be correct.",D.Sand flies bite people only when the number of mice is insufficient.,1
AGIEval,Civil Service Examination,LogiQA-en,MC,Civil Service Examination-LogiQA-en-269,N.A.,"Zhang Qiang? ""The"" changing face ""stunt in Sichuan opera was privately imparted to foreign countries by individual actors, and has now been spread to Japan, Singapore, Germany and other places.The main artistic value of Sichuan opera is to change the face.Leaking the secret to change the face is equivalent to ruining the artistic life of Sichuan opera.Li Ming? ""Even if a foreigner learns to change his face, it will not affect the survival and value of the traditional art of Sichuan opera.The intangible cultural heritage can only be inherited and developed by opening the mountain gate to the public and integrating into modern life.""
Question: Which of the following, if true, best supports Li Ming ’s point of view?

Choices:
A. Foreigners learn Sichuan Opera because of their admiration for face-changing art, which will promote the spread of Sichuan Opera and promote Sichuan Opera to create new skills.
B. Many foreigners study Peking Opera performance, but this does not detract from Peking Opera's image as a national essence.
C. The result of the face-changing technology rumors is that it leads to the change of Sichuan Opera art.
D. In 1987, the Ministry of Culture listed Sichuan Opera's face-changing art as a second-level national secret, which is the only state secret in the Chinese theater industry.
","Zhang Qiang? ""The"" changing face ""stunt in Sichuan opera was privately imparted to foreign countries by individual actors, and has now been spread to Japan, Singapore, Germany and other places.The main artistic value of Sichuan opera is to change the face.Leaking the secret to change the face is equivalent to ruining the artistic life of Sichuan opera.Li Ming? ""Even if a foreigner learns to change his face, it will not affect the survival and value of the traditional art of Sichuan opera.The intangible cultural heritage can only be inherited and developed by opening the mountain gate to the public and integrating into modern life.""
Question: Which of the following, if true, best supports Li Ming ’s point of view?

Choices:
A. Foreigners learn Sichuan Opera because of their admiration for face-changing art, which will promote the spread of Sichuan Opera and promote Sichuan Opera to create new skills.
B. Many foreigners study Peking Opera performance, but this does not detract from Peking Opera's image as a national essence.
C. The result of the face-changing technology rumors is that it leads to the change of Sichuan Opera art.
D. In 1987, the Ministry of Culture listed Sichuan Opera's face-changing art as a second-level national secret, which is the only state secret in the Chinese theater industry.

Let's think step by step before providing your final answer. However, you must conclude your assessment with the statement: 'Thus, the correct answer is: X', where 'X' is simply the letter corresponding to the answer option you've determined to be correct.","A.Foreigners learn Sichuan Opera because of their admiration for face-changing art, which will promote the spread of Sichuan Opera and promote Sichuan Opera to create new skills.",1
AGIEval,Civil Service Examination,LogiQA-en,MC,Civil Service Examination-LogiQA-en-552,N.A.,"Medieval Arabs have many ancient Greek manuscripts.When needed, they translated them into Arabic.Medieval Arab philosophers were very interested in Aristotle ’s Poetics, which was obviously not shared by Arab poets, because a poet who was interested in Poetics must want to read Homer ’s poems, Aristotle himself often quotes Homer's poems.However, Homer's poems were not translated into Arabic until now.
Question: If the following statement is true, which one strongly supports the above argument?

Choices:
A. There are some medieval Arabic translators who own the manuscripts of Homer poems in ancient Greek.
B. Aristotle's ""On Poetry"" is often quoted and commented on by modern Arabic poets.
C. Aristotle's ""Poetry Theory"" is mostly related to drama.Medieval Arabs also wrote dramas and performed them.
D. Medieval Arabic series of stories, such as ""The Night of the Arabs"", are very similar to some parts of Homer's epic
","Medieval Arabs have many ancient Greek manuscripts.When needed, they translated them into Arabic.Medieval Arab philosophers were very interested in Aristotle ’s Poetics, which was obviously not shared by Arab poets, because a poet who was interested in Poetics must want to read Homer ’s poems, Aristotle himself often quotes Homer's poems.However, Homer's poems were not translated into Arabic until now.
Question: If the following statement is true, which one strongly supports the above argument?

Choices:
A. There are some medieval Arabic translators who own the manuscripts of Homer poems in ancient Greek.
B. Aristotle's ""On Poetry"" is often quoted and commented on by modern Arabic poets.
C. Aristotle's ""Poetry Theory"" is mostly related to drama.Medieval Arabs also wrote dramas and performed them.
D. Medieval Arabic series of stories, such as ""The Night of the Arabs"", are very similar to some parts of Homer's epic

Let's think step by step before providing your final answer. However, you must conclude your assessment with the statement: 'Thus, the correct answer is: X', where 'X' is simply the letter corresponding to the answer option you've determined to be correct.",A.There are some medieval Arabic translators who own the manuscripts of Homer poems in ancient Greek.,0
AGIEval,Civil Service Examination,LogiQA-en,MC,Civil Service Examination-LogiQA-en-211,N.A.,"The truth of history is not equal to the true history.Lu Xun said that ""Historical Records"" is ""History's unique song, without rhyme"".Good historical works must break through the rigid historical truth view, directly touch the souls of historical figures, and write the essence of history.
Question: Which of the following statements is the assumption upon which the above argument relies?

Choices:
A. Good historical works not only faithfully report historical facts, but also vividly portray the souls of characters.
B. Historical works that merely faithfully record historical facts are not good historical works.
C. Among all historical works, only ""Historical Records"" is a good historical work.
D. It is just a vivid depiction of the souls of historical figures.Works that do not report historical facts are not historical works.
","The truth of history is not equal to the true history.Lu Xun said that ""Historical Records"" is ""History's unique song, without rhyme"".Good historical works must break through the rigid historical truth view, directly touch the souls of historical figures, and write the essence of history.
Question: Which of the following statements is the assumption upon which the above argument relies?

Choices:
A. Good historical works not only faithfully report historical facts, but also vividly portray the souls of characters.
B. Historical works that merely faithfully record historical facts are not good historical works.
C. Among all historical works, only ""Historical Records"" is a good historical work.
D. It is just a vivid depiction of the souls of historical figures.Works that do not report historical facts are not historical works.

Let's think step by step before providing your final answer. However, you must conclude your assessment with the statement: 'Thus, the correct answer is: X', where 'X' is simply the letter corresponding to the answer option you've determined to be correct.",B.Historical works that merely faithfully record historical facts are not good historical works.,1
AGIEval,Civil Service Examination,LogiQA-en,MC,Civil Service Examination-LogiQA-en-111,N.A.,"According to some general principles of human nature, people in social life, no matter how high their status or education, their behavior always changes with the environment.There are both good and evil aspects in human nature.Everyone actually has a self-interested complex or tendency, and they are called ""rational economic men.""
Question: Which of the following options is not the implied meaning or conclusion that can be derived?

Choices:
A. When a person provides a role or service to society, it is impossible not to consider his own economic interests.
B. Once they have public power, some people are very likely to use ""power rent-seeking"" and engage in power and money transactions.
C. Some institutional factors should be designed to restrict the behavior of government officials.
D. The management of government officials should mainly depend on raising their awareness of self-discipline.
","According to some general principles of human nature, people in social life, no matter how high their status or education, their behavior always changes with the environment.There are both good and evil aspects in human nature.Everyone actually has a self-interested complex or tendency, and they are called ""rational economic men.""
Question: Which of the following options is not the implied meaning or conclusion that can be derived?

Choices:
A. When a person provides a role or service to society, it is impossible not to consider his own economic interests.
B. Once they have public power, some people are very likely to use ""power rent-seeking"" and engage in power and money transactions.
C. Some institutional factors should be designed to restrict the behavior of government officials.
D. The management of government officials should mainly depend on raising their awareness of self-discipline.

Let's think step by step before providing your final answer. However, you must conclude your assessment with the statement: 'Thus, the correct answer is: X', where 'X' is simply the letter corresponding to the answer option you've determined to be correct.",D.The management of government officials should mainly depend on raising their awareness of self-discipline.,1
AGIEval,Civil Service Examination,LogiQA-en,MC,Civil Service Examination-LogiQA-en-210,N.A.,"The proactive fiscal policy uses the method of issuing treasury bonds to make up for the fiscal deficit.The old bonds are due, the principal and interest have to be repaid, and some of the new bonds issued have to pay off the old bonds.As time goes by, there are more and more old debts, more and more new debts are used to pay off old debts, less investment is used, and the economic benefits are getting worse.
Question: Which of the following statements is the assumption upon which the above argument relies?

Choices:
A. The economic benefits of active fiscal policy are declining.
B. The funds raised by the proactive fiscal policy can only be used for infrastructure construction.
C. The method of using government bonds to make up for fiscal deficits cannot be used for a long time.
D. Before the maturity of the national debt, its investment return is not enough to repay the debt.
","The proactive fiscal policy uses the method of issuing treasury bonds to make up for the fiscal deficit.The old bonds are due, the principal and interest have to be repaid, and some of the new bonds issued have to pay off the old bonds.As time goes by, there are more and more old debts, more and more new debts are used to pay off old debts, less investment is used, and the economic benefits are getting worse.
Question: Which of the following statements is the assumption upon which the above argument relies?

Choices:
A. The economic benefits of active fiscal policy are declining.
B. The funds raised by the proactive fiscal policy can only be used for infrastructure construction.
C. The method of using government bonds to make up for fiscal deficits cannot be used for a long time.
D. Before the maturity of the national debt, its investment return is not enough to repay the debt.

Let's think step by step before providing your final answer. However, you must conclude your assessment with the statement: 'Thus, the correct answer is: X', where 'X' is simply the letter corresponding to the answer option you've determined to be correct.","D.Before the maturity of the national debt, its investment return is not enough to repay the debt.",1
AGIEval,Civil Service Examination,LogiQA-en,MC,Civil Service Examination-LogiQA-en-212,N.A.,"If you want to start your own company, you have to know that you are great in one thing, for example, your product is better than others; when others are doing as well, you are faster than others; others are also When it is equally fast, you have a lower cost than others, and when others have the same cost, you have higher added value than others.
Question: Which of the following is closest to the meaning of the above paragraph?

Choices:
A. Only by doing the best in at least one thing can your company gain a foothold in the market competition.
B. If your company is not the best in anything, it is likely to lose out in the market competition.
C. If your company does the best thing in at least one thing, it will definitely make huge profits.
D. Unless your company is doing its best in at least one thing, it cannot succeed in market competition.
","If you want to start your own company, you have to know that you are great in one thing, for example, your product is better than others; when others are doing as well, you are faster than others; others are also When it is equally fast, you have a lower cost than others, and when others have the same cost, you have higher added value than others.
Question: Which of the following is closest to the meaning of the above paragraph?

Choices:
A. Only by doing the best in at least one thing can your company gain a foothold in the market competition.
B. If your company is not the best in anything, it is likely to lose out in the market competition.
C. If your company does the best thing in at least one thing, it will definitely make huge profits.
D. Unless your company is doing its best in at least one thing, it cannot succeed in market competition.

Let's think step by step before providing your final answer. However, you must conclude your assessment with the statement: 'Thus, the correct answer is: X', where 'X' is simply the letter corresponding to the answer option you've determined to be correct.","C.If your company does the best thing in at least one thing, it will definitely make huge profits.",0
AGIEval,Civil Service Examination,LogiQA-en,MC,Civil Service Examination-LogiQA-en-159,N.A.,"The brain tissue of animals with behavior disorder contains a large amount of aluminum.Because a silicon-based compound can fix these aluminum elements and prevent them from affecting brain tissue, this compound can be used to treat behavioral disorders in animals.
Question: The above argument is based on which of the following unstated premises?

Choices:
A. There are no side effects after introducing these silicon-based compounds into the brain.
B. These aluminum elements are the cause of behavior disorder, not the result.
C. Different kinds of animals require different amounts of silicon-based compounds for treatment.
D. Normal animal brain tissue does not contain aluminum.
","The brain tissue of animals with behavior disorder contains a large amount of aluminum.Because a silicon-based compound can fix these aluminum elements and prevent them from affecting brain tissue, this compound can be used to treat behavioral disorders in animals.
Question: The above argument is based on which of the following unstated premises?

Choices:
A. There are no side effects after introducing these silicon-based compounds into the brain.
B. These aluminum elements are the cause of behavior disorder, not the result.
C. Different kinds of animals require different amounts of silicon-based compounds for treatment.
D. Normal animal brain tissue does not contain aluminum.

Let's think step by step before providing your final answer. However, you must conclude your assessment with the statement: 'Thus, the correct answer is: X', where 'X' is simply the letter corresponding to the answer option you've determined to be correct.","B.These aluminum elements are the cause of behavior disorder, not the result.",1
AGIEval,Civil Service Examination,LogiQA-en,MC,Civil Service Examination-LogiQA-en-166,N.A.,"There is a toxin-producing microorganism that turns sea water into red.This phenomenon is called red tide.When the main food source of sea otters is contaminated with red tide toxins, sea otters will not forage in those areas.One explanation for this behavior of sea otters is that sea otters will taste a few clams before they formally forage somewhere , And be able to detect any toxins in it.
Question: Which of the following is true will most strongly indicate that the above explanation is incorrect?

Choices:
A. In some sea areas where red tides appear, there are no clams or sea otters.
B. A small amount of red tide toxin will not cause any harm, but a large amount of this toxin will kill sea otters.
C. When a piece of seawater affected by the red tide was artificially dyed brown-red, the sea otters did not eat the clams in those places.
D. The presence of sea otters in a certain sea area is a remarkable sign that other marine life can be found there.
","There is a toxin-producing microorganism that turns sea water into red.This phenomenon is called red tide.When the main food source of sea otters is contaminated with red tide toxins, sea otters will not forage in those areas.One explanation for this behavior of sea otters is that sea otters will taste a few clams before they formally forage somewhere , And be able to detect any toxins in it.
Question: Which of the following is true will most strongly indicate that the above explanation is incorrect?

Choices:
A. In some sea areas where red tides appear, there are no clams or sea otters.
B. A small amount of red tide toxin will not cause any harm, but a large amount of this toxin will kill sea otters.
C. When a piece of seawater affected by the red tide was artificially dyed brown-red, the sea otters did not eat the clams in those places.
D. The presence of sea otters in a certain sea area is a remarkable sign that other marine life can be found there.

Let's think step by step before providing your final answer. However, you must conclude your assessment with the statement: 'Thus, the correct answer is: X', where 'X' is simply the letter corresponding to the answer option you've determined to be correct.","C.When a piece of seawater affected by the red tide was artificially dyed brown-red, the sea otters did not eat the clams in those places.",1
AGIEval,Civil Service Examination,LogiQA-en,MC,Civil Service Examination-LogiQA-en-290,N.A.,"Right and wrong and whether they violate the rules are two things.There may be regulations that prohibit things that are not wrong in themselves, such as laws in certain countries that prohibit criticism of the government; there may also be regulations that require things that are inherently wrong, such as laws that require apartheid in public places.And, like evaluating behavior, we can also evaluate some of the prescribed right and wrong.
Question: Which of the following does not weaken, but supports the argument in the question stem?

Choices:
A. If we do not follow some pre-existing regulations or standards, how can we judge right and wrong?
B. ""People are doing, heaven is watching."" Failure to act in accordance with ethical regulations will incur punishment from heaven.
C. Behind the judgment of right and wrong, you can always find the rules or standards on which people judge.
D. The basis for judgment of right and wrong lies in pushing oneself and one's moral conscience.It is common and universal; however, the moral regulations on how to act for people vary from person to person and from place to place.
","Right and wrong and whether they violate the rules are two things.There may be regulations that prohibit things that are not wrong in themselves, such as laws in certain countries that prohibit criticism of the government; there may also be regulations that require things that are inherently wrong, such as laws that require apartheid in public places.And, like evaluating behavior, we can also evaluate some of the prescribed right and wrong.
Question: Which of the following does not weaken, but supports the argument in the question stem?

Choices:
A. If we do not follow some pre-existing regulations or standards, how can we judge right and wrong?
B. ""People are doing, heaven is watching."" Failure to act in accordance with ethical regulations will incur punishment from heaven.
C. Behind the judgment of right and wrong, you can always find the rules or standards on which people judge.
D. The basis for judgment of right and wrong lies in pushing oneself and one's moral conscience.It is common and universal; however, the moral regulations on how to act for people vary from person to person and from place to place.

Let's think step by step before providing your final answer. However, you must conclude your assessment with the statement: 'Thus, the correct answer is: X', where 'X' is simply the letter corresponding to the answer option you've determined to be correct.","D.The basis for judgment of right and wrong lies in pushing oneself and one's moral conscience.It is common and universal; however, the moral regulations on how to act for people vary from person to person and from place to place.",1
AGIEval,Civil Service Examination,LogiQA-en,MC,Civil Service Examination-LogiQA-en-645,N.A.,"A theater plans to perform 7 repertoires in the 7 weeks of the fall, they are F, G., J, K, O, R, S.One repertoire is performed every week, and each repertoire is exactly one week.The repertoire must meet the following conditions? (1) G must be performed in the third week.(2) O and S cannot perform continuously.(3) K must be arranged before J and S.(4) F and J must be arranged to perform in two consecutive weeks.
Question: If S is scheduled for the sixth week, then which week must R be scheduled?

Choices:
A. the second week
B. Fourth week
C. fifth week
D. Seventh week
","A theater plans to perform 7 repertoires in the 7 weeks of the fall, they are F, G., J, K, O, R, S.One repertoire is performed every week, and each repertoire is exactly one week.The repertoire must meet the following conditions? (1) G must be performed in the third week.(2) O and S cannot perform continuously.(3) K must be arranged before J and S.(4) F and J must be arranged to perform in two consecutive weeks.
Question: If S is scheduled for the sixth week, then which week must R be scheduled?

Choices:
A. the second week
B. Fourth week
C. fifth week
D. Seventh week

Let's think step by step before providing your final answer. However, you must conclude your assessment with the statement: 'Thus, the correct answer is: X', where 'X' is simply the letter corresponding to the answer option you've determined to be correct.",D.Seventh week,0
AGIEval,Civil Service Examination,LogiQA-en,MC,Civil Service Examination-LogiQA-en-77,N.A.,"In recent years, overseas study markets in Europe and the United States have continued to heat up, and more and more Chinese have sent their children out.At the same time, part of the returned scholars were caught in a job-hunting dilemma and became a ""sea waiter"" family.An authoritative person pointed out? ""As a job seeker with an overseas degree, if you have real knowledge and basic social skills, and can be accurately positioned in the career selection process, then you cannot become a"" sea wait.""Daejeon is The returnee who has obtained a master's degree in the UK has not yet found a job.
Question: Which of the following conclusions can be made based on the above discussion?

Choices:
A. Datian has real talent and basic social skills, but the positioning is not accurate.
B. Datian either does not have real talent, or lacks basic social skills, or fails to accurately locate in the career selection process.
C. Datian does not possess real knowledge and basic social skills, but the positioning is accurate.
D. Datian does not have real knowledge and basic social skills, and does not have an accurate positioning.
","In recent years, overseas study markets in Europe and the United States have continued to heat up, and more and more Chinese have sent their children out.At the same time, part of the returned scholars were caught in a job-hunting dilemma and became a ""sea waiter"" family.An authoritative person pointed out? ""As a job seeker with an overseas degree, if you have real knowledge and basic social skills, and can be accurately positioned in the career selection process, then you cannot become a"" sea wait.""Daejeon is The returnee who has obtained a master's degree in the UK has not yet found a job.
Question: Which of the following conclusions can be made based on the above discussion?

Choices:
A. Datian has real talent and basic social skills, but the positioning is not accurate.
B. Datian either does not have real talent, or lacks basic social skills, or fails to accurately locate in the career selection process.
C. Datian does not possess real knowledge and basic social skills, but the positioning is accurate.
D. Datian does not have real knowledge and basic social skills, and does not have an accurate positioning.

Let's think step by step before providing your final answer. However, you must conclude your assessment with the statement: 'Thus, the correct answer is: X', where 'X' is simply the letter corresponding to the answer option you've determined to be correct.","B.Datian either does not have real talent, or lacks basic social skills, or fails to accurately locate in the career selection process.",1
AGIEval,Civil Service Examination,LogiQA-en,MC,Civil Service Examination-LogiQA-en-448,N.A.,"There are 6 singers? F, G, L, K, H, M.3 piano accompaniment? X, Y, W.Each piano accompanimentist happened to accompany two of the singers.Known condition information is as follows? (1) If X is F accompaniment, then W is L accompaniment.(2) If X is not a G accompaniment, then Y is an M accompaniment.(3) X or Y is H accompaniment.(4) F and G do not share accompaniment; L and K do not share accompaniment; H and M do not share accompaniment.
Question: Which of the following lists the possible combinations of accompaniment and singer?

Choices:
A. X is the accompaniment of G and H; Y is the accompaniment of F and K? W is the accompaniment of L and M.
B. X is F and H accompaniment; Y is L and M accompaniment; W is G and K accompaniment.
C. X is the accompaniment of G and M; Y is the accompaniment of F and H; w is the accompaniment of L and K.
D. X is L, H accompaniment; Y is F, K accompaniment; W is G, M accompaniment.
","There are 6 singers? F, G, L, K, H, M.3 piano accompaniment? X, Y, W.Each piano accompanimentist happened to accompany two of the singers.Known condition information is as follows? (1) If X is F accompaniment, then W is L accompaniment.(2) If X is not a G accompaniment, then Y is an M accompaniment.(3) X or Y is H accompaniment.(4) F and G do not share accompaniment; L and K do not share accompaniment; H and M do not share accompaniment.
Question: Which of the following lists the possible combinations of accompaniment and singer?

Choices:
A. X is the accompaniment of G and H; Y is the accompaniment of F and K? W is the accompaniment of L and M.
B. X is F and H accompaniment; Y is L and M accompaniment; W is G and K accompaniment.
C. X is the accompaniment of G and M; Y is the accompaniment of F and H; w is the accompaniment of L and K.
D. X is L, H accompaniment; Y is F, K accompaniment; W is G, M accompaniment.

Let's think step by step before providing your final answer. However, you must conclude your assessment with the statement: 'Thus, the correct answer is: X', where 'X' is simply the letter corresponding to the answer option you've determined to be correct.",A.X is the accompaniment of G and H; Y is the accompaniment of F and K? W is the accompaniment of L and M.,1
AGIEval,Civil Service Examination,LogiQA-en,MC,Civil Service Examination-LogiQA-en-3,N.A.,"In a traditional Chinese medicine preparation, there must be at least one kind of ginseng or codonopsis, and the following conditions must also be met? 1) If there is codonopsis, there must be atractylodes.2) Atractylodes macrocephala and ginseng can only have at most one.You must have Shouwu.4) If you have Shouwu, you must have Atractylodes.
Question: According to the above statement, which of the following can be drawn about this Chinese medicine preparation?

Choices:
A. o dangshen
B. o Shouwu
C.  白 术
D.  白 术
","In a traditional Chinese medicine preparation, there must be at least one kind of ginseng or codonopsis, and the following conditions must also be met? 1) If there is codonopsis, there must be atractylodes.2) Atractylodes macrocephala and ginseng can only have at most one.You must have Shouwu.4) If you have Shouwu, you must have Atractylodes.
Question: According to the above statement, which of the following can be drawn about this Chinese medicine preparation?

Choices:
A. o dangshen
B. o Shouwu
C.  白 术
D.  白 术

Let's think step by step before providing your final answer. However, you must conclude your assessment with the statement: 'Thus, the correct answer is: X', where 'X' is simply the letter corresponding to the answer option you've determined to be correct.",B.o Shouwu,1
AGIEval,Civil Service Examination,LogiQA-en,MC,Civil Service Examination-LogiQA-en-620,N.A.,"In the noise, it is the responsibility of social managers to salvage the sunk sounds as much as possible.With the power of the government, maintaining the right of expression of the vulnerable groups so that their interests can be expressed normally through institutionalized and standardized channels is the key to building a harmonious society.Only in this way can ""speaking"" and ""voicing"" not only be the basic means of expressing demands, but also become an important link in fostering a healthy social mentality and a solid foundation for long-term social stability.
Question: If which of the following statements is true, will the above argument be most strongly supported?

Choices:
A. Some disadvantaged people lack medical treatment and medicine, and even do not get enough food and clothing.
B. The vulnerable are the “silent majority” in society.Once they are really angry, their power is enough to subvert the entire state machine.
C. The appeals of some disadvantaged people cannot be expressed and satisfied for a long time, and they are susceptible to various mental diseases.
D. Even in countries like the United States, there are many disadvantaged people who have no food and no place to live.
","In the noise, it is the responsibility of social managers to salvage the sunk sounds as much as possible.With the power of the government, maintaining the right of expression of the vulnerable groups so that their interests can be expressed normally through institutionalized and standardized channels is the key to building a harmonious society.Only in this way can ""speaking"" and ""voicing"" not only be the basic means of expressing demands, but also become an important link in fostering a healthy social mentality and a solid foundation for long-term social stability.
Question: If which of the following statements is true, will the above argument be most strongly supported?

Choices:
A. Some disadvantaged people lack medical treatment and medicine, and even do not get enough food and clothing.
B. The vulnerable are the “silent majority” in society.Once they are really angry, their power is enough to subvert the entire state machine.
C. The appeals of some disadvantaged people cannot be expressed and satisfied for a long time, and they are susceptible to various mental diseases.
D. Even in countries like the United States, there are many disadvantaged people who have no food and no place to live.

Let's think step by step before providing your final answer. However, you must conclude your assessment with the statement: 'Thus, the correct answer is: X', where 'X' is simply the letter corresponding to the answer option you've determined to be correct.","B.The vulnerable are the “silent majority” in society.Once they are really angry, their power is enough to subvert the entire state machine.",0
AGIEval,Civil Service Examination,LogiQA-en,MC,Civil Service Examination-LogiQA-en-443,N.A.,"There are 6 clear flower porcelains? S, Y, M, Q, K, X.The production time of each piece is different.From left to right, the exhibitions are sorted in order from the earliest to the latest.The known sorting conditions are as follows? (1) M is older than X.(2) If Y is earlier than M, then Q is earlier than K and X.(3) If the age of M is earlier than Y, the age of K is earlier than Q and X.(4) The age of S is either earlier than Y or earlier than M, and both have neither.
Question: Which of the following lists the possible exhibition order?

Choices:
A. Q.M.S, K.Y.X
B. Q, K.Y, M.X, S
C. Y.S, M.X.Q, K
D. M, K, S, Q, Y, X
","There are 6 clear flower porcelains? S, Y, M, Q, K, X.The production time of each piece is different.From left to right, the exhibitions are sorted in order from the earliest to the latest.The known sorting conditions are as follows? (1) M is older than X.(2) If Y is earlier than M, then Q is earlier than K and X.(3) If the age of M is earlier than Y, the age of K is earlier than Q and X.(4) The age of S is either earlier than Y or earlier than M, and both have neither.
Question: Which of the following lists the possible exhibition order?

Choices:
A. Q.M.S, K.Y.X
B. Q, K.Y, M.X, S
C. Y.S, M.X.Q, K
D. M, K, S, Q, Y, X

Let's think step by step before providing your final answer. However, you must conclude your assessment with the statement: 'Thus, the correct answer is: X', where 'X' is simply the letter corresponding to the answer option you've determined to be correct.","D.M, K, S, Q, Y, X",1
AGIEval,Civil Service Examination,LogiQA-en,MC,Civil Service Examination-LogiQA-en-421,N.A.,"One of the strictest laws in history to ban smoking, although it has not yet banned people from smoking in their homes, it prohibits people from smoking in all public places and workplaces.If this law is strictly enforced, it will completely protect workers from second-hand smoke.
Question: If which of the following statements is true, the above argument is weakened most effectively?

Choices:
A. The exhaust of cars from people commuting to work is much more harmful than smoking second-hand smoke.
B. Persons such as tutors, nurses, hourly workers, etc.all work at the employer ’s home.
C. No piece of legislation and its implementation can fully realize the intent of the legislator.
D. This smoking control law overestimates the dangers of smoking secondhand smoke.
","One of the strictest laws in history to ban smoking, although it has not yet banned people from smoking in their homes, it prohibits people from smoking in all public places and workplaces.If this law is strictly enforced, it will completely protect workers from second-hand smoke.
Question: If which of the following statements is true, the above argument is weakened most effectively?

Choices:
A. The exhaust of cars from people commuting to work is much more harmful than smoking second-hand smoke.
B. Persons such as tutors, nurses, hourly workers, etc.all work at the employer ’s home.
C. No piece of legislation and its implementation can fully realize the intent of the legislator.
D. This smoking control law overestimates the dangers of smoking secondhand smoke.

Let's think step by step before providing your final answer. However, you must conclude your assessment with the statement: 'Thus, the correct answer is: X', where 'X' is simply the letter corresponding to the answer option you've determined to be correct.","B.Persons such as tutors, nurses, hourly workers, etc.all work at the employer ’s home.",1
AGIEval,Civil Service Examination,LogiQA-en,MC,Civil Service Examination-LogiQA-en-647,N.A.,"A committee works for two years and consists of 4 people each year, of which 2 members are from the following 4 judges? F, G, H and I, and the other 2 members are from the following 3 scientists? V, Y and Z.Every year, the committee has one member as chairman.Members who chaired in the first year must withdraw from the committee in the second year.The person who is chairman in the second year must be a member of the committee in the first year.The members of the committee must meet the following conditions? G and V cannot become members of the committee in the same year.H and Y cannot be members of the committee in the same year.Each year, one and only one of I and V is a member of the committee.
Question: Which of the following lists a list of members who can become members of the committee in the first year?

Choices:
A. F, G, V, Z
B. F, H, V, Z
C. H, I, Y, Z
D. G, H, I, Z
","A committee works for two years and consists of 4 people each year, of which 2 members are from the following 4 judges? F, G, H and I, and the other 2 members are from the following 3 scientists? V, Y and Z.Every year, the committee has one member as chairman.Members who chaired in the first year must withdraw from the committee in the second year.The person who is chairman in the second year must be a member of the committee in the first year.The members of the committee must meet the following conditions? G and V cannot become members of the committee in the same year.H and Y cannot be members of the committee in the same year.Each year, one and only one of I and V is a member of the committee.
Question: Which of the following lists a list of members who can become members of the committee in the first year?

Choices:
A. F, G, V, Z
B. F, H, V, Z
C. H, I, Y, Z
D. G, H, I, Z

Let's think step by step before providing your final answer. However, you must conclude your assessment with the statement: 'Thus, the correct answer is: X', where 'X' is simply the letter corresponding to the answer option you've determined to be correct.","B.F, H, V, Z",1
AGIEval,Civil Service Examination,LogiQA-en,MC,Civil Service Examination-LogiQA-en-91,N.A.,"Mr.Chen is going to hold a gathering of friends and family.He came forward and invited his father's brother-in-law, his brother-in-law's father, his brother's mother-in-law, his brother-in-law's brother.
Question: How many guests did Mr.Chen come forward to invite?

Choices:
A. No guest invited
B. 1 guest
C. 2 guests
D. 3 guests
","Mr.Chen is going to hold a gathering of friends and family.He came forward and invited his father's brother-in-law, his brother-in-law's father, his brother's mother-in-law, his brother-in-law's brother.
Question: How many guests did Mr.Chen come forward to invite?

Choices:
A. No guest invited
B. 1 guest
C. 2 guests
D. 3 guests

Let's think step by step before providing your final answer. However, you must conclude your assessment with the statement: 'Thus, the correct answer is: X', where 'X' is simply the letter corresponding to the answer option you've determined to be correct.",D.3 guests,0
AGIEval,Civil Service Examination,LogiQA-en,MC,Civil Service Examination-LogiQA-en-559,N.A.,"Economist? The personal income tax in the United States is a progressive tax, and the tax law is extremely complicated.People who want to pay taxes honestly often make mistakes in reporting because of misunderstandings; and those who deliberately avoid taxes always find loopholes in tax laws.Generally speaking, the size of tax avoidance space is directly proportional to the complexity of the tax system, and the level of tax avoidance capacity is directly proportional to the taxpayer's income level.Most of the tax avoidance space created by complex taxes will be used by the rich, making progressive taxation less than the degree of progress required by the tax law, and its function of regulating distribution is also greatly weakened.
Question: If the following statement is true, which one provides the strongest support for economists' above argument?

Choices:
A. When filing taxes, 60% of the people in the United States need to hire professionals to report on their behalf, and 22% need to use tax reporting software to help them calculate.
B. The Americans proposed the idea of ​​""abolishing the progressive tax rate and implementing a single tax rate"" in 1981.
C. From 1988 to 2006, the income of the richest one in the United States increased from 15% to 22% of the national income, but their average tax rate fell from 24% to 22.8%.
D. On September 17, 2011, the Wall Street movement broke out in the United States.Demonstrators claimed to represent 99 people in the United States to protest the greed and corruption of the financial industry and social injustice.
","Economist? The personal income tax in the United States is a progressive tax, and the tax law is extremely complicated.People who want to pay taxes honestly often make mistakes in reporting because of misunderstandings; and those who deliberately avoid taxes always find loopholes in tax laws.Generally speaking, the size of tax avoidance space is directly proportional to the complexity of the tax system, and the level of tax avoidance capacity is directly proportional to the taxpayer's income level.Most of the tax avoidance space created by complex taxes will be used by the rich, making progressive taxation less than the degree of progress required by the tax law, and its function of regulating distribution is also greatly weakened.
Question: If the following statement is true, which one provides the strongest support for economists' above argument?

Choices:
A. When filing taxes, 60% of the people in the United States need to hire professionals to report on their behalf, and 22% need to use tax reporting software to help them calculate.
B. The Americans proposed the idea of ​​""abolishing the progressive tax rate and implementing a single tax rate"" in 1981.
C. From 1988 to 2006, the income of the richest one in the United States increased from 15% to 22% of the national income, but their average tax rate fell from 24% to 22.8%.
D. On September 17, 2011, the Wall Street movement broke out in the United States.Demonstrators claimed to represent 99 people in the United States to protest the greed and corruption of the financial industry and social injustice.

Let's think step by step before providing your final answer. However, you must conclude your assessment with the statement: 'Thus, the correct answer is: X', where 'X' is simply the letter corresponding to the answer option you've determined to be correct.","C.From 1988 to 2006, the income of the richest one in the United States increased from 15% to 22% of the national income, but their average tax rate fell from 24% to 22.8%.",1
AGIEval,Civil Service Examination,LogiQA-en,MC,Civil Service Examination-LogiQA-en-31,N.A.,"From the ""Aklyusian monkey"", the researchers discovered the characteristics of many apes.For example, a bone in its heel is short and wide.In addition, the ""Aklyusian monkey"" has a small eye socket, and scientists speculate that it is active during the day, just like the ancestors of the early apes.
Question: Which of the following, if true, best supports the above-mentioned scientists ’speculation?

Choices:
A. The short and wide hind bone makes this primate good at jumping and preying in the bushes
B. There is no strict proportional relationship between animal vision and orbital size
C. The time when the earliest great apes separated from other primates was at least 55 million years ago
D. Animals dominated by nocturnal activities, generally have larger eyes
","From the ""Aklyusian monkey"", the researchers discovered the characteristics of many apes.For example, a bone in its heel is short and wide.In addition, the ""Aklyusian monkey"" has a small eye socket, and scientists speculate that it is active during the day, just like the ancestors of the early apes.
Question: Which of the following, if true, best supports the above-mentioned scientists ’speculation?

Choices:
A. The short and wide hind bone makes this primate good at jumping and preying in the bushes
B. There is no strict proportional relationship between animal vision and orbital size
C. The time when the earliest great apes separated from other primates was at least 55 million years ago
D. Animals dominated by nocturnal activities, generally have larger eyes

Let's think step by step before providing your final answer. However, you must conclude your assessment with the statement: 'Thus, the correct answer is: X', where 'X' is simply the letter corresponding to the answer option you've determined to be correct.","D.Animals dominated by nocturnal activities, generally have larger eyes",1
AGIEval,Civil Service Examination,LogiQA-en,MC,Civil Service Examination-LogiQA-en-177,N.A.,"Professor? If both parents are O-type blood, the blood type of their children can only be O-type, which is a genetic rule.Student? This is not true.My father has blood type B, and I have blood type O.
Question: Students are most likely to understand the professor ’s statement as?

Choices:
A. Only people with blood type O will have children with blood type O.
B. People with type O blood cannot have children with type B blood.
C. People with blood type B will always have children with blood type O.
D. If both parents have type B blood, their children will also have type B blood.
","Professor? If both parents are O-type blood, the blood type of their children can only be O-type, which is a genetic rule.Student? This is not true.My father has blood type B, and I have blood type O.
Question: Students are most likely to understand the professor ’s statement as?

Choices:
A. Only people with blood type O will have children with blood type O.
B. People with type O blood cannot have children with type B blood.
C. People with blood type B will always have children with blood type O.
D. If both parents have type B blood, their children will also have type B blood.

Let's think step by step before providing your final answer. However, you must conclude your assessment with the statement: 'Thus, the correct answer is: X', where 'X' is simply the letter corresponding to the answer option you've determined to be correct.",A.Only people with blood type O will have children with blood type O.,0
AGIEval,Civil Service Examination,LogiQA-en,MC,Civil Service Examination-LogiQA-en-321,N.A.,"An expert from the Ministry of Public Security said that the psychological pressure to lie can cause certain physiological changes.With the help of a polygraph, the physiological characteristics of the liar can be measured, so that the results of the polygraph are reliable.
Question: Which of the following statements, if true, can weaken the above argument most effectively?

Choices:
A. Various psychological pressures can lead to similar physical representations.?
B. Measuring instruments like polygraphs can also be misused and abused.
C. A polygraph is an instrument that requires frequent maintenance and is prone to failure.
D. For some people, lying can only cause less psychological pressure.
","An expert from the Ministry of Public Security said that the psychological pressure to lie can cause certain physiological changes.With the help of a polygraph, the physiological characteristics of the liar can be measured, so that the results of the polygraph are reliable.
Question: Which of the following statements, if true, can weaken the above argument most effectively?

Choices:
A. Various psychological pressures can lead to similar physical representations.?
B. Measuring instruments like polygraphs can also be misused and abused.
C. A polygraph is an instrument that requires frequent maintenance and is prone to failure.
D. For some people, lying can only cause less psychological pressure.

Let's think step by step before providing your final answer. However, you must conclude your assessment with the statement: 'Thus, the correct answer is: X', where 'X' is simply the letter corresponding to the answer option you've determined to be correct.",A.Various psychological pressures can lead to similar physical representations.?,1
AGIEval,Civil Service Examination,LogiQA-en,MC,Civil Service Examination-LogiQA-en-45,N.A.,"A newly recruited researcher in 2013 by a scientific research unit, or ""introduced talent"" with a deputy high title or above, or a fresh graduate PhD student with Beijing household registration.The fresh graduate PhD students live in postdoctoral apartments, and the ""introduced talents"" all live in the ""Peony Garden"" community.
Question: Regarding the newly recruited researchers of the unit in 2013, which of the following judgments is correct?

Choices:
A. None of those who live in postdoctoral apartments have deputy senior titles or above
B. Those who have a Ph.D.have Beijing household registration
C. None of the people living in the ""Peony Garden"" community have a doctorate
D. All non-graduate PhD students live in the ""Peony Garden"" community
","A newly recruited researcher in 2013 by a scientific research unit, or ""introduced talent"" with a deputy high title or above, or a fresh graduate PhD student with Beijing household registration.The fresh graduate PhD students live in postdoctoral apartments, and the ""introduced talents"" all live in the ""Peony Garden"" community.
Question: Regarding the newly recruited researchers of the unit in 2013, which of the following judgments is correct?

Choices:
A. None of those who live in postdoctoral apartments have deputy senior titles or above
B. Those who have a Ph.D.have Beijing household registration
C. None of the people living in the ""Peony Garden"" community have a doctorate
D. All non-graduate PhD students live in the ""Peony Garden"" community

Let's think step by step before providing your final answer. However, you must conclude your assessment with the statement: 'Thus, the correct answer is: X', where 'X' is simply the letter corresponding to the answer option you've determined to be correct.","D.All non-graduate PhD students live in the ""Peony Garden"" community",1
AGIEval,Civil Service Examination,LogiQA-en,MC,Civil Service Examination-LogiQA-en-266,N.A.,"The minimum living security rights of urban residents in China have been confirmed in the form of legislation, but the minimum living security of farmers (that is, rural minimum living security), which accounts for more than 80% of the total population of the country, is still blank.The key to achieving rural minimum living security is to raise funds.An economist asserted that the realization of rural minimum living security is completely achievable by the national financial resources.
Question: Which of the following, if true, can give the economist ’s assertion the greatest support?

Choices:
A. At present, there are 23.65 million absolute poor people in rural areas in China, and the existing methods cannot solve the problem of poverty alleviation.
B. Rural Dibao needs approximately 25 billion yuan a year, which is 0.83% of China ’s total fiscal revenue of 3 trillion yuan in 2005.
C. Rural Dibao needs approximately 25 billion yuan a year, which is 1/8 of the 200 billion yuan used to build the Three Gorges Project.
D. After 2000, the government increased its investment in poverty alleviation and development funds, but the rate of absolute poverty reduction has slowed significantly.
","The minimum living security rights of urban residents in China have been confirmed in the form of legislation, but the minimum living security of farmers (that is, rural minimum living security), which accounts for more than 80% of the total population of the country, is still blank.The key to achieving rural minimum living security is to raise funds.An economist asserted that the realization of rural minimum living security is completely achievable by the national financial resources.
Question: Which of the following, if true, can give the economist ’s assertion the greatest support?

Choices:
A. At present, there are 23.65 million absolute poor people in rural areas in China, and the existing methods cannot solve the problem of poverty alleviation.
B. Rural Dibao needs approximately 25 billion yuan a year, which is 0.83% of China ’s total fiscal revenue of 3 trillion yuan in 2005.
C. Rural Dibao needs approximately 25 billion yuan a year, which is 1/8 of the 200 billion yuan used to build the Three Gorges Project.
D. After 2000, the government increased its investment in poverty alleviation and development funds, but the rate of absolute poverty reduction has slowed significantly.

Let's think step by step before providing your final answer. However, you must conclude your assessment with the statement: 'Thus, the correct answer is: X', where 'X' is simply the letter corresponding to the answer option you've determined to be correct.","B.Rural Dibao needs approximately 25 billion yuan a year, which is 0.83% of China ’s total fiscal revenue of 3 trillion yuan in 2005.",1
AGIEval,Civil Service Examination,LogiQA-en,MC,Civil Service Examination-LogiQA-en-79,N.A.,"There are only two secondary schools in Nankou Township.The results of the first middle school students are generally better than those of the second middle school.Since Li Ming from Nankou Town has the best grades in the first year of college, he must have graduated from Nankou Town No.1 Middle School.
Question: Which of the following is most similar to the question-making argument?

Choices:
A. If the parent has a good education for the child, the child's performance in the school is generally better.Because Wang Zheng's performance in the school is not good, his parents must be poorly educated.
B. If the child recites the poem for 1 hour every day, it will be exported into chapters.Guo Na recites the poems for less than an hour every day, so she cannot export to chapters.
C. If people know how to make money, they can generally accumulate more wealth.Therefore, Mr.Peng's wealth comes from his resourcefulness.
D. Northerners are usually taller than southerners.Marin is the highest in the class, so he must be a northerner.
","There are only two secondary schools in Nankou Township.The results of the first middle school students are generally better than those of the second middle school.Since Li Ming from Nankou Town has the best grades in the first year of college, he must have graduated from Nankou Town No.1 Middle School.
Question: Which of the following is most similar to the question-making argument?

Choices:
A. If the parent has a good education for the child, the child's performance in the school is generally better.Because Wang Zheng's performance in the school is not good, his parents must be poorly educated.
B. If the child recites the poem for 1 hour every day, it will be exported into chapters.Guo Na recites the poems for less than an hour every day, so she cannot export to chapters.
C. If people know how to make money, they can generally accumulate more wealth.Therefore, Mr.Peng's wealth comes from his resourcefulness.
D. Northerners are usually taller than southerners.Marin is the highest in the class, so he must be a northerner.

Let's think step by step before providing your final answer. However, you must conclude your assessment with the statement: 'Thus, the correct answer is: X', where 'X' is simply the letter corresponding to the answer option you've determined to be correct.","D.Northerners are usually taller than southerners.Marin is the highest in the class, so he must be a northerner.",1
AGIEval,Civil Service Examination,LogiQA-en,MC,Civil Service Examination-LogiQA-en-216,N.A.,"The Terracotta Warriors and Horses of Qin Shihuang unearthed in Shaanxi were painted on the surface with raw lacquer and painted.This provides important information for studying the clothing color of the soldiers of the Qin Dynasty.However, after the terracotta warriors are unearthed, the raw paint on the surface will quickly warp and curl, causing the entire painted layer to fall off.Therefore, it must be protected by two methods of protection liquid and monomer penetration, otherwise it cannot be used for research.Once these two methods are used to protect the terracotta warriors, all the information about the Qin Dynasty painting techniques that researchers may obtain from it will be broken.
Question: If the above statement is true, which of the following must be true?

Choices:
A. After taking protective measures, the Qin Terracotta Warriors and Horses can only provide information about the clothes of the Qin Dynasty soldiers.
B. A terracotta warrior for studying the clothes of the Qin dynasty soldiers cannot be a source of new information for understanding the painting techniques of the Qin dynasty.
C. The Terracotta Army of Qin is the only source of information for understanding the painting techniques of the Qin Dynasty.
D. A terracotta warrior without protective measures can provide more information than a terracotta warrior after taking protective measures.
","The Terracotta Warriors and Horses of Qin Shihuang unearthed in Shaanxi were painted on the surface with raw lacquer and painted.This provides important information for studying the clothing color of the soldiers of the Qin Dynasty.However, after the terracotta warriors are unearthed, the raw paint on the surface will quickly warp and curl, causing the entire painted layer to fall off.Therefore, it must be protected by two methods of protection liquid and monomer penetration, otherwise it cannot be used for research.Once these two methods are used to protect the terracotta warriors, all the information about the Qin Dynasty painting techniques that researchers may obtain from it will be broken.
Question: If the above statement is true, which of the following must be true?

Choices:
A. After taking protective measures, the Qin Terracotta Warriors and Horses can only provide information about the clothes of the Qin Dynasty soldiers.
B. A terracotta warrior for studying the clothes of the Qin dynasty soldiers cannot be a source of new information for understanding the painting techniques of the Qin dynasty.
C. The Terracotta Army of Qin is the only source of information for understanding the painting techniques of the Qin Dynasty.
D. A terracotta warrior without protective measures can provide more information than a terracotta warrior after taking protective measures.

Let's think step by step before providing your final answer. However, you must conclude your assessment with the statement: 'Thus, the correct answer is: X', where 'X' is simply the letter corresponding to the answer option you've determined to be correct.",D.A terracotta warrior without protective measures can provide more information than a terracotta warrior after taking protective measures.,0
AGIEval,Civil Service Examination,LogiQA-en,MC,Civil Service Examination-LogiQA-en-102,N.A.,"A company has six general manager assistants F, G, H, I, M and P, and three departments, each of which is in charge of three general manager assistants.Each assistant general manager is in charge of at least one department.The following conditions must be met? (1) There is only one assistant to the general manager in charge of three departments at the same time.(2) F and G are not in charge of the same department.(3) H and I are not in charge of the same department.
Question: Which of the following must be true?

Choices:
A. Some assistants to the general manager are in charge of the two departments.
B. Any department is in charge of F or G.
C. M and P are in charge of only one department.
D. No department is in charge of F, M and P.
","A company has six general manager assistants F, G, H, I, M and P, and three departments, each of which is in charge of three general manager assistants.Each assistant general manager is in charge of at least one department.The following conditions must be met? (1) There is only one assistant to the general manager in charge of three departments at the same time.(2) F and G are not in charge of the same department.(3) H and I are not in charge of the same department.
Question: Which of the following must be true?

Choices:
A. Some assistants to the general manager are in charge of the two departments.
B. Any department is in charge of F or G.
C. M and P are in charge of only one department.
D. No department is in charge of F, M and P.

Let's think step by step before providing your final answer. However, you must conclude your assessment with the statement: 'Thus, the correct answer is: X', where 'X' is simply the letter corresponding to the answer option you've determined to be correct.",A.Some assistants to the general manager are in charge of the two departments.,1
AGIEval,Civil Service Examination,LogiQA-en,MC,Civil Service Examination-LogiQA-en-560,N.A.,"The weakness in a combat plan is the top secret in top secret, which will not leak out.However, the Japanese Self-Defense Force's ""Dive Island"" plan announced by the Japanese media, in addition to predicting three future incidents on the Diaoyu Island, the Self-Defense Force will seize the island in five steps, also detailed the Self-Defense Force's weaknesses? no Ability to quickly transport large-scale troops from the North Sea and Kyushu Island to Okinawa to meet the needs of landing operations.
Question: If the following statement is true, which one best explains this counterintuitive practice in Japan?

Choices:
A. Japan ’s announcement of the ""Obtaining the Island"" plan is intended to test China ’s response? If China ’s response is not large, Japan will station troops on the Diaoyu Islands and surrounding islands.
B. A few days ago, China and the Philippines confronted each other on Huangyan Island.Japan announced the plan to ""take four islands"" to win over the Philippines and join forces to contain China.
C. Japan's self-exposed weakness is to build public opinion in the country for the construction of amphibious warships with strong transportation capabilities? amphibious warships are offensive forces, while Japan's ""Peace Constitution"" does not allow the SDF to develop offensive forces.
D. Many Japanese hope that the United States will withdraw its troops from Japan.Japan ’s self-disclosure of the Self-Defense Force ’s weaknesses aims to tell the people that Japan needs the protection of the United States militarily.
","The weakness in a combat plan is the top secret in top secret, which will not leak out.However, the Japanese Self-Defense Force's ""Dive Island"" plan announced by the Japanese media, in addition to predicting three future incidents on the Diaoyu Island, the Self-Defense Force will seize the island in five steps, also detailed the Self-Defense Force's weaknesses? no Ability to quickly transport large-scale troops from the North Sea and Kyushu Island to Okinawa to meet the needs of landing operations.
Question: If the following statement is true, which one best explains this counterintuitive practice in Japan?

Choices:
A. Japan ’s announcement of the ""Obtaining the Island"" plan is intended to test China ’s response? If China ’s response is not large, Japan will station troops on the Diaoyu Islands and surrounding islands.
B. A few days ago, China and the Philippines confronted each other on Huangyan Island.Japan announced the plan to ""take four islands"" to win over the Philippines and join forces to contain China.
C. Japan's self-exposed weakness is to build public opinion in the country for the construction of amphibious warships with strong transportation capabilities? amphibious warships are offensive forces, while Japan's ""Peace Constitution"" does not allow the SDF to develop offensive forces.
D. Many Japanese hope that the United States will withdraw its troops from Japan.Japan ’s self-disclosure of the Self-Defense Force ’s weaknesses aims to tell the people that Japan needs the protection of the United States militarily.

Let's think step by step before providing your final answer. However, you must conclude your assessment with the statement: 'Thus, the correct answer is: X', where 'X' is simply the letter corresponding to the answer option you've determined to be correct.","C.Japan's self-exposed weakness is to build public opinion in the country for the construction of amphibious warships with strong transportation capabilities? amphibious warships are offensive forces, while Japan's ""Peace Constitution"" does not allow the SDF to develop offensive forces.",1
AGIEval,Civil Service Examination,LogiQA-en,MC,Civil Service Examination-LogiQA-en-164,N.A.,"A tourist group travels to Mulan paddock.The members ride horses, archery, eat barbecue, and finally go to the shop to buy souvenirs.Known? (1) Someone bought a Mongolian knife.(2) Someone did not buy a Mongolian knife.(3) Both Mr.Zhang and Ms.Wang of the regiment bought Mongolian knives.
Question: If only one of the above three sentences is true, which of the following must be true?

Choices:
A. Neither Mr Zhang nor Ms Wang bought Mongolian knives.
B. Mr.Zhang bought a Mongolian knife, but Ms.Wang did not.
C. Mr.Li of the tour group bought a Mongolian knife.
D. Both Mr Zhang and Ms Wang bought Mongolian knives.
","A tourist group travels to Mulan paddock.The members ride horses, archery, eat barbecue, and finally go to the shop to buy souvenirs.Known? (1) Someone bought a Mongolian knife.(2) Someone did not buy a Mongolian knife.(3) Both Mr.Zhang and Ms.Wang of the regiment bought Mongolian knives.
Question: If only one of the above three sentences is true, which of the following must be true?

Choices:
A. Neither Mr Zhang nor Ms Wang bought Mongolian knives.
B. Mr.Zhang bought a Mongolian knife, but Ms.Wang did not.
C. Mr.Li of the tour group bought a Mongolian knife.
D. Both Mr Zhang and Ms Wang bought Mongolian knives.

Let's think step by step before providing your final answer. However, you must conclude your assessment with the statement: 'Thus, the correct answer is: X', where 'X' is simply the letter corresponding to the answer option you've determined to be correct.",A.Neither Mr Zhang nor Ms Wang bought Mongolian knives.,1
AGIEval,Civil Service Examination,LogiQA-en,MC,Civil Service Examination-LogiQA-en-235,N.A.,"The question of all enterprises in the past was such a question; ""What should I do, what can I do to make money?"" After joining the WTO, the question becomes? ""What can I do to be the best?""
Question: Which of the following statements gives the most reasonable explanation for the change in the above problem?

Choices:
A. The change of the problem means that the transition from the competition of the enterprise to the competition of the industry.
B. Only by being the best can companies make big money.
C. Only in a profitable industry can we do our best.
D. What used to be good or bad in the industry is now only good or bad for enterprises.
","The question of all enterprises in the past was such a question; ""What should I do, what can I do to make money?"" After joining the WTO, the question becomes? ""What can I do to be the best?""
Question: Which of the following statements gives the most reasonable explanation for the change in the above problem?

Choices:
A. The change of the problem means that the transition from the competition of the enterprise to the competition of the industry.
B. Only by being the best can companies make big money.
C. Only in a profitable industry can we do our best.
D. What used to be good or bad in the industry is now only good or bad for enterprises.

Let's think step by step before providing your final answer. However, you must conclude your assessment with the statement: 'Thus, the correct answer is: X', where 'X' is simply the letter corresponding to the answer option you've determined to be correct.",D.What used to be good or bad in the industry is now only good or bad for enterprises.,0
AGIEval,Civil Service Examination,LogiQA-en,MC,Civil Service Examination-LogiQA-en-66,N.A.,"Five graduate students Zhang, Wang, Li, Zhao, and Liu graduated from a linguistics major in a college of arts of a university in 2014, and were hired by one of the three employers, Tianshu, Tianji, and Tianxuan, and at least one of them was hired by each unit.name.Known? (1) Li was hired by Tianshu; (2) Li and Zhao were not hired by the same unit; (3) Liu and Zhao were hired by the same unit; (4) If Zhang was hired by Tianxuan, then Wang Ye Was hired by Tianxuan.
Question: Which of the following must be correct?

Choices:
A. Zhang and Wang were hired by the same unit.
B. Wang and Liu were hired by different units
C. Tianshu hired at most two people.
D. Tianshu and Tianxuan employ the same number of people.
","Five graduate students Zhang, Wang, Li, Zhao, and Liu graduated from a linguistics major in a college of arts of a university in 2014, and were hired by one of the three employers, Tianshu, Tianji, and Tianxuan, and at least one of them was hired by each unit.name.Known? (1) Li was hired by Tianshu; (2) Li and Zhao were not hired by the same unit; (3) Liu and Zhao were hired by the same unit; (4) If Zhang was hired by Tianxuan, then Wang Ye Was hired by Tianxuan.
Question: Which of the following must be correct?

Choices:
A. Zhang and Wang were hired by the same unit.
B. Wang and Liu were hired by different units
C. Tianshu hired at most two people.
D. Tianshu and Tianxuan employ the same number of people.

Let's think step by step before providing your final answer. However, you must conclude your assessment with the statement: 'Thus, the correct answer is: X', where 'X' is simply the letter corresponding to the answer option you've determined to be correct.",C.Tianshu hired at most two people.,1
AGIEval,Civil Service Examination,LogiQA-en,MC,Civil Service Examination-LogiQA-en-519,N.A.,"The People's Bank of China announced that from July 20, 2013, the interest rate control of financial institutions' loans will be fully liberalized.However, only by liberalizing the upper limit of deposit interest rates can we truly realize the marketization of interest rates.If the government does not voluntarily give up its own power, market forces will be difficult to play a role.Once the upper limit of deposit interest rates is lifted, interest rate wars will begin between banks, leading to increased financial risks.If financial risks rise, a deposit insurance system needs to be established.
Question: If the above statement is true, which of the following statements must be true?

Choices:
A. With the deepening of reform, sooner or later China will truly realize the marketization of interest rates.
B. Only by establishing a deposit insurance system can China truly realize the marketization of interest rates.
C. As long as the government voluntarily gives up its own power, market forces can play a role.
D. As long as the deposit insurance system is established, financial risks can be effectively avoided.
","The People's Bank of China announced that from July 20, 2013, the interest rate control of financial institutions' loans will be fully liberalized.However, only by liberalizing the upper limit of deposit interest rates can we truly realize the marketization of interest rates.If the government does not voluntarily give up its own power, market forces will be difficult to play a role.Once the upper limit of deposit interest rates is lifted, interest rate wars will begin between banks, leading to increased financial risks.If financial risks rise, a deposit insurance system needs to be established.
Question: If the above statement is true, which of the following statements must be true?

Choices:
A. With the deepening of reform, sooner or later China will truly realize the marketization of interest rates.
B. Only by establishing a deposit insurance system can China truly realize the marketization of interest rates.
C. As long as the government voluntarily gives up its own power, market forces can play a role.
D. As long as the deposit insurance system is established, financial risks can be effectively avoided.

Let's think step by step before providing your final answer. However, you must conclude your assessment with the statement: 'Thus, the correct answer is: X', where 'X' is simply the letter corresponding to the answer option you've determined to be correct.",B.Only by establishing a deposit insurance system can China truly realize the marketization of interest rates.,0
AGIEval,Civil Service Examination,LogiQA-en,MC,Civil Service Examination-LogiQA-en-50,N.A.,"Many pregnant women have symptoms of vitamin deficiency, but this is usually not due to the lack of vitamins in the diet of pregnant women, but because of the growth of babies in the abdomen, they have a higher demand for vitamins than others.
Question: Which of the following is most important for evaluating the above conclusion?

Choices:
A. Test the daily diet of some pregnant women who do not lack vitamins to determine the vitamin content.
B. Test pregnant women and other women who have enough vitamins in their daily diet to determine whether they lack vitamins.
C. Test pregnant women and other women with insufficient vitamins in their daily diet and determine whether they are deficient in vitamins.
D. Test the daily diet of some pregnant women who lack vitamins to determine the content of vitamins.
","Many pregnant women have symptoms of vitamin deficiency, but this is usually not due to the lack of vitamins in the diet of pregnant women, but because of the growth of babies in the abdomen, they have a higher demand for vitamins than others.
Question: Which of the following is most important for evaluating the above conclusion?

Choices:
A. Test the daily diet of some pregnant women who do not lack vitamins to determine the vitamin content.
B. Test pregnant women and other women who have enough vitamins in their daily diet to determine whether they lack vitamins.
C. Test pregnant women and other women with insufficient vitamins in their daily diet and determine whether they are deficient in vitamins.
D. Test the daily diet of some pregnant women who lack vitamins to determine the content of vitamins.

Let's think step by step before providing your final answer. However, you must conclude your assessment with the statement: 'Thus, the correct answer is: X', where 'X' is simply the letter corresponding to the answer option you've determined to be correct.",B.Test pregnant women and other women who have enough vitamins in their daily diet to determine whether they lack vitamins.,1
AGIEval,Civil Service Examination,LogiQA-en,MC,Civil Service Examination-LogiQA-en-481,N.A.,"Li Ming is likely to be a senior logic teacher.Like most senior logic teachers, Li Ming is familiar with Gödel's completeness theorem and incompleteness theorem, and most people who are not senior logic teachers are not familiar with these theorems.In fact, many people who are not senior logic teachers have not even heard of Gödel.
Question: Which of the following statements accurately points out the shortcomings of the above reasoning?

Choices:
A. Ignore this possibility? most people who are familiar with these theorems of Gödel are not senior logic teachers
B. Ignore this possibility? some senior logic teachers are not familiar with these theorems of Gödel
C. The concept of ""senior"" in reasoning is a vague concept
D. Without proof, it is concluded that people who are not familiar with Gödel's completeness theorem and incompleteness theorem have not heard of Gödel
","Li Ming is likely to be a senior logic teacher.Like most senior logic teachers, Li Ming is familiar with Gödel's completeness theorem and incompleteness theorem, and most people who are not senior logic teachers are not familiar with these theorems.In fact, many people who are not senior logic teachers have not even heard of Gödel.
Question: Which of the following statements accurately points out the shortcomings of the above reasoning?

Choices:
A. Ignore this possibility? most people who are familiar with these theorems of Gödel are not senior logic teachers
B. Ignore this possibility? some senior logic teachers are not familiar with these theorems of Gödel
C. The concept of ""senior"" in reasoning is a vague concept
D. Without proof, it is concluded that people who are not familiar with Gödel's completeness theorem and incompleteness theorem have not heard of Gödel

Let's think step by step before providing your final answer. However, you must conclude your assessment with the statement: 'Thus, the correct answer is: X', where 'X' is simply the letter corresponding to the answer option you've determined to be correct.",A.Ignore this possibility? most people who are familiar with these theorems of Gödel are not senior logic teachers,1
AGIEval,Civil Service Examination,LogiQA-en,MC,Civil Service Examination-LogiQA-en-333,N.A.,"Some of the students enrolled in the fall of 2007 in colleges and universities are free teachers.All the free normal students are poor.All students from poor families participated in the work-study program.
Question: If the above statement is true, then the following must be true, except

Choices:
A. Some of the students enrolled in the fall of 2007 were poor..
B. Students who do not participate in the work-study program are not free teachers.
C. Some students who participated in the work-study program were enrolled in the fall of 2007.
D. Some students who participate in work-study activities are not free teachers.
","Some of the students enrolled in the fall of 2007 in colleges and universities are free teachers.All the free normal students are poor.All students from poor families participated in the work-study program.
Question: If the above statement is true, then the following must be true, except

Choices:
A. Some of the students enrolled in the fall of 2007 were poor..
B. Students who do not participate in the work-study program are not free teachers.
C. Some students who participated in the work-study program were enrolled in the fall of 2007.
D. Some students who participate in work-study activities are not free teachers.

Let's think step by step before providing your final answer. However, you must conclude your assessment with the statement: 'Thus, the correct answer is: X', where 'X' is simply the letter corresponding to the answer option you've determined to be correct.",D.Some students who participate in work-study activities are not free teachers.,1
AGIEval,Civil Service Examination,LogiQA-en,MC,Civil Service Examination-LogiQA-en-40,N.A.,"A company has a 6-story office building.The company's finance department, planning department, administration department, sales department, human resources department, and research and development department work here, and each department occupies one of the floors.Known? (1) The two floors of the human resources department and the sales department are not adjacent; (2) The finance department is on the next floor of the planning department; (3) The floor of the administrative department is above the planning department, but in the manpower Below the Resources Department.
Question: Which of the following may be the two departments where the first and second tiers are located?

Choices:
A. Finance Department, Sales Department
B. Planning Department, Sales Department
C. R & D Department and Sales Department
D. Sales Department, Planning Department
","A company has a 6-story office building.The company's finance department, planning department, administration department, sales department, human resources department, and research and development department work here, and each department occupies one of the floors.Known? (1) The two floors of the human resources department and the sales department are not adjacent; (2) The finance department is on the next floor of the planning department; (3) The floor of the administrative department is above the planning department, but in the manpower Below the Resources Department.
Question: Which of the following may be the two departments where the first and second tiers are located?

Choices:
A. Finance Department, Sales Department
B. Planning Department, Sales Department
C. R & D Department and Sales Department
D. Sales Department, Planning Department

Let's think step by step before providing your final answer. However, you must conclude your assessment with the statement: 'Thus, the correct answer is: X', where 'X' is simply the letter corresponding to the answer option you've determined to be correct.",C.R & D Department and Sales Department,0
AGIEval,Civil Service Examination,LogiQA-en,MC,Civil Service Examination-LogiQA-en-214,N.A.,"There must be an outside world, because if there is something outside me that can shine or reflect, shining the light into my eyes, which gives me a visual experience, I ca n’t see the buildings, the crowds and the stars these things.And, not only have visual experience like me, but others also have such visual experience; book knowledge also tells us repeatedly that there is an outside world outside of us.
Question: Which of the following does not constitute doubt or rebuttal to the above argument?

Choices:
A. To use sensory evidence to explain the existence of the external world requires presupposing the existence of the external world in the mind.
B. How do you prove that others have similar visual experience to you?
C. Since the visual experience is reliable, Mirage is not a so-called illusion, but a real existence.
D. If there is no external world and natural science knowledge is not a true reflection of it, then why does natural science achieve such great success in practice?
","There must be an outside world, because if there is something outside me that can shine or reflect, shining the light into my eyes, which gives me a visual experience, I ca n’t see the buildings, the crowds and the stars these things.And, not only have visual experience like me, but others also have such visual experience; book knowledge also tells us repeatedly that there is an outside world outside of us.
Question: Which of the following does not constitute doubt or rebuttal to the above argument?

Choices:
A. To use sensory evidence to explain the existence of the external world requires presupposing the existence of the external world in the mind.
B. How do you prove that others have similar visual experience to you?
C. Since the visual experience is reliable, Mirage is not a so-called illusion, but a real existence.
D. If there is no external world and natural science knowledge is not a true reflection of it, then why does natural science achieve such great success in practice?

Let's think step by step before providing your final answer. However, you must conclude your assessment with the statement: 'Thus, the correct answer is: X', where 'X' is simply the letter corresponding to the answer option you've determined to be correct.","D.If there is no external world and natural science knowledge is not a true reflection of it, then why does natural science achieve such great success in practice?",1
AGIEval,Civil Service Examination,LogiQA-en,MC,Civil Service Examination-LogiQA-en-182,N.A.,"There are voters in favor of all candidates""
Question: The above argument cannot be derived?

Choices:
A. All candidates have votes in favor.
B. Some voters favored some candidates.
C. All voters favor all candidates.
D. Not all voters disapprove of all candidates.
","There are voters in favor of all candidates""
Question: The above argument cannot be derived?

Choices:
A. All candidates have votes in favor.
B. Some voters favored some candidates.
C. All voters favor all candidates.
D. Not all voters disapprove of all candidates.

Let's think step by step before providing your final answer. However, you must conclude your assessment with the statement: 'Thus, the correct answer is: X', where 'X' is simply the letter corresponding to the answer option you've determined to be correct.",C.All voters favor all candidates.,1
AGIEval,Civil Service Examination,LogiQA-en,MC,Civil Service Examination-LogiQA-en-7,N.A.,"The person in charge of the relevant department said that pilots will be carried out in some areas this year to prepare for the system and policy preparations for the comprehensive clean-up of ""small property houses"", and require all localities to confirm the registration and certification of rural collective land.All small-property houses are not subject to registration and are not protected by law.Therefore, this newly built house in Hexi Village is not protected by law.
Question: Which of the following is true will most weaken the above argument

Choices:
A. This newly built house in Hexi Village has been tacitly approved by relevant departments
B. This newly built house in Hexi Village is a small property house
C. This newly built house in Hexi Village is built on rural collective land
D. Some of the newly built houses in Hexi Village are not small property houses
","The person in charge of the relevant department said that pilots will be carried out in some areas this year to prepare for the system and policy preparations for the comprehensive clean-up of ""small property houses"", and require all localities to confirm the registration and certification of rural collective land.All small-property houses are not subject to registration and are not protected by law.Therefore, this newly built house in Hexi Village is not protected by law.
Question: Which of the following is true will most weaken the above argument

Choices:
A. This newly built house in Hexi Village has been tacitly approved by relevant departments
B. This newly built house in Hexi Village is a small property house
C. This newly built house in Hexi Village is built on rural collective land
D. Some of the newly built houses in Hexi Village are not small property houses

Let's think step by step before providing your final answer. However, you must conclude your assessment with the statement: 'Thus, the correct answer is: X', where 'X' is simply the letter corresponding to the answer option you've determined to be correct.",D.Some of the newly built houses in Hexi Village are not small property houses,0
AGIEval,Civil Service Examination,LogiQA-en,MC,Civil Service Examination-LogiQA-en-389,N.A.,"Oxford University in the United Kingdom is full of a free discussion and free debate atmosphere, and questioning and challenging become the norm in academic research.There is even such an exaggeration that if you have been to Oxford University, you will never be able to believe any words that anyone said.
Question: If the above statement is true, which of the following statements must be false?

Choices:
A. If you have been to Oxford University, you can never believe any words that Einstein said.
B. You have been to Oxford University, but sometimes you may still believe what some people say.
C. If you have been to Oxford University, you will no longer believe any words that anyone said.
D. If you have been to Oxford University, you will no longer believe what some people say.
","Oxford University in the United Kingdom is full of a free discussion and free debate atmosphere, and questioning and challenging become the norm in academic research.There is even such an exaggeration that if you have been to Oxford University, you will never be able to believe any words that anyone said.
Question: If the above statement is true, which of the following statements must be false?

Choices:
A. If you have been to Oxford University, you can never believe any words that Einstein said.
B. You have been to Oxford University, but sometimes you may still believe what some people say.
C. If you have been to Oxford University, you will no longer believe any words that anyone said.
D. If you have been to Oxford University, you will no longer believe what some people say.

Let's think step by step before providing your final answer. However, you must conclude your assessment with the statement: 'Thus, the correct answer is: X', where 'X' is simply the letter corresponding to the answer option you've determined to be correct.","B.You have been to Oxford University, but sometimes you may still believe what some people say.",1
AGIEval,Civil Service Examination,LogiQA-en,MC,Civil Service Examination-LogiQA-en-484,N.A.,"The battery used by the American electric vehicle TESLA consists of nearly 7000 Panasonic 18650 batteries connected in series.Large battery packs connected in parallel.The safety of the TESLA battery power system has been questioned by the automotive industry.A battery expert said that the probability of fire for 18650 batteries in the United States is 0.2 parts per million, then the probability of fire for a battery pack consisting of 7,000 small batteries is 0.14%.Based on the current sales of TESLA.this It caused a battery fire accident almost every month.
Question: If the following statement is true, which one most powerfully weakened the expert's judgment?

Choices:
A. 18650 battery has the characteristics of large energy density, stability and good consistency
B. Billions of 18650 batteries are produced every year in the world, and their safety level is constantly improving
C. TESLA has a very advanced battery management system, which will automatically disconnect the output of abnormal battery cells
D. 18650 battery can be recharged many times, so the service life of the battery is greatly extended
","The battery used by the American electric vehicle TESLA consists of nearly 7000 Panasonic 18650 batteries connected in series.Large battery packs connected in parallel.The safety of the TESLA battery power system has been questioned by the automotive industry.A battery expert said that the probability of fire for 18650 batteries in the United States is 0.2 parts per million, then the probability of fire for a battery pack consisting of 7,000 small batteries is 0.14%.Based on the current sales of TESLA.this It caused a battery fire accident almost every month.
Question: If the following statement is true, which one most powerfully weakened the expert's judgment?

Choices:
A. 18650 battery has the characteristics of large energy density, stability and good consistency
B. Billions of 18650 batteries are produced every year in the world, and their safety level is constantly improving
C. TESLA has a very advanced battery management system, which will automatically disconnect the output of abnormal battery cells
D. 18650 battery can be recharged many times, so the service life of the battery is greatly extended

Let's think step by step before providing your final answer. However, you must conclude your assessment with the statement: 'Thus, the correct answer is: X', where 'X' is simply the letter corresponding to the answer option you've determined to be correct.","C.TESLA has a very advanced battery management system, which will automatically disconnect the output of abnormal battery cells",1
AGIEval,Civil Service Examination,LogiQA-en,MC,Civil Service Examination-LogiQA-en-610,N.A.,"In 2010, the Ministry of Health launched a new national standard for the dairy industry, which reduced the protein content of raw milk from 2.95% to 2.8%.The new standard did not rise but decreased, raising questions.An industry insider explained that if our milk testing standards set the protein content too high, dairy farmers will add milk to the milk to increase protein testing content, such as melamine, in order to meet the standard.The melamine incident in 2008 showed that the original standard was too high.
Question: Which of the following inferences contains the same logical error as that of the industry insider?

Choices:
A. No real strong man is afraid of difficulties or challenges.Zhao Tao is afraid of difficulties or challenges, indicating that Zhao Tao is not a real strong man.
B. If a typhoon lands in Haikou, the flight to Haikou will be cancelled.The flight to Haikou has not been cancelled, indicating that the typhoon has not landed in Haikou.
C. If there are loopholes in the management of the railway sector, accidents will occur in railway transportation.7.23 The Wenzhou motor vehicle accident shows that there is a loophole in the management of the railway department.
D. People only donate to a charity when they trust it, so charities that do n’t get donated must lose the trust of the public.
","In 2010, the Ministry of Health launched a new national standard for the dairy industry, which reduced the protein content of raw milk from 2.95% to 2.8%.The new standard did not rise but decreased, raising questions.An industry insider explained that if our milk testing standards set the protein content too high, dairy farmers will add milk to the milk to increase protein testing content, such as melamine, in order to meet the standard.The melamine incident in 2008 showed that the original standard was too high.
Question: Which of the following inferences contains the same logical error as that of the industry insider?

Choices:
A. No real strong man is afraid of difficulties or challenges.Zhao Tao is afraid of difficulties or challenges, indicating that Zhao Tao is not a real strong man.
B. If a typhoon lands in Haikou, the flight to Haikou will be cancelled.The flight to Haikou has not been cancelled, indicating that the typhoon has not landed in Haikou.
C. If there are loopholes in the management of the railway sector, accidents will occur in railway transportation.7.23 The Wenzhou motor vehicle accident shows that there is a loophole in the management of the railway department.
D. People only donate to a charity when they trust it, so charities that do n’t get donated must lose the trust of the public.

Let's think step by step before providing your final answer. However, you must conclude your assessment with the statement: 'Thus, the correct answer is: X', where 'X' is simply the letter corresponding to the answer option you've determined to be correct.","C.If there are loopholes in the management of the railway sector, accidents will occur in railway transportation.7.23 The Wenzhou motor vehicle accident shows that there is a loophole in the management of the railway department.",0
AGIEval,Civil Service Examination,LogiQA-en,MC,Civil Service Examination-LogiQA-en-423,N.A.,"twenty one.Standard antibiotics usually contain only one active ingredient, while herbal antibacterial drugs contain many.Therefore, herbal medicines are more likely to maintain their effectiveness than standard antibiotics when fighting new resistant bacteria.For the strain, it is difficult to develop resistance to herbal medicines, just as it is difficult for a chef to make a dish that can satisfy the taste of dozens of guests at the same time, and it is much easier to make a dish that meets the taste of one guest.
Question: Which of the following ways of reasoning is most similar to the above argument?

Choices:
A. If you have a large deposit in the bank, your purchasing power will be strong.If your purchasing power is strong, you will be happy.Therefore, if your bank has a large amount of deposits, you will be happy.
B. A full-term baby has a certain instinct reaction after birth that will disappear by 2 months.The baby has been 3 months old, and there is this instinctive reaction.Therefore, this baby was not born at full term.
C. Depending on the size, the supermarket may require 1 to 3 security guards to prevent theft.If any supermarket decides to use 3 security guards, then it must be a big supermarket.
D. Electric current passes through wires as water flows through pipes.Since a large-diameter pipeline has a larger flow rate than a small-diameter pipeline, a thicker wire has a larger amount of electricity than a thin wire.
","twenty one.Standard antibiotics usually contain only one active ingredient, while herbal antibacterial drugs contain many.Therefore, herbal medicines are more likely to maintain their effectiveness than standard antibiotics when fighting new resistant bacteria.For the strain, it is difficult to develop resistance to herbal medicines, just as it is difficult for a chef to make a dish that can satisfy the taste of dozens of guests at the same time, and it is much easier to make a dish that meets the taste of one guest.
Question: Which of the following ways of reasoning is most similar to the above argument?

Choices:
A. If you have a large deposit in the bank, your purchasing power will be strong.If your purchasing power is strong, you will be happy.Therefore, if your bank has a large amount of deposits, you will be happy.
B. A full-term baby has a certain instinct reaction after birth that will disappear by 2 months.The baby has been 3 months old, and there is this instinctive reaction.Therefore, this baby was not born at full term.
C. Depending on the size, the supermarket may require 1 to 3 security guards to prevent theft.If any supermarket decides to use 3 security guards, then it must be a big supermarket.
D. Electric current passes through wires as water flows through pipes.Since a large-diameter pipeline has a larger flow rate than a small-diameter pipeline, a thicker wire has a larger amount of electricity than a thin wire.

Let's think step by step before providing your final answer. However, you must conclude your assessment with the statement: 'Thus, the correct answer is: X', where 'X' is simply the letter corresponding to the answer option you've determined to be correct.","D.Electric current passes through wires as water flows through pipes.Since a large-diameter pipeline has a larger flow rate than a small-diameter pipeline, a thicker wire has a larger amount of electricity than a thin wire.",1
AGIEval,Civil Service Examination,LogiQA-en,MC,Civil Service Examination-LogiQA-en-222,N.A.,"At home, the concept of privatization seems to be the separation of state-owned assets.In essence, it is the protection of private property ownership.If there is no legal basis for the protection of this right, state-owned assets can be separated and the property can be confiscated at any time.
Question: If the above is true, which statement is most strongly supported?

Choices:
A. If there is no private property to protect, the law protecting private property is meaningless.
B. Even if there is a law protecting private property, it cannot be effectively enforced.
C. The privatization system is based on the legal rights to own private property.
D. Privatization and market liberalization are issues that should be valued by the socialist market economy.
","At home, the concept of privatization seems to be the separation of state-owned assets.In essence, it is the protection of private property ownership.If there is no legal basis for the protection of this right, state-owned assets can be separated and the property can be confiscated at any time.
Question: If the above is true, which statement is most strongly supported?

Choices:
A. If there is no private property to protect, the law protecting private property is meaningless.
B. Even if there is a law protecting private property, it cannot be effectively enforced.
C. The privatization system is based on the legal rights to own private property.
D. Privatization and market liberalization are issues that should be valued by the socialist market economy.

Let's think step by step before providing your final answer. However, you must conclude your assessment with the statement: 'Thus, the correct answer is: X', where 'X' is simply the letter corresponding to the answer option you've determined to be correct.",C.The privatization system is based on the legal rights to own private property.,1
AGIEval,Civil Service Examination,LogiQA-en,MC,Civil Service Examination-LogiQA-en-626,N.A.,"The future of China will be a more open and inclusive, civilized and harmonious country.A country and a nation can develop and progress only if it is open and inclusive.Only open, advanced and useful things can come in; only tolerance and absorption of excellent culture can enrich and strengthen oneself.
Question: If the above statement is true, which of the following statements must be false?

Choices:
A. Even if a country or nation is not open and inclusive, it can develop and progress.
B. If a country or nation is not open and inclusive, it cannot develop and progress.
C. If a country or nation wants to develop and progress, it must be open and inclusive.
D. Even if a country or nation is open and inclusive, it may not develop and progress.
","The future of China will be a more open and inclusive, civilized and harmonious country.A country and a nation can develop and progress only if it is open and inclusive.Only open, advanced and useful things can come in; only tolerance and absorption of excellent culture can enrich and strengthen oneself.
Question: If the above statement is true, which of the following statements must be false?

Choices:
A. Even if a country or nation is not open and inclusive, it can develop and progress.
B. If a country or nation is not open and inclusive, it cannot develop and progress.
C. If a country or nation wants to develop and progress, it must be open and inclusive.
D. Even if a country or nation is open and inclusive, it may not develop and progress.

Let's think step by step before providing your final answer. However, you must conclude your assessment with the statement: 'Thus, the correct answer is: X', where 'X' is simply the letter corresponding to the answer option you've determined to be correct.","A.Even if a country or nation is not open and inclusive, it can develop and progress.",1
AGIEval,Civil Service Examination,LogiQA-en,MC,Civil Service Examination-LogiQA-en-193,N.A.,"There are 6 scholars F, G, J, L, M, and N, who will speak at a logical meeting, and the speeches are arranged in the following order? (1) Each speaker speaks only once, and only once at the same time By.(2) Three speakers speak before lunch, and the other three speak after lunch.(3) G must speak before lunch.(4) Only one speaker is between M and N.(5) F speaks in the first or third place.
Question: If J is the first speaker, who must be the second speaker?

Choices:
A. F
B. L
C. G
D. M
","There are 6 scholars F, G, J, L, M, and N, who will speak at a logical meeting, and the speeches are arranged in the following order? (1) Each speaker speaks only once, and only once at the same time By.(2) Three speakers speak before lunch, and the other three speak after lunch.(3) G must speak before lunch.(4) Only one speaker is between M and N.(5) F speaks in the first or third place.
Question: If J is the first speaker, who must be the second speaker?

Choices:
A. F
B. L
C. G
D. M

Let's think step by step before providing your final answer. However, you must conclude your assessment with the statement: 'Thus, the correct answer is: X', where 'X' is simply the letter corresponding to the answer option you've determined to be correct.",B.L,0
AGIEval,Civil Service Examination,LogiQA-en,MC,Civil Service Examination-LogiQA-en-87,N.A.,"Based on the following questions? Most people think that advertisers do whatever they can to attract customers.But advertisers are not always like this.Recently, in order to expand sales, a family magazine called ""Bay"" was renamed ""Inferno"", which mainly published violent and pornographic content.As a result, some perennial advertisers from the original ""Bay"" magazine refused to renew the contract and turned to other publications.This shows that these advertisers not only consider economic benefits, but also take into account their ethical responsibilities.
Question: If the following item is true, can the argument be strengthened most?

Choices:
A. The cost and selling price of ""Inferno"" are lower than that of ""Harbour"".
B. The above advertisers who refused to renew their contracts have not affected the benefits after switching to other publications.
C. Readers of family magazines are generally not interested in violent and pornographic content.
D. Some clients who advertise in other family magazines and so on turn to ""Inferno"" magazine.
","Based on the following questions? Most people think that advertisers do whatever they can to attract customers.But advertisers are not always like this.Recently, in order to expand sales, a family magazine called ""Bay"" was renamed ""Inferno"", which mainly published violent and pornographic content.As a result, some perennial advertisers from the original ""Bay"" magazine refused to renew the contract and turned to other publications.This shows that these advertisers not only consider economic benefits, but also take into account their ethical responsibilities.
Question: If the following item is true, can the argument be strengthened most?

Choices:
A. The cost and selling price of ""Inferno"" are lower than that of ""Harbour"".
B. The above advertisers who refused to renew their contracts have not affected the benefits after switching to other publications.
C. Readers of family magazines are generally not interested in violent and pornographic content.
D. Some clients who advertise in other family magazines and so on turn to ""Inferno"" magazine.

Let's think step by step before providing your final answer. However, you must conclude your assessment with the statement: 'Thus, the correct answer is: X', where 'X' is simply the letter corresponding to the answer option you've determined to be correct.","D.Some clients who advertise in other family magazines and so on turn to ""Inferno"" magazine.",0
AGIEval,Civil Service Examination,LogiQA-en,MC,Civil Service Examination-LogiQA-en-430,N.A.,"Unethical behavior is against human nature, and everything that violates human nature is just as bad.Because killing people is immoral, killing a person is as bad as killing a hundred people.
Question: Which of the following statements best fits the principles expressed above?

Choices:
A. To sacrifice one person to save one person is as noble as to sacrifice one person to save one hundred people.
B. Robbery is both immoral and contrary to human nature, it is as bad as killing a person.
C. In the case where only one person can be killed to save the other, killing is as bad as not killing.
D. Since rape is immoral, society should prevent rape in the same way as murder.
","Unethical behavior is against human nature, and everything that violates human nature is just as bad.Because killing people is immoral, killing a person is as bad as killing a hundred people.
Question: Which of the following statements best fits the principles expressed above?

Choices:
A. To sacrifice one person to save one person is as noble as to sacrifice one person to save one hundred people.
B. Robbery is both immoral and contrary to human nature, it is as bad as killing a person.
C. In the case where only one person can be killed to save the other, killing is as bad as not killing.
D. Since rape is immoral, society should prevent rape in the same way as murder.

Let's think step by step before providing your final answer. However, you must conclude your assessment with the statement: 'Thus, the correct answer is: X', where 'X' is simply the letter corresponding to the answer option you've determined to be correct.",A.To sacrifice one person to save one person is as noble as to sacrifice one person to save one hundred people.,0
AGIEval,Civil Service Examination,LogiQA-en,MC,Civil Service Examination-LogiQA-en-413,N.A.,"Ethicist? Under normal circumstances, it is wrong to take some experimental medical measures without the consent of the patient, because the patient has the right to accept or refuse a certain treatment based on all the detailed medical options available.However, in the case of emergency treatment, sometimes only by surpassing the patient's right to consent to the experimental treatment can we know how to best deal with the emergency patient.Therefore, certain limited experimental treatments without patient consent should be allowed.
Question: Which of the following is the hypothesis required by this ethicist ’s argument?

Choices:
A. If the patient knows that an experimental treatment was used during the emergency treatment, it will have an adverse effect on the outcome of this treatment.
B. Only when an experimental treatment is very likely to produce beneficial results for the patient should this treatment be approved without the patient's consent.
C. At least in some cases of emergency treatment, the benefits of experimental treatment without the patient ’s consent may be more important than the patient ’s right to consent.
D. When the best medical plan is still unknown, patients no longer have the right to know the medical plan and medical plan.
","Ethicist? Under normal circumstances, it is wrong to take some experimental medical measures without the consent of the patient, because the patient has the right to accept or refuse a certain treatment based on all the detailed medical options available.However, in the case of emergency treatment, sometimes only by surpassing the patient's right to consent to the experimental treatment can we know how to best deal with the emergency patient.Therefore, certain limited experimental treatments without patient consent should be allowed.
Question: Which of the following is the hypothesis required by this ethicist ’s argument?

Choices:
A. If the patient knows that an experimental treatment was used during the emergency treatment, it will have an adverse effect on the outcome of this treatment.
B. Only when an experimental treatment is very likely to produce beneficial results for the patient should this treatment be approved without the patient's consent.
C. At least in some cases of emergency treatment, the benefits of experimental treatment without the patient ’s consent may be more important than the patient ’s right to consent.
D. When the best medical plan is still unknown, patients no longer have the right to know the medical plan and medical plan.

Let's think step by step before providing your final answer. However, you must conclude your assessment with the statement: 'Thus, the correct answer is: X', where 'X' is simply the letter corresponding to the answer option you've determined to be correct.","C.At least in some cases of emergency treatment, the benefits of experimental treatment without the patient ’s consent may be more important than the patient ’s right to consent.",1
AGIEval,Civil Service Examination,LogiQA-en,MC,Civil Service Examination-LogiQA-en-605,N.A.,"Because of ignorance of Weibo, a director and a director leaked personal privacy on Weibo and exposed their unethical behaviors.They were investigated by relevant departments.Some netizens sneered at their behaviors and felt that? knowledge changes destiny.Knowledge also changes fate.
Question: Which of the following statements is closest to the meaning expressed by the netizen?

Choices:
A. Whether there is knowledge or not, it will change fate.
B. The expression ""knowledge is power"" is too exaggerated.In fact, power and money are power.
C. With knowledge, fate changes from bad to good, and without knowledge, fate changes from good to bad.
D. The original meaning of ""fate"" is inherently doomed, and it will not induce material changes.
","Because of ignorance of Weibo, a director and a director leaked personal privacy on Weibo and exposed their unethical behaviors.They were investigated by relevant departments.Some netizens sneered at their behaviors and felt that? knowledge changes destiny.Knowledge also changes fate.
Question: Which of the following statements is closest to the meaning expressed by the netizen?

Choices:
A. Whether there is knowledge or not, it will change fate.
B. The expression ""knowledge is power"" is too exaggerated.In fact, power and money are power.
C. With knowledge, fate changes from bad to good, and without knowledge, fate changes from good to bad.
D. The original meaning of ""fate"" is inherently doomed, and it will not induce material changes.

Let's think step by step before providing your final answer. However, you must conclude your assessment with the statement: 'Thus, the correct answer is: X', where 'X' is simply the letter corresponding to the answer option you've determined to be correct.","C.With knowledge, fate changes from bad to good, and without knowledge, fate changes from good to bad.",1
AGIEval,Civil Service Examination,LogiQA-en,MC,Civil Service Examination-LogiQA-en-110,N.A.,"Since 1997, Hong Kong has fallen into a severe economic recession; it was this year that Hong Kong began to implement ""one country, two systems."" Some claim that ""one country, two systems"" caused Hong Kong's economic recession.
Question: Which of the following questions is most relevant for refuting the above reasoning?

Choices:
A. If two things happen at the same time or one after another, can we be sure that there is a causal relationship between them?
B. Why did Taiwan, Singapore, South Korea, and the United States also experience economic recession during this period?
C. Why the economy of mainland China is booming.
D. Why was the economic situation of the United Kingdom, which used to regulate Hong Kong, bad during this period?
","Since 1997, Hong Kong has fallen into a severe economic recession; it was this year that Hong Kong began to implement ""one country, two systems."" Some claim that ""one country, two systems"" caused Hong Kong's economic recession.
Question: Which of the following questions is most relevant for refuting the above reasoning?

Choices:
A. If two things happen at the same time or one after another, can we be sure that there is a causal relationship between them?
B. Why did Taiwan, Singapore, South Korea, and the United States also experience economic recession during this period?
C. Why the economy of mainland China is booming.
D. Why was the economic situation of the United Kingdom, which used to regulate Hong Kong, bad during this period?

Let's think step by step before providing your final answer. However, you must conclude your assessment with the statement: 'Thus, the correct answer is: X', where 'X' is simply the letter corresponding to the answer option you've determined to be correct.","A.If two things happen at the same time or one after another, can we be sure that there is a causal relationship between them?",1
AGIEval,Civil Service Examination,LogiQA-en,MC,Civil Service Examination-LogiQA-en-149,N.A.,"There are 7 heart disease patients E, F, G, H, I, J, K to be assigned to 4 doctors for treatment, they are Dr.Zhang, Dr.Li, Dr.Wang and Dr.Liu.Only one doctor is responsible for each patient, and each doctor is responsible for the treatment of up to two patients.Among the patients, J and K are children, and the remaining 5 are adults; E, F, and J are males, and the remaining 4 are females.The following conditions must be met? (1) Dr.Zhang is only responsible for treating male patients.(2) Dr.Li can only be responsible for the treatment of 1 patient.(3) If a doctor is responsible for treating a child patient, then he must be responsible for the treatment of an adult patient of the same sex as the child.
Question: If Dr.Li is responsible for the treatment of G, which of the following may be true?

Choices:
A. Dr.Liu is responsible for the treatment of E and F.
B. H and I are treated by Dr.Liu.
C. I and K are treated by Dr.Wang.
D. Dr.Wang is responsible for the treatment of E and K.
","There are 7 heart disease patients E, F, G, H, I, J, K to be assigned to 4 doctors for treatment, they are Dr.Zhang, Dr.Li, Dr.Wang and Dr.Liu.Only one doctor is responsible for each patient, and each doctor is responsible for the treatment of up to two patients.Among the patients, J and K are children, and the remaining 5 are adults; E, F, and J are males, and the remaining 4 are females.The following conditions must be met? (1) Dr.Zhang is only responsible for treating male patients.(2) Dr.Li can only be responsible for the treatment of 1 patient.(3) If a doctor is responsible for treating a child patient, then he must be responsible for the treatment of an adult patient of the same sex as the child.
Question: If Dr.Li is responsible for the treatment of G, which of the following may be true?

Choices:
A. Dr.Liu is responsible for the treatment of E and F.
B. H and I are treated by Dr.Liu.
C. I and K are treated by Dr.Wang.
D. Dr.Wang is responsible for the treatment of E and K.

Let's think step by step before providing your final answer. However, you must conclude your assessment with the statement: 'Thus, the correct answer is: X', where 'X' is simply the letter corresponding to the answer option you've determined to be correct.",B.H and I are treated by Dr.Liu.,1
AGIEval,Civil Service Examination,LogiQA-en,MC,Civil Service Examination-LogiQA-en-517,N.A.,"Advertisement? ""Zhi Lixiao"" is a new type of diet pills, which can effectively help fat people lose weight.In clinical trials, only 6 out of 100 people taking Zhilixiao reported side effects.Therefore, 94% of people have a positive effect after taking Zhilixiao, which is the most effective weight loss drug on the market.
Question: Which of the following statements most appropriately points out the problem with the advertisement?

Choices:
A. The advertisement depreciates other weight loss pills, but does not provide enough evidence that there is unfair competition.
B. The advertisement makes a suspicious assumption? if the drug has no side effects, it will have a positive effect on weight loss.
C. When the advertisement proves the weight loss effect of Zhilixiao, the sample data provided is too small to be representative.
D. Moving flowers, exaggerating, false propaganda, this is a common problem of all advertisements, and this advertisement is no exception.
","Advertisement? ""Zhi Lixiao"" is a new type of diet pills, which can effectively help fat people lose weight.In clinical trials, only 6 out of 100 people taking Zhilixiao reported side effects.Therefore, 94% of people have a positive effect after taking Zhilixiao, which is the most effective weight loss drug on the market.
Question: Which of the following statements most appropriately points out the problem with the advertisement?

Choices:
A. The advertisement depreciates other weight loss pills, but does not provide enough evidence that there is unfair competition.
B. The advertisement makes a suspicious assumption? if the drug has no side effects, it will have a positive effect on weight loss.
C. When the advertisement proves the weight loss effect of Zhilixiao, the sample data provided is too small to be representative.
D. Moving flowers, exaggerating, false propaganda, this is a common problem of all advertisements, and this advertisement is no exception.

Let's think step by step before providing your final answer. However, you must conclude your assessment with the statement: 'Thus, the correct answer is: X', where 'X' is simply the letter corresponding to the answer option you've determined to be correct.","B.The advertisement makes a suspicious assumption? if the drug has no side effects, it will have a positive effect on weight loss.",1
AGIEval,Civil Service Examination,LogiQA-en,MC,Civil Service Examination-LogiQA-en-368,N.A.,"The crime of unclear sources of large amounts of property is objectively conducive to the protection of embezzlement and bribery.Once a huge amount of property is placed in a basket of ""unknown origin"", its source does not have to be identified one by one.How forgiving is it for those who embezzle and accept bribes! Moreover, the crime gave judicial personnel too much ""discretion"" and ""compromise space"".Therefore, the source of huge amounts of property should be treated as corruption and bribery.
Question: Which of the following statements does not support the above argument?

Choices:
A. Corrupt officials know that once their embezzled and bribery property is identified as ""unidentified sources"", the punishment can be reduced; China's existing investigative methods are backward, and confessors may incur more severe punishment than those who do not recognize the account.
B. I would like to ask who doesn't know where the property in their family comes from? The crime of huge property of unknown origin is conducive to cracking down on corrupt officials ""from light to light"", but is not conducive to social justice.
C. ""Presumption of innocence"" and ""right to silence"" are all basic concepts of modern rule of law.If the accused is not proven guilty, he should be deemed innocent.
D. The laws of Singapore, Brunei and India all stipulate that if the source of civil servants ’property is unknown, corruption and bribery should be used.
","The crime of unclear sources of large amounts of property is objectively conducive to the protection of embezzlement and bribery.Once a huge amount of property is placed in a basket of ""unknown origin"", its source does not have to be identified one by one.How forgiving is it for those who embezzle and accept bribes! Moreover, the crime gave judicial personnel too much ""discretion"" and ""compromise space"".Therefore, the source of huge amounts of property should be treated as corruption and bribery.
Question: Which of the following statements does not support the above argument?

Choices:
A. Corrupt officials know that once their embezzled and bribery property is identified as ""unidentified sources"", the punishment can be reduced; China's existing investigative methods are backward, and confessors may incur more severe punishment than those who do not recognize the account.
B. I would like to ask who doesn't know where the property in their family comes from? The crime of huge property of unknown origin is conducive to cracking down on corrupt officials ""from light to light"", but is not conducive to social justice.
C. ""Presumption of innocence"" and ""right to silence"" are all basic concepts of modern rule of law.If the accused is not proven guilty, he should be deemed innocent.
D. The laws of Singapore, Brunei and India all stipulate that if the source of civil servants ’property is unknown, corruption and bribery should be used.

Let's think step by step before providing your final answer. However, you must conclude your assessment with the statement: 'Thus, the correct answer is: X', where 'X' is simply the letter corresponding to the answer option you've determined to be correct.","C.""Presumption of innocence"" and ""right to silence"" are all basic concepts of modern rule of law.If the accused is not proven guilty, he should be deemed innocent.",1
AGIEval,Civil Service Examination,LogiQA-en,MC,Civil Service Examination-LogiQA-en-57,N.A.,"Making more money makes people happier, at least to some extent.But new research shows that the reverse is also true, and happy people can make more money.Researchers at the University of London, after researching more than 10,000 Americans, found that those with positive emotions who are more satisfied with life as they grow up have higher incomes when they reach the age of 29.
Question: Which of the following can best question the above research conclusions?

Choices:
A. Most of the young people who grew up in wealthier families have a negative attitude towards life.
B. In addition to emotions, the degree of specialization and work ability will directly affect the income level.
C. Most young people who are more satisfied with their lives are born in wealthier families, and all have a good professional background.
D. It should compare the occupational distribution of the respondents.
","Making more money makes people happier, at least to some extent.But new research shows that the reverse is also true, and happy people can make more money.Researchers at the University of London, after researching more than 10,000 Americans, found that those with positive emotions who are more satisfied with life as they grow up have higher incomes when they reach the age of 29.
Question: Which of the following can best question the above research conclusions?

Choices:
A. Most of the young people who grew up in wealthier families have a negative attitude towards life.
B. In addition to emotions, the degree of specialization and work ability will directly affect the income level.
C. Most young people who are more satisfied with their lives are born in wealthier families, and all have a good professional background.
D. It should compare the occupational distribution of the respondents.

Let's think step by step before providing your final answer. However, you must conclude your assessment with the statement: 'Thus, the correct answer is: X', where 'X' is simply the letter corresponding to the answer option you've determined to be correct.","C.Most young people who are more satisfied with their lives are born in wealthier families, and all have a good professional background.",1
AGIEval,Civil Service Examination,LogiQA-en,MC,Civil Service Examination-LogiQA-en-648,N.A.,"A committee works for two years and consists of 4 people each year, of which 2 members are from the following 4 judges? F, G, H and I, and 2 members are from the following 3 scientists? V, Y and Z Every year, the committee has one member as chairman.Members who chaired in the first year must withdraw from the committee in the second year.The person who is chairman in the second year must be a member of the committee in the first year.The members of the committee must meet the following conditions? G and V cannot become members of the committee in the same year.H and Y cannot be members of the committee in the same year.Each year, one and only one of I and V is a member of the committee.
Question: If V is the chairman of the committee in the first year, which of the following options lists the two people who must be members of the committee in the second year?

Choices:
A. G and Y
B. V and Y
C. H and I
D. I and Y
","A committee works for two years and consists of 4 people each year, of which 2 members are from the following 4 judges? F, G, H and I, and 2 members are from the following 3 scientists? V, Y and Z Every year, the committee has one member as chairman.Members who chaired in the first year must withdraw from the committee in the second year.The person who is chairman in the second year must be a member of the committee in the first year.The members of the committee must meet the following conditions? G and V cannot become members of the committee in the same year.H and Y cannot be members of the committee in the same year.Each year, one and only one of I and V is a member of the committee.
Question: If V is the chairman of the committee in the first year, which of the following options lists the two people who must be members of the committee in the second year?

Choices:
A. G and Y
B. V and Y
C. H and I
D. I and Y

Let's think step by step before providing your final answer. However, you must conclude your assessment with the statement: 'Thus, the correct answer is: X', where 'X' is simply the letter corresponding to the answer option you've determined to be correct.",D.I and Y,0
AGIEval,Civil Service Examination,LogiQA-en,MC,Civil Service Examination-LogiQA-en-278,N.A.,"As the price of oil rose, the country raised the sales price of gasoline and other refined oil, which led to an increase in taxi operating costs and a decrease in driver income.The survey shows that more than 95% of taxi drivers in Beijing object to the increase in taxi prices because the price increase will lead to a decrease in passengers.
Question: Which of the following, if true, can explain this seemingly contradictory attitude of Beijing taxi drivers?

Choices:
A. Taxi drivers hope to reduce the monthly rent paid to taxi companies, thereby eliminating the impact of rising oil prices.
B. The survey shows that all consumers are opposed to taxi price increases.
C. The monthly ticket price of Beijing's buses has been raised, but the price of ordinary tickets has remained unchanged.
D. The increase in taxi prices makes the cost of rising oil prices entirely borne by consumers.
","As the price of oil rose, the country raised the sales price of gasoline and other refined oil, which led to an increase in taxi operating costs and a decrease in driver income.The survey shows that more than 95% of taxi drivers in Beijing object to the increase in taxi prices because the price increase will lead to a decrease in passengers.
Question: Which of the following, if true, can explain this seemingly contradictory attitude of Beijing taxi drivers?

Choices:
A. Taxi drivers hope to reduce the monthly rent paid to taxi companies, thereby eliminating the impact of rising oil prices.
B. The survey shows that all consumers are opposed to taxi price increases.
C. The monthly ticket price of Beijing's buses has been raised, but the price of ordinary tickets has remained unchanged.
D. The increase in taxi prices makes the cost of rising oil prices entirely borne by consumers.

Let's think step by step before providing your final answer. However, you must conclude your assessment with the statement: 'Thus, the correct answer is: X', where 'X' is simply the letter corresponding to the answer option you've determined to be correct.","A.Taxi drivers hope to reduce the monthly rent paid to taxi companies, thereby eliminating the impact of rising oil prices.",0
AGIEval,Civil Service Examination,LogiQA-en,MC,Civil Service Examination-LogiQA-en-205,N.A.,"Since the emperor, the official history of China has been the diary of the emperor ’s own family.That is the standard image of the emperor.To understand the true face of the emperor, one must also read Ye Shi, which is a portrayal of the emperor's life.
Question: Which of the following statements is the assumption upon which the above argument relies?

Choices:
A. All the official history records are personal matters of the emperor's family.
B. Only by reading wild history can you know the little-known privacy of the emperor.
C. Only by combining Zhengshi and Yeshi can we see the true face of the emperor.
D. The official history records the emperor's major affairs, while the wild history describes the emperor's daily affairs.
","Since the emperor, the official history of China has been the diary of the emperor ’s own family.That is the standard image of the emperor.To understand the true face of the emperor, one must also read Ye Shi, which is a portrayal of the emperor's life.
Question: Which of the following statements is the assumption upon which the above argument relies?

Choices:
A. All the official history records are personal matters of the emperor's family.
B. Only by reading wild history can you know the little-known privacy of the emperor.
C. Only by combining Zhengshi and Yeshi can we see the true face of the emperor.
D. The official history records the emperor's major affairs, while the wild history describes the emperor's daily affairs.

Let's think step by step before providing your final answer. However, you must conclude your assessment with the statement: 'Thus, the correct answer is: X', where 'X' is simply the letter corresponding to the answer option you've determined to be correct.",C.Only by combining Zhengshi and Yeshi can we see the true face of the emperor.,1
AGIEval,Civil Service Examination,LogiQA-en,MC,Civil Service Examination-LogiQA-en-25,N.A.,"The secret of the “age” of human male and female ancestors is hidden in the Y chromosome and mitochondria.The Y chromosome only passes from father to son, while mitochondria only pass from mother to daughter.Looking back through these two genetic materials, we can find that all men have a common male ancestor ""Y chromosome Adam"", and all women have a common female ancestor ""mitochondrial Eve"".The researchers conducted genome sequencing and comparative analysis of 69 males from nine different populations, such as Asia, Africa, and Latin America, and found that this male common ancestor ""Y chromosome Adam"" was formed about 156,000 to 120,000 years ago.Using the same technical analysis of mitochondria, the researchers also calculated that this female common ancestor ""mitochondrial Eve"" was formed between 148,000 and 99,000 years ago.
Question: Which of the following is most appropriate as a corollary of the above discussion?

Choices:
A. ""Y chromosome Adam"" and ""mitochondrial Eve"" were formed in the same period, and ""age"" is close, ""Y chromosome Adam"" may be earlier.
B. 15 years ago, there was only one man ""Adam"" on earth
C. As two individuals, ""Adam"" and ""Eve"" should never meet
D. Men and women are born together and have conceived modern humans together
","The secret of the “age” of human male and female ancestors is hidden in the Y chromosome and mitochondria.The Y chromosome only passes from father to son, while mitochondria only pass from mother to daughter.Looking back through these two genetic materials, we can find that all men have a common male ancestor ""Y chromosome Adam"", and all women have a common female ancestor ""mitochondrial Eve"".The researchers conducted genome sequencing and comparative analysis of 69 males from nine different populations, such as Asia, Africa, and Latin America, and found that this male common ancestor ""Y chromosome Adam"" was formed about 156,000 to 120,000 years ago.Using the same technical analysis of mitochondria, the researchers also calculated that this female common ancestor ""mitochondrial Eve"" was formed between 148,000 and 99,000 years ago.
Question: Which of the following is most appropriate as a corollary of the above discussion?

Choices:
A. ""Y chromosome Adam"" and ""mitochondrial Eve"" were formed in the same period, and ""age"" is close, ""Y chromosome Adam"" may be earlier.
B. 15 years ago, there was only one man ""Adam"" on earth
C. As two individuals, ""Adam"" and ""Eve"" should never meet
D. Men and women are born together and have conceived modern humans together

Let's think step by step before providing your final answer. However, you must conclude your assessment with the statement: 'Thus, the correct answer is: X', where 'X' is simply the letter corresponding to the answer option you've determined to be correct.","A.""Y chromosome Adam"" and ""mitochondrial Eve"" were formed in the same period, and ""age"" is close, ""Y chromosome Adam"" may be earlier.",1
AGIEval,Civil Service Examination,LogiQA-en,MC,Civil Service Examination-LogiQA-en-119,N.A.,"People who participate in Taekwondo exercise are generally healthier than those who do not participate in Taekwondo exercise.Therefore, Taekwondo exercise helps improve health.
Question: Which of the following, if true, is the most doubtful of the above conclusion?

Choices:
A. Every year, a small number of people are injured by accidents in Taekwondo.
B. Taekwondo can train people's reaction ability and enhance people's agility.
C. Only healthy people participate in Taekwondo.
D. Men love taekwondo more than women.
","People who participate in Taekwondo exercise are generally healthier than those who do not participate in Taekwondo exercise.Therefore, Taekwondo exercise helps improve health.
Question: Which of the following, if true, is the most doubtful of the above conclusion?

Choices:
A. Every year, a small number of people are injured by accidents in Taekwondo.
B. Taekwondo can train people's reaction ability and enhance people's agility.
C. Only healthy people participate in Taekwondo.
D. Men love taekwondo more than women.

Let's think step by step before providing your final answer. However, you must conclude your assessment with the statement: 'Thus, the correct answer is: X', where 'X' is simply the letter corresponding to the answer option you've determined to be correct.",C.Only healthy people participate in Taekwondo.,1
AGIEval,Civil Service Examination,LogiQA-en,MC,Civil Service Examination-LogiQA-en-134,N.A.,"In the 3000m finals of the World Athletics Championships, they always ran among the top three players A.B, and C.One was an American player, one was a German player, and the other was a Kenyan player.After the game, I learned? (1) A ’s performance is better than German ’s; (2) Kenyan ’s performance is worse than B ’s; and (3) C praises Kenyan ’s performance.
Question: Which of the following must be true?

Choices:
A. A.B, and C are Kenyan, German, and American.
B. The Kenyan player is the champion, the American player is the runner-up, and the German player is the third.
C. A.B and C are Kenyan players, American players and German players.
D. The American player is the champion, the German player is the runner-up, and the Kenyan player is the third.
","In the 3000m finals of the World Athletics Championships, they always ran among the top three players A.B, and C.One was an American player, one was a German player, and the other was a Kenyan player.After the game, I learned? (1) A ’s performance is better than German ’s; (2) Kenyan ’s performance is worse than B ’s; and (3) C praises Kenyan ’s performance.
Question: Which of the following must be true?

Choices:
A. A.B, and C are Kenyan, German, and American.
B. The Kenyan player is the champion, the American player is the runner-up, and the German player is the third.
C. A.B and C are Kenyan players, American players and German players.
D. The American player is the champion, the German player is the runner-up, and the Kenyan player is the third.

Let's think step by step before providing your final answer. However, you must conclude your assessment with the statement: 'Thus, the correct answer is: X', where 'X' is simply the letter corresponding to the answer option you've determined to be correct.","C.A.B and C are Kenyan players, American players and German players.",0
AGIEval,Civil Service Examination,LogiQA-en,MC,Civil Service Examination-LogiQA-en-228,N.A.,"The characteristic of capital is the pursuit of profit.In the first half of 2004, the price increase in China exceeded the interest rate of bank deposits.From January to July, residents 'income continued to increase, but the growth rate of residents' savings deposits continued to decline.Outflow deposits in July reached about 100 billion yuan, and the proportion of time deposits in all deposits continued to decline.
Question: Which of the following, if true, can best explain the flow of most of the 100 billion yuan savings funds?

Choices:
A. As the expected price continues to rise, many residents' funds can only survive, so that they can buy the goods they need at any time.
B. Due to the expected increase in bank interest rates, many residents' funds can only survive for a period of time.
C. As the state controls the scale of loans, the funds of the majority of private enterprises are tight, and private lending is active.The interest on lending has been much higher than the bank deposit interest rate.
D. Because bank deposit interest rates are too low, many residents consider whether to buy stocks or funds.
","The characteristic of capital is the pursuit of profit.In the first half of 2004, the price increase in China exceeded the interest rate of bank deposits.From January to July, residents 'income continued to increase, but the growth rate of residents' savings deposits continued to decline.Outflow deposits in July reached about 100 billion yuan, and the proportion of time deposits in all deposits continued to decline.
Question: Which of the following, if true, can best explain the flow of most of the 100 billion yuan savings funds?

Choices:
A. As the expected price continues to rise, many residents' funds can only survive, so that they can buy the goods they need at any time.
B. Due to the expected increase in bank interest rates, many residents' funds can only survive for a period of time.
C. As the state controls the scale of loans, the funds of the majority of private enterprises are tight, and private lending is active.The interest on lending has been much higher than the bank deposit interest rate.
D. Because bank deposit interest rates are too low, many residents consider whether to buy stocks or funds.

Let's think step by step before providing your final answer. However, you must conclude your assessment with the statement: 'Thus, the correct answer is: X', where 'X' is simply the letter corresponding to the answer option you've determined to be correct.","C.As the state controls the scale of loans, the funds of the majority of private enterprises are tight, and private lending is active.The interest on lending has been much higher than the bank deposit interest rate.",1
AGIEval,Civil Service Examination,LogiQA-en,MC,Civil Service Examination-LogiQA-en-433,N.A.,"Among the pilots who joined the state-owned airlines more than ten years ago, those who later transferred to private airlines now usually have an annual salary of more than one million, while those who remain in the state-owned airlines generally do not exceed 600,000 yuan.These data indicate that the salaries of pilots of state-owned airlines are too low.
Question: Which of the following statements is the assumption required for the above conclusion?

Choices:
A. The vast majority of pilots transferred to private airlines believe that the salaries of state-owned airlines are too low.
B. Those pilots transferred to private airlines generally have higher ranks and stronger working abilities.
C. If those pilots who still stay in state-run airlines also choose to go to private airlines, their annual salary will also exceed one million.
D. Private airline pilots and national airline pilots have roughly the same mileage each year.
","Among the pilots who joined the state-owned airlines more than ten years ago, those who later transferred to private airlines now usually have an annual salary of more than one million, while those who remain in the state-owned airlines generally do not exceed 600,000 yuan.These data indicate that the salaries of pilots of state-owned airlines are too low.
Question: Which of the following statements is the assumption required for the above conclusion?

Choices:
A. The vast majority of pilots transferred to private airlines believe that the salaries of state-owned airlines are too low.
B. Those pilots transferred to private airlines generally have higher ranks and stronger working abilities.
C. If those pilots who still stay in state-run airlines also choose to go to private airlines, their annual salary will also exceed one million.
D. Private airline pilots and national airline pilots have roughly the same mileage each year.

Let's think step by step before providing your final answer. However, you must conclude your assessment with the statement: 'Thus, the correct answer is: X', where 'X' is simply the letter corresponding to the answer option you've determined to be correct.","C.If those pilots who still stay in state-run airlines also choose to go to private airlines, their annual salary will also exceed one million.",1
AGIEval,Civil Service Examination,LogiQA-en,MC,Civil Service Examination-LogiQA-en-83,N.A.,"Ms.Zheng? Hengyuan ’s GDP (gross domestic product) growth rate over the past decade is higher than that of Yiyang, so Hengyuan ’s economic prospects are better than Yiyang.Mr.Hu? I disagree with you.Although the GDP growth rate of Hengyuan City is higher than that of the Yiyang market, the GDP of Yiyang City is larger.
Question: Which of the following most accurately summarizes the controversial focus of Ms.Zheng and Mr.Hu?

Choices:
A. Is the GDP of Yiyang City greater than that of Hengyuan City?
B. Is the GDP growth rate of Hengyuan City really higher than that of Angyang City?
C. A city's GDP has a large value, is the economic outlook necessarily good?
D. A city's GDP growth rate is high, is the economic outlook necessarily good?
","Ms.Zheng? Hengyuan ’s GDP (gross domestic product) growth rate over the past decade is higher than that of Yiyang, so Hengyuan ’s economic prospects are better than Yiyang.Mr.Hu? I disagree with you.Although the GDP growth rate of Hengyuan City is higher than that of the Yiyang market, the GDP of Yiyang City is larger.
Question: Which of the following most accurately summarizes the controversial focus of Ms.Zheng and Mr.Hu?

Choices:
A. Is the GDP of Yiyang City greater than that of Hengyuan City?
B. Is the GDP growth rate of Hengyuan City really higher than that of Angyang City?
C. A city's GDP has a large value, is the economic outlook necessarily good?
D. A city's GDP growth rate is high, is the economic outlook necessarily good?

Let's think step by step before providing your final answer. However, you must conclude your assessment with the statement: 'Thus, the correct answer is: X', where 'X' is simply the letter corresponding to the answer option you've determined to be correct.","D.A city's GDP growth rate is high, is the economic outlook necessarily good?",1
AGIEval,Civil Service Examination,LogiQA-en,MC,Civil Service Examination-LogiQA-en-482,N.A.,"Due to the aging population, the German government is facing a dilemma? if the pension system is not reformed, pensions will be unsustainable.Policies to solve this dilemma include increasing the proportion of pension contributions, reducing the level of pension payments, and increasing the retirement age.Among them, the resistance to raising the retirement age is the biggest.The government implementing this policy may lose a lot of votes in the next election.However, the German government completed the legal process in 2007, raising the retirement age from 65 to 67.
Question: If any of the following statements is true, can it best explain why the German government risked adopting this policy?

Choices:
A. In 2001, Germany established the upper limit of pension payment in legal form, and in 2004 established the lower limit of pension payment, the two policies have been used to the extreme
B. In order to reduce the pressure, the German government requires a transition period of 20 years from 2012 to achieve the retirement age from 65 to 67 years
C. After one year of retirement, the pension reduction can reach nearly 1% of GDP.
D. Now the average life expectancy of Germans has greatly increased, and pensioners have been receiving longer pensions
","Due to the aging population, the German government is facing a dilemma? if the pension system is not reformed, pensions will be unsustainable.Policies to solve this dilemma include increasing the proportion of pension contributions, reducing the level of pension payments, and increasing the retirement age.Among them, the resistance to raising the retirement age is the biggest.The government implementing this policy may lose a lot of votes in the next election.However, the German government completed the legal process in 2007, raising the retirement age from 65 to 67.
Question: If any of the following statements is true, can it best explain why the German government risked adopting this policy?

Choices:
A. In 2001, Germany established the upper limit of pension payment in legal form, and in 2004 established the lower limit of pension payment, the two policies have been used to the extreme
B. In order to reduce the pressure, the German government requires a transition period of 20 years from 2012 to achieve the retirement age from 65 to 67 years
C. After one year of retirement, the pension reduction can reach nearly 1% of GDP.
D. Now the average life expectancy of Germans has greatly increased, and pensioners have been receiving longer pensions

Let's think step by step before providing your final answer. However, you must conclude your assessment with the statement: 'Thus, the correct answer is: X', where 'X' is simply the letter corresponding to the answer option you've determined to be correct.","A.In 2001, Germany established the upper limit of pension payment in legal form, and in 2004 established the lower limit of pension payment, the two policies have been used to the extreme",0
AGIEval,Civil Service Examination,LogiQA-en,MC,Civil Service Examination-LogiQA-en-168,N.A.,"The hurricane that threatened the continental United States was triggered by the high pressure on the west coast of Africa.Whenever there is heavy rainfall in the area south of the Sahara Desert, the continental United States will be hit by a particularly frequent hurricane.Therefore, a large amount of rainfall must be the cause of the hurricane that increases the pressure of the airflow.
Question: Which of the following arguments contains defects most similar to those in the above argument?

Choices:
A. Cars drive faster on long streets than on short streets, so pedestrians on long streets are more dangerous than pedestrians on short streets.
B. Many people who later become entrepreneurs often participate in competitive sports when they are in college.Therefore, participation in competitive sports must promote the ability to make people entrepreneurs.
C. The petals of mulberry chrysanthemum will be closed at noon, so the petals of mulberry chrysanthemum will definitely open at night.
D. The events in Eastern Europe will affect the political situation in Central America, so the liberalization of Eastern Europe will lead to the liberalization of Central America.
","The hurricane that threatened the continental United States was triggered by the high pressure on the west coast of Africa.Whenever there is heavy rainfall in the area south of the Sahara Desert, the continental United States will be hit by a particularly frequent hurricane.Therefore, a large amount of rainfall must be the cause of the hurricane that increases the pressure of the airflow.
Question: Which of the following arguments contains defects most similar to those in the above argument?

Choices:
A. Cars drive faster on long streets than on short streets, so pedestrians on long streets are more dangerous than pedestrians on short streets.
B. Many people who later become entrepreneurs often participate in competitive sports when they are in college.Therefore, participation in competitive sports must promote the ability to make people entrepreneurs.
C. The petals of mulberry chrysanthemum will be closed at noon, so the petals of mulberry chrysanthemum will definitely open at night.
D. The events in Eastern Europe will affect the political situation in Central America, so the liberalization of Eastern Europe will lead to the liberalization of Central America.

Let's think step by step before providing your final answer. However, you must conclude your assessment with the statement: 'Thus, the correct answer is: X', where 'X' is simply the letter corresponding to the answer option you've determined to be correct.","B.Many people who later become entrepreneurs often participate in competitive sports when they are in college.Therefore, participation in competitive sports must promote the ability to make people entrepreneurs.",1
AGIEval,Civil Service Examination,LogiQA-en,MC,Civil Service Examination-LogiQA-en-523,N.A.,"Experts? The board of directors of a listed company is usually composed of large shareholders.Small shareholders cannot enter the board of directors because of their small equity, so the interests of small shareholders are easily violated by large shareholders.The establishment of an independent director system is to hope that independent directors can represent minority shareholders and form checks and balances against major shareholders.However, independent directors are hired and paid by the company's board of directors, which forms an economic “alliance” relationship between the independent directors and the company's board of directors, making it difficult for independent directors to exercise their power as independent shareholders.
Question: If the following statement is true, which one most strongly supports the above expert's conclusion?

Choices:
A. If independent directors challenge the company's board of directors to protect the interests of minority shareholders, the result is often dismissed by the company's board of directors.
B. Some independent directors dare to protect the interests of minority shareholders, despite the great pressure.
C. At present, the independent director system of Chinese listed companies is not yet perfect.
D. Many retired senior officials have served as independent directors of Chinese listed companies.
","Experts? The board of directors of a listed company is usually composed of large shareholders.Small shareholders cannot enter the board of directors because of their small equity, so the interests of small shareholders are easily violated by large shareholders.The establishment of an independent director system is to hope that independent directors can represent minority shareholders and form checks and balances against major shareholders.However, independent directors are hired and paid by the company's board of directors, which forms an economic “alliance” relationship between the independent directors and the company's board of directors, making it difficult for independent directors to exercise their power as independent shareholders.
Question: If the following statement is true, which one most strongly supports the above expert's conclusion?

Choices:
A. If independent directors challenge the company's board of directors to protect the interests of minority shareholders, the result is often dismissed by the company's board of directors.
B. Some independent directors dare to protect the interests of minority shareholders, despite the great pressure.
C. At present, the independent director system of Chinese listed companies is not yet perfect.
D. Many retired senior officials have served as independent directors of Chinese listed companies.

Let's think step by step before providing your final answer. However, you must conclude your assessment with the statement: 'Thus, the correct answer is: X', where 'X' is simply the letter corresponding to the answer option you've determined to be correct.","A.If independent directors challenge the company's board of directors to protect the interests of minority shareholders, the result is often dismissed by the company's board of directors.",1
AGIEval,Civil Service Examination,LogiQA-en,MC,Civil Service Examination-LogiQA-en-71,N.A.,"A blogger declared? ""My analysis of the future trend of housing prices has received more than 1,000 netizens' follow-up posts.I counted them, and 85% of the follow-up posts agree with my opinion.This shows Most people agree with me.""
Question: Which of the following can best question the blogger ’s conclusion?

Choices:
A. Although some people agree with his views, they do not agree with his analysis.
B. The blogger's other articles with higher approval ratings later proved to be wrong.
C. Some of the objections to the post are more fully justified.
D. Most people who follow this blogger's article are their loyal fans.
","A blogger declared? ""My analysis of the future trend of housing prices has received more than 1,000 netizens' follow-up posts.I counted them, and 85% of the follow-up posts agree with my opinion.This shows Most people agree with me.""
Question: Which of the following can best question the blogger ’s conclusion?

Choices:
A. Although some people agree with his views, they do not agree with his analysis.
B. The blogger's other articles with higher approval ratings later proved to be wrong.
C. Some of the objections to the post are more fully justified.
D. Most people who follow this blogger's article are their loyal fans.

Let's think step by step before providing your final answer. However, you must conclude your assessment with the statement: 'Thus, the correct answer is: X', where 'X' is simply the letter corresponding to the answer option you've determined to be correct.",D.Most people who follow this blogger's article are their loyal fans.,1
AGIEval,Civil Service Examination,LogiQA-en,MC,Civil Service Examination-LogiQA-en-221,N.A.,"Researchers have found that eating more than five servings of yam, corn, carrots, onions, or other similar vegetables every day can reduce the risk of pancreatic cancer.They surveyed 2,230 respondents, including 532 patients with pancreatic cancer, and then classified the agricultural products consumed by the cancer, and asked them about other lifestyle habits, such as overall diet and smoking, and compared it with 1701 other people.Compare living habits.It was found that people who ate at least five servings of vegetables per day were half as likely to develop pancreatic cancer as those who ate less than two servings of vegetables per day.
Question: Which of the following methods is most helpful to prove the reliability of the above research conclusion?

Choices:
A. Find out the proportion of pancreatic cancer patients in the meat-based group who rarely consumes the above vegetables.
B. Study the clinical manifestations and treatment methods of patients with pancreatic cancer.
C. Try to make the lives of pancreatic cancer patients as happy as possible to extend their lifespan.
D. Through laboratory research, find out which ingredients are contained in the above vegetables.
","Researchers have found that eating more than five servings of yam, corn, carrots, onions, or other similar vegetables every day can reduce the risk of pancreatic cancer.They surveyed 2,230 respondents, including 532 patients with pancreatic cancer, and then classified the agricultural products consumed by the cancer, and asked them about other lifestyle habits, such as overall diet and smoking, and compared it with 1701 other people.Compare living habits.It was found that people who ate at least five servings of vegetables per day were half as likely to develop pancreatic cancer as those who ate less than two servings of vegetables per day.
Question: Which of the following methods is most helpful to prove the reliability of the above research conclusion?

Choices:
A. Find out the proportion of pancreatic cancer patients in the meat-based group who rarely consumes the above vegetables.
B. Study the clinical manifestations and treatment methods of patients with pancreatic cancer.
C. Try to make the lives of pancreatic cancer patients as happy as possible to extend their lifespan.
D. Through laboratory research, find out which ingredients are contained in the above vegetables.

Let's think step by step before providing your final answer. However, you must conclude your assessment with the statement: 'Thus, the correct answer is: X', where 'X' is simply the letter corresponding to the answer option you've determined to be correct.",A.Find out the proportion of pancreatic cancer patients in the meat-based group who rarely consumes the above vegetables.,0
AGIEval,Civil Service Examination,LogiQA-en,MC,Civil Service Examination-LogiQA-en-239,N.A.,"Enterprise competition is based on efficiency, and efficiency is based on family.The various systems in our country are not intended to destroy family relationships, but to maximize family relationships.
Question: If the following statement is true, which one will weaken the above conclusion most seriously?

Choices:
A. Kinship can be built not only on the foundation of private morality, but also on the foundation of public morality.
B. The main function of the system is to dilute family relationships and prevent people from using them to do bad things.
C. Affection can bring efficiency to the enterprise, and once it is turned into hatred, it can also bring disaster to the enterprise.
D. Although the system can inspire affection, the system itself cannot tolerate any kind of affection.
","Enterprise competition is based on efficiency, and efficiency is based on family.The various systems in our country are not intended to destroy family relationships, but to maximize family relationships.
Question: If the following statement is true, which one will weaken the above conclusion most seriously?

Choices:
A. Kinship can be built not only on the foundation of private morality, but also on the foundation of public morality.
B. The main function of the system is to dilute family relationships and prevent people from using them to do bad things.
C. Affection can bring efficiency to the enterprise, and once it is turned into hatred, it can also bring disaster to the enterprise.
D. Although the system can inspire affection, the system itself cannot tolerate any kind of affection.

Let's think step by step before providing your final answer. However, you must conclude your assessment with the statement: 'Thus, the correct answer is: X', where 'X' is simply the letter corresponding to the answer option you've determined to be correct.",B.The main function of the system is to dilute family relationships and prevent people from using them to do bad things.,1
AGIEval,Civil Service Examination,LogiQA-en,MC,Civil Service Examination-LogiQA-en-133,N.A.,"In the past, we had a lot of unrealistic high-profile in moral propaganda, so that a lot of the population said one thing and made one behind the other, and split personality.Through thinking about this phenomenon, some scholars have proposed that we should only ask ordinary people to abide by the ""bottom line ethics"".
Question: Based on your understanding, which of the following options is most appropriate as the definition of ""bottom line ethics""?

Choices:
A. The bottom line ethics is not to steal or kill.
B. The bottom line ethics are some of the most basic and basic codes of conduct and rules that should be observed by ordinary people in a society.
C. The bottom line ethics is not an ethics that requires selfless dedication.
D. If one compares human morality to a building, the bottom line ethics is the fundamental part of that building.
","In the past, we had a lot of unrealistic high-profile in moral propaganda, so that a lot of the population said one thing and made one behind the other, and split personality.Through thinking about this phenomenon, some scholars have proposed that we should only ask ordinary people to abide by the ""bottom line ethics"".
Question: Based on your understanding, which of the following options is most appropriate as the definition of ""bottom line ethics""?

Choices:
A. The bottom line ethics is not to steal or kill.
B. The bottom line ethics are some of the most basic and basic codes of conduct and rules that should be observed by ordinary people in a society.
C. The bottom line ethics is not an ethics that requires selfless dedication.
D. If one compares human morality to a building, the bottom line ethics is the fundamental part of that building.

Let's think step by step before providing your final answer. However, you must conclude your assessment with the statement: 'Thus, the correct answer is: X', where 'X' is simply the letter corresponding to the answer option you've determined to be correct.",B.The bottom line ethics are some of the most basic and basic codes of conduct and rules that should be observed by ordinary people in a society.,1
AGIEval,Civil Service Examination,LogiQA-en,MC,Civil Service Examination-LogiQA-en-61,N.A.,"All undergraduates who enter the Beijing University for a master's degree without a test have already obtained the recommended qualifications of their schools
Question: Which of the following means exactly the same as the above assertion?

Choices:
A. Undergraduates who do not have the qualifications recommended by their school cannot be exempted from going to Peking University to study for a master's degree.
B. Undergraduates who go to Nanyang University to study for a master's degree without a test may not obtain the recommended qualifications of their schools.
C. Undergraduates who have obtained the qualifications recommended by their school may not necessarily be able to enter the university for a master's degree.
D. In addition to Peking University.Undergraduates can also go to other schools to study for a master's degree.
","All undergraduates who enter the Beijing University for a master's degree without a test have already obtained the recommended qualifications of their schools
Question: Which of the following means exactly the same as the above assertion?

Choices:
A. Undergraduates who do not have the qualifications recommended by their school cannot be exempted from going to Peking University to study for a master's degree.
B. Undergraduates who go to Nanyang University to study for a master's degree without a test may not obtain the recommended qualifications of their schools.
C. Undergraduates who have obtained the qualifications recommended by their school may not necessarily be able to enter the university for a master's degree.
D. In addition to Peking University.Undergraduates can also go to other schools to study for a master's degree.

Let's think step by step before providing your final answer. However, you must conclude your assessment with the statement: 'Thus, the correct answer is: X', where 'X' is simply the letter corresponding to the answer option you've determined to be correct.",A.Undergraduates who do not have the qualifications recommended by their school cannot be exempted from going to Peking University to study for a master's degree.,1
AGIEval,Civil Service Examination,LogiQA-en,MC,Civil Service Examination-LogiQA-en-537,N.A.,"Since 1987, the birth rate of the Chinese population has gradually decreased.The labor shortage marked by the “migrant worker shortage” first appeared in 2004, and the absolute number of labor will gradually decrease after peaking around 2013.In the future, in order to ensure employment, enterprises must increase workers' wages and benefits, thereby increasing the proportion of labor costs in total production costs.
Question: If the following statement is true, which one can pose the strongest challenge to the above conclusion?

Choices:
A. The process of ""aging"" in Chinese society is accelerating, and relevant departments have proposed delaying retirement to solve the problem of pension shortage.
B. Some domestic labor-intensive enterprises began to increase the number of robots on the production line.
C. The relevant departments are studying whether appropriate adjustments should be made to the family planning policy.
D. Enterprises will try their best to reduce production costs in order to maintain profits.
","Since 1987, the birth rate of the Chinese population has gradually decreased.The labor shortage marked by the “migrant worker shortage” first appeared in 2004, and the absolute number of labor will gradually decrease after peaking around 2013.In the future, in order to ensure employment, enterprises must increase workers' wages and benefits, thereby increasing the proportion of labor costs in total production costs.
Question: If the following statement is true, which one can pose the strongest challenge to the above conclusion?

Choices:
A. The process of ""aging"" in Chinese society is accelerating, and relevant departments have proposed delaying retirement to solve the problem of pension shortage.
B. Some domestic labor-intensive enterprises began to increase the number of robots on the production line.
C. The relevant departments are studying whether appropriate adjustments should be made to the family planning policy.
D. Enterprises will try their best to reduce production costs in order to maintain profits.

Let's think step by step before providing your final answer. However, you must conclude your assessment with the statement: 'Thus, the correct answer is: X', where 'X' is simply the letter corresponding to the answer option you've determined to be correct.",B.Some domestic labor-intensive enterprises began to increase the number of robots on the production line.,1
AGIEval,Civil Service Examination,LogiQA-en,MC,Civil Service Examination-LogiQA-en-209,N.A.,"An editor is considering the issue of choosing the manuscript for the theoretical version of the newspaper.Six papers from E, F, G, J and K are available.Taking into account the content of the article, the layout of the newspaper and other factors.(1) If paper E is used, then paper F cannot be used but paper K must be used; (2) Paper G or paper H can only be used without paper J.(3) If you don't need thesis G, you don't need thesis K.(4) Essay E is a manuscript requested by a celebrity and cannot be used.
Question: If the above items are true, which of the following items must be true?

Choices:
A. Paper E is used, but paper H is not used.
B. Both articles G and H are used.
C. No paper J, but paper K.
D. Both G and J articles are unnecessary.
","An editor is considering the issue of choosing the manuscript for the theoretical version of the newspaper.Six papers from E, F, G, J and K are available.Taking into account the content of the article, the layout of the newspaper and other factors.(1) If paper E is used, then paper F cannot be used but paper K must be used; (2) Paper G or paper H can only be used without paper J.(3) If you don't need thesis G, you don't need thesis K.(4) Essay E is a manuscript requested by a celebrity and cannot be used.
Question: If the above items are true, which of the following items must be true?

Choices:
A. Paper E is used, but paper H is not used.
B. Both articles G and H are used.
C. No paper J, but paper K.
D. Both G and J articles are unnecessary.

Let's think step by step before providing your final answer. However, you must conclude your assessment with the statement: 'Thus, the correct answer is: X', where 'X' is simply the letter corresponding to the answer option you've determined to be correct.","C.No paper J, but paper K.",0
AGIEval,Civil Service Examination,LogiQA-en,MC,Civil Service Examination-LogiQA-en-336,N.A.,"In a car accident, airbags can greatly reduce the risk of serious injuries.However, statistics show that cars without airbags are less likely to be involved in accidents than those with airbags.Therefore, ‘cars with airbags are no safer than cars without airbags.
Question: Which of the following statements best describes the flaws of the above argument?

Choices:
A. Denies this possibility? cars without airbags will have other safety measures to reduce the risk of serious injury.
B. The argument is only hypothesis without confirmation? cars with airbags may be involved in accidents in the future.
C. The argument is only a hypothesis and no confirmation? the occurrence of the accident is at least as important as the serious injury caused by the accident in assessing safety issues.
D. Ignore this possibility? in some accidents, it includes both cars with airbags and cars without airbags.
","In a car accident, airbags can greatly reduce the risk of serious injuries.However, statistics show that cars without airbags are less likely to be involved in accidents than those with airbags.Therefore, ‘cars with airbags are no safer than cars without airbags.
Question: Which of the following statements best describes the flaws of the above argument?

Choices:
A. Denies this possibility? cars without airbags will have other safety measures to reduce the risk of serious injury.
B. The argument is only hypothesis without confirmation? cars with airbags may be involved in accidents in the future.
C. The argument is only a hypothesis and no confirmation? the occurrence of the accident is at least as important as the serious injury caused by the accident in assessing safety issues.
D. Ignore this possibility? in some accidents, it includes both cars with airbags and cars without airbags.

Let's think step by step before providing your final answer. However, you must conclude your assessment with the statement: 'Thus, the correct answer is: X', where 'X' is simply the letter corresponding to the answer option you've determined to be correct.",C.The argument is only a hypothesis and no confirmation? the occurrence of the accident is at least as important as the serious injury caused by the accident in assessing safety issues.,1
AGIEval,Civil Service Examination,LogiQA-en,MC,Civil Service Examination-LogiQA-en-555,N.A.,"The modern French thinker Pascal argued this way? either there is a Christian God, or not.Assuming you believe in the existence of God and live in a Christian way, then if God does exist, you will receive endless well-being? if God does not exist, you will lose very little.However, suppose you do not believe in the existence of God and do not live in a Christian way.If God does not exist, you will not lose anything? if God does exist, you will be endlessly punished.So, don't hesitate anymore, choose to believe in the existence of God and live in a Christian way.
Question: Which of the following best illustrates the logical loophole of this argument?

Choices:
A. The argument incorrectly presupposes that a person can choose whether to believe or not to believe in God at will.
B. Pascal changed the faith and turned it into a question about self-interest calculation.
C. If God does not exist, we choose to believe in God, which will lead us to misunderstand the world and spend our lives in a confusing way.
D. There are many religions in this world, and each religion has a god with unlimited power (God).They will impose unlimited punishment on those who do not believe in themselves.
","The modern French thinker Pascal argued this way? either there is a Christian God, or not.Assuming you believe in the existence of God and live in a Christian way, then if God does exist, you will receive endless well-being? if God does not exist, you will lose very little.However, suppose you do not believe in the existence of God and do not live in a Christian way.If God does not exist, you will not lose anything? if God does exist, you will be endlessly punished.So, don't hesitate anymore, choose to believe in the existence of God and live in a Christian way.
Question: Which of the following best illustrates the logical loophole of this argument?

Choices:
A. The argument incorrectly presupposes that a person can choose whether to believe or not to believe in God at will.
B. Pascal changed the faith and turned it into a question about self-interest calculation.
C. If God does not exist, we choose to believe in God, which will lead us to misunderstand the world and spend our lives in a confusing way.
D. There are many religions in this world, and each religion has a god with unlimited power (God).They will impose unlimited punishment on those who do not believe in themselves.

Let's think step by step before providing your final answer. However, you must conclude your assessment with the statement: 'Thus, the correct answer is: X', where 'X' is simply the letter corresponding to the answer option you've determined to be correct.","D.There are many religions in this world, and each religion has a god with unlimited power (God).They will impose unlimited punishment on those who do not believe in themselves.",1
AGIEval,Civil Service Examination,LogiQA-en,MC,Civil Service Examination-LogiQA-en-621,N.A.,"The case of Xu Yunhe in Tianjin? Xu Yunhe encountered the old lady over the fence of the center of the road while driving, and the old lady fell down and was injured.Xu picked her up.The old lady insisted that Xu bruised her.After judicial appraisal, Xu's car did not touch her.The court held in the first instance that Xu was only four or five meters away from Wang when she saw the old lady.She fell due to the scare of Xu's car.Xu was sentenced to 40% of the liability and compensated Mrs.Wang for RMB 108606.
Question: Which of the following statements best pointed out the deficiencies in the first instance of the case?

Choices:
A. The judge's reasoning is contrary to common sense? Mrs.Wang was crossing the road guardrail in violation of the regulations.She should be expected to have a car on the motorway, and being frightened usually sees something unexpected.
B. The verdict violated traditional morals? like the Nanjing Peng Yu case, it would prevent the public from dare to extend a helping hand to the injured.
C. The verdict did not clarify the facts and the evidence was seriously insufficient.It is possible that Mrs.Wang fell first and Xu Cai drove over.
D. The judgment reversed the cause and the result.
","The case of Xu Yunhe in Tianjin? Xu Yunhe encountered the old lady over the fence of the center of the road while driving, and the old lady fell down and was injured.Xu picked her up.The old lady insisted that Xu bruised her.After judicial appraisal, Xu's car did not touch her.The court held in the first instance that Xu was only four or five meters away from Wang when she saw the old lady.She fell due to the scare of Xu's car.Xu was sentenced to 40% of the liability and compensated Mrs.Wang for RMB 108606.
Question: Which of the following statements best pointed out the deficiencies in the first instance of the case?

Choices:
A. The judge's reasoning is contrary to common sense? Mrs.Wang was crossing the road guardrail in violation of the regulations.She should be expected to have a car on the motorway, and being frightened usually sees something unexpected.
B. The verdict violated traditional morals? like the Nanjing Peng Yu case, it would prevent the public from dare to extend a helping hand to the injured.
C. The verdict did not clarify the facts and the evidence was seriously insufficient.It is possible that Mrs.Wang fell first and Xu Cai drove over.
D. The judgment reversed the cause and the result.

Let's think step by step before providing your final answer. However, you must conclude your assessment with the statement: 'Thus, the correct answer is: X', where 'X' is simply the letter corresponding to the answer option you've determined to be correct.","A.The judge's reasoning is contrary to common sense? Mrs.Wang was crossing the road guardrail in violation of the regulations.She should be expected to have a car on the motorway, and being frightened usually sees something unexpected.",0
AGIEval,Civil Service Examination,LogiQA-en,MC,Civil Service Examination-LogiQA-en-136,N.A.,"The United States adopted such a policy after the ""9.11"" terrorist attack? ""Either stand with us to fight terrorism, then you are our friend; or do not stand with us, then you are us Enemy.""
Question: Which of the following is different from the expression in the stem?

Choices:
A. There is a car advertisement? ""Or if you drive Cadillac, then you are rich; or if you don't drive at all, then you are poor!""
B. People who take football as a profession have only two destinies? either win, then you are a hero, face flowers, cheers, money, beauty; or lose, then you are a scumbag, a fool, face reproach, anger, verbal abuse, and beat your teeth Swallow it.
C. If a professor has enough ability, he can even train stupid students; therefore, if he cannot train stupid students, it means that his ability is not enough.
D. Either you are a morally noble person, then you will selflessly contribute everything to yourself; or if you are a mean person, then you will do whatever you want for personal gain.
","The United States adopted such a policy after the ""9.11"" terrorist attack? ""Either stand with us to fight terrorism, then you are our friend; or do not stand with us, then you are us Enemy.""
Question: Which of the following is different from the expression in the stem?

Choices:
A. There is a car advertisement? ""Or if you drive Cadillac, then you are rich; or if you don't drive at all, then you are poor!""
B. People who take football as a profession have only two destinies? either win, then you are a hero, face flowers, cheers, money, beauty; or lose, then you are a scumbag, a fool, face reproach, anger, verbal abuse, and beat your teeth Swallow it.
C. If a professor has enough ability, he can even train stupid students; therefore, if he cannot train stupid students, it means that his ability is not enough.
D. Either you are a morally noble person, then you will selflessly contribute everything to yourself; or if you are a mean person, then you will do whatever you want for personal gain.

Let's think step by step before providing your final answer. However, you must conclude your assessment with the statement: 'Thus, the correct answer is: X', where 'X' is simply the letter corresponding to the answer option you've determined to be correct.","C.If a professor has enough ability, he can even train stupid students; therefore, if he cannot train stupid students, it means that his ability is not enough.",1
AGIEval,Civil Service Examination,LogiQA-en,MC,Civil Service Examination-LogiQA-en-573,N.A.,"The corpus callosum is a bundle of nerve fibers that connects the two hemispheres of the brain.On average, the corpus callosum of musicians is larger than that of non-musicians.Compared with adult non-musicians, adult musicians who started training at about 7 years old, the difference in corpus callosum in volume is particularly obvious.Therefore, music training, especially music training from an early age, can cause some changes in brain structure.
Question: Which of the following is the assumption that the above argument relies on?

Choices:
A. Before the musicians start training, their corpus callosum is not larger than that of non-musicians of the same age.
B. Music training conducted late in life will not cause structural changes in the brain.
C. For any two musicians who started training from about 7 years old, their corpus callosum has almost the same volume.
D. Adult non-musicians did not participate in any activities that can promote the development of the corpus callosum in their childhood.
","The corpus callosum is a bundle of nerve fibers that connects the two hemispheres of the brain.On average, the corpus callosum of musicians is larger than that of non-musicians.Compared with adult non-musicians, adult musicians who started training at about 7 years old, the difference in corpus callosum in volume is particularly obvious.Therefore, music training, especially music training from an early age, can cause some changes in brain structure.
Question: Which of the following is the assumption that the above argument relies on?

Choices:
A. Before the musicians start training, their corpus callosum is not larger than that of non-musicians of the same age.
B. Music training conducted late in life will not cause structural changes in the brain.
C. For any two musicians who started training from about 7 years old, their corpus callosum has almost the same volume.
D. Adult non-musicians did not participate in any activities that can promote the development of the corpus callosum in their childhood.

Let's think step by step before providing your final answer. However, you must conclude your assessment with the statement: 'Thus, the correct answer is: X', where 'X' is simply the letter corresponding to the answer option you've determined to be correct.","A.Before the musicians start training, their corpus callosum is not larger than that of non-musicians of the same age.",1
AGIEval,Civil Service Examination,LogiQA-en,MC,Civil Service Examination-LogiQA-en-232,N.A.,"I can relate some external symbols to some inner events, for example, to associate moaning and face distortion with the feeling of pain.I learned from the pain experience that when I feel pain, I often moan and twist my face.Therefore, once I see that others have the same external signs, I take it for granted that they also have the same inner activity events as me.After all, between me and others, the behavior and normal physiological functions are obviously similar.Why aren't they similar in inner activities?
Question: Which of the following can most strongly support the above argument?

Choices:
A. Similar results must have similar reasons.
B. There may be a close connection between pain and moaning and face twisting.
C. There may be an intrinsic relationship between behavior and inner activities.
D. People are similar in many ways.
","I can relate some external symbols to some inner events, for example, to associate moaning and face distortion with the feeling of pain.I learned from the pain experience that when I feel pain, I often moan and twist my face.Therefore, once I see that others have the same external signs, I take it for granted that they also have the same inner activity events as me.After all, between me and others, the behavior and normal physiological functions are obviously similar.Why aren't they similar in inner activities?
Question: Which of the following can most strongly support the above argument?

Choices:
A. Similar results must have similar reasons.
B. There may be a close connection between pain and moaning and face twisting.
C. There may be an intrinsic relationship between behavior and inner activities.
D. People are similar in many ways.

Let's think step by step before providing your final answer. However, you must conclude your assessment with the statement: 'Thus, the correct answer is: X', where 'X' is simply the letter corresponding to the answer option you've determined to be correct.",A.Similar results must have similar reasons.,1
AGIEval,Civil Service Examination,LogiQA-en,MC,Civil Service Examination-LogiQA-en-452,N.A.,"There are 6 singers? F, G, L, K, H, M.3 piano accompaniment? X, Y, W.Each piano accompanimentist happened to accompany two of the singers.Known condition information is as follows? (1) If X is F accompaniment, then W is L accompaniment.(2) If X is not a G accompaniment, then Y is an M accompaniment.(3) X or Y is H accompaniment.(4) F and G do not share accompaniment; L and K do not share accompaniment; H and M do not share accompaniment.
Question: It is impossible for Y to accompany the following pair of singers?

Choices:
A. G and H
B. L and H
C. F and L
D. F and M
","There are 6 singers? F, G, L, K, H, M.3 piano accompaniment? X, Y, W.Each piano accompanimentist happened to accompany two of the singers.Known condition information is as follows? (1) If X is F accompaniment, then W is L accompaniment.(2) If X is not a G accompaniment, then Y is an M accompaniment.(3) X or Y is H accompaniment.(4) F and G do not share accompaniment; L and K do not share accompaniment; H and M do not share accompaniment.
Question: It is impossible for Y to accompany the following pair of singers?

Choices:
A. G and H
B. L and H
C. F and L
D. F and M

Let's think step by step before providing your final answer. However, you must conclude your assessment with the statement: 'Thus, the correct answer is: X', where 'X' is simply the letter corresponding to the answer option you've determined to be correct.",A.G and H,1
AGIEval,Civil Service Examination,LogiQA-en,MC,Civil Service Examination-LogiQA-en-300,N.A.,"There are 7 candidates hired by Haier? F, G, H, I, W, X and Y.One of them needs to be assigned to the public relations department, three to the production department, and three to the sales department.The personnel allocation of these 7 employees must meet the following conditions? (1) H and Y must be allocated in the same department.(2) F and G cannot be allocated in the same department (3) If X is allocated in the sales department, W is allocated in the production department.(4) F must be allocated in the production department.
Question: If which of the following statements is true, can the distribution of 7 employees be completely determined?

Choices:
A. F and W are assigned to the production department.
B. G and Y are assigned to the sales department.
C. I and W are assigned to the sales department.
D. I and W are assigned to the production department.
","There are 7 candidates hired by Haier? F, G, H, I, W, X and Y.One of them needs to be assigned to the public relations department, three to the production department, and three to the sales department.The personnel allocation of these 7 employees must meet the following conditions? (1) H and Y must be allocated in the same department.(2) F and G cannot be allocated in the same department (3) If X is allocated in the sales department, W is allocated in the production department.(4) F must be allocated in the production department.
Question: If which of the following statements is true, can the distribution of 7 employees be completely determined?

Choices:
A. F and W are assigned to the production department.
B. G and Y are assigned to the sales department.
C. I and W are assigned to the sales department.
D. I and W are assigned to the production department.

Let's think step by step before providing your final answer. However, you must conclude your assessment with the statement: 'Thus, the correct answer is: X', where 'X' is simply the letter corresponding to the answer option you've determined to be correct.",C.I and W are assigned to the sales department.,0
AGIEval,Civil Service Examination,LogiQA-en,MC,Civil Service Examination-LogiQA-en-527,N.A.,"During the Second World War, the US and British Air Forces carried out a large bombing of Germany, and they also suffered heavy losses.Experts found that all returned planes were covered with bullet marks on the belly, but the wings were intact.They inferred from this that the belly of the aircraft was very vulnerable to artillery fire, and that the belly protection should be improved.It was later confirmed that these experts were affected by the ""survivor deviation"" when inferred, because the actual situation is that all the aircraft that were hit on the wing fell, and most of the aircraft that were only hit on the belly of the aircraft returned.
Question: The following statements all have similar ""survivor bias"" except

Choices:
A. Beauty and handsome guys have a great advantage in the competition in the workplace.They are easy to get high-paying positions.
B. It is easy to succeed when you drop out and start a business during college, for example, Bill Gates.
C. Smoking may be beneficial to health and longevity.For example, Deng Xiaoping and Huang Yongyu are both old smokers, but they all live long.
D. In a random sampling survey with a sufficiently large sample, it was found that in China, the most popular TV program is ""news broadcasting"".
","During the Second World War, the US and British Air Forces carried out a large bombing of Germany, and they also suffered heavy losses.Experts found that all returned planes were covered with bullet marks on the belly, but the wings were intact.They inferred from this that the belly of the aircraft was very vulnerable to artillery fire, and that the belly protection should be improved.It was later confirmed that these experts were affected by the ""survivor deviation"" when inferred, because the actual situation is that all the aircraft that were hit on the wing fell, and most of the aircraft that were only hit on the belly of the aircraft returned.
Question: The following statements all have similar ""survivor bias"" except

Choices:
A. Beauty and handsome guys have a great advantage in the competition in the workplace.They are easy to get high-paying positions.
B. It is easy to succeed when you drop out and start a business during college, for example, Bill Gates.
C. Smoking may be beneficial to health and longevity.For example, Deng Xiaoping and Huang Yongyu are both old smokers, but they all live long.
D. In a random sampling survey with a sufficiently large sample, it was found that in China, the most popular TV program is ""news broadcasting"".

Let's think step by step before providing your final answer. However, you must conclude your assessment with the statement: 'Thus, the correct answer is: X', where 'X' is simply the letter corresponding to the answer option you've determined to be correct.","D.In a random sampling survey with a sufficiently large sample, it was found that in China, the most popular TV program is ""news broadcasting"".",1
AGIEval,Civil Service Examination,LogiQA-en,MC,Civil Service Examination-LogiQA-en-335,N.A.,"In recent years, the number of private cars has skyrocketed.In order to solve the increasingly serious traffic congestion, City B decided to significantly reduce the ticket price of urban ground bus lines.It is expected that 96% of passengers will reduce their expenses after the price reduction plan is implemented, which can attract passengers to take the bus first, thereby alleviating the traffic congestion in City B.
Question: Which of the following statements, if true, can weaken the above conclusion most effectively?

Choices:
A. Some elderly, sick, disabled and pregnant passengers still travel by taxi.
B. The buses of all units in City B account for one-fifth of the total number of motor vehicles in this city, which is one of the important factors causing traffic jams in this city.
C. After the bus line fare is greatly reduced, the bus will be more crowded, thereby reducing the comfort of riding.
D. Cheap fares are not attractive to private car owners who focus on the environment and ""enjoy life"".
","In recent years, the number of private cars has skyrocketed.In order to solve the increasingly serious traffic congestion, City B decided to significantly reduce the ticket price of urban ground bus lines.It is expected that 96% of passengers will reduce their expenses after the price reduction plan is implemented, which can attract passengers to take the bus first, thereby alleviating the traffic congestion in City B.
Question: Which of the following statements, if true, can weaken the above conclusion most effectively?

Choices:
A. Some elderly, sick, disabled and pregnant passengers still travel by taxi.
B. The buses of all units in City B account for one-fifth of the total number of motor vehicles in this city, which is one of the important factors causing traffic jams in this city.
C. After the bus line fare is greatly reduced, the bus will be more crowded, thereby reducing the comfort of riding.
D. Cheap fares are not attractive to private car owners who focus on the environment and ""enjoy life"".

Let's think step by step before providing your final answer. However, you must conclude your assessment with the statement: 'Thus, the correct answer is: X', where 'X' is simply the letter corresponding to the answer option you've determined to be correct.","B.The buses of all units in City B account for one-fifth of the total number of motor vehicles in this city, which is one of the important factors causing traffic jams in this city.",1
AGIEval,Civil Service Examination,LogiQA-en,MC,Civil Service Examination-LogiQA-en-30,N.A.,"A certain class intends to select two of three girls from Fang Rufen, Guo Yanran, He Zhilian, and three from five boys, including Peng Youwen, Qiu Zhijie, Ren Xiangyang, Song Wenkai, and Tang Xiaohua, to form a five-person support group for university students to volunteer teaching in the mountains.Requirements? (1) Guo Yanran and Tang Xiaohua are not selected at the same time; (2) Peng Youwen and Song Kaiwen are not selected at the same time; (3) Qiu Zhijie and Tang Xiaohua are not selected at the same time.
Question: If Tang Xiaohua is selected, which two of the following must be selected?

Choices:
A. Fang Rufen and Guo Yanran
B. Guo Yanran and He Zhilian
C. Peng Youwen and He Zhilian
D. Fang Rufen and He Zhilian
","A certain class intends to select two of three girls from Fang Rufen, Guo Yanran, He Zhilian, and three from five boys, including Peng Youwen, Qiu Zhijie, Ren Xiangyang, Song Wenkai, and Tang Xiaohua, to form a five-person support group for university students to volunteer teaching in the mountains.Requirements? (1) Guo Yanran and Tang Xiaohua are not selected at the same time; (2) Peng Youwen and Song Kaiwen are not selected at the same time; (3) Qiu Zhijie and Tang Xiaohua are not selected at the same time.
Question: If Tang Xiaohua is selected, which two of the following must be selected?

Choices:
A. Fang Rufen and Guo Yanran
B. Guo Yanran and He Zhilian
C. Peng Youwen and He Zhilian
D. Fang Rufen and He Zhilian

Let's think step by step before providing your final answer. However, you must conclude your assessment with the statement: 'Thus, the correct answer is: X', where 'X' is simply the letter corresponding to the answer option you've determined to be correct.",D.Fang Rufen and He Zhilian,1
AGIEval,Civil Service Examination,LogiQA-en,MC,Civil Service Examination-LogiQA-en-305,N.A.,"The City Women's Federation conducted a questionnaire survey on 8,100 children aged 9 to 12 in the city.Statistics show that 75% of children are “willing to write homework”, and only 12% think that “writing homework occupies a lot of playing time”.Regarding these ""good kids"" answers, one parent's opinion is? either the children did not tell the truth, or their playful nature has been distorted.
Question: Which of the following statements is the hypothesis on which this parent ’s inference relies?

Choices:
A. If the children can tell the truth, not so many children will express ""willing to write homework"", and very few children think that ""writing homework squeezes out the time of playing.""
B. Under the education of school and family, the children have recognized the psychological orientation of ""good students, good children"", and they are not used to revealing their true ideas.
C. Excessive learning pressure makes the children immersed in study all day, gradually getting used to the lack of entertainment life, thus losing the nature of playing.
D. Compared with writing homework, children who love to play by nature prefer to play, and writing homework will definitely reduce their playing time.
","The City Women's Federation conducted a questionnaire survey on 8,100 children aged 9 to 12 in the city.Statistics show that 75% of children are “willing to write homework”, and only 12% think that “writing homework occupies a lot of playing time”.Regarding these ""good kids"" answers, one parent's opinion is? either the children did not tell the truth, or their playful nature has been distorted.
Question: Which of the following statements is the hypothesis on which this parent ’s inference relies?

Choices:
A. If the children can tell the truth, not so many children will express ""willing to write homework"", and very few children think that ""writing homework squeezes out the time of playing.""
B. Under the education of school and family, the children have recognized the psychological orientation of ""good students, good children"", and they are not used to revealing their true ideas.
C. Excessive learning pressure makes the children immersed in study all day, gradually getting used to the lack of entertainment life, thus losing the nature of playing.
D. Compared with writing homework, children who love to play by nature prefer to play, and writing homework will definitely reduce their playing time.

Let's think step by step before providing your final answer. However, you must conclude your assessment with the statement: 'Thus, the correct answer is: X', where 'X' is simply the letter corresponding to the answer option you've determined to be correct.","D.Compared with writing homework, children who love to play by nature prefer to play, and writing homework will definitely reduce their playing time.",0
AGIEval,Civil Service Examination,LogiQA-en,MC,Civil Service Examination-LogiQA-en-306,N.A.,"It is no longer new for college students to take vacation as a nanny.A survey showed that 63% of the respondents favored college students as nanny, but when asked if they would ask college students to be nanny, nearly 60% said ""no"".
Question: Which of the following statements, if true, can reasonably explain the seemingly contradictory phenomenon?

Choices:
A. Among those who choose to ""will invite college students to be nanny"", 75% intend to let college students work as tutors or secretaries, and only 25% want college students to do housework.
B. 62% of the people in the survey indicated that they were only willing to pay a monthly salary of 800 yuan to 1,000 yuan for the college nanny.
C. Among those who favor college students as nanny, 69% think that doing housekeeping work is good for college students themselves, and only 31% think that college students nanny can provide better housekeeping services.
D. Among those who do not approve of college students being nanny, 40% believe that students should choose a field related to their major in practice.
","It is no longer new for college students to take vacation as a nanny.A survey showed that 63% of the respondents favored college students as nanny, but when asked if they would ask college students to be nanny, nearly 60% said ""no"".
Question: Which of the following statements, if true, can reasonably explain the seemingly contradictory phenomenon?

Choices:
A. Among those who choose to ""will invite college students to be nanny"", 75% intend to let college students work as tutors or secretaries, and only 25% want college students to do housework.
B. 62% of the people in the survey indicated that they were only willing to pay a monthly salary of 800 yuan to 1,000 yuan for the college nanny.
C. Among those who favor college students as nanny, 69% think that doing housekeeping work is good for college students themselves, and only 31% think that college students nanny can provide better housekeeping services.
D. Among those who do not approve of college students being nanny, 40% believe that students should choose a field related to their major in practice.

Let's think step by step before providing your final answer. However, you must conclude your assessment with the statement: 'Thus, the correct answer is: X', where 'X' is simply the letter corresponding to the answer option you've determined to be correct.","C.Among those who favor college students as nanny, 69% think that doing housekeeping work is good for college students themselves, and only 31% think that college students nanny can provide better housekeeping services.",1
AGIEval,Civil Service Examination,LogiQA-en,MC,Civil Service Examination-LogiQA-en-293,N.A.,"This summer, the extremely high temperature and drought hit Chongqing and Sichuan, including the middle and upper reaches of the Yangtze River, nearly one million square kilometers.Some people said on the Internet that the construction of the Three Gorges Reservoir caused the high temperature and drought in this area, and it is difficult to reverse.
Question: If the following items are true, you can question the above points, except?

Choices:
A. The hot and dry weather encountered in Chongqing and Sichuan this year is the worst in 50 years in terms of the scope and duration of the impact.
B. Simulation studies have shown that the water range of the Three Gorges Reservoir area has an impact on climate of about 20 kilometers.
C. This year, the relatively high water temperature in the western Pacific has caused the subtropical high pressure to be more northerly and more westward than in previous years.At the same time, the cold air in the north is weaker, resulting in reduced precipitation in Chongqing and Sichuan.
D. From winter to spring, the snowfall on the Qinghai-Tibet Plateau is 20% less than normal, resulting in a significant plateau thermal effect and reduced water vapor output.
","This summer, the extremely high temperature and drought hit Chongqing and Sichuan, including the middle and upper reaches of the Yangtze River, nearly one million square kilometers.Some people said on the Internet that the construction of the Three Gorges Reservoir caused the high temperature and drought in this area, and it is difficult to reverse.
Question: If the following items are true, you can question the above points, except?

Choices:
A. The hot and dry weather encountered in Chongqing and Sichuan this year is the worst in 50 years in terms of the scope and duration of the impact.
B. Simulation studies have shown that the water range of the Three Gorges Reservoir area has an impact on climate of about 20 kilometers.
C. This year, the relatively high water temperature in the western Pacific has caused the subtropical high pressure to be more northerly and more westward than in previous years.At the same time, the cold air in the north is weaker, resulting in reduced precipitation in Chongqing and Sichuan.
D. From winter to spring, the snowfall on the Qinghai-Tibet Plateau is 20% less than normal, resulting in a significant plateau thermal effect and reduced water vapor output.

Let's think step by step before providing your final answer. However, you must conclude your assessment with the statement: 'Thus, the correct answer is: X', where 'X' is simply the letter corresponding to the answer option you've determined to be correct.",A.The hot and dry weather encountered in Chongqing and Sichuan this year is the worst in 50 years in terms of the scope and duration of the impact.,1
AGIEval,Civil Service Examination,LogiQA-en,MC,Civil Service Examination-LogiQA-en-382,N.A.,"At this Games, all the track and field athletes who participated in the 4 × 100m competition participated in the 100m competition.
Question: Coupled with which of the following statements, it can be logically introduced that ""some track and field athletes participating in the 200-meter competition did not participate in the 4 × 100-meter competition""?

Choices:
A. Some track and field athletes participating in the 200-meter competition also participated in the 100-meter competition.
B. Some track and field athletes who participated in the 4 × 100m race did not participate in the 200 no race.
C. Some track and field athletes who did not participate in the 100-meter competition participated in the 200-meter competition.
D. Some track and field athletes who did not participate in the 200-meter competition did not participate in the 100-meter competition.
","At this Games, all the track and field athletes who participated in the 4 × 100m competition participated in the 100m competition.
Question: Coupled with which of the following statements, it can be logically introduced that ""some track and field athletes participating in the 200-meter competition did not participate in the 4 × 100-meter competition""?

Choices:
A. Some track and field athletes participating in the 200-meter competition also participated in the 100-meter competition.
B. Some track and field athletes who participated in the 4 × 100m race did not participate in the 200 no race.
C. Some track and field athletes who did not participate in the 100-meter competition participated in the 200-meter competition.
D. Some track and field athletes who did not participate in the 200-meter competition did not participate in the 100-meter competition.

Let's think step by step before providing your final answer. However, you must conclude your assessment with the statement: 'Thus, the correct answer is: X', where 'X' is simply the letter corresponding to the answer option you've determined to be correct.",C.Some track and field athletes who did not participate in the 100-meter competition participated in the 200-meter competition.,1
AGIEval,Civil Service Examination,LogiQA-en,MC,Civil Service Examination-LogiQA-en-583,N.A.,"Cyclamen is a famous ornamental flower, which is difficult to grow in hot climate.It is difficult to grow rice in arid areas.In most parts of a country, either cyclamen is easy to grow, or it is easy to grow rice.
Question: If the above statement is true, which of the following statements must be false?

Choices:
A. Half of the country is dry and hot.
B. The climate in most parts of the country is cold.
C. Certain parts of the country are neither hot nor arid.
D. It is impossible to grow cyclamen in this country.
","Cyclamen is a famous ornamental flower, which is difficult to grow in hot climate.It is difficult to grow rice in arid areas.In most parts of a country, either cyclamen is easy to grow, or it is easy to grow rice.
Question: If the above statement is true, which of the following statements must be false?

Choices:
A. Half of the country is dry and hot.
B. The climate in most parts of the country is cold.
C. Certain parts of the country are neither hot nor arid.
D. It is impossible to grow cyclamen in this country.

Let's think step by step before providing your final answer. However, you must conclude your assessment with the statement: 'Thus, the correct answer is: X', where 'X' is simply the letter corresponding to the answer option you've determined to be correct.",A.Half of the country is dry and hot.,1
AGIEval,Civil Service Examination,LogiQA-en,MC,Civil Service Examination-LogiQA-en-327,N.A.,"Naturalists have observed that a group of birds usually have strict hierarchies, and birds with high status bully birds with low status.The darker the feathers on the head and the thicker the breast feather stripes, the higher the rank status and vice versa.Naturalists have also observed that the older the bird, the darker the color of the feathers on the head and the thicker the stripes of the breast feathers.This shows that the status of birds in a group is gradually established through long-term common life.
Question: Which of the following, if true, can weaken the above argument most effectively?

Choices:
A. People painted the head and breast feathers of a young inferior bird with the color and streak of an inferior bird, and placed it in another group of similar birds.This bird was given higher treatment in the new group.
B. People cannot recognize the status of white swans in the group by the color of the feathers on the head or the stripes of the breast feathers, because the color of the feathers on their heads cannot be distinguished, and the breast feathers have no stripes.
C. If there is a strict hierarchy in the bird world, then in a group of birds, they will also fight to improve their status.
D. If there is a strict hierarchy in the bird world, then in a group of birds, their respective status will not be unchanged for life.
","Naturalists have observed that a group of birds usually have strict hierarchies, and birds with high status bully birds with low status.The darker the feathers on the head and the thicker the breast feather stripes, the higher the rank status and vice versa.Naturalists have also observed that the older the bird, the darker the color of the feathers on the head and the thicker the stripes of the breast feathers.This shows that the status of birds in a group is gradually established through long-term common life.
Question: Which of the following, if true, can weaken the above argument most effectively?

Choices:
A. People painted the head and breast feathers of a young inferior bird with the color and streak of an inferior bird, and placed it in another group of similar birds.This bird was given higher treatment in the new group.
B. People cannot recognize the status of white swans in the group by the color of the feathers on the head or the stripes of the breast feathers, because the color of the feathers on their heads cannot be distinguished, and the breast feathers have no stripes.
C. If there is a strict hierarchy in the bird world, then in a group of birds, they will also fight to improve their status.
D. If there is a strict hierarchy in the bird world, then in a group of birds, their respective status will not be unchanged for life.

Let's think step by step before providing your final answer. However, you must conclude your assessment with the statement: 'Thus, the correct answer is: X', where 'X' is simply the letter corresponding to the answer option you've determined to be correct.","A.People painted the head and breast feathers of a young inferior bird with the color and streak of an inferior bird, and placed it in another group of similar birds.This bird was given higher treatment in the new group.",1
AGIEval,Civil Service Examination,LogiQA-en,MC,Civil Service Examination-LogiQA-en-347,N.A.,"There are 6 rectangular vegetable ponds of the same size in a plastic shed, arranged in order from left to right? 1, 2, 3, 4, 5 and 6.And No.1 and No.6 are not adjacent.There are exactly 6 kinds of vegetables that need to be planted in the greenhouse? Q, L, H, x, S and Y.Each vegetable pond can only grow one of them.The planting arrangement must meet the following conditions? Q is planted in a vegetable pond on the left side of H.X species are in No.1 or No.6 vegetable ponds.No.3 vegetable pond is planted with Y or s.L is planted right next to S.
Question: If the H species is in No.2 Caichizi, which of the following statements must be true?

Choices:
A. X species are in No.6 vegetable pond.
B. Type L is in No.4 vegetable pond.
C. L is planted in No.5 vegetable pond.
D. Type Y is in No.3 vegetable pond.
","There are 6 rectangular vegetable ponds of the same size in a plastic shed, arranged in order from left to right? 1, 2, 3, 4, 5 and 6.And No.1 and No.6 are not adjacent.There are exactly 6 kinds of vegetables that need to be planted in the greenhouse? Q, L, H, x, S and Y.Each vegetable pond can only grow one of them.The planting arrangement must meet the following conditions? Q is planted in a vegetable pond on the left side of H.X species are in No.1 or No.6 vegetable ponds.No.3 vegetable pond is planted with Y or s.L is planted right next to S.
Question: If the H species is in No.2 Caichizi, which of the following statements must be true?

Choices:
A. X species are in No.6 vegetable pond.
B. Type L is in No.4 vegetable pond.
C. L is planted in No.5 vegetable pond.
D. Type Y is in No.3 vegetable pond.

Let's think step by step before providing your final answer. However, you must conclude your assessment with the statement: 'Thus, the correct answer is: X', where 'X' is simply the letter corresponding to the answer option you've determined to be correct.",A.X species are in No.6 vegetable pond.,1
AGIEval,Civil Service Examination,LogiQA-en,MC,Civil Service Examination-LogiQA-en-292,N.A.,"It is the people of this country who are most concerned about the fate and future of a country, and it is the people of this country who understand the situation of a country the most.Therefore, it is up to the people of this country to decide what path a country takes.
Question: Which of the following options does not support the argument in the question stem?

Choices:
A. The US invasion and interference in Iraq caused a major disaster to the Iraqi people and the Americans themselves.
B. The historical traditions, national customs, religious beliefs, and economic conditions of countries around the world vary greatly, so their development paths are also unique.
C. I don't know the true face of Lushan, I am only in this mountain.
D. The more you act, the more often you will mess things up.
","It is the people of this country who are most concerned about the fate and future of a country, and it is the people of this country who understand the situation of a country the most.Therefore, it is up to the people of this country to decide what path a country takes.
Question: Which of the following options does not support the argument in the question stem?

Choices:
A. The US invasion and interference in Iraq caused a major disaster to the Iraqi people and the Americans themselves.
B. The historical traditions, national customs, religious beliefs, and economic conditions of countries around the world vary greatly, so their development paths are also unique.
C. I don't know the true face of Lushan, I am only in this mountain.
D. The more you act, the more often you will mess things up.

Let's think step by step before providing your final answer. However, you must conclude your assessment with the statement: 'Thus, the correct answer is: X', where 'X' is simply the letter corresponding to the answer option you've determined to be correct.","C.I don't know the true face of Lushan, I am only in this mountain.",0
AGIEval,Civil Service Examination,LogiQA-en,MC,Civil Service Examination-LogiQA-en-334,N.A.,"The police said to the suspect? ""You always lie, we cannot believe you.When you start telling the truth, we start to believe you.""
Question: Which of the following statements is an implicit assumption in police remarks?

Choices:
A. The police never believed that the suspect would tell the truth.
B. The police determined that the suspect knew what was lying.
C. The police knew when the suspect was telling the truth.
D. The police believe that the suspect will eventually tell the truth.
","The police said to the suspect? ""You always lie, we cannot believe you.When you start telling the truth, we start to believe you.""
Question: Which of the following statements is an implicit assumption in police remarks?

Choices:
A. The police never believed that the suspect would tell the truth.
B. The police determined that the suspect knew what was lying.
C. The police knew when the suspect was telling the truth.
D. The police believe that the suspect will eventually tell the truth.

Let's think step by step before providing your final answer. However, you must conclude your assessment with the statement: 'Thus, the correct answer is: X', where 'X' is simply the letter corresponding to the answer option you've determined to be correct.",C.The police knew when the suspect was telling the truth.,1
AGIEval,Civil Service Examination,LogiQA-en,MC,Civil Service Examination-LogiQA-en-371,N.A.,"Economist? Now the central government is considering the performance of local governments according to GDP indicators.To increase local GDP, large amounts of capital are required.Under the current system, local governments can only raise a lot of money by transferring land.If you want to auction land at a high price, house prices must be high, so local governments have a strong incentive to push up house prices.However, the central government has introduced a series of measures to stabilize housing prices.If the local government still vigorously pushes up housing prices, it may be punished by the central government.
Question: Which of the following statements is the logical conclusion of the economist ’s argument?

Choices:
A. Under the current system, if the local government lowers housing prices, it will not be punished by the central government.
B. Under the current system, if local governments do not pursue GDP performance, they will not vigorously push up housing prices.
C. Under the current system, local governments will certainly not reduce housing prices.
D. Under the current system, local governments may be punished by the central government or unable to improve their GDP performance.
","Economist? Now the central government is considering the performance of local governments according to GDP indicators.To increase local GDP, large amounts of capital are required.Under the current system, local governments can only raise a lot of money by transferring land.If you want to auction land at a high price, house prices must be high, so local governments have a strong incentive to push up house prices.However, the central government has introduced a series of measures to stabilize housing prices.If the local government still vigorously pushes up housing prices, it may be punished by the central government.
Question: Which of the following statements is the logical conclusion of the economist ’s argument?

Choices:
A. Under the current system, if the local government lowers housing prices, it will not be punished by the central government.
B. Under the current system, if local governments do not pursue GDP performance, they will not vigorously push up housing prices.
C. Under the current system, local governments will certainly not reduce housing prices.
D. Under the current system, local governments may be punished by the central government or unable to improve their GDP performance.

Let's think step by step before providing your final answer. However, you must conclude your assessment with the statement: 'Thus, the correct answer is: X', where 'X' is simply the letter corresponding to the answer option you've determined to be correct.","D.Under the current system, local governments may be punished by the central government or unable to improve their GDP performance.",1
AGIEval,Civil Service Examination,LogiQA-en,MC,Civil Service Examination-LogiQA-en-611,N.A.,"There are many people in modern society who are fat, have a beer belly, and are seriously overweight because they often drink beer.
Question: The answers to the following questions may question the above argument, except

Choices:
A. If people only drink beer and eat very few other things, especially meat, will they still gain weight?
B. Why do many women and children in the United States drink cola, eat fried chicken and pizza, and their weight is severely overweight?
C. In addition to drinking beer, do fat people regularly exercise?
D. Many obese people also smoke at the same time.Can they say ""smoking causes weight gain""?
","There are many people in modern society who are fat, have a beer belly, and are seriously overweight because they often drink beer.
Question: The answers to the following questions may question the above argument, except

Choices:
A. If people only drink beer and eat very few other things, especially meat, will they still gain weight?
B. Why do many women and children in the United States drink cola, eat fried chicken and pizza, and their weight is severely overweight?
C. In addition to drinking beer, do fat people regularly exercise?
D. Many obese people also smoke at the same time.Can they say ""smoking causes weight gain""?

Let's think step by step before providing your final answer. However, you must conclude your assessment with the statement: 'Thus, the correct answer is: X', where 'X' is simply the letter corresponding to the answer option you've determined to be correct.","C.In addition to drinking beer, do fat people regularly exercise?",0
AGIEval,Civil Service Examination,LogiQA-en,MC,Civil Service Examination-LogiQA-en-606,N.A.,"In the university, many moderate and generous teachers are good teachers, but some serious and non-sense teachers are also good teachers, and all good teachers have a common feature? they are all knowledgeable people.
Question: If the above statement is true, which of the following statements must be true?

Choices:
A. Many knowledgeable teachers are gentle and generous.
B. Some knowledgeable teachers are serious and unsympathetic.
C. All knowledgeable teachers are good teachers.
D. Some knowledgeable teachers are not good teachers
","In the university, many moderate and generous teachers are good teachers, but some serious and non-sense teachers are also good teachers, and all good teachers have a common feature? they are all knowledgeable people.
Question: If the above statement is true, which of the following statements must be true?

Choices:
A. Many knowledgeable teachers are gentle and generous.
B. Some knowledgeable teachers are serious and unsympathetic.
C. All knowledgeable teachers are good teachers.
D. Some knowledgeable teachers are not good teachers

Let's think step by step before providing your final answer. However, you must conclude your assessment with the statement: 'Thus, the correct answer is: X', where 'X' is simply the letter corresponding to the answer option you've determined to be correct.",B.Some knowledgeable teachers are serious and unsympathetic.,1
AGIEval,Civil Service Examination,LogiQA-en,MC,Civil Service Examination-LogiQA-en-383,N.A.,"Sociologists? Statistics show that at present, about 1 million people commit suicide every year in the world, that is to say, an average person commits suicide in tens of seconds.If people's views on suicidal behavior can be changed, this phenomenon can be avoided.
Question: Which of the following statements is assumed by this sociologist ’s assertion?

Choices:
A. The occurrence of suicide has very complicated political, economic, social, cultural and psychological reasons.
B. People think that suicidal behavior is an irresponsible cowardly behavior.
C. People's views on suicidal behavior have a decisive influence on whether suicidal behavior occurs.
D. People sometimes think that suicidal behavior is an unacceptable behavior that is understandable and must be respected.
","Sociologists? Statistics show that at present, about 1 million people commit suicide every year in the world, that is to say, an average person commits suicide in tens of seconds.If people's views on suicidal behavior can be changed, this phenomenon can be avoided.
Question: Which of the following statements is assumed by this sociologist ’s assertion?

Choices:
A. The occurrence of suicide has very complicated political, economic, social, cultural and psychological reasons.
B. People think that suicidal behavior is an irresponsible cowardly behavior.
C. People's views on suicidal behavior have a decisive influence on whether suicidal behavior occurs.
D. People sometimes think that suicidal behavior is an unacceptable behavior that is understandable and must be respected.

Let's think step by step before providing your final answer. However, you must conclude your assessment with the statement: 'Thus, the correct answer is: X', where 'X' is simply the letter corresponding to the answer option you've determined to be correct.",C.People's views on suicidal behavior have a decisive influence on whether suicidal behavior occurs.,1
AGIEval,Civil Service Examination,LogiQA-en,MC,Civil Service Examination-LogiQA-en-438,N.A.,"Studies have shown that for most people with normal blood pressure, any amount of sodium in excess of the body's needs can be successfully eliminated from the body without significantly increasing blood pressure.Therefore, only those with high blood pressure and those whose body cannot safely handle excess sodium need to limit sodium intake.
Question: If any of the following statements is true, can the above argument be weakened most effectively?

Choices:
A. Ingesting excess sodium sometimes damages the body's ability to handle excess sodium.
B. Hypertension is sometimes worsened by ingesting more sodium than the body needs.
C. Anyone needs a certain amount of sodium to maintain the normal physiological functions of the body.
D. Ingesting any more sodium than the body needs will increase blood pressure unless it is eliminated from the body.
","Studies have shown that for most people with normal blood pressure, any amount of sodium in excess of the body's needs can be successfully eliminated from the body without significantly increasing blood pressure.Therefore, only those with high blood pressure and those whose body cannot safely handle excess sodium need to limit sodium intake.
Question: If any of the following statements is true, can the above argument be weakened most effectively?

Choices:
A. Ingesting excess sodium sometimes damages the body's ability to handle excess sodium.
B. Hypertension is sometimes worsened by ingesting more sodium than the body needs.
C. Anyone needs a certain amount of sodium to maintain the normal physiological functions of the body.
D. Ingesting any more sodium than the body needs will increase blood pressure unless it is eliminated from the body.

Let's think step by step before providing your final answer. However, you must conclude your assessment with the statement: 'Thus, the correct answer is: X', where 'X' is simply the letter corresponding to the answer option you've determined to be correct.",A.Ingesting excess sodium sometimes damages the body's ability to handle excess sodium.,1
AGIEval,Civil Service Examination,LogiQA-en,MC,Civil Service Examination-LogiQA-en-361,N.A.,"Dai Wei had almost no stomach problems after eating dairy products.Just because he occasionally had stomach pains after eating dairy products, it was concluded that he had no allergy to dairy products.
Question: Which argument is most similar to the reasoning above?

Choices:
A. Dogs and cats are sometimes anxious before the earthquake, so there is no reason to conclude that dogs and cats have the ability to sense earthquakes in advance, because in most cases, there is no earthquake after dogs and cats are anxious.
B. Although many people lose weight through short-term diets, it is unreasonable to believe that such diets are effective for weight loss.
C. Most hypotheses have a large number of supporting examples before they become scientific theories.It is unreasonable to think that a hypothesis is a scientific theory just because it is successfully applied to a few cases.
D. Although many chain stores are more profitable, it is unreasonable to attribute the success of this business model to this business model, because only well-funded businesses can do so.
","Dai Wei had almost no stomach problems after eating dairy products.Just because he occasionally had stomach pains after eating dairy products, it was concluded that he had no allergy to dairy products.
Question: Which argument is most similar to the reasoning above?

Choices:
A. Dogs and cats are sometimes anxious before the earthquake, so there is no reason to conclude that dogs and cats have the ability to sense earthquakes in advance, because in most cases, there is no earthquake after dogs and cats are anxious.
B. Although many people lose weight through short-term diets, it is unreasonable to believe that such diets are effective for weight loss.
C. Most hypotheses have a large number of supporting examples before they become scientific theories.It is unreasonable to think that a hypothesis is a scientific theory just because it is successfully applied to a few cases.
D. Although many chain stores are more profitable, it is unreasonable to attribute the success of this business model to this business model, because only well-funded businesses can do so.

Let's think step by step before providing your final answer. However, you must conclude your assessment with the statement: 'Thus, the correct answer is: X', where 'X' is simply the letter corresponding to the answer option you've determined to be correct.","A.Dogs and cats are sometimes anxious before the earthquake, so there is no reason to conclude that dogs and cats have the ability to sense earthquakes in advance, because in most cases, there is no earthquake after dogs and cats are anxious.",1
AGIEval,Civil Service Examination,LogiQA-en,MC,Civil Service Examination-LogiQA-en-105,N.A.,"People's daily thinking and actions, even if they are extremely small, contain conscious active behaviors and some kind of creativity, and all the behaviors of computers are controlled by pre-programmed programs, so it is impossible for computers to own people The initiative and creativity.
Question: Which of the following supplements will most strongly support the reasoning in the question stem?

Choices:
A. The computer can have the learning function like a human.
B. Computer programs cannot simulate human initiative and creativity.
C. In the future society, it is difficult to say whether people control computers or control computers.
D. People can compile computer programs that simulate human initiative and creativity.
","People's daily thinking and actions, even if they are extremely small, contain conscious active behaviors and some kind of creativity, and all the behaviors of computers are controlled by pre-programmed programs, so it is impossible for computers to own people The initiative and creativity.
Question: Which of the following supplements will most strongly support the reasoning in the question stem?

Choices:
A. The computer can have the learning function like a human.
B. Computer programs cannot simulate human initiative and creativity.
C. In the future society, it is difficult to say whether people control computers or control computers.
D. People can compile computer programs that simulate human initiative and creativity.

Let's think step by step before providing your final answer. However, you must conclude your assessment with the statement: 'Thus, the correct answer is: X', where 'X' is simply the letter corresponding to the answer option you've determined to be correct.",B.Computer programs cannot simulate human initiative and creativity.,1
AGIEval,Civil Service Examination,LogiQA-en,MC,Civil Service Examination-LogiQA-en-312,N.A.,"In today's economic globalization, Western cultural classics and traditions are still alive and continuing.In the United States, the President takes the oath of office under the Bible, and elementary school students recite the oath of ""a country under the protection of God"" by pressing the chest every week.In China, elementary school students have long ceased reading the Bible, and no one has sworn in according to the Analects.China has become a country that has almost lost its cultural classics and traditions.
Question: Which of the following statements is the assumption upon which the above argument relies?

Choices:
A. With the rapid advancement of science and technology, Western cultural classics and traditions are declining.
B. Officials in Chinese history have never handed down the tradition of swearing on a classic.
C. Primary school reading is a symbol of a country and nation maintaining cultural classics and traditions.
D. The cultural classics and traditions of a country and nation have an irreplaceable role in science.
","In today's economic globalization, Western cultural classics and traditions are still alive and continuing.In the United States, the President takes the oath of office under the Bible, and elementary school students recite the oath of ""a country under the protection of God"" by pressing the chest every week.In China, elementary school students have long ceased reading the Bible, and no one has sworn in according to the Analects.China has become a country that has almost lost its cultural classics and traditions.
Question: Which of the following statements is the assumption upon which the above argument relies?

Choices:
A. With the rapid advancement of science and technology, Western cultural classics and traditions are declining.
B. Officials in Chinese history have never handed down the tradition of swearing on a classic.
C. Primary school reading is a symbol of a country and nation maintaining cultural classics and traditions.
D. The cultural classics and traditions of a country and nation have an irreplaceable role in science.

Let's think step by step before providing your final answer. However, you must conclude your assessment with the statement: 'Thus, the correct answer is: X', where 'X' is simply the letter corresponding to the answer option you've determined to be correct.",C.Primary school reading is a symbol of a country and nation maintaining cultural classics and traditions.,1
AGIEval,Civil Service Examination,LogiQA-en,MC,Civil Service Examination-LogiQA-en-8,N.A.,"There are five teams participating in the game.The audience had the following comments on the results? (1) The champion is either the Shannan team or the Jiangbei team.(2) The champion is neither Shanbei nor Jiangnan.(3) The champion is Jiangnan Team.(4) The champion is not the Shannan team.
Question: The result of the match showed that only one argument was correct, so who won the championship?

Choices:
A. hannan
B. iangnan
C. hanbei
D. iangbei
","There are five teams participating in the game.The audience had the following comments on the results? (1) The champion is either the Shannan team or the Jiangbei team.(2) The champion is neither Shanbei nor Jiangnan.(3) The champion is Jiangnan Team.(4) The champion is not the Shannan team.
Question: The result of the match showed that only one argument was correct, so who won the championship?

Choices:
A. hannan
B. iangnan
C. hanbei
D. iangbei

Let's think step by step before providing your final answer. However, you must conclude your assessment with the statement: 'Thus, the correct answer is: X', where 'X' is simply the letter corresponding to the answer option you've determined to be correct.",C.hanbei,0
AGIEval,Civil Service Examination,LogiQA-en,MC,Civil Service Examination-LogiQA-en-250,N.A.,"In a magic show, from the seven magicians-G.H.K.L.N.P and Q, choose 6 people to play, and the performance is divided into two teams? 1 team and 2 teams.Each team consists of three positions? front, middle, and back.The magicians on the field happen to occupy one position each.The choice and location of the magician must meet the following conditions? (1) If G or H is arranged to play, they must be in the front.Bit.(2) If K is scheduled to play, he must be in the middle.(3) If L is scheduled to play, he must be on team 1.(4) Neither P nor K can be in the same team as N.(5) P cannot be in the same team as Q.(6) If H is in team 2, Q is in the middle of team 1.
Question: Which of the following is an acceptable arrangement for the first team's performance?

Choices:
A. Before? Q In? L After? N
B. Before? L Middle? K After? Q
C. Before? Q In? K After? P
D. Before? G In? K After? P
","In a magic show, from the seven magicians-G.H.K.L.N.P and Q, choose 6 people to play, and the performance is divided into two teams? 1 team and 2 teams.Each team consists of three positions? front, middle, and back.The magicians on the field happen to occupy one position each.The choice and location of the magician must meet the following conditions? (1) If G or H is arranged to play, they must be in the front.Bit.(2) If K is scheduled to play, he must be in the middle.(3) If L is scheduled to play, he must be on team 1.(4) Neither P nor K can be in the same team as N.(5) P cannot be in the same team as Q.(6) If H is in team 2, Q is in the middle of team 1.
Question: Which of the following is an acceptable arrangement for the first team's performance?

Choices:
A. Before? Q In? L After? N
B. Before? L Middle? K After? Q
C. Before? Q In? K After? P
D. Before? G In? K After? P

Let's think step by step before providing your final answer. However, you must conclude your assessment with the statement: 'Thus, the correct answer is: X', where 'X' is simply the letter corresponding to the answer option you've determined to be correct.",A.Before? Q In? L After? N,0
AGIEval,Civil Service Examination,LogiQA-en,MC,Civil Service Examination-LogiQA-en-518,N.A.,"Most excellent athletes have good psychological qualities.Most excellent athletes have achieved good results in the competition, and all athletes who have achieved good results in the competition are trained hard.
Question: Which of the following statements can be appropriately derived from the above statement?

Choices:
A. Most hard-working athletes have good psychological qualities.
B. Some athletes with good psychological qualities are trained hard.
C. All excellent athletes are trained hard.
D. Some athletes who do not have good psychological quality have achieved good results in the competition.
","Most excellent athletes have good psychological qualities.Most excellent athletes have achieved good results in the competition, and all athletes who have achieved good results in the competition are trained hard.
Question: Which of the following statements can be appropriately derived from the above statement?

Choices:
A. Most hard-working athletes have good psychological qualities.
B. Some athletes with good psychological qualities are trained hard.
C. All excellent athletes are trained hard.
D. Some athletes who do not have good psychological quality have achieved good results in the competition.

Let's think step by step before providing your final answer. However, you must conclude your assessment with the statement: 'Thus, the correct answer is: X', where 'X' is simply the letter corresponding to the answer option you've determined to be correct.",B.Some athletes with good psychological qualities are trained hard.,1
AGIEval,Civil Service Examination,LogiQA-en,MC,Civil Service Examination-LogiQA-en-627,N.A.,"About 12,000 years ago, when the climate warmed, humans began to come to North America.At the same time, large mammals, such as mastodons, mammoths, and saber-toothed tigers, became extinct from their once widespread North American soil.Therefore, contrary to the myth that humans lived in peace with other creatures in nature, as early as 12,000 years ago, human activities led to the extinction of these animals.
Question: Which of the following statements is the most vulnerable to the above argument?

Choices:
A. This argument excludes humanity from nature without reflection.
B. The arrival of humans in North America may also lead to the extinction of animals other than mastodons, mammoths, and saber-toothed tigers.
C. The extinction of large mammals such as mastodons, mammoths and saber-toothed tigers was of extraordinary significance to the primitive people of early North America.
D. The evidence presented is equally applicable to two alternative hypotheses? climate change has led to the extinction of large mammals, and the same reasons have led humans to travel across North America.
","About 12,000 years ago, when the climate warmed, humans began to come to North America.At the same time, large mammals, such as mastodons, mammoths, and saber-toothed tigers, became extinct from their once widespread North American soil.Therefore, contrary to the myth that humans lived in peace with other creatures in nature, as early as 12,000 years ago, human activities led to the extinction of these animals.
Question: Which of the following statements is the most vulnerable to the above argument?

Choices:
A. This argument excludes humanity from nature without reflection.
B. The arrival of humans in North America may also lead to the extinction of animals other than mastodons, mammoths, and saber-toothed tigers.
C. The extinction of large mammals such as mastodons, mammoths and saber-toothed tigers was of extraordinary significance to the primitive people of early North America.
D. The evidence presented is equally applicable to two alternative hypotheses? climate change has led to the extinction of large mammals, and the same reasons have led humans to travel across North America.

Let's think step by step before providing your final answer. However, you must conclude your assessment with the statement: 'Thus, the correct answer is: X', where 'X' is simply the letter corresponding to the answer option you've determined to be correct.","D.The evidence presented is equally applicable to two alternative hypotheses? climate change has led to the extinction of large mammals, and the same reasons have led humans to travel across North America.",1
AGIEval,Civil Service Examination,LogiQA-en,MC,Civil Service Examination-LogiQA-en-602,N.A.,"Someone said? Reading thousands of books is not as good as traveling thousands of miles, traveling thousands of miles is not as good as reading countless people, reading countless people is not as good as the famous teacher, and the famous teacher is not as good as his own understanding.
Question: The following items constitute a question of the above views, except

Choices:
A. Countless readers will encounter famous teachers to guide them.
B. The book has its own universe, and reading 10,000 volumes is like walking 10,000 volumes.
C. If there is no famous teacher to guide the way, only by reading thousands of books and walking thousands of miles, he still can not understand.
D. Traveling thousands of miles, traveling through thousands of worlds, there must be countless readers.
","Someone said? Reading thousands of books is not as good as traveling thousands of miles, traveling thousands of miles is not as good as reading countless people, reading countless people is not as good as the famous teacher, and the famous teacher is not as good as his own understanding.
Question: The following items constitute a question of the above views, except

Choices:
A. Countless readers will encounter famous teachers to guide them.
B. The book has its own universe, and reading 10,000 volumes is like walking 10,000 volumes.
C. If there is no famous teacher to guide the way, only by reading thousands of books and walking thousands of miles, he still can not understand.
D. Traveling thousands of miles, traveling through thousands of worlds, there must be countless readers.

Let's think step by step before providing your final answer. However, you must conclude your assessment with the statement: 'Thus, the correct answer is: X', where 'X' is simply the letter corresponding to the answer option you've determined to be correct.","C.If there is no famous teacher to guide the way, only by reading thousands of books and walking thousands of miles, he still can not understand.",0
AGIEval,Civil Service Examination,LogiQA-en,MC,Civil Service Examination-LogiQA-en-323,N.A.,"twenty one.There is no doubt that teaching with multimedia courseware can improve the teaching effect.Even if the courseware is made too simple, it is just the traditional ""moving"" of blackboard writing, which fails to realize the multimedia effect and can also save time.
Question: Which of the following statements is the assumption upon which the above argument relies?

Choices:
A. Teaching with multimedia courseware has obvious advantages over traditional blackboard writing.
B. Moving the content of blackboard writing into courseware will not reduce the effectiveness of traditional blackboard writing in teaching.
C. The courseware used by some teachers is too simple to really play the role of multimedia.
D. Replacing traditional blackboard writing with multimedia courseware can save time when writing blackboard writing.
","twenty one.There is no doubt that teaching with multimedia courseware can improve the teaching effect.Even if the courseware is made too simple, it is just the traditional ""moving"" of blackboard writing, which fails to realize the multimedia effect and can also save time.
Question: Which of the following statements is the assumption upon which the above argument relies?

Choices:
A. Teaching with multimedia courseware has obvious advantages over traditional blackboard writing.
B. Moving the content of blackboard writing into courseware will not reduce the effectiveness of traditional blackboard writing in teaching.
C. The courseware used by some teachers is too simple to really play the role of multimedia.
D. Replacing traditional blackboard writing with multimedia courseware can save time when writing blackboard writing.

Let's think step by step before providing your final answer. However, you must conclude your assessment with the statement: 'Thus, the correct answer is: X', where 'X' is simply the letter corresponding to the answer option you've determined to be correct.",D.Replacing traditional blackboard writing with multimedia courseware can save time when writing blackboard writing.,1
AGIEval,Civil Service Examination,LogiQA-en,MC,Civil Service Examination-LogiQA-en-291,N.A.,"An economist suggested that when transferring polluting industries from developed countries to developing countries, developed countries benefited from the improvement of the natural environment; although the developing countries were polluted by the environment, they were compensated for solving employment and increasing taxes.As a result, the situation on both sides has improved, resulting in an increase in total global welfare.
Question: Which of the following is the hypothesis discussed by the economist?

Choices:
A. A good natural environment is more important for people in developed countries than people in developing countries.
B. Both developed and developing countries have polluting enterprises.
C. The degree of environmental pollution in developed countries is more serious than in developing countries.
D. Polluting industries can generate more profits in developing countries than in developed countries.
","An economist suggested that when transferring polluting industries from developed countries to developing countries, developed countries benefited from the improvement of the natural environment; although the developing countries were polluted by the environment, they were compensated for solving employment and increasing taxes.As a result, the situation on both sides has improved, resulting in an increase in total global welfare.
Question: Which of the following is the hypothesis discussed by the economist?

Choices:
A. A good natural environment is more important for people in developed countries than people in developing countries.
B. Both developed and developing countries have polluting enterprises.
C. The degree of environmental pollution in developed countries is more serious than in developing countries.
D. Polluting industries can generate more profits in developing countries than in developed countries.

Let's think step by step before providing your final answer. However, you must conclude your assessment with the statement: 'Thus, the correct answer is: X', where 'X' is simply the letter corresponding to the answer option you've determined to be correct.",A.A good natural environment is more important for people in developed countries than people in developing countries.,0
AGIEval,Civil Service Examination,LogiQA-en,MC,Civil Service Examination-LogiQA-en-141,N.A.,"TV commercial? Well, this wine should be a little longer and the craft should be more refined.Good wine, you can drink a little.(Advertisers looked at Bancheng Shaoguo in their hands) Well, Bancheng Shaoguo, you can drink a little.
Question: In order to make the last sentence in the subject a logical inference from the previous sentences, which of the following premises needs to be added?

Choices:
A. Moutai is the most famous good wine in China.
B. Wuliangye and Bancheng Shaojiao are good wines.
C. It's been a long time for Bancheng casserole wine.
D. The craft of Bancheng casserole is excellent.
","TV commercial? Well, this wine should be a little longer and the craft should be more refined.Good wine, you can drink a little.(Advertisers looked at Bancheng Shaoguo in their hands) Well, Bancheng Shaoguo, you can drink a little.
Question: In order to make the last sentence in the subject a logical inference from the previous sentences, which of the following premises needs to be added?

Choices:
A. Moutai is the most famous good wine in China.
B. Wuliangye and Bancheng Shaojiao are good wines.
C. It's been a long time for Bancheng casserole wine.
D. The craft of Bancheng casserole is excellent.

Let's think step by step before providing your final answer. However, you must conclude your assessment with the statement: 'Thus, the correct answer is: X', where 'X' is simply the letter corresponding to the answer option you've determined to be correct.",C.It's been a long time for Bancheng casserole wine.,0
AGIEval,Civil Service Examination,LogiQA-en,MC,Civil Service Examination-LogiQA-en-285,N.A.,"There are five volcanic islands E, F, G, H, and I in the east coast of a country.They are arranged in a straight line from north to south, and they are found? (1) F is adjacent to H and is on the north side of H.(2) I and E are adjacent.(3) G is somewhere in the north of F.
Question: If I is at a position north of G, which of the following states that positioning is true?

Choices:
A. E is adjacent to G and to the north of G
B. G is adjacent to F and to the north of F
C. I is adjacent to G and to the north of G
D. E is adjacent to F and to the north of F
","There are five volcanic islands E, F, G, H, and I in the east coast of a country.They are arranged in a straight line from north to south, and they are found? (1) F is adjacent to H and is on the north side of H.(2) I and E are adjacent.(3) G is somewhere in the north of F.
Question: If I is at a position north of G, which of the following states that positioning is true?

Choices:
A. E is adjacent to G and to the north of G
B. G is adjacent to F and to the north of F
C. I is adjacent to G and to the north of G
D. E is adjacent to F and to the north of F

Let's think step by step before providing your final answer. However, you must conclude your assessment with the statement: 'Thus, the correct answer is: X', where 'X' is simply the letter corresponding to the answer option you've determined to be correct.",B.G is adjacent to F and to the north of F,1
AGIEval,Civil Service Examination,LogiQA-en,MC,Civil Service Examination-LogiQA-en-44,N.A.,"Researchers in a country reported that they found meteorites about 200 million years old in the strata of a certain area, and they were probably traces of flying objects when a huge meteorite hit the present province of Quebec, Canada.The clay layer with a thickness of about 5 cm also contains high concentrations of elements such as iridium and platinum, which are 50 to 2000 times the concentration normally found on the ground.In addition, this rock also contains special minerals in the formation of the late Bacques.Since the upper and lower strata also contain marine plankton fossils, it can be determined that the impact period was about 215 million years ago.
Question: Which of the following, if true, would best support the above research findings?

Choices:
A. The rock was formed after the accumulation layer of the deep seabed in the ancient times exposed above the ground
B. In the late Paleozoic Triassic (approximately 200 million to 237 million years ago) ammonite and other species were extinct on a large scale
C. Elements such as iridium and platinum are peculiar to meteorites and usually only exist in trace amounts on the surface
D. In ancient times, there have been many incidents of meteorite impacting the earth
","Researchers in a country reported that they found meteorites about 200 million years old in the strata of a certain area, and they were probably traces of flying objects when a huge meteorite hit the present province of Quebec, Canada.The clay layer with a thickness of about 5 cm also contains high concentrations of elements such as iridium and platinum, which are 50 to 2000 times the concentration normally found on the ground.In addition, this rock also contains special minerals in the formation of the late Bacques.Since the upper and lower strata also contain marine plankton fossils, it can be determined that the impact period was about 215 million years ago.
Question: Which of the following, if true, would best support the above research findings?

Choices:
A. The rock was formed after the accumulation layer of the deep seabed in the ancient times exposed above the ground
B. In the late Paleozoic Triassic (approximately 200 million to 237 million years ago) ammonite and other species were extinct on a large scale
C. Elements such as iridium and platinum are peculiar to meteorites and usually only exist in trace amounts on the surface
D. In ancient times, there have been many incidents of meteorite impacting the earth

Let's think step by step before providing your final answer. However, you must conclude your assessment with the statement: 'Thus, the correct answer is: X', where 'X' is simply the letter corresponding to the answer option you've determined to be correct.",C.Elements such as iridium and platinum are peculiar to meteorites and usually only exist in trace amounts on the surface,1
AGIEval,Civil Service Examination,LogiQA-en,MC,Civil Service Examination-LogiQA-en-43,N.A.,"Aptripa Cave is located near the bay of Dilos in the Peninsula of Maina, and is as large as four football fields.This cave dates back to the Neolithic Age, but was not accidentally discovered by a man walking a dog until the 1950s.After decades of scientific research work, archaeologists excavated tools, pottery, obsidian, silver and copper utensils from the cave, and thus believed that hundreds of people had lived in the cave.
Question: Which of the following, if true, can best refute the above argument?

Choices:
A. The cave inspired the description of hell in Greek mythology
B. The cave is actually an ancient cemetery and funeral venue
C. There is no prehistoric village in Europe that has been found earlier than the cave
D. The entrance to the cave collapsed 5000 years ago
","Aptripa Cave is located near the bay of Dilos in the Peninsula of Maina, and is as large as four football fields.This cave dates back to the Neolithic Age, but was not accidentally discovered by a man walking a dog until the 1950s.After decades of scientific research work, archaeologists excavated tools, pottery, obsidian, silver and copper utensils from the cave, and thus believed that hundreds of people had lived in the cave.
Question: Which of the following, if true, can best refute the above argument?

Choices:
A. The cave inspired the description of hell in Greek mythology
B. The cave is actually an ancient cemetery and funeral venue
C. There is no prehistoric village in Europe that has been found earlier than the cave
D. The entrance to the cave collapsed 5000 years ago

Let's think step by step before providing your final answer. However, you must conclude your assessment with the statement: 'Thus, the correct answer is: X', where 'X' is simply the letter corresponding to the answer option you've determined to be correct.",B.The cave is actually an ancient cemetery and funeral venue,1
AGIEval,Civil Service Examination,LogiQA-en,MC,Civil Service Examination-LogiQA-en-635,N.A.,"Within a company, many very specialized departments have recently been established.This shows that the company is very interested in the following questions? How to grasp its consumer groups in a more precise way?
Question: Which of the following options is missing from the above reasoning?

Choices:
A. Premise? These new departments are grasping their consumer groups in a more precise way
B. Conclusion? The management department requires new measures to seize its consumer groups.
C. Premise? Before setting up these new departments, the company failed to seize its consumer groups.
D. Conclusion? The company will soon make more efforts to seize its consumer groups.
","Within a company, many very specialized departments have recently been established.This shows that the company is very interested in the following questions? How to grasp its consumer groups in a more precise way?
Question: Which of the following options is missing from the above reasoning?

Choices:
A. Premise? These new departments are grasping their consumer groups in a more precise way
B. Conclusion? The management department requires new measures to seize its consumer groups.
C. Premise? Before setting up these new departments, the company failed to seize its consumer groups.
D. Conclusion? The company will soon make more efforts to seize its consumer groups.

Let's think step by step before providing your final answer. However, you must conclude your assessment with the statement: 'Thus, the correct answer is: X', where 'X' is simply the letter corresponding to the answer option you've determined to be correct.",A.Premise? These new departments are grasping their consumer groups in a more precise way,0
AGIEval,Civil Service Examination,LogiQA-en,MC,Civil Service Examination-LogiQA-en-588,N.A.,"The tragedy of gun violence in the United States has once again triggered discussions on gun control.Opponents of gun control claim that gun violence in the United States soared in the 1980s.In 1986, some states implemented strict gun control through legal means, but the average violent crime rate in those states that enforced strict gun control was the average violent crime rate in other states 1.5 times.It can be seen that strict gun control does not help reduce violent crime.
Question: If the following statement is true, which one weakens the above argument the strongest?

Choices:
A. Since 1986, the proportion of American households with guns has declined significantly.
B. Since 1986, the annual number of violent crimes in these states that have imposed strict gun control has continued to decline.
C. In states that enforce strict gun control laws, few people violate this law.
D. The criminologist compared the results of various investigations and found no obvious correlation between the number of privately owned guns and gun violence.
","The tragedy of gun violence in the United States has once again triggered discussions on gun control.Opponents of gun control claim that gun violence in the United States soared in the 1980s.In 1986, some states implemented strict gun control through legal means, but the average violent crime rate in those states that enforced strict gun control was the average violent crime rate in other states 1.5 times.It can be seen that strict gun control does not help reduce violent crime.
Question: If the following statement is true, which one weakens the above argument the strongest?

Choices:
A. Since 1986, the proportion of American households with guns has declined significantly.
B. Since 1986, the annual number of violent crimes in these states that have imposed strict gun control has continued to decline.
C. In states that enforce strict gun control laws, few people violate this law.
D. The criminologist compared the results of various investigations and found no obvious correlation between the number of privately owned guns and gun violence.

Let's think step by step before providing your final answer. However, you must conclude your assessment with the statement: 'Thus, the correct answer is: X', where 'X' is simply the letter corresponding to the answer option you've determined to be correct.","B.Since 1986, the annual number of violent crimes in these states that have imposed strict gun control has continued to decline.",1
AGIEval,Civil Service Examination,LogiQA-en,MC,Civil Service Examination-LogiQA-en-67,N.A.,"Five graduate students Zhang, Wang, Li, Zhao, and Liu graduated from a linguistics major in a college of arts of a university in 2014, and were hired by one of the three employers, Tianshu, Tianji, and Tianxuan, and at least one of them was hired by each unit.name.Known? (1) Li was hired by Tianshu; (2) Li and Zhao were not hired by the same unit; (3) Liu and Zhao were hired by the same unit; (4) If Zhang was hired by Tianxuan, then Wang Ye Was hired by Tianxuan.
Question: Which of the following is correct, you can determine the employer of each graduate?

Choices:
A. Li was hired by Tianshu.
B. Zhang was hired by Tianxuan.
C. Zhang was hired by Tianshu.
D. Liu was hired by Tianji.
","Five graduate students Zhang, Wang, Li, Zhao, and Liu graduated from a linguistics major in a college of arts of a university in 2014, and were hired by one of the three employers, Tianshu, Tianji, and Tianxuan, and at least one of them was hired by each unit.name.Known? (1) Li was hired by Tianshu; (2) Li and Zhao were not hired by the same unit; (3) Liu and Zhao were hired by the same unit; (4) If Zhang was hired by Tianxuan, then Wang Ye Was hired by Tianxuan.
Question: Which of the following is correct, you can determine the employer of each graduate?

Choices:
A. Li was hired by Tianshu.
B. Zhang was hired by Tianxuan.
C. Zhang was hired by Tianshu.
D. Liu was hired by Tianji.

Let's think step by step before providing your final answer. However, you must conclude your assessment with the statement: 'Thus, the correct answer is: X', where 'X' is simply the letter corresponding to the answer option you've determined to be correct.",B.Zhang was hired by Tianxuan.,0
AGIEval,Civil Service Examination,LogiQA-en,MC,Civil Service Examination-LogiQA-en-12,N.A.,"People often use microwave ovens to heat food.Some people think that microwave oven heating changes the molecular structure of food, producing molecules that the human body cannot recognize.These strange molecular formulas are unacceptable to the human body, and some are toxic and may even cause cancer.Therefore, people or animals who often eat microwave foods will have serious physiological changes in their bodies, which will cause serious health problems.
Question: Which of the following can best question the above view?

Choices:
A. Microwave heating will not cause more nutrient loss than other cooking methods
B. China's microwave oven production standards are consistent with international standards and EU standards
C. It is also common for developed countries to use microwave ovens
D. The microwave only heats the water molecules in the food, the food does not change chemically
","People often use microwave ovens to heat food.Some people think that microwave oven heating changes the molecular structure of food, producing molecules that the human body cannot recognize.These strange molecular formulas are unacceptable to the human body, and some are toxic and may even cause cancer.Therefore, people or animals who often eat microwave foods will have serious physiological changes in their bodies, which will cause serious health problems.
Question: Which of the following can best question the above view?

Choices:
A. Microwave heating will not cause more nutrient loss than other cooking methods
B. China's microwave oven production standards are consistent with international standards and EU standards
C. It is also common for developed countries to use microwave ovens
D. The microwave only heats the water molecules in the food, the food does not change chemically

Let's think step by step before providing your final answer. However, you must conclude your assessment with the statement: 'Thus, the correct answer is: X', where 'X' is simply the letter corresponding to the answer option you've determined to be correct.","D.The microwave only heats the water molecules in the food, the food does not change chemically",1
AGIEval,Civil Service Examination,LogiQA-en,MC,Civil Service Examination-LogiQA-en-435,N.A.,"North American male brown bears usually attack and kill cubs born to female bears who are not bred by it.However, during the salmon migration season from July to August each year, among brown bears fishing in Haro Bay, male brown bears attack and kill female brown bear cubs less than one-tenth the usual time.The probability of encountering a female brown bear and a male brown bear unexpectedly is dozens of times higher than usual.In this period when female brown bears and male brown bears meet most, the probability of cubs being killed is the lowest.
Question: If which of the following statements is true, provides the best explanation for the abnormal behavior of male brown bears?

Choices:
A. Brown bears usually fight to protect their territory.During the salmon migration season, they focus on their fishing skills and rarely fight for the territory.
B. Cubs rely on female brown bears for 3 years to survive independently.Since female brown bears will not conceive during lactation, cubs between 3 and 12 months old have the highest kill rate.
C. Salmon is the main food source for North American brown bears to replenish body fat in large amounts.Brown bears struggle to gain weight by fishing in order to survive the coming severe winter.
D. In order to protect future cubs, female brown bears usually mate with multiple male brown bears, so that more male brown bears think they are the father of their cubs.
","North American male brown bears usually attack and kill cubs born to female bears who are not bred by it.However, during the salmon migration season from July to August each year, among brown bears fishing in Haro Bay, male brown bears attack and kill female brown bear cubs less than one-tenth the usual time.The probability of encountering a female brown bear and a male brown bear unexpectedly is dozens of times higher than usual.In this period when female brown bears and male brown bears meet most, the probability of cubs being killed is the lowest.
Question: If which of the following statements is true, provides the best explanation for the abnormal behavior of male brown bears?

Choices:
A. Brown bears usually fight to protect their territory.During the salmon migration season, they focus on their fishing skills and rarely fight for the territory.
B. Cubs rely on female brown bears for 3 years to survive independently.Since female brown bears will not conceive during lactation, cubs between 3 and 12 months old have the highest kill rate.
C. Salmon is the main food source for North American brown bears to replenish body fat in large amounts.Brown bears struggle to gain weight by fishing in order to survive the coming severe winter.
D. In order to protect future cubs, female brown bears usually mate with multiple male brown bears, so that more male brown bears think they are the father of their cubs.

Let's think step by step before providing your final answer. However, you must conclude your assessment with the statement: 'Thus, the correct answer is: X', where 'X' is simply the letter corresponding to the answer option you've determined to be correct.","A.Brown bears usually fight to protect their territory.During the salmon migration season, they focus on their fishing skills and rarely fight for the territory.",0
AGIEval,Civil Service Examination,LogiQA-en,MC,Civil Service Examination-LogiQA-en-342,N.A.,"Computer scientists have discovered two computer viruses called ""Alibaba"" and ""Forty Thieves."" These viruses often invade computer system files, preventing the correct storage of computer files.Fortunately, there is currently no evidence that these two viruses can completely delete computer files, so computer users who find these two viruses do not have to worry about their files being erased.
Question: The above argument is wrong because it?

Choices:
A. Support it with evidence that merely restates the conclusion.
B. This fact is not considered? causality that has not been proven, one can also assume the existence of such a relationship.
C. This possibility is not considered? even if the causal relationship has not been proven, the relationship still exists.
D. It does not describe the technical mechanism by which computer viruses delete files.
","Computer scientists have discovered two computer viruses called ""Alibaba"" and ""Forty Thieves."" These viruses often invade computer system files, preventing the correct storage of computer files.Fortunately, there is currently no evidence that these two viruses can completely delete computer files, so computer users who find these two viruses do not have to worry about their files being erased.
Question: The above argument is wrong because it?

Choices:
A. Support it with evidence that merely restates the conclusion.
B. This fact is not considered? causality that has not been proven, one can also assume the existence of such a relationship.
C. This possibility is not considered? even if the causal relationship has not been proven, the relationship still exists.
D. It does not describe the technical mechanism by which computer viruses delete files.

Let's think step by step before providing your final answer. However, you must conclude your assessment with the statement: 'Thus, the correct answer is: X', where 'X' is simply the letter corresponding to the answer option you've determined to be correct.","B.This fact is not considered? causality that has not been proven, one can also assume the existence of such a relationship.",0
AGIEval,Civil Service Examination,LogiQA-en,MC,Civil Service Examination-LogiQA-en-582,N.A.,"Since the beginning of summer 2012, the United States has experienced the worst drought in more than 50 years, and two-thirds of the country ’s 48 states have suffered moderate or more drought.It is expected that corn and soybeans will be significantly reduced.However, a report released by the US Department of Agriculture on August 28 predicts that the 2012 US agricultural net income is expected to reach a record 122.2 billion US dollars, an increase of 3.7% over last year.
Question: If the following statement is true, which one best explains the two seemingly contradictory predictions?

Choices:
A. In 2012, many parts of the world suffered from natural disasters such as drought, high temperature, heavy rain, and typhoons.
B. The current international prices of corn and soybeans and domestic prices in the United States have skyrocketed.
C. U.S.farmers can obtain compensation from agricultural insurance to offset part of the impact of production cuts.
D. In response to the drought, the US government has adopted a series of rescue measures such as urgently reducing the interest rate of agricultural loans to farmers.
","Since the beginning of summer 2012, the United States has experienced the worst drought in more than 50 years, and two-thirds of the country ’s 48 states have suffered moderate or more drought.It is expected that corn and soybeans will be significantly reduced.However, a report released by the US Department of Agriculture on August 28 predicts that the 2012 US agricultural net income is expected to reach a record 122.2 billion US dollars, an increase of 3.7% over last year.
Question: If the following statement is true, which one best explains the two seemingly contradictory predictions?

Choices:
A. In 2012, many parts of the world suffered from natural disasters such as drought, high temperature, heavy rain, and typhoons.
B. The current international prices of corn and soybeans and domestic prices in the United States have skyrocketed.
C. U.S.farmers can obtain compensation from agricultural insurance to offset part of the impact of production cuts.
D. In response to the drought, the US government has adopted a series of rescue measures such as urgently reducing the interest rate of agricultural loans to farmers.

Let's think step by step before providing your final answer. However, you must conclude your assessment with the statement: 'Thus, the correct answer is: X', where 'X' is simply the letter corresponding to the answer option you've determined to be correct.",B.The current international prices of corn and soybeans and domestic prices in the United States have skyrocketed.,1
AGIEval,Civil Service Examination,LogiQA-en,MC,Civil Service Examination-LogiQA-en-261,N.A.,"Last year, the national consumer price index (CPI) rose only 1.8%, which is a moderate increase.However, people's personal feelings are quite different.They feel that water, electricity, gas, vegetables, oil, going to school to see a doctor, and buying a house by car are all rising prices, and the increase is not ""moderate.""
Question: Which of the following options does not help explain the gap between the statistics in the question and the people ’s feelings?

Choices:
A. China's current CPI statistical range and standards were formulated more than 20 years ago, and it is difficult to truly reflect the current trend of consumer prices.
B. The CPI published by the National Bureau of Statistics is a data description of the overall situation of the prices of various goods and services across the country, and it cannot fully reflect individual feelings and the differences between regions and consumption levels.
C. Products with a high degree of relevance to people's lives tend to increase prices; those with a low degree of relevance tend to fall prices.
D. High-income groups have little sense of a small price increase.
","Last year, the national consumer price index (CPI) rose only 1.8%, which is a moderate increase.However, people's personal feelings are quite different.They feel that water, electricity, gas, vegetables, oil, going to school to see a doctor, and buying a house by car are all rising prices, and the increase is not ""moderate.""
Question: Which of the following options does not help explain the gap between the statistics in the question and the people ’s feelings?

Choices:
A. China's current CPI statistical range and standards were formulated more than 20 years ago, and it is difficult to truly reflect the current trend of consumer prices.
B. The CPI published by the National Bureau of Statistics is a data description of the overall situation of the prices of various goods and services across the country, and it cannot fully reflect individual feelings and the differences between regions and consumption levels.
C. Products with a high degree of relevance to people's lives tend to increase prices; those with a low degree of relevance tend to fall prices.
D. High-income groups have little sense of a small price increase.

Let's think step by step before providing your final answer. However, you must conclude your assessment with the statement: 'Thus, the correct answer is: X', where 'X' is simply the letter corresponding to the answer option you've determined to be correct.",D.High-income groups have little sense of a small price increase.,1
AGIEval,Civil Service Examination,LogiQA-en,MC,Civil Service Examination-LogiQA-en-178,N.A.,"There is a psychological theory that to be happy, one must maintain an intimate relationship with another.However, the greatest philosophers in the world spent most of their lives in isolation, and had no intimate relationships.Therefore, this psychological theory must be wrong.
Question: Which of the following must be assumed in the above conclusion?

Choices:
A. The greatest philosophers in the world prefer to avoid intimate relationships.
B. People with intimate relationships rarely spend their time alone.
C. Loneliness is necessary for philosophers to meditate.
D. The greatest philosophers in the world are happy.
","There is a psychological theory that to be happy, one must maintain an intimate relationship with another.However, the greatest philosophers in the world spent most of their lives in isolation, and had no intimate relationships.Therefore, this psychological theory must be wrong.
Question: Which of the following must be assumed in the above conclusion?

Choices:
A. The greatest philosophers in the world prefer to avoid intimate relationships.
B. People with intimate relationships rarely spend their time alone.
C. Loneliness is necessary for philosophers to meditate.
D. The greatest philosophers in the world are happy.

Let's think step by step before providing your final answer. However, you must conclude your assessment with the statement: 'Thus, the correct answer is: X', where 'X' is simply the letter corresponding to the answer option you've determined to be correct.",D.The greatest philosophers in the world are happy.,1
AGIEval,Civil Service Examination,LogiQA-en,MC,Civil Service Examination-LogiQA-en-604,N.A.,"The World Health Organization reports that millions of people worldwide die from various medical accidents each year.In hospitals in any country, the probability of death from a medical accident is not less than 0.3%.Therefore, even cancer patients should not go to the hospital for treatment, because going to the hospital will increase the risk of death.
Question: In order to evaluate the above argument, the answer to which of the following questions is most important?

Choices:
A. What percentage of cancer patients die of medical accidents will eventually die of cancer even if they do not experience a medical accident?
B. What are the mortality rates of cancer patients who go to hospital and those who do not go to hospital?
C. Is the probability of death from a medical accident declining due to the improvement of hospital management?
D. Can patients use their own efforts to reduce the incidence of medical malpractice?
","The World Health Organization reports that millions of people worldwide die from various medical accidents each year.In hospitals in any country, the probability of death from a medical accident is not less than 0.3%.Therefore, even cancer patients should not go to the hospital for treatment, because going to the hospital will increase the risk of death.
Question: In order to evaluate the above argument, the answer to which of the following questions is most important?

Choices:
A. What percentage of cancer patients die of medical accidents will eventually die of cancer even if they do not experience a medical accident?
B. What are the mortality rates of cancer patients who go to hospital and those who do not go to hospital?
C. Is the probability of death from a medical accident declining due to the improvement of hospital management?
D. Can patients use their own efforts to reduce the incidence of medical malpractice?

Let's think step by step before providing your final answer. However, you must conclude your assessment with the statement: 'Thus, the correct answer is: X', where 'X' is simply the letter corresponding to the answer option you've determined to be correct.",A.What percentage of cancer patients die of medical accidents will eventually die of cancer even if they do not experience a medical accident?,0
AGIEval,Civil Service Examination,LogiQA-en,MC,Civil Service Examination-LogiQA-en-591,N.A.,"In the first half of this year, Beijing Kaihua Taxi received twice as many passenger complaints as Beijing Anda Taxi, indicating that Anda Taxi has more standardized management and higher service quality than Kaihua Taxi.
Question: If the following statement is true, which one best supports the above conclusion?

Choices:
A. Kaihua Taxi's number of complaints is not as high as that of Anda Taxi.
B. Kaihua Taxi's number of complaints has risen faster than that of Anda Taxi.
C. Anda Taxi has twice as many vehicles as Kaihua Taxi.
D. Complaint calls to Kaihua Taxi are usually longer than complaints to Anda Taxi.
","In the first half of this year, Beijing Kaihua Taxi received twice as many passenger complaints as Beijing Anda Taxi, indicating that Anda Taxi has more standardized management and higher service quality than Kaihua Taxi.
Question: If the following statement is true, which one best supports the above conclusion?

Choices:
A. Kaihua Taxi's number of complaints is not as high as that of Anda Taxi.
B. Kaihua Taxi's number of complaints has risen faster than that of Anda Taxi.
C. Anda Taxi has twice as many vehicles as Kaihua Taxi.
D. Complaint calls to Kaihua Taxi are usually longer than complaints to Anda Taxi.

Let's think step by step before providing your final answer. However, you must conclude your assessment with the statement: 'Thus, the correct answer is: X', where 'X' is simply the letter corresponding to the answer option you've determined to be correct.",C.Anda Taxi has twice as many vehicles as Kaihua Taxi.,1
AGIEval,Civil Service Examination,LogiQA-en,MC,Civil Service Examination-LogiQA-en-84,N.A.,"Clinical trials have shown that for people who occasionally consume a certain amount of beef jerky, most brands of beef jerky additives do not cause arterial hardening.Therefore, people can eat beef jerky without worrying about health effects.
Question: Which of the following, if true, would most weaken the above argument?

Choices:
A. Eating large amounts of beef jerky is not conducive to arterial health.
B. Arterial health is not equal to physical health.
C. Meat contains substances harmful to the human body.
D. People who like to eat beef jerky often like to eat other foods that are harmful to arterial health.
","Clinical trials have shown that for people who occasionally consume a certain amount of beef jerky, most brands of beef jerky additives do not cause arterial hardening.Therefore, people can eat beef jerky without worrying about health effects.
Question: Which of the following, if true, would most weaken the above argument?

Choices:
A. Eating large amounts of beef jerky is not conducive to arterial health.
B. Arterial health is not equal to physical health.
C. Meat contains substances harmful to the human body.
D. People who like to eat beef jerky often like to eat other foods that are harmful to arterial health.

Let's think step by step before providing your final answer. However, you must conclude your assessment with the statement: 'Thus, the correct answer is: X', where 'X' is simply the letter corresponding to the answer option you've determined to be correct.",B.Arterial health is not equal to physical health.,0
AGIEval,Civil Service Examination,LogiQA-en,MC,Civil Service Examination-LogiQA-en-396,N.A.,"There are 7 athletes participating in the men's 5km finals? S, T, U, W, X, Y and Z.The costumes worn by athletes are either red or green.No athletes reach the finish line at the same time.The known information is as follows? Athletes who reach the finish line in succession are not all red.Y reached the end point at a time before T and W.Two athletes who reached the finish line before Y happened to be wearing red costumes.S is the sixth athlete to reach the finish line.Z reached the end at a certain moment before U.
Question: If the clothing of three athletes happens to be green, which of the following athletes must be green?

Choices:
A. S
B. T
C. W
D. Z
","There are 7 athletes participating in the men's 5km finals? S, T, U, W, X, Y and Z.The costumes worn by athletes are either red or green.No athletes reach the finish line at the same time.The known information is as follows? Athletes who reach the finish line in succession are not all red.Y reached the end point at a time before T and W.Two athletes who reached the finish line before Y happened to be wearing red costumes.S is the sixth athlete to reach the finish line.Z reached the end at a certain moment before U.
Question: If the clothing of three athletes happens to be green, which of the following athletes must be green?

Choices:
A. S
B. T
C. W
D. Z

Let's think step by step before providing your final answer. However, you must conclude your assessment with the statement: 'Thus, the correct answer is: X', where 'X' is simply the letter corresponding to the answer option you've determined to be correct.",A.S,1
AGIEval,Civil Service Examination,LogiQA-en,MC,Civil Service Examination-LogiQA-en-585,N.A.,"Wastewater treatment consumes a lot of electricity.Researchers at a university in the United States have recently developed a new microbial battery technology that has increased the efficiency of electricity generation from sewage by 10 to 50 times.Using this technology, the sewage treatment plant can not only realize electricity self-sufficiency, but also sell the surplus electricity.It can be expected that once this technology is put into commercial operation, the attitude of enterprises towards sewage treatment will become proactive, thereby reducing the environmental pollution caused by sewage discharge.
Question: The answer to which of the following questions is most relevant to the assessment of the above judgment?

Choices:
A. Will the technology transfer and equipment cost of sewage treatment in this way be high?
B. Can this technology effectively treat heavy metals in chemical plant wastewater?
C. Will this sewage treatment cause air pollution due to the release of methane?
D. Will the environmental protection department increase the supervision of the company's discharge situation?
","Wastewater treatment consumes a lot of electricity.Researchers at a university in the United States have recently developed a new microbial battery technology that has increased the efficiency of electricity generation from sewage by 10 to 50 times.Using this technology, the sewage treatment plant can not only realize electricity self-sufficiency, but also sell the surplus electricity.It can be expected that once this technology is put into commercial operation, the attitude of enterprises towards sewage treatment will become proactive, thereby reducing the environmental pollution caused by sewage discharge.
Question: The answer to which of the following questions is most relevant to the assessment of the above judgment?

Choices:
A. Will the technology transfer and equipment cost of sewage treatment in this way be high?
B. Can this technology effectively treat heavy metals in chemical plant wastewater?
C. Will this sewage treatment cause air pollution due to the release of methane?
D. Will the environmental protection department increase the supervision of the company's discharge situation?

Let's think step by step before providing your final answer. However, you must conclude your assessment with the statement: 'Thus, the correct answer is: X', where 'X' is simply the letter corresponding to the answer option you've determined to be correct.",A.Will the technology transfer and equipment cost of sewage treatment in this way be high?,1
AGIEval,Civil Service Examination,LogiQA-en,MC,Civil Service Examination-LogiQA-en-80,N.A.,"There are more and more Chinese computer software that can correct vocabulary, grammar and punctuation are used incorrectly.Even if journalists do not have a good Chinese language foundation, they will not hinder writing.Therefore, schools that train journalists do not need to pay attention to the improvement of students 'Chinese ability, but should pay attention to the training of journalists' other qualities.
Question: Which of the following, if true, would most weaken the above arguments and suggestions?

Choices:
A. Avoiding errors in vocabulary, grammar, and punctuation does not necessarily ensure the language quality of the manuscript.
B. Journalism courses have always emphasized and required students to be proficient in using computers and familiar with various software.
C. The more effective the Chinese software is, the more likely it is to be pirated.
D. Opening a new course at the School of Journalism requires a complicated process of argumentation and approval.
","There are more and more Chinese computer software that can correct vocabulary, grammar and punctuation are used incorrectly.Even if journalists do not have a good Chinese language foundation, they will not hinder writing.Therefore, schools that train journalists do not need to pay attention to the improvement of students 'Chinese ability, but should pay attention to the training of journalists' other qualities.
Question: Which of the following, if true, would most weaken the above arguments and suggestions?

Choices:
A. Avoiding errors in vocabulary, grammar, and punctuation does not necessarily ensure the language quality of the manuscript.
B. Journalism courses have always emphasized and required students to be proficient in using computers and familiar with various software.
C. The more effective the Chinese software is, the more likely it is to be pirated.
D. Opening a new course at the School of Journalism requires a complicated process of argumentation and approval.

Let's think step by step before providing your final answer. However, you must conclude your assessment with the statement: 'Thus, the correct answer is: X', where 'X' is simply the letter corresponding to the answer option you've determined to be correct.","A.Avoiding errors in vocabulary, grammar, and punctuation does not necessarily ensure the language quality of the manuscript.",1
AGIEval,Civil Service Examination,LogiQA-en,MC,Civil Service Examination-LogiQA-en-24,N.A.,"An institution conducted a survey on the average house prices of three types of residential housing in three cities (A.B, and C) in eastern China (these are villas, ordinary commercial houses, and affordable housing from high to low), and the published information includes The following content? according to the price of villa houses, from high to low are A City, B City, and C City; according to the price of ordinary commercial houses, from high to low are A City, B City, and B City; according to affordable housing prices , From high to low are B city, A city, C city.
Question: Regarding the overall average price of residential housing in the above three cities, which of the following judgments is wrong?

Choices:
A. The overall average price of residential housing in A City is the highest
B. The overall average price of residential housing in City B is in the middle
C. The overall average price of residential housing in Cingcheng is the lowest
D. The overall average price of residential housing in A City is the lowest
","An institution conducted a survey on the average house prices of three types of residential housing in three cities (A.B, and C) in eastern China (these are villas, ordinary commercial houses, and affordable housing from high to low), and the published information includes The following content? according to the price of villa houses, from high to low are A City, B City, and C City; according to the price of ordinary commercial houses, from high to low are A City, B City, and B City; according to affordable housing prices , From high to low are B city, A city, C city.
Question: Regarding the overall average price of residential housing in the above three cities, which of the following judgments is wrong?

Choices:
A. The overall average price of residential housing in A City is the highest
B. The overall average price of residential housing in City B is in the middle
C. The overall average price of residential housing in Cingcheng is the lowest
D. The overall average price of residential housing in A City is the lowest

Let's think step by step before providing your final answer. However, you must conclude your assessment with the statement: 'Thus, the correct answer is: X', where 'X' is simply the letter corresponding to the answer option you've determined to be correct.",D.The overall average price of residential housing in A City is the lowest,1
AGIEval,Civil Service Examination,LogiQA-en,MC,Civil Service Examination-LogiQA-en-249,N.A.,"In a magic show, from the seven magicians-G.H.K.L.N.P and Q, choose 6 people to play, and the performance is divided into two teams? 1 team and 2 teams.Each team consists of three positions? front, middle, and back.The magicians on the field happen to occupy one position each.The choice and location of the magician must meet the following conditions? (1) If G or H is arranged to play, they must be in the front.Bit.(2) If K is scheduled to play, he must be in the middle.(3) If L is scheduled to play, he must be on team 1.(4) Neither P nor K can be in the same team as N.(5) P cannot be in the same team as Q.(6) If H is in team 2, Q is in the middle of team 1.
Question: If H is in Team 2, which of the listed arrangements is acceptable for Team 1?

Choices:
A. Before? L Middle? Q After? N
B. Before? G In? K After? N
C. Before? L Middle? Q After? G
D. Before? G Middle? K After? L
","In a magic show, from the seven magicians-G.H.K.L.N.P and Q, choose 6 people to play, and the performance is divided into two teams? 1 team and 2 teams.Each team consists of three positions? front, middle, and back.The magicians on the field happen to occupy one position each.The choice and location of the magician must meet the following conditions? (1) If G or H is arranged to play, they must be in the front.Bit.(2) If K is scheduled to play, he must be in the middle.(3) If L is scheduled to play, he must be on team 1.(4) Neither P nor K can be in the same team as N.(5) P cannot be in the same team as Q.(6) If H is in team 2, Q is in the middle of team 1.
Question: If H is in Team 2, which of the listed arrangements is acceptable for Team 1?

Choices:
A. Before? L Middle? Q After? N
B. Before? G In? K After? N
C. Before? L Middle? Q After? G
D. Before? G Middle? K After? L

Let's think step by step before providing your final answer. However, you must conclude your assessment with the statement: 'Thus, the correct answer is: X', where 'X' is simply the letter corresponding to the answer option you've determined to be correct.",A.Before? L Middle? Q After? N,0
AGIEval,Civil Service Examination,LogiQA-en,MC,Civil Service Examination-LogiQA-en-339,N.A.,"The president of the company believes that the prosecution process should allow the prosecutor and the defendant to choose a mediator who can help them solve the problem.The cost of prosecution is large, and the mediator may solve most of these problems.The suggestion made was that mediation was started later in the prosecution process, which had little effect.
Question: Which of the following statements, if true, paid the strongest criticism of the company ’s general manager on the human resources department ’s proposal?

Choices:
A. Many disputes have been resolved without a mediator.
B. Those who filed prosecutions are unreasonable and will refuse to listen to the mediator ’s opinion.
C. The mediation process itself will take as much time as the current prosecution process.
D. As the court debate progresses, the attitude between the opponents will tend to be tougher, making mutual compromises less likely.
","The president of the company believes that the prosecution process should allow the prosecutor and the defendant to choose a mediator who can help them solve the problem.The cost of prosecution is large, and the mediator may solve most of these problems.The suggestion made was that mediation was started later in the prosecution process, which had little effect.
Question: Which of the following statements, if true, paid the strongest criticism of the company ’s general manager on the human resources department ’s proposal?

Choices:
A. Many disputes have been resolved without a mediator.
B. Those who filed prosecutions are unreasonable and will refuse to listen to the mediator ’s opinion.
C. The mediation process itself will take as much time as the current prosecution process.
D. As the court debate progresses, the attitude between the opponents will tend to be tougher, making mutual compromises less likely.

Let's think step by step before providing your final answer. However, you must conclude your assessment with the statement: 'Thus, the correct answer is: X', where 'X' is simply the letter corresponding to the answer option you've determined to be correct.","D.As the court debate progresses, the attitude between the opponents will tend to be tougher, making mutual compromises less likely.",1
AGIEval,Civil Service Examination,LogiQA-en,MC,Civil Service Examination-LogiQA-en-474,N.A.,"The important difference between a civilized man and a barbarian or other animals is to suppress the instinctive impulse through foresight.Only when a person does something is not driven by instinctive impulse, but because his reason tells him, At some point in the future he will benefit from it, and then there is real foresight.Cultivating the land is a far-sighted action, people work in the spring to eat food in winter
Question: Which of the following statements is the hypothesis that the above argument relies on?

Choices:
A. Is it possible to suppress the instinctive impulse by thinking deeply, this is the only difference between civilized people and barbarians or other animals
B. Actions such as squirrel burying chestnuts and arctic fox burying bird eggs are purely instinct-driven actions
C. The stronger the restraint of one's own instinct impulses, the greater the tolerance of the current pain, and therefore the higher the degree of civilization
D. People not only suppress their instinctive impulses through their foresight, but also suppress their instinct impulses through external laws, customs and religions.
","The important difference between a civilized man and a barbarian or other animals is to suppress the instinctive impulse through foresight.Only when a person does something is not driven by instinctive impulse, but because his reason tells him, At some point in the future he will benefit from it, and then there is real foresight.Cultivating the land is a far-sighted action, people work in the spring to eat food in winter
Question: Which of the following statements is the hypothesis that the above argument relies on?

Choices:
A. Is it possible to suppress the instinctive impulse by thinking deeply, this is the only difference between civilized people and barbarians or other animals
B. Actions such as squirrel burying chestnuts and arctic fox burying bird eggs are purely instinct-driven actions
C. The stronger the restraint of one's own instinct impulses, the greater the tolerance of the current pain, and therefore the higher the degree of civilization
D. People not only suppress their instinctive impulses through their foresight, but also suppress their instinct impulses through external laws, customs and religions.

Let's think step by step before providing your final answer. However, you must conclude your assessment with the statement: 'Thus, the correct answer is: X', where 'X' is simply the letter corresponding to the answer option you've determined to be correct.","C.The stronger the restraint of one's own instinct impulses, the greater the tolerance of the current pain, and therefore the higher the degree of civilization",0
AGIEval,Civil Service Examination,LogiQA-en,MC,Civil Service Examination-LogiQA-en-355,N.A.,"Sun Tzu's Art of War"" said? ""Bing Gui wins, it is not long."" It means that the tactics of using soldiers can win, and you must fight quickly.However, Mao Zedong's ""On Protracted Warfare"" advocated protracted warfare, and the Chinese army won the anti-Japanese war by protracted warfare.It can be seen that ""On the Protracted War"" and ""Sun Tzu Art of War"" are inconsistent in the view that ""the soldiers are not expensive"".
Question: If any of the following statements are true, can the above argument be weakened most effectively?

Choices:
A. During World War II, the German army achieved a series of victories by blitzkrieg, and was dragged into a protracted battle after entering the Soviet Union.As a result, Hitler repeated Napoleon's mistakes.
B. The invaders of the Japanese invaders must have a quick decision.Mao Zedong's protracted war is a countermeasure against the enemy's quick decisive battle.He is talking about long-lasting strategy, not long-lasting tactics.
C. The current war on terrorism in the world is a partial or short-term battle, and an overall or long-term battle.
D. Mao Zedong's military writings and ""Sun Zi's Art of War"" have a high degree of consistency in the viewpoints of ""knowing each other and knowing oneself, fighting a hundred battles"" and ""preparing one's opponents and being surprised.""
","Sun Tzu's Art of War"" said? ""Bing Gui wins, it is not long."" It means that the tactics of using soldiers can win, and you must fight quickly.However, Mao Zedong's ""On Protracted Warfare"" advocated protracted warfare, and the Chinese army won the anti-Japanese war by protracted warfare.It can be seen that ""On the Protracted War"" and ""Sun Tzu Art of War"" are inconsistent in the view that ""the soldiers are not expensive"".
Question: If any of the following statements are true, can the above argument be weakened most effectively?

Choices:
A. During World War II, the German army achieved a series of victories by blitzkrieg, and was dragged into a protracted battle after entering the Soviet Union.As a result, Hitler repeated Napoleon's mistakes.
B. The invaders of the Japanese invaders must have a quick decision.Mao Zedong's protracted war is a countermeasure against the enemy's quick decisive battle.He is talking about long-lasting strategy, not long-lasting tactics.
C. The current war on terrorism in the world is a partial or short-term battle, and an overall or long-term battle.
D. Mao Zedong's military writings and ""Sun Zi's Art of War"" have a high degree of consistency in the viewpoints of ""knowing each other and knowing oneself, fighting a hundred battles"" and ""preparing one's opponents and being surprised.""

Let's think step by step before providing your final answer. However, you must conclude your assessment with the statement: 'Thus, the correct answer is: X', where 'X' is simply the letter corresponding to the answer option you've determined to be correct.","B.The invaders of the Japanese invaders must have a quick decision.Mao Zedong's protracted war is a countermeasure against the enemy's quick decisive battle.He is talking about long-lasting strategy, not long-lasting tactics.",1
AGIEval,Civil Service Examination,LogiQA-en,MC,Civil Service Examination-LogiQA-en-236,N.A.,"If I debate with you, can we distinguish between true and false? You and I do n’t know, and everyone else has prejudices.Who can we judge? Please judge with someone who shares your opinion.Since he has the same opinion as you, how can he judge? Please judge by someone who has the same opinion as me.Since he has the same opinion as me, how can he judge? Please judge with people who have different opinions from you and me.Since he has different opinions from you and me, how can he judge? Therefore, ""invincible"".
Question: Which of the following most accurately describes the shortcomings of the above argument?

Choices:
A. The above argument seriously ignores the implementation standards and logical standards beyond the debaters and commentators.
B. The above argument has a logical error of ""confused concept"".
C. The reasons in the above argument are untrue and inconsistent with each other.
D. The above argument is guilty of a ""mis-problem"" logical error.
","If I debate with you, can we distinguish between true and false? You and I do n’t know, and everyone else has prejudices.Who can we judge? Please judge with someone who shares your opinion.Since he has the same opinion as you, how can he judge? Please judge by someone who has the same opinion as me.Since he has the same opinion as me, how can he judge? Please judge with people who have different opinions from you and me.Since he has different opinions from you and me, how can he judge? Therefore, ""invincible"".
Question: Which of the following most accurately describes the shortcomings of the above argument?

Choices:
A. The above argument seriously ignores the implementation standards and logical standards beyond the debaters and commentators.
B. The above argument has a logical error of ""confused concept"".
C. The reasons in the above argument are untrue and inconsistent with each other.
D. The above argument is guilty of a ""mis-problem"" logical error.

Let's think step by step before providing your final answer. However, you must conclude your assessment with the statement: 'Thus, the correct answer is: X', where 'X' is simply the letter corresponding to the answer option you've determined to be correct.",A.The above argument seriously ignores the implementation standards and logical standards beyond the debaters and commentators.,1
AGIEval,Civil Service Examination,LogiQA-en,MC,Civil Service Examination-LogiQA-en-282,N.A.,"A university holds a Go game.After the first round of knockout, the six players who entered the second round are of equal strength, but they can still score points.In the two rounds that have been played, Chessman A defeats Chessman B, and Chesser B applauses Chessman C.Tomorrow, Chess Armor and C will play.
Question: Please logically predict the result of the match based on the question?

Choices:
A. Chess armor will definitely win
B. Chess player C will definitely win
C. The two will be tied
D. Chess armor is likely to win, but it is also possible to lose
","A university holds a Go game.After the first round of knockout, the six players who entered the second round are of equal strength, but they can still score points.In the two rounds that have been played, Chessman A defeats Chessman B, and Chesser B applauses Chessman C.Tomorrow, Chess Armor and C will play.
Question: Please logically predict the result of the match based on the question?

Choices:
A. Chess armor will definitely win
B. Chess player C will definitely win
C. The two will be tied
D. Chess armor is likely to win, but it is also possible to lose

Let's think step by step before providing your final answer. However, you must conclude your assessment with the statement: 'Thus, the correct answer is: X', where 'X' is simply the letter corresponding to the answer option you've determined to be correct.","D.Chess armor is likely to win, but it is also possible to lose",1
AGIEval,Civil Service Examination,LogiQA-en,MC,Civil Service Examination-LogiQA-en-258,N.A.,"The gap in compensation for senior managers reflects the way companies work across departments.If this gap is large, it stimulates competition between departments and individual performance; if this gap is small, it stimulates cooperation and collective performance between departments.3M companies work in cooperation with each other, so ______________
Question: Which of the following statements is the most appropriate conclusion for the above argument?

Choices:
A. Senior managers of 3M companies have a large gap in compensation.
B. Working in a cooperative manner can share some resources and information.
C. 3M company's senior managers have smaller gaps in compensation
D. Working in a competitive manner can improve the efficiency of various departments.
","The gap in compensation for senior managers reflects the way companies work across departments.If this gap is large, it stimulates competition between departments and individual performance; if this gap is small, it stimulates cooperation and collective performance between departments.3M companies work in cooperation with each other, so ______________
Question: Which of the following statements is the most appropriate conclusion for the above argument?

Choices:
A. Senior managers of 3M companies have a large gap in compensation.
B. Working in a cooperative manner can share some resources and information.
C. 3M company's senior managers have smaller gaps in compensation
D. Working in a competitive manner can improve the efficiency of various departments.

Let's think step by step before providing your final answer. However, you must conclude your assessment with the statement: 'Thus, the correct answer is: X', where 'X' is simply the letter corresponding to the answer option you've determined to be correct.",C.3M company's senior managers have smaller gaps in compensation,1
AGIEval,Civil Service Examination,LogiQA-en,MC,Civil Service Examination-LogiQA-en-138,N.A.,"The salesperson said to customers? ""The compressor is the core component of the refrigerator.The Penguin refrigerator uses the same high quality compressor as the Polar Bear refrigerator.Because the price of the Penguin refrigerator is much lower than that of the Polar Bear refrigerator So, when you buy a Penguin refrigerator instead of a Polar Bear refrigerator, you can get the same cooling effect with less money.""
Question: Which of the following, if proven, can reasonably lead to the salesperson ’s conclusion?

Choices:
A. Polar bear brand refrigerators have more advertisements than penguin brand refrigerators.
B. The salesperson earned less revenue from selling a Penguin refrigerator than from selling a Polar Bear refrigerator.
C. The refrigeration effect of a refrigerator is solely determined by the quality of its compressor.
D. The annual sales volume of refrigerators is larger than the annual sales volume of Polar Bear refrigerators.
","The salesperson said to customers? ""The compressor is the core component of the refrigerator.The Penguin refrigerator uses the same high quality compressor as the Polar Bear refrigerator.Because the price of the Penguin refrigerator is much lower than that of the Polar Bear refrigerator So, when you buy a Penguin refrigerator instead of a Polar Bear refrigerator, you can get the same cooling effect with less money.""
Question: Which of the following, if proven, can reasonably lead to the salesperson ’s conclusion?

Choices:
A. Polar bear brand refrigerators have more advertisements than penguin brand refrigerators.
B. The salesperson earned less revenue from selling a Penguin refrigerator than from selling a Polar Bear refrigerator.
C. The refrigeration effect of a refrigerator is solely determined by the quality of its compressor.
D. The annual sales volume of refrigerators is larger than the annual sales volume of Polar Bear refrigerators.

Let's think step by step before providing your final answer. However, you must conclude your assessment with the statement: 'Thus, the correct answer is: X', where 'X' is simply the letter corresponding to the answer option you've determined to be correct.",C.The refrigeration effect of a refrigerator is solely determined by the quality of its compressor.,1
AGIEval,Civil Service Examination,LogiQA-en,MC,Civil Service Examination-LogiQA-en-276,N.A.,"twenty four.A Beijing newspaper published the statistical data of a forensic forensic center in Beijing under the title of ""15% of fathers raising children for others""? 15% of the nearly 600 people who conducted paternity tests in Beijing within a year Excluded the parent-child relationship.
Question: Which of the following does not question the reliability of statistical inference?

Choices:
A. The title of the article should be limited? 15% of the fathers who carry out paternity tests will raise children for others.
B. When the paternity test was conducted, there was already doubt about its parent-child relationship.
C. Can modern science and technology really accurately identify the parent-child relationship?
D. The cost of paternity testing is too high.
","twenty four.A Beijing newspaper published the statistical data of a forensic forensic center in Beijing under the title of ""15% of fathers raising children for others""? 15% of the nearly 600 people who conducted paternity tests in Beijing within a year Excluded the parent-child relationship.
Question: Which of the following does not question the reliability of statistical inference?

Choices:
A. The title of the article should be limited? 15% of the fathers who carry out paternity tests will raise children for others.
B. When the paternity test was conducted, there was already doubt about its parent-child relationship.
C. Can modern science and technology really accurately identify the parent-child relationship?
D. The cost of paternity testing is too high.

Let's think step by step before providing your final answer. However, you must conclude your assessment with the statement: 'Thus, the correct answer is: X', where 'X' is simply the letter corresponding to the answer option you've determined to be correct.",D.The cost of paternity testing is too high.,1
AGIEval,Civil Service Examination,LogiQA-en,MC,Civil Service Examination-LogiQA-en-237,N.A.,"Corporate governance depends on the laws made by the legislator.However, the law alone is not enough, and it must also rely on the best action guidelines for managers.For example, the criterion of ""the directors of a company should have excellent talents"", the law cannot give a standard definition of what is ""excellent talents"".The advantage of the optimal action criterion is that it adopts a more flexible standard.
Question: Which of the following statements is the hypothesis upon which the superior argument depends?

Choices:
A. Only when the law can be implemented, the law will have an effect.
B. Adopting a less flexible standard cannot take advantage of the optimal action criterion.
C. Adopting a more flexible standard to formulate laws will bring trouble to the implementation of laws.
D. Even if you can only take advantage of the most actionable standards, the law is indispensable.
","Corporate governance depends on the laws made by the legislator.However, the law alone is not enough, and it must also rely on the best action guidelines for managers.For example, the criterion of ""the directors of a company should have excellent talents"", the law cannot give a standard definition of what is ""excellent talents"".The advantage of the optimal action criterion is that it adopts a more flexible standard.
Question: Which of the following statements is the hypothesis upon which the superior argument depends?

Choices:
A. Only when the law can be implemented, the law will have an effect.
B. Adopting a less flexible standard cannot take advantage of the optimal action criterion.
C. Adopting a more flexible standard to formulate laws will bring trouble to the implementation of laws.
D. Even if you can only take advantage of the most actionable standards, the law is indispensable.

Let's think step by step before providing your final answer. However, you must conclude your assessment with the statement: 'Thus, the correct answer is: X', where 'X' is simply the letter corresponding to the answer option you've determined to be correct.",B.Adopting a less flexible standard cannot take advantage of the optimal action criterion.,1
AGIEval,Civil Service Examination,LogiQA-en,MC,Civil Service Examination-LogiQA-en-450,N.A.,"There are 6 singers? F, G, L, K, H, M.3 piano accompaniment? X, Y, W.Each piano accompanimentist happened to accompany two of the singers.Known condition information is as follows? (1) If X is F accompaniment, then W is L accompaniment.(2) If X is not a G accompaniment, then Y is an M accompaniment.(3) X or Y is H accompaniment.(4) F and G do not share accompaniment; L and K do not share accompaniment; H and M do not share accompaniment.
Question: If W is the accompaniment of F and M, which pair of singers can X accompany?

Choices:
A. G and H
B. G and K
C. L and H
D. L and K
","There are 6 singers? F, G, L, K, H, M.3 piano accompaniment? X, Y, W.Each piano accompanimentist happened to accompany two of the singers.Known condition information is as follows? (1) If X is F accompaniment, then W is L accompaniment.(2) If X is not a G accompaniment, then Y is an M accompaniment.(3) X or Y is H accompaniment.(4) F and G do not share accompaniment; L and K do not share accompaniment; H and M do not share accompaniment.
Question: If W is the accompaniment of F and M, which pair of singers can X accompany?

Choices:
A. G and H
B. G and K
C. L and H
D. L and K

Let's think step by step before providing your final answer. However, you must conclude your assessment with the statement: 'Thus, the correct answer is: X', where 'X' is simply the letter corresponding to the answer option you've determined to be correct.",B.G and K,1
AGIEval,Civil Service Examination,LogiQA-en,MC,Civil Service Examination-LogiQA-en-213,N.A.,"The report on an important experimental result is controversial.The experiment was repeated under the guidance of a scientist, but the same result as the original experiment was not obtained; the scientist concluded from this? the initial experiment The result is caused by the wrong measurement method.
Question: Which of the following is the hypothetical hypothesis of this scientist?

Choices:
A. If the result of an experiment is correct, then the experiment under the same conditions should yield the same result.
B. Since the initial experiment was not recorded in sufficient detail, it is unlikely to repeat this experiment completely.
C. Repeating the experiment will not cause problematic results due to the wrong measurement method as the original experiment.
D. The initial experimental results made a theoretical principle questionable, and the basis of the principle itself is insufficient.
","The report on an important experimental result is controversial.The experiment was repeated under the guidance of a scientist, but the same result as the original experiment was not obtained; the scientist concluded from this? the initial experiment The result is caused by the wrong measurement method.
Question: Which of the following is the hypothetical hypothesis of this scientist?

Choices:
A. If the result of an experiment is correct, then the experiment under the same conditions should yield the same result.
B. Since the initial experiment was not recorded in sufficient detail, it is unlikely to repeat this experiment completely.
C. Repeating the experiment will not cause problematic results due to the wrong measurement method as the original experiment.
D. The initial experimental results made a theoretical principle questionable, and the basis of the principle itself is insufficient.

Let's think step by step before providing your final answer. However, you must conclude your assessment with the statement: 'Thus, the correct answer is: X', where 'X' is simply the letter corresponding to the answer option you've determined to be correct.","A.If the result of an experiment is correct, then the experiment under the same conditions should yield the same result.",1
AGIEval,Civil Service Examination,LogiQA-en,MC,Civil Service Examination-LogiQA-en-10,N.A.,"Researchers recently discovered that there is an area called the thalamus pillow deep in the human brain, which is like an information desk operator, responsible for sorting out the external stimulus information and focusing human attention on the most important for behavior and survival Information.The researchers pointed out that this discovery is expected to bring new treatments for disorders such as attention deficit hyperactivity disorder and schizophrenia caused by lack of attention.
Question: Which of the following is assumed by the above argument

Choices:
A. Some schizophrenia are not caused by lack of attention
B. Visual information is only transmitted through the visual cortex to obtain a neural network to transmit
C. Researchers have developed a new technology that can directly track the communication between the nerve cortex in the visual cortex and thalamus occipital region
D. The brain cannot process too much information in detail at the same time, and will only selectively focus on the things most relevant to the behavior
","Researchers recently discovered that there is an area called the thalamus pillow deep in the human brain, which is like an information desk operator, responsible for sorting out the external stimulus information and focusing human attention on the most important for behavior and survival Information.The researchers pointed out that this discovery is expected to bring new treatments for disorders such as attention deficit hyperactivity disorder and schizophrenia caused by lack of attention.
Question: Which of the following is assumed by the above argument

Choices:
A. Some schizophrenia are not caused by lack of attention
B. Visual information is only transmitted through the visual cortex to obtain a neural network to transmit
C. Researchers have developed a new technology that can directly track the communication between the nerve cortex in the visual cortex and thalamus occipital region
D. The brain cannot process too much information in detail at the same time, and will only selectively focus on the things most relevant to the behavior

Let's think step by step before providing your final answer. However, you must conclude your assessment with the statement: 'Thus, the correct answer is: X', where 'X' is simply the letter corresponding to the answer option you've determined to be correct.","D.The brain cannot process too much information in detail at the same time, and will only selectively focus on the things most relevant to the behavior",1
AGIEval,Civil Service Examination,LogiQA-en,MC,Civil Service Examination-LogiQA-en-245,N.A.,"The members of the printing group and the binding group are mainly from the following seven employees-F, G, H, J, K, L and M.The members of each group must meet the following conditions? (1) Each group has at least 3 employees .(2) F and K cannot be in the same group.(3) If K is in a certain group, J must also be in this group.(4) M is at least one of the members of these two groups.(5) At least one of the same employees in both groups.
Question: If the printing group has only three members, G, H, and L, and under sufficient conditions, the two groups have as many common members as possible, then which of the following statements must be true?

Choices:
A. The binding group and the printing group happen to have a common member.
B. The binding group and the printing group have exactly two members in common.
C. The number of members in the binding and printing groups is the same.
D. The number of members of the bookbinding group is at least one more than that of the printing group.
","The members of the printing group and the binding group are mainly from the following seven employees-F, G, H, J, K, L and M.The members of each group must meet the following conditions? (1) Each group has at least 3 employees .(2) F and K cannot be in the same group.(3) If K is in a certain group, J must also be in this group.(4) M is at least one of the members of these two groups.(5) At least one of the same employees in both groups.
Question: If the printing group has only three members, G, H, and L, and under sufficient conditions, the two groups have as many common members as possible, then which of the following statements must be true?

Choices:
A. The binding group and the printing group happen to have a common member.
B. The binding group and the printing group have exactly two members in common.
C. The number of members in the binding and printing groups is the same.
D. The number of members of the bookbinding group is at least one more than that of the printing group.

Let's think step by step before providing your final answer. However, you must conclude your assessment with the statement: 'Thus, the correct answer is: X', where 'X' is simply the letter corresponding to the answer option you've determined to be correct.",D.The number of members of the bookbinding group is at least one more than that of the printing group.,1
AGIEval,Civil Service Examination,LogiQA-en,MC,Civil Service Examination-LogiQA-en-272,N.A.,"Safety accidents in China's coal industry occur frequently, often resulting in serious casualties.The deep and fundamental reasons for this phenomenon are? the safety measures are not in place, the production of safety equipment is backward, the production in violation of laws and regulations is seriously violated, and some local leading cadres and staff have seriously neglected their duties.
Question: Which of the following options poses the weakest question to the point of view in the question?

Choices:
A. Government officials participated in the shares and formed a community of interests with the mine owners, resulting in problems such as inadequate security measures.
B. Enterprises or miners have less investment in safe production, which can increase profits, leading to problems such as illegal production.
C. In pursuit of local GDP growth, local governments and their law enforcement agencies have caused problems such as weak inspections on production safety.
D. Although the miner's family depends on the miner to feed him, he hopes he will return home safely.
","Safety accidents in China's coal industry occur frequently, often resulting in serious casualties.The deep and fundamental reasons for this phenomenon are? the safety measures are not in place, the production of safety equipment is backward, the production in violation of laws and regulations is seriously violated, and some local leading cadres and staff have seriously neglected their duties.
Question: Which of the following options poses the weakest question to the point of view in the question?

Choices:
A. Government officials participated in the shares and formed a community of interests with the mine owners, resulting in problems such as inadequate security measures.
B. Enterprises or miners have less investment in safe production, which can increase profits, leading to problems such as illegal production.
C. In pursuit of local GDP growth, local governments and their law enforcement agencies have caused problems such as weak inspections on production safety.
D. Although the miner's family depends on the miner to feed him, he hopes he will return home safely.

Let's think step by step before providing your final answer. However, you must conclude your assessment with the statement: 'Thus, the correct answer is: X', where 'X' is simply the letter corresponding to the answer option you've determined to be correct.","D.Although the miner's family depends on the miner to feed him, he hopes he will return home safely.",1
AGIEval,Civil Service Examination,LogiQA-en,MC,Civil Service Examination-LogiQA-en-358,N.A.,"Words such as ""kindness"" and ""awesome"" can cause people to respond positively; while words such as ""evil"" and ""nausea"" can cause people to react negatively.Recent psychology experiments have shown that many meaningless words can also cause people to respond positively or negatively.This shows that people's reactions to words are not only affected by the meaning of words, but also by the pronunciation of words.
Question: A lot of meaningless words can cause people to respond positively or negatively."" Which of the following roles does this assertion play in the above argument?

Choices:
A. It is a premise to support the conclusion that ""all words can cause people to respond positively or negatively.""
B. It is a conclusion, and the only evidence that supports it is the claim that people ’s reactions to words are only affected by the meaning and pronunciation of words.
C. It is a conclusion that is partially supported by meaningful words that can elicit positive or negative reactions.
D. It is a premise to support the conclusion that ""people's reactions to words are affected not only by the meaning of the words, but also by the pronunciation of the words"".
","Words such as ""kindness"" and ""awesome"" can cause people to respond positively; while words such as ""evil"" and ""nausea"" can cause people to react negatively.Recent psychology experiments have shown that many meaningless words can also cause people to respond positively or negatively.This shows that people's reactions to words are not only affected by the meaning of words, but also by the pronunciation of words.
Question: A lot of meaningless words can cause people to respond positively or negatively."" Which of the following roles does this assertion play in the above argument?

Choices:
A. It is a premise to support the conclusion that ""all words can cause people to respond positively or negatively.""
B. It is a conclusion, and the only evidence that supports it is the claim that people ’s reactions to words are only affected by the meaning and pronunciation of words.
C. It is a conclusion that is partially supported by meaningful words that can elicit positive or negative reactions.
D. It is a premise to support the conclusion that ""people's reactions to words are affected not only by the meaning of the words, but also by the pronunciation of the words"".

Let's think step by step before providing your final answer. However, you must conclude your assessment with the statement: 'Thus, the correct answer is: X', where 'X' is simply the letter corresponding to the answer option you've determined to be correct.","D.It is a premise to support the conclusion that ""people's reactions to words are affected not only by the meaning of the words, but also by the pronunciation of the words"".",1
AGIEval,Civil Service Examination,LogiQA-en,MC,Civil Service Examination-LogiQA-en-297,N.A.,"Challenges are an important source of self-knowledge, because those who pay attention to how they respond emotionally and physically when accepting challenges can more effectively gain insight into their weaknesses.
Question: Which of the following is most consistent with the principles discussed above?

Choices:
A. A pianist at the concert should not take a completely negative view of the mistakes that occurred in the difficult performance, and understand why the mistakes occurred, so that the pianist can make better preparations for future performances.
B. A salesperson should understand that the commission earned is not only a reward for the sales transaction, but also should be satisfied by the personality charm they show in the sales transaction.
C. Compassion is very valuable, not only because it can bring people a good feeling, but also it can bring some opportunities to enrich the lives of others.
D. Even if you are afraid to speak in public, you should accept the invitation to speak in front of the masses.People will admire your courage, and you can also get a sense of satisfaction in accomplishing things that you cannot accomplish.
","Challenges are an important source of self-knowledge, because those who pay attention to how they respond emotionally and physically when accepting challenges can more effectively gain insight into their weaknesses.
Question: Which of the following is most consistent with the principles discussed above?

Choices:
A. A pianist at the concert should not take a completely negative view of the mistakes that occurred in the difficult performance, and understand why the mistakes occurred, so that the pianist can make better preparations for future performances.
B. A salesperson should understand that the commission earned is not only a reward for the sales transaction, but also should be satisfied by the personality charm they show in the sales transaction.
C. Compassion is very valuable, not only because it can bring people a good feeling, but also it can bring some opportunities to enrich the lives of others.
D. Even if you are afraid to speak in public, you should accept the invitation to speak in front of the masses.People will admire your courage, and you can also get a sense of satisfaction in accomplishing things that you cannot accomplish.

Let's think step by step before providing your final answer. However, you must conclude your assessment with the statement: 'Thus, the correct answer is: X', where 'X' is simply the letter corresponding to the answer option you've determined to be correct.","D.Even if you are afraid to speak in public, you should accept the invitation to speak in front of the masses.People will admire your courage, and you can also get a sense of satisfaction in accomplishing things that you cannot accomplish.",0
AGIEval,Civil Service Examination,LogiQA-en,MC,Civil Service Examination-LogiQA-en-85,N.A.,"The Peace Foundation decided to suspend funding for S, on the grounds that such funding may be used in part for weapons research.In this regard, the S Institute promises? All the funding of the Peace Foundation will not be used for any weapon-related research.As a result, the Peace Foundation withdrew the above decision and reached a conclusion; as long as the S Institute kept its promise, the above funding of the Peace Foundation would no longer benefit weapons research.
Question: Which of the following most appropriately summarizes the loopholes in the conclusions of the Peace Foundation?

Choices:
A. Ignore this possibility? S Institute does not keep its promises.
B. Ignore this possibility? S Institute can use weapons from other sources for weapons research.
C. Ignored this possibility? the funding of the Peace Foundation enabled S Research to have all the ability to switch other funds to weapons research.
D. Ignore this possibility? weapons research does not necessarily endanger peace.
","The Peace Foundation decided to suspend funding for S, on the grounds that such funding may be used in part for weapons research.In this regard, the S Institute promises? All the funding of the Peace Foundation will not be used for any weapon-related research.As a result, the Peace Foundation withdrew the above decision and reached a conclusion; as long as the S Institute kept its promise, the above funding of the Peace Foundation would no longer benefit weapons research.
Question: Which of the following most appropriately summarizes the loopholes in the conclusions of the Peace Foundation?

Choices:
A. Ignore this possibility? S Institute does not keep its promises.
B. Ignore this possibility? S Institute can use weapons from other sources for weapons research.
C. Ignored this possibility? the funding of the Peace Foundation enabled S Research to have all the ability to switch other funds to weapons research.
D. Ignore this possibility? weapons research does not necessarily endanger peace.

Let's think step by step before providing your final answer. However, you must conclude your assessment with the statement: 'Thus, the correct answer is: X', where 'X' is simply the letter corresponding to the answer option you've determined to be correct.",C.Ignored this possibility? the funding of the Peace Foundation enabled S Research to have all the ability to switch other funds to weapons research.,1
AGIEval,Civil Service Examination,LogiQA-en,MC,Civil Service Examination-LogiQA-en-502,N.A.,"People may be divided into two categories? those with a little ambition and those without.For ordinary people, that little ambition is a firm motivation to pull themselves out of the ordinary life; without that little ambition, they can only be overwhelmed by the ordinary life slowly, without power or even ignorance.In an era of change, that little ambition may lead to magnificent results.
Question: Which of the following statements constitutes a refutation of the above view?

Choices:
A. Liu Bei, who made straw shoes, never forgot that he was an uncle.Based on this, he was empty from two hands to one-third of the world.
B. Although Zhang Xiong is aspiring, he is talented and uncommon.He has worked hard all his life, but nothing has happened, and he has been bruised.
C. Liu Qin has no ambitions or special talents.With her natural beauty, she has done a lot of things with the help of nobles throughout her life.
D. Sister Chrysanthemum is neither high-spirited nor beautiful, but she is very self-respecting and constantly tossing her life.
","People may be divided into two categories? those with a little ambition and those without.For ordinary people, that little ambition is a firm motivation to pull themselves out of the ordinary life; without that little ambition, they can only be overwhelmed by the ordinary life slowly, without power or even ignorance.In an era of change, that little ambition may lead to magnificent results.
Question: Which of the following statements constitutes a refutation of the above view?

Choices:
A. Liu Bei, who made straw shoes, never forgot that he was an uncle.Based on this, he was empty from two hands to one-third of the world.
B. Although Zhang Xiong is aspiring, he is talented and uncommon.He has worked hard all his life, but nothing has happened, and he has been bruised.
C. Liu Qin has no ambitions or special talents.With her natural beauty, she has done a lot of things with the help of nobles throughout her life.
D. Sister Chrysanthemum is neither high-spirited nor beautiful, but she is very self-respecting and constantly tossing her life.

Let's think step by step before providing your final answer. However, you must conclude your assessment with the statement: 'Thus, the correct answer is: X', where 'X' is simply the letter corresponding to the answer option you've determined to be correct.","C.Liu Qin has no ambitions or special talents.With her natural beauty, she has done a lot of things with the help of nobles throughout her life.",1
AGIEval,Civil Service Examination,LogiQA-en,MC,Civil Service Examination-LogiQA-en-219,N.A.,"As an educational undertaking, universities belong to non-economic industries, and their output is difficult to measure with monetary indicators and physical indicators, so university ranking is not as easy as enterprise ranking.University rankings must also be based on a mature market economy system and a stable system, and there must be a recognized notary ranking agency.In China, the prerequisites for university rankings are far from being met, and recognized university ranking institutions have not yet been created.Therefore, China is currently not suitable for university rankings.
Question: Which of the following does not constitute a rebuttal to the above argument?

Choices:
A. University rankings have a great influence on the reputation of the school and the candidates' application.
B. There is no such close relationship between university rankings and mature market economic systems.
C. The ranking of enterprises is not easy, and it is not very accurate, just for reference value.
D. Recognized ranking agencies can only be generated from ranking practice.
","As an educational undertaking, universities belong to non-economic industries, and their output is difficult to measure with monetary indicators and physical indicators, so university ranking is not as easy as enterprise ranking.University rankings must also be based on a mature market economy system and a stable system, and there must be a recognized notary ranking agency.In China, the prerequisites for university rankings are far from being met, and recognized university ranking institutions have not yet been created.Therefore, China is currently not suitable for university rankings.
Question: Which of the following does not constitute a rebuttal to the above argument?

Choices:
A. University rankings have a great influence on the reputation of the school and the candidates' application.
B. There is no such close relationship between university rankings and mature market economic systems.
C. The ranking of enterprises is not easy, and it is not very accurate, just for reference value.
D. Recognized ranking agencies can only be generated from ranking practice.

Let's think step by step before providing your final answer. However, you must conclude your assessment with the statement: 'Thus, the correct answer is: X', where 'X' is simply the letter corresponding to the answer option you've determined to be correct.",A.University rankings have a great influence on the reputation of the school and the candidates' application.,1
AGIEval,Civil Service Examination,LogiQA-en,MC,Civil Service Examination-LogiQA-en-204,N.A.,"The attitude towards intellectuals marks the civilization of a nation; the attitude towards workers and peasants tests the conscience and conscience of the nation.therefore_______
Question: Which of the following statements can best complete the above argument?

Choices:
A. Intellectuals, workers and farmers should be treated equally.
B. How to treat workers and farmers is even more important than how to treat intellectuals.
C. Intellectuals can be treated twice as much as workers and farmers.
D. Intellectuals should be treated well, as should workers and farmers.
","The attitude towards intellectuals marks the civilization of a nation; the attitude towards workers and peasants tests the conscience and conscience of the nation.therefore_______
Question: Which of the following statements can best complete the above argument?

Choices:
A. Intellectuals, workers and farmers should be treated equally.
B. How to treat workers and farmers is even more important than how to treat intellectuals.
C. Intellectuals can be treated twice as much as workers and farmers.
D. Intellectuals should be treated well, as should workers and farmers.

Let's think step by step before providing your final answer. However, you must conclude your assessment with the statement: 'Thus, the correct answer is: X', where 'X' is simply the letter corresponding to the answer option you've determined to be correct.","D.Intellectuals should be treated well, as should workers and farmers.",1
AGIEval,Civil Service Examination,LogiQA-en,MC,Civil Service Examination-LogiQA-en-197,N.A.,"There are 6 scholars F, G, J, L, M, and N, who will speak at a logical meeting, and the speeches are arranged in the following order? (1) Each speaker speaks only once, and only once at the same time By.(2) Three speakers speak before lunch, and the other three speak after lunch.(3) G must speak before lunch.(4) Only one speaker is between M and N.(5) F speaks in the first or third place.
Question: If J speaks before F, how many N can be ranked?

Choices:
A. Fourth place
B. Second place
C. the third
D. First place
","There are 6 scholars F, G, J, L, M, and N, who will speak at a logical meeting, and the speeches are arranged in the following order? (1) Each speaker speaks only once, and only once at the same time By.(2) Three speakers speak before lunch, and the other three speak after lunch.(3) G must speak before lunch.(4) Only one speaker is between M and N.(5) F speaks in the first or third place.
Question: If J speaks before F, how many N can be ranked?

Choices:
A. Fourth place
B. Second place
C. the third
D. First place

Let's think step by step before providing your final answer. However, you must conclude your assessment with the statement: 'Thus, the correct answer is: X', where 'X' is simply the letter corresponding to the answer option you've determined to be correct.",A.Fourth place,1
AGIEval,Civil Service Examination,LogiQA-en,MC,Civil Service Examination-LogiQA-en-427,N.A.,"Many successful film and television directors start their professional careers after several years of formal professional learning.Although a considerable number of film and television directors have not undergone formal professional learning, they have mastered technology by learning from their peers in practice.But no film and television director who ignores the psychological needs of the public can succeed.
Question: If the above statement is true, which of the following statements must be true?

Choices:
A. The more a film and television director values ​​the psychological needs of the public, the more likely it is to succeed.
B. No film and television director who has mastered technology by learning from peers in practice will ignore the psychological needs of the public.
C. All unsuccessful film and television directors have ignored the psychological needs of the public.
D. Not all film and television directors who have gone through formal professional studies ignore the psychological needs of the public.
","Many successful film and television directors start their professional careers after several years of formal professional learning.Although a considerable number of film and television directors have not undergone formal professional learning, they have mastered technology by learning from their peers in practice.But no film and television director who ignores the psychological needs of the public can succeed.
Question: If the above statement is true, which of the following statements must be true?

Choices:
A. The more a film and television director values ​​the psychological needs of the public, the more likely it is to succeed.
B. No film and television director who has mastered technology by learning from peers in practice will ignore the psychological needs of the public.
C. All unsuccessful film and television directors have ignored the psychological needs of the public.
D. Not all film and television directors who have gone through formal professional studies ignore the psychological needs of the public.

Let's think step by step before providing your final answer. However, you must conclude your assessment with the statement: 'Thus, the correct answer is: X', where 'X' is simply the letter corresponding to the answer option you've determined to be correct.",D.Not all film and television directors who have gone through formal professional studies ignore the psychological needs of the public.,1
AGIEval,Civil Service Examination,LogiQA-en,MC,Civil Service Examination-LogiQA-en-409,N.A.,"Even the most experienced jewelry collectors will not buy diamonds based on their naked eye identification.They are worried that their eyes will be deceived by fakes.Since the most experienced jewelry collectors cannot distinguish a fake from a real diamond with the naked eye, the fake has the same aesthetic enjoyment as the real one, and the two pieces of jewelry have the same value.
Question: If which of the following statements is true, which strongly supports the above argument?

Choices:
A. The most experienced jewelry collectors cannot distinguish fakes from real diamonds.
B. The most experienced jewelry collectors only collect jewelry that is more aesthetically pleasing.
C. The value of a piece of jewelry depends largely on the needs of the market.
D. The value of a piece of jewelry should be entirely determined by the aesthetic enjoyment it provides.
","Even the most experienced jewelry collectors will not buy diamonds based on their naked eye identification.They are worried that their eyes will be deceived by fakes.Since the most experienced jewelry collectors cannot distinguish a fake from a real diamond with the naked eye, the fake has the same aesthetic enjoyment as the real one, and the two pieces of jewelry have the same value.
Question: If which of the following statements is true, which strongly supports the above argument?

Choices:
A. The most experienced jewelry collectors cannot distinguish fakes from real diamonds.
B. The most experienced jewelry collectors only collect jewelry that is more aesthetically pleasing.
C. The value of a piece of jewelry depends largely on the needs of the market.
D. The value of a piece of jewelry should be entirely determined by the aesthetic enjoyment it provides.

Let's think step by step before providing your final answer. However, you must conclude your assessment with the statement: 'Thus, the correct answer is: X', where 'X' is simply the letter corresponding to the answer option you've determined to be correct.",D.The value of a piece of jewelry should be entirely determined by the aesthetic enjoyment it provides.,1
AGIEval,Civil Service Examination,LogiQA-en,MC,Civil Service Examination-LogiQA-en-464,N.A.,"Overcapacity, local government debt and real estate bubbles are the three major diseases facing the Chinese economy.If not handled properly, it may lead to a hard landing of the Chinese economy.The root cause of the three major diseases is that China ’s long-term capital interest rate is low The return of capital costs to a reasonable position, the demand for overcapacity can be controlled, excessive pressure on real estate investment can be gradually released, the impulse of local governments to borrow money for development has not been suppressed It's hard to come.
Question: If the above statement is true, which of the following statements must be true?

Choices:
A. If the Chinese stock market has not yet ushered in a bull market, it must be that the three major diseases have not been effectively controlled
B. If the impulse of local governments to borrow money for development is not suppressed, the domestic capital cost has not returned to a reasonable position
C. If the stock market ushered in a bull market, it must be that domestic capital costs have not returned to a reasonable position
D. As long as domestic capital costs return to a reasonable position, the Chinese economy will not land hard
","Overcapacity, local government debt and real estate bubbles are the three major diseases facing the Chinese economy.If not handled properly, it may lead to a hard landing of the Chinese economy.The root cause of the three major diseases is that China ’s long-term capital interest rate is low The return of capital costs to a reasonable position, the demand for overcapacity can be controlled, excessive pressure on real estate investment can be gradually released, the impulse of local governments to borrow money for development has not been suppressed It's hard to come.
Question: If the above statement is true, which of the following statements must be true?

Choices:
A. If the Chinese stock market has not yet ushered in a bull market, it must be that the three major diseases have not been effectively controlled
B. If the impulse of local governments to borrow money for development is not suppressed, the domestic capital cost has not returned to a reasonable position
C. If the stock market ushered in a bull market, it must be that domestic capital costs have not returned to a reasonable position
D. As long as domestic capital costs return to a reasonable position, the Chinese economy will not land hard

Let's think step by step before providing your final answer. However, you must conclude your assessment with the statement: 'Thus, the correct answer is: X', where 'X' is simply the letter corresponding to the answer option you've determined to be correct.","C.If the stock market ushered in a bull market, it must be that domestic capital costs have not returned to a reasonable position",0
AGIEval,Civil Service Examination,LogiQA-en,MC,Civil Service Examination-LogiQA-en-594,N.A.,"A music producer is recording 7 albums one after another? F, G, H, J, K, L and M, but it is not necessary to record in this order.When arranging the sequence of recording these 7 records, the following conditions must be met? (1) F must be ranked second.(2) J cannot be ranked seventh.(3) G can neither be directly in front of H nor immediately after H.(4) H must be somewhere in front of L.(5) L must be somewhere before M.
Question: Which of the following lists a complete and accurate list of records that can be recorded first?

Choices:
A. G, J, K
B. G, H, J, K
C. G, H, J, L
D. G, J, K, L
","A music producer is recording 7 albums one after another? F, G, H, J, K, L and M, but it is not necessary to record in this order.When arranging the sequence of recording these 7 records, the following conditions must be met? (1) F must be ranked second.(2) J cannot be ranked seventh.(3) G can neither be directly in front of H nor immediately after H.(4) H must be somewhere in front of L.(5) L must be somewhere before M.
Question: Which of the following lists a complete and accurate list of records that can be recorded first?

Choices:
A. G, J, K
B. G, H, J, K
C. G, H, J, L
D. G, J, K, L

Let's think step by step before providing your final answer. However, you must conclude your assessment with the statement: 'Thus, the correct answer is: X', where 'X' is simply the letter corresponding to the answer option you've determined to be correct.","B.G, H, J, K",1
AGIEval,Civil Service Examination,LogiQA-en,MC,Civil Service Examination-LogiQA-en-29,N.A.,"A certain class intends to select two of three girls from Fang Rufen, Guo Yanran, He Zhilian, and three from five boys, including Peng Youwen, Qiu Zhijie, Ren Xiangyang, Song Wenkai, and Tang Xiaohua, to form a five-person support group for university students to volunteer teaching in the mountains.Requirements? (1) Guo Yanran and Tang Xiaohua are not selected at the same time; (2) Peng Youwen and Song Kaiwen are not selected at the same time; (3) Qiu Zhijie and Tang Xiaohua are not selected at the same time.
Question: If He Zhilian is not selected, which of the following is not selected?

Choices:
A. Tang Xiaohua
B. Peng Youwen
C. Qiu Zhijie
D. Song Wenkai
","A certain class intends to select two of three girls from Fang Rufen, Guo Yanran, He Zhilian, and three from five boys, including Peng Youwen, Qiu Zhijie, Ren Xiangyang, Song Wenkai, and Tang Xiaohua, to form a five-person support group for university students to volunteer teaching in the mountains.Requirements? (1) Guo Yanran and Tang Xiaohua are not selected at the same time; (2) Peng Youwen and Song Kaiwen are not selected at the same time; (3) Qiu Zhijie and Tang Xiaohua are not selected at the same time.
Question: If He Zhilian is not selected, which of the following is not selected?

Choices:
A. Tang Xiaohua
B. Peng Youwen
C. Qiu Zhijie
D. Song Wenkai

Let's think step by step before providing your final answer. However, you must conclude your assessment with the statement: 'Thus, the correct answer is: X', where 'X' is simply the letter corresponding to the answer option you've determined to be correct.",A.Tang Xiaohua,1
AGIEval,Civil Service Examination,LogiQA-en,MC,Civil Service Examination-LogiQA-en-185,N.A.,"David is a senior CEO, he made up his mind to go to a company with the best pay.Huizhong Company and Kangtuo Company intend to hire him.The two companies have the same treatment in other respects, only the salary is slightly different.The conditions provided by Huizhong Company are? half a year's salary is 500,000 US dollars, and the salary is increased by 50,000 US dollars every six months.Kang Tuo's conditions are? annual salary of 1 million US dollars, annual salary increase of 200,000 US dollars.
Question: Which one of the following correctly describes David's choice?

Choices:
A. David will go to Cantor because he will get $ 150,000 more in two years.
B. David will go to Huizhong Company because he will get more than 50,000 US dollars every year.
C. David will go to Cantor because he will spend an extra $ 50,000 per year.
D. David will go to Huizhong Company because he will spend an extra $ 70,000 every year.
","David is a senior CEO, he made up his mind to go to a company with the best pay.Huizhong Company and Kangtuo Company intend to hire him.The two companies have the same treatment in other respects, only the salary is slightly different.The conditions provided by Huizhong Company are? half a year's salary is 500,000 US dollars, and the salary is increased by 50,000 US dollars every six months.Kang Tuo's conditions are? annual salary of 1 million US dollars, annual salary increase of 200,000 US dollars.
Question: Which one of the following correctly describes David's choice?

Choices:
A. David will go to Cantor because he will get $ 150,000 more in two years.
B. David will go to Huizhong Company because he will get more than 50,000 US dollars every year.
C. David will go to Cantor because he will spend an extra $ 50,000 per year.
D. David will go to Huizhong Company because he will spend an extra $ 70,000 every year.

Let's think step by step before providing your final answer. However, you must conclude your assessment with the statement: 'Thus, the correct answer is: X', where 'X' is simply the letter corresponding to the answer option you've determined to be correct.","B.David will go to Huizhong Company because he will get more than 50,000 US dollars every year.",0
AGIEval,Civil Service Examination,LogiQA-en,MC,Civil Service Examination-LogiQA-en-524,N.A.,"Many people think that online dating is not reliable.A research team from the University of Chicago conducted an online survey of 19,000 Americans who married between 2005 and 2012 and found that more than a third of them met their spouses through dating sites or social networks such as Facebook; these respondents The overall divorce rate is much lower than the average divorce rate.This survey shows that online dating is very reliable in achieving a stable marriage.
Question: If the following statement is true, which one most strongly challenges the above conclusion?

Choices:
A. People who still follow the traditional offline dating method are either very old or very young.
B. The funder behind the study is a dating site.
C. The respondents' marriage time is relatively short.
D. Compared with online dating, work contact, friend introduction, and attending the same school are more common ways to find a spouse.
","Many people think that online dating is not reliable.A research team from the University of Chicago conducted an online survey of 19,000 Americans who married between 2005 and 2012 and found that more than a third of them met their spouses through dating sites or social networks such as Facebook; these respondents The overall divorce rate is much lower than the average divorce rate.This survey shows that online dating is very reliable in achieving a stable marriage.
Question: If the following statement is true, which one most strongly challenges the above conclusion?

Choices:
A. People who still follow the traditional offline dating method are either very old or very young.
B. The funder behind the study is a dating site.
C. The respondents' marriage time is relatively short.
D. Compared with online dating, work contact, friend introduction, and attending the same school are more common ways to find a spouse.

Let's think step by step before providing your final answer. However, you must conclude your assessment with the statement: 'Thus, the correct answer is: X', where 'X' is simply the letter corresponding to the answer option you've determined to be correct.",C.The respondents' marriage time is relatively short.,1
AGIEval,Civil Service Examination,LogiQA-en,MC,Civil Service Examination-LogiQA-en-179,N.A.,"If a person's behavior has a detrimental impact on others and society, others or society can of course blame and interfere with him.But assuming this is not the case? For example, a person smoking in a house where he lives alone, a person yelling in the wilderness, a person browsing the Internet in the middle of the night, should n’t he? In my opinion, whether to interfere with an act depends on whether such interference is beneficial to the improvement of the public interest, whether it violates the legal rights of the parties, and so on.
Question: Which of the following is the speaker who is most willing to answer the question?

Choices:
A. Social interests always take priority over personal interests
B. Interference with individual actions does not increase the interests of society as a whole.
C. Actions that do not harm the interests of others should not be criticized and interfered by society.
D. When one ’s actions are beneficial to others, the overall interests of a society can be improved.
","If a person's behavior has a detrimental impact on others and society, others or society can of course blame and interfere with him.But assuming this is not the case? For example, a person smoking in a house where he lives alone, a person yelling in the wilderness, a person browsing the Internet in the middle of the night, should n’t he? In my opinion, whether to interfere with an act depends on whether such interference is beneficial to the improvement of the public interest, whether it violates the legal rights of the parties, and so on.
Question: Which of the following is the speaker who is most willing to answer the question?

Choices:
A. Social interests always take priority over personal interests
B. Interference with individual actions does not increase the interests of society as a whole.
C. Actions that do not harm the interests of others should not be criticized and interfered by society.
D. When one ’s actions are beneficial to others, the overall interests of a society can be improved.

Let's think step by step before providing your final answer. However, you must conclude your assessment with the statement: 'Thus, the correct answer is: X', where 'X' is simply the letter corresponding to the answer option you've determined to be correct.",C.Actions that do not harm the interests of others should not be criticized and interfered by society.,1
AGIEval,Civil Service Examination,LogiQA-en,MC,Civil Service Examination-LogiQA-en-609,N.A.,"Having the authority to allow a band, especially a first-rate band, to rehearse repeatedly is a sign of an excellent conductor.This prestige is not easy to obtain.A conductor must gain this prestige by earning the band's respect for the artistic insight he seeks.
Question: In the course of the above discussion, the author presupposed which of the following statements?

Choices:
A. When excellent conductors collaborate with different bands, they will have different artistic views on the same work.
B. Excellent conductors are perfectionists, and they are never satisfied even with the performance of first-rate bands.
C. If a good conductor thinks that additional rehearsals are necessary, first-rate bands are always ready to work overtime.
D. Even if an artistic insight has not been fully expressed, first-rate bands can appreciate the advantages of this artistic insight
","Having the authority to allow a band, especially a first-rate band, to rehearse repeatedly is a sign of an excellent conductor.This prestige is not easy to obtain.A conductor must gain this prestige by earning the band's respect for the artistic insight he seeks.
Question: In the course of the above discussion, the author presupposed which of the following statements?

Choices:
A. When excellent conductors collaborate with different bands, they will have different artistic views on the same work.
B. Excellent conductors are perfectionists, and they are never satisfied even with the performance of first-rate bands.
C. If a good conductor thinks that additional rehearsals are necessary, first-rate bands are always ready to work overtime.
D. Even if an artistic insight has not been fully expressed, first-rate bands can appreciate the advantages of this artistic insight

Let's think step by step before providing your final answer. However, you must conclude your assessment with the statement: 'Thus, the correct answer is: X', where 'X' is simply the letter corresponding to the answer option you've determined to be correct.","C.If a good conductor thinks that additional rehearsals are necessary, first-rate bands are always ready to work overtime.",0
AGIEval,Civil Service Examination,LogiQA-en,MC,Civil Service Examination-LogiQA-en-154,N.A.,"The fact that the Chinese women's volleyball team won the Athens Olympics has made us understand many truths.For example, when failure is not the final fact, you must not easily accept failure! When there is a faint hope of victory, we still have to do our best to fight for victory! Otherwise, it is not a real powerhouse.
Question: Which of the following options can be derived from the above questions?

Choices:
A. The real strong will never accept failure.
B. Only when failure becomes a fact that cannot be changed, the real strong will accept failure.
C. Losers will easily accept failure.
D. As the song that the female line sings loves to say, the sunshine is always behind the wind and rain.
","The fact that the Chinese women's volleyball team won the Athens Olympics has made us understand many truths.For example, when failure is not the final fact, you must not easily accept failure! When there is a faint hope of victory, we still have to do our best to fight for victory! Otherwise, it is not a real powerhouse.
Question: Which of the following options can be derived from the above questions?

Choices:
A. The real strong will never accept failure.
B. Only when failure becomes a fact that cannot be changed, the real strong will accept failure.
C. Losers will easily accept failure.
D. As the song that the female line sings loves to say, the sunshine is always behind the wind and rain.

Let's think step by step before providing your final answer. However, you must conclude your assessment with the statement: 'Thus, the correct answer is: X', where 'X' is simply the letter corresponding to the answer option you've determined to be correct.","B.Only when failure becomes a fact that cannot be changed, the real strong will accept failure.",1
AGIEval,Civil Service Examination,LogiQA-en,MC,Civil Service Examination-LogiQA-en-76,N.A.,"In the football player transfer market this summer, only those who perform well during the World Cup and also perform well in clubs can be favored and chased by many clubs.
Question: If the above statement is true, which of the following cannot be true?

Choices:
A. Veteran Klose broke Ronaldo's 15-ball World Cup goal record with 16 goals at the World Cup, but still did not win the favor of many clubs.
B. J.Ronaldo won the World Cup Golden Boots.At the same time, with the excellent performance of the club, he successfully transferred to Real Madrid in the case of many clubs chasing.
C. Royce failed to represent the German team in the Brazil World Cup due to injury, but he has an excellent performance in the Bundesliga club field, and has been favored by top giants such as Real Madrid and Barcelona in the transfer market.
D. Dortmund top scorer Lewandowski successfully transferred to Bayern Munich.
","In the football player transfer market this summer, only those who perform well during the World Cup and also perform well in clubs can be favored and chased by many clubs.
Question: If the above statement is true, which of the following cannot be true?

Choices:
A. Veteran Klose broke Ronaldo's 15-ball World Cup goal record with 16 goals at the World Cup, but still did not win the favor of many clubs.
B. J.Ronaldo won the World Cup Golden Boots.At the same time, with the excellent performance of the club, he successfully transferred to Real Madrid in the case of many clubs chasing.
C. Royce failed to represent the German team in the Brazil World Cup due to injury, but he has an excellent performance in the Bundesliga club field, and has been favored by top giants such as Real Madrid and Barcelona in the transfer market.
D. Dortmund top scorer Lewandowski successfully transferred to Bayern Munich.

Let's think step by step before providing your final answer. However, you must conclude your assessment with the statement: 'Thus, the correct answer is: X', where 'X' is simply the letter corresponding to the answer option you've determined to be correct.","C.Royce failed to represent the German team in the Brazil World Cup due to injury, but he has an excellent performance in the Bundesliga club field, and has been favored by top giants such as Real Madrid and Barcelona in the transfer market.",0
AGIEval,Civil Service Examination,LogiQA-en,MC,Civil Service Examination-LogiQA-en-415,N.A.,"People with depression have a strong tendency to commit suicide.Many people think that depression is a psychological disease.In the mid-20th century, medical research found that there are 3 neurotransmitters (serotonin, nor-nor The concentration of epinephrine and dopamine is lower than that of normal people.Medical scientists speculate that the imbalance of these three neurotransmitters caused depression.
Question: If any of the following statements is true, can the above medical scientist's conclusion be given the strongest support?

Choices:
A. Depression is not only a mental illness, but also an organic disease.
B. It may be that depression leads to an imbalance in the concentration of these three neurotransmitters in the brain.
C. Women and the elderly are high-risk groups of depression.
D. Drugs developed for the above three neurotransmitters to maintain their concentration balance are effective in treating depression.
","People with depression have a strong tendency to commit suicide.Many people think that depression is a psychological disease.In the mid-20th century, medical research found that there are 3 neurotransmitters (serotonin, nor-nor The concentration of epinephrine and dopamine is lower than that of normal people.Medical scientists speculate that the imbalance of these three neurotransmitters caused depression.
Question: If any of the following statements is true, can the above medical scientist's conclusion be given the strongest support?

Choices:
A. Depression is not only a mental illness, but also an organic disease.
B. It may be that depression leads to an imbalance in the concentration of these three neurotransmitters in the brain.
C. Women and the elderly are high-risk groups of depression.
D. Drugs developed for the above three neurotransmitters to maintain their concentration balance are effective in treating depression.

Let's think step by step before providing your final answer. However, you must conclude your assessment with the statement: 'Thus, the correct answer is: X', where 'X' is simply the letter corresponding to the answer option you've determined to be correct.",D.Drugs developed for the above three neurotransmitters to maintain their concentration balance are effective in treating depression.,1
AGIEval,Civil Service Examination,LogiQA-en,MC,Civil Service Examination-LogiQA-en-93,N.A.,"Zhang Shan received a higher bonus than Li Si.After learning that Wang Wu's bonus was higher than Miao Xiaoqin, Zhang Shan's bonus was also higher than Miao Xiaoqin.
Question: The following assumptions can make the above inference hold, except

Choices:
A. Wang Wu's bonus is higher than Li Si's.
B. Li Si's bonus is higher than Miao Xiaoqin's.
C. Li Si's bonus is higher than Wang Wu's.
D. Li Si's bonus is as high as Wang Wu's.
","Zhang Shan received a higher bonus than Li Si.After learning that Wang Wu's bonus was higher than Miao Xiaoqin, Zhang Shan's bonus was also higher than Miao Xiaoqin.
Question: The following assumptions can make the above inference hold, except

Choices:
A. Wang Wu's bonus is higher than Li Si's.
B. Li Si's bonus is higher than Miao Xiaoqin's.
C. Li Si's bonus is higher than Wang Wu's.
D. Li Si's bonus is as high as Wang Wu's.

Let's think step by step before providing your final answer. However, you must conclude your assessment with the statement: 'Thus, the correct answer is: X', where 'X' is simply the letter corresponding to the answer option you've determined to be correct.",A.Wang Wu's bonus is higher than Li Si's.,1
AGIEval,Civil Service Examination,LogiQA-en,MC,Civil Service Examination-LogiQA-en-356,N.A.,"American shooter Emmons is a ""bad luck"" on the field.In the 2004 Athens Olympics men's rifle final, he led his opponent by 3 rounds and hit the last bullet on the target of another person, losing the medal he was about to get.However, he was comforted by the beautiful Czech girl Katerina and finally won love.This is really a saying? if the field is frustrated, then the love field is proud.
Question: If this saying is true, which of the following statements must be false?

Choices:
A. Both the court and the love field are proud.
B. Both the field and the love are frustrated.
C. Only when you are disappointed in the game will you be complacent.
D. Only when the love field is frustrated will the field be proud.
","American shooter Emmons is a ""bad luck"" on the field.In the 2004 Athens Olympics men's rifle final, he led his opponent by 3 rounds and hit the last bullet on the target of another person, losing the medal he was about to get.However, he was comforted by the beautiful Czech girl Katerina and finally won love.This is really a saying? if the field is frustrated, then the love field is proud.
Question: If this saying is true, which of the following statements must be false?

Choices:
A. Both the court and the love field are proud.
B. Both the field and the love are frustrated.
C. Only when you are disappointed in the game will you be complacent.
D. Only when the love field is frustrated will the field be proud.

Let's think step by step before providing your final answer. However, you must conclude your assessment with the statement: 'Thus, the correct answer is: X', where 'X' is simply the letter corresponding to the answer option you've determined to be correct.",B.Both the field and the love are frustrated.,1
AGIEval,Civil Service Examination,LogiQA-en,MC,Civil Service Examination-LogiQA-en-319,N.A.,"Mr.Gu Jiegang believed that the characters and deeds from the Shang Dynasty to the beginning of the Western Zhou Dynasty were recorded in the hexagrams of the Zhouyi, such as Gaozong's cutting of ghosts and the return of the Emperor Yigui, etc., and it was presumed that the chronology of the hexagrams of the Zhouyi was based on At the beginning of the Western Zhou Dynasty.The characters and deeds recorded in the hexagrams of Zhouyi have been confirmed by documents unearthed in recent years, so Mr.Gu ’s presumption is reliable.
Question: Which of the following statements best describes the flaws of the above argument?

Choices:
A. Most of the characters and deeds recorded in Gua Yao are ancient legends.
B. The argument in the argument does not determine the lower limit of the age of the work.
C. Legendary characters and deeds cannot be evidence of the age of the writing.
D. The argument only relies on the words of the authority to support its conclusion.
","Mr.Gu Jiegang believed that the characters and deeds from the Shang Dynasty to the beginning of the Western Zhou Dynasty were recorded in the hexagrams of the Zhouyi, such as Gaozong's cutting of ghosts and the return of the Emperor Yigui, etc., and it was presumed that the chronology of the hexagrams of the Zhouyi was based on At the beginning of the Western Zhou Dynasty.The characters and deeds recorded in the hexagrams of Zhouyi have been confirmed by documents unearthed in recent years, so Mr.Gu ’s presumption is reliable.
Question: Which of the following statements best describes the flaws of the above argument?

Choices:
A. Most of the characters and deeds recorded in Gua Yao are ancient legends.
B. The argument in the argument does not determine the lower limit of the age of the work.
C. Legendary characters and deeds cannot be evidence of the age of the writing.
D. The argument only relies on the words of the authority to support its conclusion.

Let's think step by step before providing your final answer. However, you must conclude your assessment with the statement: 'Thus, the correct answer is: X', where 'X' is simply the letter corresponding to the answer option you've determined to be correct.",B.The argument in the argument does not determine the lower limit of the age of the work.,1
AGIEval,Civil Service Examination,LogiQA-en,MC,Civil Service Examination-LogiQA-en-337,N.A.,"Recently, the eight major ministries and commissions such as the State Administration of Press and Publication jointly announced that the ""Online Game Anti-Addiction System"" and the accompanying ""Online Game Anti-Addiction System Real-Name Authentication Scheme"" will be officially implemented this year.Hours, experience value and income will be counted as 0.The implementation of this program will effectively prevent minors from indulging in online games.
Question: Which of the following statements, if correct, can weaken the above conclusion most effectively?

Choices:
A. Many minors only play online games occasionally.‘‘ Internet game anti-addiction system ’has no effect on them.
B. ""Online game anti-addiction system"" does not work for adults, and minors may use adult identity or use some online tools to generate fake ID numbers to log in to online games.
C. The introduction of the ""Online Game Anti-Addiction System"" means that minors are allowed to play online games with the permission of the competent department, so that they can go from secret to public.
D. In addition to online games, there are stand-alone games and PS games played on TV sets.‘‘ Online game anti-addiction system ’may cause many underage players to switch to these games.
","Recently, the eight major ministries and commissions such as the State Administration of Press and Publication jointly announced that the ""Online Game Anti-Addiction System"" and the accompanying ""Online Game Anti-Addiction System Real-Name Authentication Scheme"" will be officially implemented this year.Hours, experience value and income will be counted as 0.The implementation of this program will effectively prevent minors from indulging in online games.
Question: Which of the following statements, if correct, can weaken the above conclusion most effectively?

Choices:
A. Many minors only play online games occasionally.‘‘ Internet game anti-addiction system ’has no effect on them.
B. ""Online game anti-addiction system"" does not work for adults, and minors may use adult identity or use some online tools to generate fake ID numbers to log in to online games.
C. The introduction of the ""Online Game Anti-Addiction System"" means that minors are allowed to play online games with the permission of the competent department, so that they can go from secret to public.
D. In addition to online games, there are stand-alone games and PS games played on TV sets.‘‘ Online game anti-addiction system ’may cause many underage players to switch to these games.

Let's think step by step before providing your final answer. However, you must conclude your assessment with the statement: 'Thus, the correct answer is: X', where 'X' is simply the letter corresponding to the answer option you've determined to be correct.","B.""Online game anti-addiction system"" does not work for adults, and minors may use adult identity or use some online tools to generate fake ID numbers to log in to online games.",1
AGIEval,Civil Service Examination,LogiQA-en,MC,Civil Service Examination-LogiQA-en-189,N.A.,"Both Zhang Fei and Li Bai applied for the MBA this year.There are four assertions about their exams? (1) They have at least one exam; (2) Zhang Fei is not necessarily exam; Bai did pass the exam; (4) Not that Zhang Fei might fail the exam.The final admission result shows that two of the four assertions are true and two are false.
Question: Which of the following results can be derived from the above conditions?

Choices:
A. Zhang Fei was admitted, but Li Bai was not.
B. Both Zhang Fei and Li Bai were admitted.
C. Zhang Fei and Li Bai failed the exam
D. Li Bai was admitted, but Zhang Fei was not.
","Both Zhang Fei and Li Bai applied for the MBA this year.There are four assertions about their exams? (1) They have at least one exam; (2) Zhang Fei is not necessarily exam; Bai did pass the exam; (4) Not that Zhang Fei might fail the exam.The final admission result shows that two of the four assertions are true and two are false.
Question: Which of the following results can be derived from the above conditions?

Choices:
A. Zhang Fei was admitted, but Li Bai was not.
B. Both Zhang Fei and Li Bai were admitted.
C. Zhang Fei and Li Bai failed the exam
D. Li Bai was admitted, but Zhang Fei was not.

Let's think step by step before providing your final answer. However, you must conclude your assessment with the statement: 'Thus, the correct answer is: X', where 'X' is simply the letter corresponding to the answer option you've determined to be correct.","A.Zhang Fei was admitted, but Li Bai was not.",1
AGIEval,Civil Service Examination,LogiQA-en,MC,Civil Service Examination-LogiQA-en-16,N.A.,"In the recruitment examination for the public selection of deputy chiefs in a certain department, a total of 7 people were registered as A.B, C, D, E, G and G.According to statistics, the highest academic qualifications among the 7 people are undergraduate and doctor.Among them there are 3 people who graduated with Ph.D .; 3 women.It is known that? A.B, and C have the same educational level, while G and G have different educational levels; E, G, and G have the same gender, and A and D have different genders.The final appointment was a female doctor.
Question: Based on the above statement, which of the following can be derived?

Choices:
A. A is a male doctor;
B. I am a female doctor;
C. Geng is not a male doctor;
D. Ding is a female doctor.
","In the recruitment examination for the public selection of deputy chiefs in a certain department, a total of 7 people were registered as A.B, C, D, E, G and G.According to statistics, the highest academic qualifications among the 7 people are undergraduate and doctor.Among them there are 3 people who graduated with Ph.D .; 3 women.It is known that? A.B, and C have the same educational level, while G and G have different educational levels; E, G, and G have the same gender, and A and D have different genders.The final appointment was a female doctor.
Question: Based on the above statement, which of the following can be derived?

Choices:
A. A is a male doctor;
B. I am a female doctor;
C. Geng is not a male doctor;
D. Ding is a female doctor.

Let's think step by step before providing your final answer. However, you must conclude your assessment with the statement: 'Thus, the correct answer is: X', where 'X' is simply the letter corresponding to the answer option you've determined to be correct.",D.Ding is a female doctor.,0
AGIEval,Civil Service Examination,LogiQA-en,MC,Civil Service Examination-LogiQA-en-534,N.A.,"The concepts of physics are usually very standardized and rigorous.The physical quantities represented by physics terms have clear definitions, measurement methods and conversion relationships.For dark energy, physicists and cosmologists still know nothing about it.""Dark energy"" refers to the most profound problem in current cosmology.
Question: Which of the following statements is most appropriate to continue the above as its conclusion?

Choices:
A. ""Dark energy"" is obviously not a clear physics concept.
B. Scientists use ""dark energy"" to name a cosmic puzzle is helpless.
C. ""Dark energy"" refers to the confusing phenomenon that the previously discovered universe is accelerating expansion.
D. Scientists still do not know the deep connotation behind the term ""dark energy"".
","The concepts of physics are usually very standardized and rigorous.The physical quantities represented by physics terms have clear definitions, measurement methods and conversion relationships.For dark energy, physicists and cosmologists still know nothing about it.""Dark energy"" refers to the most profound problem in current cosmology.
Question: Which of the following statements is most appropriate to continue the above as its conclusion?

Choices:
A. ""Dark energy"" is obviously not a clear physics concept.
B. Scientists use ""dark energy"" to name a cosmic puzzle is helpless.
C. ""Dark energy"" refers to the confusing phenomenon that the previously discovered universe is accelerating expansion.
D. Scientists still do not know the deep connotation behind the term ""dark energy"".

Let's think step by step before providing your final answer. However, you must conclude your assessment with the statement: 'Thus, the correct answer is: X', where 'X' is simply the letter corresponding to the answer option you've determined to be correct.","A.""Dark energy"" is obviously not a clear physics concept.",1
AGIEval,Civil Service Examination,LogiQA-en,MC,Civil Service Examination-LogiQA-en-480,N.A.,"The mode in which the government and private enterprises cooperate to complete a project (referred to as PPP) can enable the government to obtain funds, and can also allow social capital to enter the public utility fields such as power and railway.The problem with this model is that the government defaults or investors default, causing economic losses to the other party.In past PPP projects, government default was not a small probability event.Although local government defaults are not uncommon, investors continue to actively invest in PPP projects as always.
Question: If any of the following statements are true, can we best explain the seemingly contradictory phenomenon?

Choices:
A. With the reform of the economic system and the promotion of new urbanization, the PPP model has high hopes from all walks of life
B. The PPP model is more complicated, and the local government ’s bargaining power and PPP expertise are not as good as those of investors.
C. This year, the National Development and Reform Commission released 80 important projects to encourage social capital to participate in construction and operation through PPP and other means
D. In order to prevent economic losses caused by local government defaults, investors try to transfer other interests to their own enterprises
","The mode in which the government and private enterprises cooperate to complete a project (referred to as PPP) can enable the government to obtain funds, and can also allow social capital to enter the public utility fields such as power and railway.The problem with this model is that the government defaults or investors default, causing economic losses to the other party.In past PPP projects, government default was not a small probability event.Although local government defaults are not uncommon, investors continue to actively invest in PPP projects as always.
Question: If any of the following statements are true, can we best explain the seemingly contradictory phenomenon?

Choices:
A. With the reform of the economic system and the promotion of new urbanization, the PPP model has high hopes from all walks of life
B. The PPP model is more complicated, and the local government ’s bargaining power and PPP expertise are not as good as those of investors.
C. This year, the National Development and Reform Commission released 80 important projects to encourage social capital to participate in construction and operation through PPP and other means
D. In order to prevent economic losses caused by local government defaults, investors try to transfer other interests to their own enterprises

Let's think step by step before providing your final answer. However, you must conclude your assessment with the statement: 'Thus, the correct answer is: X', where 'X' is simply the letter corresponding to the answer option you've determined to be correct.","D.In order to prevent economic losses caused by local government defaults, investors try to transfer other interests to their own enterprises",1
AGIEval,Civil Service Examination,LogiQA-en,MC,Civil Service Examination-LogiQA-en-89,N.A.,"According to a psychological theory, to be happy, one must maintain an intimate relationship with those around him.However, the great painters in the world often spend most of their time in loneliness and have no intimate relationships.Therefore, the above argument of this psychological theory is untenable.
Question: Which of the following is most likely assumed by the above argument?

Choices:
A. The psychological theory is to reveal the relationship between inner experience and artistic achievement.
B. People with intimate relationships have little time for loneliness.
C. Loneliness is necessary for great painting artists.
D. Artists who have achieved great achievements cannot be unhappy.
","According to a psychological theory, to be happy, one must maintain an intimate relationship with those around him.However, the great painters in the world often spend most of their time in loneliness and have no intimate relationships.Therefore, the above argument of this psychological theory is untenable.
Question: Which of the following is most likely assumed by the above argument?

Choices:
A. The psychological theory is to reveal the relationship between inner experience and artistic achievement.
B. People with intimate relationships have little time for loneliness.
C. Loneliness is necessary for great painting artists.
D. Artists who have achieved great achievements cannot be unhappy.

Let's think step by step before providing your final answer. However, you must conclude your assessment with the statement: 'Thus, the correct answer is: X', where 'X' is simply the letter corresponding to the answer option you've determined to be correct.",D.Artists who have achieved great achievements cannot be unhappy.,1
AGIEval,Civil Service Examination,LogiQA-en,MC,Civil Service Examination-LogiQA-en-547,N.A.,"Seven people from G, H, J, K, L, M and O traveled together.In their 4-day camping life, two people are scheduled to cook for everyone every day.It is required that the four-day staff arrangement cannot be repeated, and there is exactly one person on duty for two days.In addition, the duty arrangement must also meet the following conditions? (1) J should be placed on the next day of duty H.(2) The person on duty for two days must be on the fourth day, not the third day.(3) G must be on the same day as one of J and O.(4) Arrange K at least one day on the first or second day.(5) O must be on the third day.
Question: Which two of the following cannot be ranked together?

Choices:
A. H and K
B. H and M
C. J and O
D. K and L
","Seven people from G, H, J, K, L, M and O traveled together.In their 4-day camping life, two people are scheduled to cook for everyone every day.It is required that the four-day staff arrangement cannot be repeated, and there is exactly one person on duty for two days.In addition, the duty arrangement must also meet the following conditions? (1) J should be placed on the next day of duty H.(2) The person on duty for two days must be on the fourth day, not the third day.(3) G must be on the same day as one of J and O.(4) Arrange K at least one day on the first or second day.(5) O must be on the third day.
Question: Which two of the following cannot be ranked together?

Choices:
A. H and K
B. H and M
C. J and O
D. K and L

Let's think step by step before providing your final answer. However, you must conclude your assessment with the statement: 'Thus, the correct answer is: X', where 'X' is simply the letter corresponding to the answer option you've determined to be correct.",C.J and O,0
AGIEval,Civil Service Examination,LogiQA-en,MC,Civil Service Examination-LogiQA-en-118,N.A.,"Take n (n> 1) natural numbers in turn to form a finite sequence.The odd sequence and even sequence are obviously shorter than the natural sequence.However, if the natural number sequence is extended indefinitely, the odd and even sequence must be smaller than the whole; in an infinite world, the part may be equal to the whole.
Question: Which of the following cannot be a logical inference from the above conclusion?

Choices:
A. In a poor world, part may be smaller than whole.
B. In an infinite world, parts must not be equal to wholes.
C. In an infinite world, the whole may equal parts.
D. In a poor world, the whole must be larger than the part.
","Take n (n> 1) natural numbers in turn to form a finite sequence.The odd sequence and even sequence are obviously shorter than the natural sequence.However, if the natural number sequence is extended indefinitely, the odd and even sequence must be smaller than the whole; in an infinite world, the part may be equal to the whole.
Question: Which of the following cannot be a logical inference from the above conclusion?

Choices:
A. In a poor world, part may be smaller than whole.
B. In an infinite world, parts must not be equal to wholes.
C. In an infinite world, the whole may equal parts.
D. In a poor world, the whole must be larger than the part.

Let's think step by step before providing your final answer. However, you must conclude your assessment with the statement: 'Thus, the correct answer is: X', where 'X' is simply the letter corresponding to the answer option you've determined to be correct.","B.In an infinite world, parts must not be equal to wholes.",1
AGIEval,Civil Service Examination,LogiQA-en,MC,Civil Service Examination-LogiQA-en-34,N.A.,"To date, the oldest Homo sapiens remains have appeared in Africa, about 200,000 years ago.According to this, many scientists believe that humans originated in Africa, and Homo sapiens, the direct ancestor of modern people, evolved in Africa about 200,000 years ago, and then slowly migrated northwards about 150,000 to 200,000 years ago , Crossing the Middle East to Europe and Asia, and gradually migrating to other parts of the world.
Question: Which of the following, if true, can best refute the views of the above scientists?

Choices:
A. Modern Homo sapiens, living in the late Paleolithic period, about 40,000 to 10,000 years ago.There are hundreds of places where late Homo sapiens fossils or cultural sites have been found in our country
B. In an archaeological excavation in South America, people discovered the fossils of Homo sapiens skulls that lived about 170,000 years ago
C. Homo sapiens have the extraordinary ability to communicate with each other, make plans, and solve difficult problems
D. Eight Homo sapiens teeth 400,000 years ago were discovered in the Qesem cave 12 km east of Tel Aviv, Israel
","To date, the oldest Homo sapiens remains have appeared in Africa, about 200,000 years ago.According to this, many scientists believe that humans originated in Africa, and Homo sapiens, the direct ancestor of modern people, evolved in Africa about 200,000 years ago, and then slowly migrated northwards about 150,000 to 200,000 years ago , Crossing the Middle East to Europe and Asia, and gradually migrating to other parts of the world.
Question: Which of the following, if true, can best refute the views of the above scientists?

Choices:
A. Modern Homo sapiens, living in the late Paleolithic period, about 40,000 to 10,000 years ago.There are hundreds of places where late Homo sapiens fossils or cultural sites have been found in our country
B. In an archaeological excavation in South America, people discovered the fossils of Homo sapiens skulls that lived about 170,000 years ago
C. Homo sapiens have the extraordinary ability to communicate with each other, make plans, and solve difficult problems
D. Eight Homo sapiens teeth 400,000 years ago were discovered in the Qesem cave 12 km east of Tel Aviv, Israel

Let's think step by step before providing your final answer. However, you must conclude your assessment with the statement: 'Thus, the correct answer is: X', where 'X' is simply the letter corresponding to the answer option you've determined to be correct.","D.Eight Homo sapiens teeth 400,000 years ago were discovered in the Qesem cave 12 km east of Tel Aviv, Israel",1
AGIEval,Civil Service Examination,LogiQA-en,MC,Civil Service Examination-LogiQA-en-1,N.A.,"In the planning of a new district in a township, it was decided to build a special community in the southeast, northwest, centered on the citizen park.These four communities are designated as cultural area, leisure area, commercial area and administrative service area.It is known that the administrative service area is southwest of the cultural area, and the cultural area is southeast of the leisure area.
Question: Based on the above statement, which of the following can be derived?

Choices:
A. Civic Park is north of the administrative service area
B. The leisure area is southwest of the cultural area
C. The cultural district is in the northeast of the business district
D. The business district is southeast of the leisure area
","In the planning of a new district in a township, it was decided to build a special community in the southeast, northwest, centered on the citizen park.These four communities are designated as cultural area, leisure area, commercial area and administrative service area.It is known that the administrative service area is southwest of the cultural area, and the cultural area is southeast of the leisure area.
Question: Based on the above statement, which of the following can be derived?

Choices:
A. Civic Park is north of the administrative service area
B. The leisure area is southwest of the cultural area
C. The cultural district is in the northeast of the business district
D. The business district is southeast of the leisure area

Let's think step by step before providing your final answer. However, you must conclude your assessment with the statement: 'Thus, the correct answer is: X', where 'X' is simply the letter corresponding to the answer option you've determined to be correct.",A.Civic Park is north of the administrative service area,1
AGIEval,Civil Service Examination,LogiQA-en,MC,Civil Service Examination-LogiQA-en-644,N.A.,"A theater plans to perform 7 repertoires in the 7 weeks of the fall, they are F, G., J, K, O, R, S.One repertoire is performed every week, and each repertoire is exactly one week.The repertoire must meet the following conditions? (1) G must be performed in the third week.(2) O and S cannot perform continuously.(3) K must be arranged before J and S.(4) F and J must be arranged to perform in two consecutive weeks.
Question: If R is arranged in the fifth week and O is arranged in the second week, the alternative arrangements are?

Choices:
A. 2 kinds
B. 3 types
C. 5 types
D. 6 types
","A theater plans to perform 7 repertoires in the 7 weeks of the fall, they are F, G., J, K, O, R, S.One repertoire is performed every week, and each repertoire is exactly one week.The repertoire must meet the following conditions? (1) G must be performed in the third week.(2) O and S cannot perform continuously.(3) K must be arranged before J and S.(4) F and J must be arranged to perform in two consecutive weeks.
Question: If R is arranged in the fifth week and O is arranged in the second week, the alternative arrangements are?

Choices:
A. 2 kinds
B. 3 types
C. 5 types
D. 6 types

Let's think step by step before providing your final answer. However, you must conclude your assessment with the statement: 'Thus, the correct answer is: X', where 'X' is simply the letter corresponding to the answer option you've determined to be correct.",C.5 types,0
AGIEval,Civil Service Examination,LogiQA-en,MC,Civil Service Examination-LogiQA-en-408,N.A.,"The vervet monkey will notify the companion with a scream when it finds a carnivore nearby.Vervet monkeys will scream differently depending on whether the danger comes from land or air.
Question: If which of the following statements is true, is it most helpful to explain the above behavior of the vervet monkey?

Choices:
A. Some terrestrial carnivores only eat vervet monkeys, and raptors attacking vervet monkeys from the air feed on various animals.
B. Vervet monkeys climb onto trees to avoid terrestrial carnivores, and underneath potential leaves to avoid raptors.
C. No predator that poses a danger to vervet monkeys can attack vervet monkeys from both land and air.
D. Different types of carnivores can deal with different numbers of vervet monkeys.
","The vervet monkey will notify the companion with a scream when it finds a carnivore nearby.Vervet monkeys will scream differently depending on whether the danger comes from land or air.
Question: If which of the following statements is true, is it most helpful to explain the above behavior of the vervet monkey?

Choices:
A. Some terrestrial carnivores only eat vervet monkeys, and raptors attacking vervet monkeys from the air feed on various animals.
B. Vervet monkeys climb onto trees to avoid terrestrial carnivores, and underneath potential leaves to avoid raptors.
C. No predator that poses a danger to vervet monkeys can attack vervet monkeys from both land and air.
D. Different types of carnivores can deal with different numbers of vervet monkeys.

Let's think step by step before providing your final answer. However, you must conclude your assessment with the statement: 'Thus, the correct answer is: X', where 'X' is simply the letter corresponding to the answer option you've determined to be correct.","B.Vervet monkeys climb onto trees to avoid terrestrial carnivores, and underneath potential leaves to avoid raptors.",1
AGIEval,Civil Service Examination,LogiQA-en,MC,Civil Service Examination-LogiQA-en-632,N.A.,"Rare earth is a general term for a class of metals with less reserves and is widely used in cutting-edge technology and military industry.Most of the world's rare earths are produced in China.Since 1998, China has begun to reduce the amount of rare earth mining, control rare earth export quotas, and strengthen the concentration of the rare earth industry.In this regard, some countries accused China of monopolizing resources and were ""greatly destructive"" to other countries in the world, and demanded that China relax its control over the rare earth industry.
Question: If any of the following statements is true, is it most appropriate to refute these countries' accusations against China?

Choices:
A. Rare earth is an important non-renewable strategic resource.
B. At present, per capita, China is already a country with relatively rare earth resources.
C. Since the 1980s, some places in China have over-exploited rare earths, causing serious waste of resources and great damage to the environment.
D. In 2009, China's rare earth reserves accounted for 36% of the national reserves, the United States accounted for 13%, Russia accounted for 19%, Australia accounted for 5.4%; China's output accounted for 97% of world output, the other three countries are zero.
","Rare earth is a general term for a class of metals with less reserves and is widely used in cutting-edge technology and military industry.Most of the world's rare earths are produced in China.Since 1998, China has begun to reduce the amount of rare earth mining, control rare earth export quotas, and strengthen the concentration of the rare earth industry.In this regard, some countries accused China of monopolizing resources and were ""greatly destructive"" to other countries in the world, and demanded that China relax its control over the rare earth industry.
Question: If any of the following statements is true, is it most appropriate to refute these countries' accusations against China?

Choices:
A. Rare earth is an important non-renewable strategic resource.
B. At present, per capita, China is already a country with relatively rare earth resources.
C. Since the 1980s, some places in China have over-exploited rare earths, causing serious waste of resources and great damage to the environment.
D. In 2009, China's rare earth reserves accounted for 36% of the national reserves, the United States accounted for 13%, Russia accounted for 19%, Australia accounted for 5.4%; China's output accounted for 97% of world output, the other three countries are zero.

Let's think step by step before providing your final answer. However, you must conclude your assessment with the statement: 'Thus, the correct answer is: X', where 'X' is simply the letter corresponding to the answer option you've determined to be correct.","D.In 2009, China's rare earth reserves accounted for 36% of the national reserves, the United States accounted for 13%, Russia accounted for 19%, Australia accounted for 5.4%; China's output accounted for 97% of world output, the other three countries are zero.",1
AGIEval,Civil Service Examination,LogiQA-en,MC,Civil Service Examination-LogiQA-en-539,N.A.,"Zhang Qiang? When the economy in a region is sluggish, many people are unemployed, so they reduce their living expenses, resulting in more unemployment and worsening the economy.The economy continued to deteriorate, and finally prices fell to the lowest point.Low prices have stimulated people to increase their living consumption, and increased consumption has led to improved economic conditions.Li Ming? If people are unemployed, they will not be able to increase their consumption, nor will they have the money to buy goods other than the necessities of life.Therefore, falling prices to the lowest point will not lead to an improvement in economic conditions.
Question: If the following statement is true, which one can best weaken Li Ming's rebuttal to Zhang Qiang?

Choices:
A. After the economic situation improves, the company will hire more people, and many people who are reemployed will buy the goods that have been delayed.
B. Even if the economic situation continues to deteriorate, consumers still believe that the economic situation will eventually improve.
C. Even when the economy is extremely deteriorating, the unemployed must continue to buy necessities such as food.
D. During the period of economic deterioration, even unemployed people will compress expenditures; when prices fall to the lowest point, they will have savings for consumption.
","Zhang Qiang? When the economy in a region is sluggish, many people are unemployed, so they reduce their living expenses, resulting in more unemployment and worsening the economy.The economy continued to deteriorate, and finally prices fell to the lowest point.Low prices have stimulated people to increase their living consumption, and increased consumption has led to improved economic conditions.Li Ming? If people are unemployed, they will not be able to increase their consumption, nor will they have the money to buy goods other than the necessities of life.Therefore, falling prices to the lowest point will not lead to an improvement in economic conditions.
Question: If the following statement is true, which one can best weaken Li Ming's rebuttal to Zhang Qiang?

Choices:
A. After the economic situation improves, the company will hire more people, and many people who are reemployed will buy the goods that have been delayed.
B. Even if the economic situation continues to deteriorate, consumers still believe that the economic situation will eventually improve.
C. Even when the economy is extremely deteriorating, the unemployed must continue to buy necessities such as food.
D. During the period of economic deterioration, even unemployed people will compress expenditures; when prices fall to the lowest point, they will have savings for consumption.

Let's think step by step before providing your final answer. However, you must conclude your assessment with the statement: 'Thus, the correct answer is: X', where 'X' is simply the letter corresponding to the answer option you've determined to be correct.","D.During the period of economic deterioration, even unemployed people will compress expenditures; when prices fall to the lowest point, they will have savings for consumption.",1
AGIEval,Civil Service Examination,LogiQA-en,MC,Civil Service Examination-LogiQA-en-501,N.A.,"After all the cold dishes at the banquet at one table were served, there were 7 hot dishes.Among them, three Sichuan dishes? K, L, M? three Cantonese dishes? Q, N, P? one Shandong dish? X.Only one hot dish can be served at a time, and the order of serving must meet the following conditions? (1) Cannot serve Sichuan cuisine or Cantonese cuisine continuously.(2) Unless the second is on Q, P cannot be on before Q.(3) P must be on before X.(4) M must be on before K, and K must be on before N.
Question: If the third is M, which of the following statements may be true?

Choices:
A. Fifth on X
B. First on Q
C. Sixth on L
D. Fourth on K
","After all the cold dishes at the banquet at one table were served, there were 7 hot dishes.Among them, three Sichuan dishes? K, L, M? three Cantonese dishes? Q, N, P? one Shandong dish? X.Only one hot dish can be served at a time, and the order of serving must meet the following conditions? (1) Cannot serve Sichuan cuisine or Cantonese cuisine continuously.(2) Unless the second is on Q, P cannot be on before Q.(3) P must be on before X.(4) M must be on before K, and K must be on before N.
Question: If the third is M, which of the following statements may be true?

Choices:
A. Fifth on X
B. First on Q
C. Sixth on L
D. Fourth on K

Let's think step by step before providing your final answer. However, you must conclude your assessment with the statement: 'Thus, the correct answer is: X', where 'X' is simply the letter corresponding to the answer option you've determined to be correct.",A.Fifth on X,1
AGIEval,Civil Service Examination,LogiQA-en,MC,Civil Service Examination-LogiQA-en-341,N.A.,"patients with T-type disease receive the same treatment.In one study, they were divided equally into two groups, with all members of one group participating in a collective encouragement activity once a week, while the other group did not.Ten years later, 41 patients in each group died.Obviously, collective encouragement does not make patients with type T disease live longer.
Question: Which of the following statements, if true, can weaken the above argument most effectively?

Choices:
A. For patients who are still alive 10 years later, the two who participated in the collective encouragement activity lived longer than those who did not.
B. The members of the group who participate in the collective encouragement activity once a week spend an average of two years longer than the other group.
C. Some doctors believe that participating in a group encouragement activity once a week will reduce the confidence of patients receiving treatment.
D. Patients who participate in a group encouragement activity once a week report that such activities can help them fight disease.
","patients with T-type disease receive the same treatment.In one study, they were divided equally into two groups, with all members of one group participating in a collective encouragement activity once a week, while the other group did not.Ten years later, 41 patients in each group died.Obviously, collective encouragement does not make patients with type T disease live longer.
Question: Which of the following statements, if true, can weaken the above argument most effectively?

Choices:
A. For patients who are still alive 10 years later, the two who participated in the collective encouragement activity lived longer than those who did not.
B. The members of the group who participate in the collective encouragement activity once a week spend an average of two years longer than the other group.
C. Some doctors believe that participating in a group encouragement activity once a week will reduce the confidence of patients receiving treatment.
D. Patients who participate in a group encouragement activity once a week report that such activities can help them fight disease.

Let's think step by step before providing your final answer. However, you must conclude your assessment with the statement: 'Thus, the correct answer is: X', where 'X' is simply the letter corresponding to the answer option you've determined to be correct.",B.The members of the group who participate in the collective encouragement activity once a week spend an average of two years longer than the other group.,1
AGIEval,Civil Service Examination,LogiQA-en,MC,Civil Service Examination-LogiQA-en-62,N.A.,"Compared with mineral water, pure water lacks minerals, and some of them are essential for the human body.Therefore, nutrition expert Lao Zhang suggested that those who regularly drink pure water change their habits and drink more mineral water.
Question: Which of the following can weaken Lao Zhang ’s suggestion the most?

Choices:
A. Most of the nutrients people need are not from drinking water.
B. What the human body needs is not just minerals.
C. Drinking water other than pure water and mineral water.
D. People can get essential minerals from other foods.
","Compared with mineral water, pure water lacks minerals, and some of them are essential for the human body.Therefore, nutrition expert Lao Zhang suggested that those who regularly drink pure water change their habits and drink more mineral water.
Question: Which of the following can weaken Lao Zhang ’s suggestion the most?

Choices:
A. Most of the nutrients people need are not from drinking water.
B. What the human body needs is not just minerals.
C. Drinking water other than pure water and mineral water.
D. People can get essential minerals from other foods.

Let's think step by step before providing your final answer. However, you must conclude your assessment with the statement: 'Thus, the correct answer is: X', where 'X' is simply the letter corresponding to the answer option you've determined to be correct.",D.People can get essential minerals from other foods.,1
AGIEval,Civil Service Examination,LogiQA-en,MC,Civil Service Examination-LogiQA-en-457,N.A.,"Dali Lake is a plateau dammed lake formed by eruption of volcanoes.The whale croaker, S.sylvaticus, living in the brackish water lake, like salmon living in the sea, must migrate to the upper reaches of the freshwater river to spawn Although the four rivers currently injecting into Dali Lake are all inland rivers, and none of the rivers lead to the ocean, scientists are still convinced that the Chinese fish in Dali Lake originally migrated from the ocean.
Question: Which of the following statements is true and provides the best explanation for scientists ’beliefs?

Choices:
A. The yellow croaker that lives in the waters of Heilongjiang and other areas is twice as large as the Japanese croaker which is in Dali Lake
B. The fish caught in seawater or freshwater can only survive for a day or two, and quickly decay after death.
C. The glacier melted to form Dali Lake.The overflowing lake water was once connected to the Liaohe River flowing into the ocean
D. The scientific researcher put the fry of the fish of Dali Lake in the Dali Lake, thousands of miles away, the breeding is successful
","Dali Lake is a plateau dammed lake formed by eruption of volcanoes.The whale croaker, S.sylvaticus, living in the brackish water lake, like salmon living in the sea, must migrate to the upper reaches of the freshwater river to spawn Although the four rivers currently injecting into Dali Lake are all inland rivers, and none of the rivers lead to the ocean, scientists are still convinced that the Chinese fish in Dali Lake originally migrated from the ocean.
Question: Which of the following statements is true and provides the best explanation for scientists ’beliefs?

Choices:
A. The yellow croaker that lives in the waters of Heilongjiang and other areas is twice as large as the Japanese croaker which is in Dali Lake
B. The fish caught in seawater or freshwater can only survive for a day or two, and quickly decay after death.
C. The glacier melted to form Dali Lake.The overflowing lake water was once connected to the Liaohe River flowing into the ocean
D. The scientific researcher put the fry of the fish of Dali Lake in the Dali Lake, thousands of miles away, the breeding is successful

Let's think step by step before providing your final answer. However, you must conclude your assessment with the statement: 'Thus, the correct answer is: X', where 'X' is simply the letter corresponding to the answer option you've determined to be correct.",C.The glacier melted to form Dali Lake.The overflowing lake water was once connected to the Liaohe River flowing into the ocean,1
AGIEval,Civil Service Examination,LogiQA-en,MC,Civil Service Examination-LogiQA-en-229,N.A.,"If a crisis occurs, the company can take a very effective approach to eliminate the crisis, in fact, it can increase the company's reputation.A very good reputation may be destroyed in an instant, and a bad reputation often requires a long time to eliminate it.
Question: If the above statement is true, which statement is best supported?

Choices:
A. It is easier to destroy a good reputation than to eliminate a bad reputation.
B. If the risk of reputation is not a risk, then there is no risk.
C. Maintaining the company's reputation is the most important responsibility of the board of directors.
D. Eliminating a bad reputation is harder than winning a good reputation.
","If a crisis occurs, the company can take a very effective approach to eliminate the crisis, in fact, it can increase the company's reputation.A very good reputation may be destroyed in an instant, and a bad reputation often requires a long time to eliminate it.
Question: If the above statement is true, which statement is best supported?

Choices:
A. It is easier to destroy a good reputation than to eliminate a bad reputation.
B. If the risk of reputation is not a risk, then there is no risk.
C. Maintaining the company's reputation is the most important responsibility of the board of directors.
D. Eliminating a bad reputation is harder than winning a good reputation.

Let's think step by step before providing your final answer. However, you must conclude your assessment with the statement: 'Thus, the correct answer is: X', where 'X' is simply the letter corresponding to the answer option you've determined to be correct.",A.It is easier to destroy a good reputation than to eliminate a bad reputation.,1
AGIEval,Civil Service Examination,LogiQA-en,MC,Civil Service Examination-LogiQA-en-90,N.A.,"Xiao Chen? At present, part of the orbit of Comet 1996D3 is far from the sun, but recently it can be found to emit flickering light through the solar telescope.In the past, people never observed such flashes of comets far away from the sun, so this flicker must be an unusual scene.Xiao Wang? Normally people don't observe comets far away from the sun.The 1996D3 comet flicker light discovered this time was obtained by continuous and careful tracking observation.
Question: Which of the following most accurately summarizes the method Xiao Wang used to refute Xiao Chen's views?

Choices:
A. Point out that the key concepts used by Xiao Chen are ambiguous.
B. pointed out that Xiao Chen's argument is clearly lacking in persuasion.
C. pointed out that Xiao Chen's arguments contradict themselves.
D. Disagree with Xiao Chen's conclusion, and put forward another explanation for Xiao Chen's argument.E.Agree with Xiao Chen's conclusion, but put forward another explanation for Xiao Chen's argument.
","Xiao Chen? At present, part of the orbit of Comet 1996D3 is far from the sun, but recently it can be found to emit flickering light through the solar telescope.In the past, people never observed such flashes of comets far away from the sun, so this flicker must be an unusual scene.Xiao Wang? Normally people don't observe comets far away from the sun.The 1996D3 comet flicker light discovered this time was obtained by continuous and careful tracking observation.
Question: Which of the following most accurately summarizes the method Xiao Wang used to refute Xiao Chen's views?

Choices:
A. Point out that the key concepts used by Xiao Chen are ambiguous.
B. pointed out that Xiao Chen's argument is clearly lacking in persuasion.
C. pointed out that Xiao Chen's arguments contradict themselves.
D. Disagree with Xiao Chen's conclusion, and put forward another explanation for Xiao Chen's argument.E.Agree with Xiao Chen's conclusion, but put forward another explanation for Xiao Chen's argument.

Let's think step by step before providing your final answer. However, you must conclude your assessment with the statement: 'Thus, the correct answer is: X', where 'X' is simply the letter corresponding to the answer option you've determined to be correct.",B.pointed out that Xiao Chen's argument is clearly lacking in persuasion.,0
AGIEval,Civil Service Examination,LogiQA-en,MC,Civil Service Examination-LogiQA-en-183,N.A.,"Some people talked about the photos of the abuse of captives by the US military? ""If you don't want to be caught on the spot when doing stupid things, don't do stupid things.
Question: Which of the following sentences is different from the above sentence?

Choices:
A. If you do stupid things, be prepared to be caught on the spot while doing stupid things.
B. Only by not being stupid can we avoid being caught on the spot when doing stupid things.
C. Either you are caught on the spot when you are stupid, or you do n’t do stupid things.
D. If you are caught on the spot when doing stupid things, consider yourself unlucky.
","Some people talked about the photos of the abuse of captives by the US military? ""If you don't want to be caught on the spot when doing stupid things, don't do stupid things.
Question: Which of the following sentences is different from the above sentence?

Choices:
A. If you do stupid things, be prepared to be caught on the spot while doing stupid things.
B. Only by not being stupid can we avoid being caught on the spot when doing stupid things.
C. Either you are caught on the spot when you are stupid, or you do n’t do stupid things.
D. If you are caught on the spot when doing stupid things, consider yourself unlucky.

Let's think step by step before providing your final answer. However, you must conclude your assessment with the statement: 'Thus, the correct answer is: X', where 'X' is simply the letter corresponding to the answer option you've determined to be correct.","D.If you are caught on the spot when doing stupid things, consider yourself unlucky.",1
AGIEval,Civil Service Examination,LogiQA-en,MC,Civil Service Examination-LogiQA-en-406,N.A.,"During the Industrial Revolution, two plant diseases disappeared in the polluted British industrial city.One was black spot, which infects roses, and the other was tar spot, which infects sycamore.Biologists believe that it is possible that air pollution has eliminated these two diseases.
Question: If which of the following statements is true, can the strongest support for the above argument?

Choices:
A. Melasma and tar spots will recur when urban air pollution is reduced.
B. Whether the impact of air pollution on many plant species is beneficial or harmful is unclear to scientists.
C. There are ways to prevent the infection of melasma and tar spots, but once infected, it is difficult to eradicate.
D. Some plants can develop strong resistance to air pollution.
","During the Industrial Revolution, two plant diseases disappeared in the polluted British industrial city.One was black spot, which infects roses, and the other was tar spot, which infects sycamore.Biologists believe that it is possible that air pollution has eliminated these two diseases.
Question: If which of the following statements is true, can the strongest support for the above argument?

Choices:
A. Melasma and tar spots will recur when urban air pollution is reduced.
B. Whether the impact of air pollution on many plant species is beneficial or harmful is unclear to scientists.
C. There are ways to prevent the infection of melasma and tar spots, but once infected, it is difficult to eradicate.
D. Some plants can develop strong resistance to air pollution.

Let's think step by step before providing your final answer. However, you must conclude your assessment with the statement: 'Thus, the correct answer is: X', where 'X' is simply the letter corresponding to the answer option you've determined to be correct.",A.Melasma and tar spots will recur when urban air pollution is reduced.,1
AGIEval,Civil Service Examination,LogiQA-en,MC,Civil Service Examination-LogiQA-en-345,N.A.,"There are 6 rectangular vegetable ponds of the same size in a plastic shed, arranged in order from left to right? 1, 2, 3, 4, 5 and 6.And No.1 and No.6 are not adjacent.There are exactly 6 kinds of vegetables that need to be planted in the greenhouse? Q, L, H, x, S and Y.Each vegetable pond can only grow one of them.The planting arrangement must meet the following conditions? Q is planted in a vegetable pond on the left side of H.X species are in No.1 or No.6 vegetable ponds.No.3 vegetable pond is planted with Y or s.L is planted right next to S.
Question: If S and Q are planted in odd-numbered vegetable ponds, which of the following statements may be true?

Choices:
A. H species are in No.1 vegetable pond.
B. Type Y is in No.2 Caichizi.
C. Type H is in No.4 vegetable pond.
D. L is planted in No.5 vegetable pond.
","There are 6 rectangular vegetable ponds of the same size in a plastic shed, arranged in order from left to right? 1, 2, 3, 4, 5 and 6.And No.1 and No.6 are not adjacent.There are exactly 6 kinds of vegetables that need to be planted in the greenhouse? Q, L, H, x, S and Y.Each vegetable pond can only grow one of them.The planting arrangement must meet the following conditions? Q is planted in a vegetable pond on the left side of H.X species are in No.1 or No.6 vegetable ponds.No.3 vegetable pond is planted with Y or s.L is planted right next to S.
Question: If S and Q are planted in odd-numbered vegetable ponds, which of the following statements may be true?

Choices:
A. H species are in No.1 vegetable pond.
B. Type Y is in No.2 Caichizi.
C. Type H is in No.4 vegetable pond.
D. L is planted in No.5 vegetable pond.

Let's think step by step before providing your final answer. However, you must conclude your assessment with the statement: 'Thus, the correct answer is: X', where 'X' is simply the letter corresponding to the answer option you've determined to be correct.",B.Type Y is in No.2 Caichizi.,1
AGIEval,Civil Service Examination,LogiQA-en,MC,Civil Service Examination-LogiQA-en-19,N.A.,"There are five stations set up from west to east along a section of the high-speed railway along the river.It is known that Fuyi Station is east of Haoyun Station and West of Huyao Station, and is adjacent to Huyao Station; Jiushang Station is adjacent to Yinling Station.
Question: If Hao Yun stands to the east of Jiushang Station, you can get?

Choices:
A. Yinling Station is adjacent to Haoyun Station and west of Haoyun Station;
B. Haoyun Station is adjacent to Fuyi Station and west of Fuyi Station;
C. Jiushang Station is adjacent to Haoyun Station and west of Haoyun Station;
D. Yinling Station is adjacent to Fuyi Station and west of Fuyi Station;
","There are five stations set up from west to east along a section of the high-speed railway along the river.It is known that Fuyi Station is east of Haoyun Station and West of Huyao Station, and is adjacent to Huyao Station; Jiushang Station is adjacent to Yinling Station.
Question: If Hao Yun stands to the east of Jiushang Station, you can get?

Choices:
A. Yinling Station is adjacent to Haoyun Station and west of Haoyun Station;
B. Haoyun Station is adjacent to Fuyi Station and west of Fuyi Station;
C. Jiushang Station is adjacent to Haoyun Station and west of Haoyun Station;
D. Yinling Station is adjacent to Fuyi Station and west of Fuyi Station;

Let's think step by step before providing your final answer. However, you must conclude your assessment with the statement: 'Thus, the correct answer is: X', where 'X' is simply the letter corresponding to the answer option you've determined to be correct.",B.Haoyun Station is adjacent to Fuyi Station and west of Fuyi Station;,1
AGIEval,Civil Service Examination,LogiQA-en,MC,Civil Service Examination-LogiQA-en-313,N.A.,"Five former Chinese workers who were caught in Japan during the Japanese invasion of China sued a Japanese company for damages.In its final judgment in 2007, the Supreme Court of Japan claimed that, according to the ""Sino-Japanese Joint Statement,"" the Chinese people's right to individual claims had been waived, and therefore the Chinese laborers' claims were rejected.The ""Sino-Japanese Joint Statement"" signed in 1972 was written like this? ""The government of the People's Republic of China announced that it would abandon its war compensation claims against the Japanese for the friendship of the Chinese and Japanese people.""
Question: Which of the following is the same as the method of argument of the Japanese Supreme Court?

Choices:
A. Wang Ying can speak English, and Wang Ying is Chinese, so Chinese can speak English.
B. The Ministry of Education stipulates that colleges and universities are not allowed to engage in stock investment, so Professor Zhang of Peking University cannot buy stocks.
C. The Chinese Olympic Committee is a member of the International Olympic Committee, and Mr.Y is a member of the Chinese Olympic Committee.Therefore, Mr.Y is a member of the International Olympic Committee.
D. Our school games are the sports games of the whole school, and the Olympic Games are the sports games all over the world; students of our school must participate in the opening ceremony of the Universiade.Therefore, people all over the world must participate in the opening ceremony of the Olympic Games.
","Five former Chinese workers who were caught in Japan during the Japanese invasion of China sued a Japanese company for damages.In its final judgment in 2007, the Supreme Court of Japan claimed that, according to the ""Sino-Japanese Joint Statement,"" the Chinese people's right to individual claims had been waived, and therefore the Chinese laborers' claims were rejected.The ""Sino-Japanese Joint Statement"" signed in 1972 was written like this? ""The government of the People's Republic of China announced that it would abandon its war compensation claims against the Japanese for the friendship of the Chinese and Japanese people.""
Question: Which of the following is the same as the method of argument of the Japanese Supreme Court?

Choices:
A. Wang Ying can speak English, and Wang Ying is Chinese, so Chinese can speak English.
B. The Ministry of Education stipulates that colleges and universities are not allowed to engage in stock investment, so Professor Zhang of Peking University cannot buy stocks.
C. The Chinese Olympic Committee is a member of the International Olympic Committee, and Mr.Y is a member of the Chinese Olympic Committee.Therefore, Mr.Y is a member of the International Olympic Committee.
D. Our school games are the sports games of the whole school, and the Olympic Games are the sports games all over the world; students of our school must participate in the opening ceremony of the Universiade.Therefore, people all over the world must participate in the opening ceremony of the Olympic Games.

Let's think step by step before providing your final answer. However, you must conclude your assessment with the statement: 'Thus, the correct answer is: X', where 'X' is simply the letter corresponding to the answer option you've determined to be correct.","B.The Ministry of Education stipulates that colleges and universities are not allowed to engage in stock investment, so Professor Zhang of Peking University cannot buy stocks.",0
AGIEval,Civil Service Examination,LogiQA-en,MC,Civil Service Examination-LogiQA-en-479,N.A.,"Regarding how to define ""naked officials"", the ""Interim Provisions"" clarified the following three categories of national staff as ""naked officials""? spouses and children have moved outside the country (border); no children The spouse has moved outside the country (boundary); without the spouse, the children have moved outside the country (boundary).In 2014, the Central Organization Department issued the relevant ""Administrative Measures"" stipulating that? If the spouse has moved outside the country (boundary) or has no spouse, the national staff who have moved outside the country (boundary) are all ""naked officials"".
Question: Which of the following statements is consistent with the above two documents?

Choices:
A. According to the ""Administrative Measures"", only national staff whose children have migrated outside the country (border) are ""bare officials""
B. For national staff with both spouses and children, the provisions of the two documents are the same
C. According to the ""Interim Regulations"", as long as the spouse of a staff member of a certain country has moved outside the country (border), he or she is a ""naked official""
D. For national staff with only spouse and no children, the provisions of the two documents are the same
","Regarding how to define ""naked officials"", the ""Interim Provisions"" clarified the following three categories of national staff as ""naked officials""? spouses and children have moved outside the country (border); no children The spouse has moved outside the country (boundary); without the spouse, the children have moved outside the country (boundary).In 2014, the Central Organization Department issued the relevant ""Administrative Measures"" stipulating that? If the spouse has moved outside the country (boundary) or has no spouse, the national staff who have moved outside the country (boundary) are all ""naked officials"".
Question: Which of the following statements is consistent with the above two documents?

Choices:
A. According to the ""Administrative Measures"", only national staff whose children have migrated outside the country (border) are ""bare officials""
B. For national staff with both spouses and children, the provisions of the two documents are the same
C. According to the ""Interim Regulations"", as long as the spouse of a staff member of a certain country has moved outside the country (border), he or she is a ""naked official""
D. For national staff with only spouse and no children, the provisions of the two documents are the same

Let's think step by step before providing your final answer. However, you must conclude your assessment with the statement: 'Thus, the correct answer is: X', where 'X' is simply the letter corresponding to the answer option you've determined to be correct.","D.For national staff with only spouse and no children, the provisions of the two documents are the same",1
AGIEval,Civil Service Examination,LogiQA-en,MC,Civil Service Examination-LogiQA-en-571,N.A.,"Anti-nuclear activists? The closure of this nuclear power plant was a victory for the anti-nuclear cause, and it showed that the nuclear industry departments were very late to recognize the fact that they could not safely operate nuclear power plants.Nuclear power plant manager? It does not indicate such a fact.The availability of direct electricity from non-nuclear resources, coupled with mandatory safety inspections and safe maintenance, makes it uneconomical to continue operating this nuclear power plant.Therefore, the shutdown of this nuclear power plant is not for safety reasons, but for economic reasons.
Question: The manager ’s argument is flawed because

Choices:
A. It does not recognize that the power company may now believe that the nuclear power plant is unsafe, even if the shutdown of the nuclear power plant is not for safety reasons.
B. It regards the cost increase caused by taking safety precautions as a pure economic factor.
C. It ignores the possibility that the resources from which cheap electricity can be obtained may also have safety issues.
D. It mistakes the question of what the shutdown of this nuclear power plant means to the public as the question of the reason for shutting down the power plant.
","Anti-nuclear activists? The closure of this nuclear power plant was a victory for the anti-nuclear cause, and it showed that the nuclear industry departments were very late to recognize the fact that they could not safely operate nuclear power plants.Nuclear power plant manager? It does not indicate such a fact.The availability of direct electricity from non-nuclear resources, coupled with mandatory safety inspections and safe maintenance, makes it uneconomical to continue operating this nuclear power plant.Therefore, the shutdown of this nuclear power plant is not for safety reasons, but for economic reasons.
Question: The manager ’s argument is flawed because

Choices:
A. It does not recognize that the power company may now believe that the nuclear power plant is unsafe, even if the shutdown of the nuclear power plant is not for safety reasons.
B. It regards the cost increase caused by taking safety precautions as a pure economic factor.
C. It ignores the possibility that the resources from which cheap electricity can be obtained may also have safety issues.
D. It mistakes the question of what the shutdown of this nuclear power plant means to the public as the question of the reason for shutting down the power plant.

Let's think step by step before providing your final answer. However, you must conclude your assessment with the statement: 'Thus, the correct answer is: X', where 'X' is simply the letter corresponding to the answer option you've determined to be correct.",B.It regards the cost increase caused by taking safety precautions as a pure economic factor.,1
AGIEval,Civil Service Examination,LogiQA-en,MC,Civil Service Examination-LogiQA-en-332,N.A.,"Xiao Zhao? ""The stock and fund markets have been very active in recent months.Have you become a shareholder or a base investor?"" Xiao Wang? ""I can only tell you that I bought at least one of the stocks and funds; if I do n’t buy Fund, then I do n’t buy stocks.""
Question: If Xiao Wang told Xiao Zhao all the truth, which of the following must be true?

Choices:
A. Xiao Wang bought stocks.
B. Xiao Wang didn't buy stocks.
C. Xiao Wang bought the fund.
D. Xiao Wang didn't buy a fund.
","Xiao Zhao? ""The stock and fund markets have been very active in recent months.Have you become a shareholder or a base investor?"" Xiao Wang? ""I can only tell you that I bought at least one of the stocks and funds; if I do n’t buy Fund, then I do n’t buy stocks.""
Question: If Xiao Wang told Xiao Zhao all the truth, which of the following must be true?

Choices:
A. Xiao Wang bought stocks.
B. Xiao Wang didn't buy stocks.
C. Xiao Wang bought the fund.
D. Xiao Wang didn't buy a fund.

Let's think step by step before providing your final answer. However, you must conclude your assessment with the statement: 'Thus, the correct answer is: X', where 'X' is simply the letter corresponding to the answer option you've determined to be correct.",C.Xiao Wang bought the fund.,1
AGIEval,Civil Service Examination,LogiQA-en,MC,Civil Service Examination-LogiQA-en-587,N.A.,"Placebo effect"" refers to the phenomenon of letting patients take fake drugs that have no effect at all without knowing it, but they can get the same or better effects than real drugs.The ""placebo effect"" has been supported by many clinical studies.One explanation for this phenomenon is that human expectations for the future will change the physiological state of the brain, which in turn will cause physiological changes throughout the body.
Question: The following statements can support the above explanation, except

Choices:
A. The placebo effect is the result of a combination of factors.
B. Placebo has no effect on Alzheimer's patients who have lost their expected future abilities.
C. Some patients do not believe that the treatment will be effective.Although they have been treated normally, their condition has worsened.
D. Inject the subject with normal saline and make him believe that it is an analgesic.The subject's brain then secretes the analgesic endorphin.
","Placebo effect"" refers to the phenomenon of letting patients take fake drugs that have no effect at all without knowing it, but they can get the same or better effects than real drugs.The ""placebo effect"" has been supported by many clinical studies.One explanation for this phenomenon is that human expectations for the future will change the physiological state of the brain, which in turn will cause physiological changes throughout the body.
Question: The following statements can support the above explanation, except

Choices:
A. The placebo effect is the result of a combination of factors.
B. Placebo has no effect on Alzheimer's patients who have lost their expected future abilities.
C. Some patients do not believe that the treatment will be effective.Although they have been treated normally, their condition has worsened.
D. Inject the subject with normal saline and make him believe that it is an analgesic.The subject's brain then secretes the analgesic endorphin.

Let's think step by step before providing your final answer. However, you must conclude your assessment with the statement: 'Thus, the correct answer is: X', where 'X' is simply the letter corresponding to the answer option you've determined to be correct.","C.Some patients do not believe that the treatment will be effective.Although they have been treated normally, their condition has worsened.",0
AGIEval,Civil Service Examination,LogiQA-en,MC,Civil Service Examination-LogiQA-en-434,N.A.,"Countries with a small population with higher education are destined to be economically and politically weak.However, in countries with a large population of highly educated people, their governments have serious financial commitments to public education.Therefore, any country with a government that can make such a commitment will be free from economic and political weakness.
Question: Which of the following arguments is most similar to the above argument?

Choices:
A. Poets who have created high-quality poetry have learned traditional poetry, and poets who have not learned traditional poetry are most likely to create innovative poetry.Therefore, to create innovative poetry is best not to learn traditional poetry.
B. A person who does not understand teaching cannot understand the personality of the students he teaches.Therefore, a person who understands teaching can understand the personality of the students he teaches.
C. A person who lacks emotional resonance is not a good candidate for public office, while a person with emotional resonance is good at manipulating the emotions of others.Therefore, people who are good at manipulating the feelings of others are excellent candidates for public office.
D. If the climate changes suddenly, animals with a single type of food will be more difficult to survive.However, animals with a wide range of foods will not, because abrupt climate change will only eliminate certain types of food.
","Countries with a small population with higher education are destined to be economically and politically weak.However, in countries with a large population of highly educated people, their governments have serious financial commitments to public education.Therefore, any country with a government that can make such a commitment will be free from economic and political weakness.
Question: Which of the following arguments is most similar to the above argument?

Choices:
A. Poets who have created high-quality poetry have learned traditional poetry, and poets who have not learned traditional poetry are most likely to create innovative poetry.Therefore, to create innovative poetry is best not to learn traditional poetry.
B. A person who does not understand teaching cannot understand the personality of the students he teaches.Therefore, a person who understands teaching can understand the personality of the students he teaches.
C. A person who lacks emotional resonance is not a good candidate for public office, while a person with emotional resonance is good at manipulating the emotions of others.Therefore, people who are good at manipulating the feelings of others are excellent candidates for public office.
D. If the climate changes suddenly, animals with a single type of food will be more difficult to survive.However, animals with a wide range of foods will not, because abrupt climate change will only eliminate certain types of food.

Let's think step by step before providing your final answer. However, you must conclude your assessment with the statement: 'Thus, the correct answer is: X', where 'X' is simply the letter corresponding to the answer option you've determined to be correct.","C.A person who lacks emotional resonance is not a good candidate for public office, while a person with emotional resonance is good at manipulating the emotions of others.Therefore, people who are good at manipulating the feelings of others are excellent candidates for public office.",0
AGIEval,Civil Service Examination,LogiQA-en,MC,Civil Service Examination-LogiQA-en-531,N.A.,"No computer can do everything the human brain can do, because some problems cannot be solved by running any mechanical program.Computers can only solve problems by running mechanical programs.
Question: Which of the following statements is the assumption that the above discussion relies on?

Choices:
A. There is at least one problem that can be solved by running a mechanical program, but it cannot be solved by anyone's brain.
B. There is at least one problem.It cannot be solved by running any mechanical program, but it can be solved by at least one person's brain.
C. There is at least one problem that can be solved by running any mechanical program, but cannot be solved by anyone's brain.
D. Every problem can be solved by everyone's brain if it can be solved by running at least one mechanical program.
","No computer can do everything the human brain can do, because some problems cannot be solved by running any mechanical program.Computers can only solve problems by running mechanical programs.
Question: Which of the following statements is the assumption that the above discussion relies on?

Choices:
A. There is at least one problem that can be solved by running a mechanical program, but it cannot be solved by anyone's brain.
B. There is at least one problem.It cannot be solved by running any mechanical program, but it can be solved by at least one person's brain.
C. There is at least one problem that can be solved by running any mechanical program, but cannot be solved by anyone's brain.
D. Every problem can be solved by everyone's brain if it can be solved by running at least one mechanical program.

Let's think step by step before providing your final answer. However, you must conclude your assessment with the statement: 'Thus, the correct answer is: X', where 'X' is simply the letter corresponding to the answer option you've determined to be correct.","B.There is at least one problem.It cannot be solved by running any mechanical program, but it can be solved by at least one person's brain.",1
AGIEval,Civil Service Examination,LogiQA-en,MC,Civil Service Examination-LogiQA-en-196,N.A.,"There are 6 scholars F, G, J, L, M, and N, who will speak at a logical meeting, and the speeches are arranged in the following order? (1) Each speaker speaks only once, and only once at the same time By.(2) Three speakers speak before lunch, and the other three speak after lunch.(3) G must speak before lunch.(4) Only one speaker is between M and N.(5) F speaks in the first or third place.
Question: If the speeches of M and N are separated by lunch, which of the following lists all speakers that can be arranged between M and N?

Choices:
A. G, J
B. F, G, J
C. J, L
D. F, G, J, L
","There are 6 scholars F, G, J, L, M, and N, who will speak at a logical meeting, and the speeches are arranged in the following order? (1) Each speaker speaks only once, and only once at the same time By.(2) Three speakers speak before lunch, and the other three speak after lunch.(3) G must speak before lunch.(4) Only one speaker is between M and N.(5) F speaks in the first or third place.
Question: If the speeches of M and N are separated by lunch, which of the following lists all speakers that can be arranged between M and N?

Choices:
A. G, J
B. F, G, J
C. J, L
D. F, G, J, L

Let's think step by step before providing your final answer. However, you must conclude your assessment with the statement: 'Thus, the correct answer is: X', where 'X' is simply the letter corresponding to the answer option you've determined to be correct.","D.F, G, J, L",0
AGIEval,Civil Service Examination,LogiQA-en,MC,Civil Service Examination-LogiQA-en-651,N.A.,"A committee works for two years and consists of 4 people each year, of which 2 members are from the following 4 judges? F, G, H and I, and 2 members are from the following 3 scientists? V, Y and Z Every year, the committee has one member as chairman.Members who chaired in the first year must withdraw from the committee in the second year.The person who is chairman in the second year must be a member of the committee in the first year.The members of the committee must meet the following conditions? G and V cannot become members of the committee in the same year.H and Y cannot be members of the committee in the same year.Each year, one and only one of I and V is a member of the committee.
Question: Which of the following must be true?

Choices:
A. H was a member of the committee in the first year.
B. F was a member of the committee in the second year.
C. I have been a member of the committee for two years.
D. Z was a member of the committee the following year.
","A committee works for two years and consists of 4 people each year, of which 2 members are from the following 4 judges? F, G, H and I, and 2 members are from the following 3 scientists? V, Y and Z Every year, the committee has one member as chairman.Members who chaired in the first year must withdraw from the committee in the second year.The person who is chairman in the second year must be a member of the committee in the first year.The members of the committee must meet the following conditions? G and V cannot become members of the committee in the same year.H and Y cannot be members of the committee in the same year.Each year, one and only one of I and V is a member of the committee.
Question: Which of the following must be true?

Choices:
A. H was a member of the committee in the first year.
B. F was a member of the committee in the second year.
C. I have been a member of the committee for two years.
D. Z was a member of the committee the following year.

Let's think step by step before providing your final answer. However, you must conclude your assessment with the statement: 'Thus, the correct answer is: X', where 'X' is simply the letter corresponding to the answer option you've determined to be correct.",D.Z was a member of the committee the following year.,1
AGIEval,Civil Service Examination,LogiQA-en,MC,Civil Service Examination-LogiQA-en-542,N.A.,"There are 6 warehouses in a warehouse, in order from 1 to 6.There are 6 kinds of goods F, G, L, M, P, T.Each warehouse stores exactly one of 6 kinds of goods, and different kinds of goods cannot be stored in the same warehouse.The following conditions must also be met when storing goods? (1) The warehouse number for storing G is larger than the warehouse number for storing L.(2) The warehouse number storing L is larger than the warehouse number storing T.(3) The warehouse number storing P is larger than the warehouse number storing F.(4) The warehouse storing T is next to the warehouse storing P.
Question: Which of the following can accurately mark the goods stored in warehouses 1 to 3?

Choices:
A. F, M, T
B. G, M, F
C. M, L, F
D. M, T, F
","There are 6 warehouses in a warehouse, in order from 1 to 6.There are 6 kinds of goods F, G, L, M, P, T.Each warehouse stores exactly one of 6 kinds of goods, and different kinds of goods cannot be stored in the same warehouse.The following conditions must also be met when storing goods? (1) The warehouse number for storing G is larger than the warehouse number for storing L.(2) The warehouse number storing L is larger than the warehouse number storing T.(3) The warehouse number storing P is larger than the warehouse number storing F.(4) The warehouse storing T is next to the warehouse storing P.
Question: Which of the following can accurately mark the goods stored in warehouses 1 to 3?

Choices:
A. F, M, T
B. G, M, F
C. M, L, F
D. M, T, F

Let's think step by step before providing your final answer. However, you must conclude your assessment with the statement: 'Thus, the correct answer is: X', where 'X' is simply the letter corresponding to the answer option you've determined to be correct.","A.F, M, T",1
AGIEval,Civil Service Examination,LogiQA-en,MC,Civil Service Examination-LogiQA-en-108,N.A.,"A doctor takes a capsule made of lycopene extracted from tomatoes to a group of prostate cancer patients awaiting surgery, 15 mg twice a day.Three weeks later, the tumors of this group of patients were significantly reduced, and some were almost eliminated.The doctor speculated that lycopene has the effect of reducing prostate tumors.
Question: Which of the following, if true, best supports the doctor ’s conclusion?

Choices:
A. The age of prostate cancer patients taking lycopene is between 45-65 years old.
B. A few of the prostate cancer patients taking lycopene are in serious condition.
C. There is a similar group of patients with prostate tumors awaiting surgery.They did not take lycopene capsules, and their tumors did not shrink.
D. Lycopene exists not only in tomatoes, but also in fruits such as watermelons and grapes.
","A doctor takes a capsule made of lycopene extracted from tomatoes to a group of prostate cancer patients awaiting surgery, 15 mg twice a day.Three weeks later, the tumors of this group of patients were significantly reduced, and some were almost eliminated.The doctor speculated that lycopene has the effect of reducing prostate tumors.
Question: Which of the following, if true, best supports the doctor ’s conclusion?

Choices:
A. The age of prostate cancer patients taking lycopene is between 45-65 years old.
B. A few of the prostate cancer patients taking lycopene are in serious condition.
C. There is a similar group of patients with prostate tumors awaiting surgery.They did not take lycopene capsules, and their tumors did not shrink.
D. Lycopene exists not only in tomatoes, but also in fruits such as watermelons and grapes.

Let's think step by step before providing your final answer. However, you must conclude your assessment with the statement: 'Thus, the correct answer is: X', where 'X' is simply the letter corresponding to the answer option you've determined to be correct.","C.There is a similar group of patients with prostate tumors awaiting surgery.They did not take lycopene capsules, and their tumors did not shrink.",1
AGIEval,Civil Service Examination,LogiQA-en,MC,Civil Service Examination-LogiQA-en-404,N.A.,"A recent survey asked the types of reports that journalism students like to read.The results show that most people are concerned about the type of politics and people's livelihood, and it is difficult to tolerate today's popular reports about fashion and star gossip.Therefore, the current trend of reporting fashion and gossip is based on the wrong assumption of public interest.
Question: Which of the following statements best describes the flaws in the above argument?

Choices:
A. It regards the favorable conditions for a thing as the sufficient conditions for it.
B. The opinions of the sample groups on which it relies are hardly supportive of the conclusion of this argument.
C. It makes inferences based on a hypothesis contrary to the facts, and the conclusion has no credibility.
D. It regards the possible result of a phenomenon as the cause of this phenomenon.
","A recent survey asked the types of reports that journalism students like to read.The results show that most people are concerned about the type of politics and people's livelihood, and it is difficult to tolerate today's popular reports about fashion and star gossip.Therefore, the current trend of reporting fashion and gossip is based on the wrong assumption of public interest.
Question: Which of the following statements best describes the flaws in the above argument?

Choices:
A. It regards the favorable conditions for a thing as the sufficient conditions for it.
B. The opinions of the sample groups on which it relies are hardly supportive of the conclusion of this argument.
C. It makes inferences based on a hypothesis contrary to the facts, and the conclusion has no credibility.
D. It regards the possible result of a phenomenon as the cause of this phenomenon.

Let's think step by step before providing your final answer. However, you must conclude your assessment with the statement: 'Thus, the correct answer is: X', where 'X' is simply the letter corresponding to the answer option you've determined to be correct.",B.The opinions of the sample groups on which it relies are hardly supportive of the conclusion of this argument.,1
AGIEval,Civil Service Examination,LogiQA-en,MC,Civil Service Examination-LogiQA-en-640,N.A.,"Compared with international oil prices, domestic oil prices have always been ""rising fast and falling slowly"".One of the reasons is that China's refined oil price adjustment is based on the boundary condition that crude oil prices in the three places change by more than 4%.For example, when the price rises from US $ 100 to US $ 104, we will increase the price accordingly; however, if we return from US $ 104 by 4% and then reduce the price, we will have to wait for the price to fall back to US $ 99.84.
Question: Which of the following statements best points out the shortcomings of the above argument?

Choices:
A. The above argument fails to explain that the unreasonable domestic oil prices are caused by various reasons.
B. The above argument fails to explain that the root cause of unreasonable domestic oil prices lies in industry monopoly.
C. The above argument fails to explain that with 4% as the boundary condition, the higher the oil price, the slower the domestic response.
D. The above argument does not start from the same price base point for comparison.If the base point of the price increase is US $ 100, the conditional analysis of the price reduction should also be based on US $ 100.
","Compared with international oil prices, domestic oil prices have always been ""rising fast and falling slowly"".One of the reasons is that China's refined oil price adjustment is based on the boundary condition that crude oil prices in the three places change by more than 4%.For example, when the price rises from US $ 100 to US $ 104, we will increase the price accordingly; however, if we return from US $ 104 by 4% and then reduce the price, we will have to wait for the price to fall back to US $ 99.84.
Question: Which of the following statements best points out the shortcomings of the above argument?

Choices:
A. The above argument fails to explain that the unreasonable domestic oil prices are caused by various reasons.
B. The above argument fails to explain that the root cause of unreasonable domestic oil prices lies in industry monopoly.
C. The above argument fails to explain that with 4% as the boundary condition, the higher the oil price, the slower the domestic response.
D. The above argument does not start from the same price base point for comparison.If the base point of the price increase is US $ 100, the conditional analysis of the price reduction should also be based on US $ 100.

Let's think step by step before providing your final answer. However, you must conclude your assessment with the statement: 'Thus, the correct answer is: X', where 'X' is simply the letter corresponding to the answer option you've determined to be correct.","C.The above argument fails to explain that with 4% as the boundary condition, the higher the oil price, the slower the domestic response.",0
AGIEval,Civil Service Examination,LogiQA-en,MC,Civil Service Examination-LogiQA-en-364,N.A.,"After the Wenchuan Earthquake in Sichuan, Chinese private entrepreneur Chen Guangzou took the lead in rushing to the disaster-stricken area with people and equipment to carry out private rescue.He once said? ""If you have a glass of water, you can enjoy it alone; if you have a bucket of water, you can store it at home; if you have a river, you have to learn to share it with others.""
Question: Which of the following statements has the most serious inconsistency with Chen Guangfang ’s assertion?

Choices:
A. If you do n’t have a river, you do n’t have to learn to share with others.
B. I do own a river, but it is mine, why should I learn to share it with others.
C. Or you do n’t have a river, or you have to learn to share with others.
D. If you do n’t have a bucket of water, you wo n’t own a river.
","After the Wenchuan Earthquake in Sichuan, Chinese private entrepreneur Chen Guangzou took the lead in rushing to the disaster-stricken area with people and equipment to carry out private rescue.He once said? ""If you have a glass of water, you can enjoy it alone; if you have a bucket of water, you can store it at home; if you have a river, you have to learn to share it with others.""
Question: Which of the following statements has the most serious inconsistency with Chen Guangfang ’s assertion?

Choices:
A. If you do n’t have a river, you do n’t have to learn to share with others.
B. I do own a river, but it is mine, why should I learn to share it with others.
C. Or you do n’t have a river, or you have to learn to share with others.
D. If you do n’t have a bucket of water, you wo n’t own a river.

Let's think step by step before providing your final answer. However, you must conclude your assessment with the statement: 'Thus, the correct answer is: X', where 'X' is simply the letter corresponding to the answer option you've determined to be correct.","B.I do own a river, but it is mine, why should I learn to share it with others.",1
AGIEval,Civil Service Examination,LogiQA-en,MC,Civil Service Examination-LogiQA-en-580,N.A.,"For a long time, smoking in bed has been the main cause of domestic fires.Although the number of people who smoke has declined significantly in the past 20 years, the number of people who have died from domestic fires has not decreased significantly.
Question: If the following statement is true, it will help explain the obvious inconsistency above, except

Choices:
A. People who smoke in bed are usually very addicted to smoking, and they are less likely to quit smoking than those who do not smoke in bed.
B. The population density has been increasing over the past 20 years, and the number of deaths caused by a family fire is now higher than it was 20 years ago.
C. Fires caused by smoking in bed usually occur after the homeowner falls asleep.
D. Compared with other types of domestic fires, the damage caused by domestic fires caused by bed smoking is usually smaller.
","For a long time, smoking in bed has been the main cause of domestic fires.Although the number of people who smoke has declined significantly in the past 20 years, the number of people who have died from domestic fires has not decreased significantly.
Question: If the following statement is true, it will help explain the obvious inconsistency above, except

Choices:
A. People who smoke in bed are usually very addicted to smoking, and they are less likely to quit smoking than those who do not smoke in bed.
B. The population density has been increasing over the past 20 years, and the number of deaths caused by a family fire is now higher than it was 20 years ago.
C. Fires caused by smoking in bed usually occur after the homeowner falls asleep.
D. Compared with other types of domestic fires, the damage caused by domestic fires caused by bed smoking is usually smaller.

Let's think step by step before providing your final answer. However, you must conclude your assessment with the statement: 'Thus, the correct answer is: X', where 'X' is simply the letter corresponding to the answer option you've determined to be correct.",C.Fires caused by smoking in bed usually occur after the homeowner falls asleep.,0
AGIEval,Civil Service Examination,LogiQA-en,MC,Civil Service Examination-LogiQA-en-576,N.A.,"Sales experts believe that in a market that is no longer expanding, a company ’s best sales strategy is to pursue the largest market share, and the best way to achieve its goal is to do some comparative advertising that highlights the shortcomings of competitors.In the sluggish domestic milk powder market, A-brand milk powder and B-brand milk powder have been in a two-year comparative advertising campaign, accusing each other's products of causing harmful effects on the baby's health.However, these advertising campaigns did not increase their respective market shares, but instead made many people no longer buy any brand of domestically produced milk powder.
Question: Which of the following conclusions strongly supports the above statement?

Choices:
A. Comparative advertising should not be used in an expanding or potentially expanding market.
B. Comparative advertising runs the risk of shrinking their target market instead of expanding.
C. Comparative advertising will not produce any long-term benefits unless consumers can easily judge the accuracy of those ads.
D. If a company ’s products are significantly higher in quality than its competitors ’products, comparative advertising can increase the company ’s market share in any case.
","Sales experts believe that in a market that is no longer expanding, a company ’s best sales strategy is to pursue the largest market share, and the best way to achieve its goal is to do some comparative advertising that highlights the shortcomings of competitors.In the sluggish domestic milk powder market, A-brand milk powder and B-brand milk powder have been in a two-year comparative advertising campaign, accusing each other's products of causing harmful effects on the baby's health.However, these advertising campaigns did not increase their respective market shares, but instead made many people no longer buy any brand of domestically produced milk powder.
Question: Which of the following conclusions strongly supports the above statement?

Choices:
A. Comparative advertising should not be used in an expanding or potentially expanding market.
B. Comparative advertising runs the risk of shrinking their target market instead of expanding.
C. Comparative advertising will not produce any long-term benefits unless consumers can easily judge the accuracy of those ads.
D. If a company ’s products are significantly higher in quality than its competitors ’products, comparative advertising can increase the company ’s market share in any case.

Let's think step by step before providing your final answer. However, you must conclude your assessment with the statement: 'Thus, the correct answer is: X', where 'X' is simply the letter corresponding to the answer option you've determined to be correct.",B.Comparative advertising runs the risk of shrinking their target market instead of expanding.,1
AGIEval,Civil Service Examination,LogiQA-en,MC,Civil Service Examination-LogiQA-en-486,N.A.,"Dumping"" is defined as the act of selling such commodities in another country at a price lower than the production cost of the commodities.The prawn producers in country H are selling prawns in country M at a price lower than the production cost of the river prawns in country M.Therefore, shrimp producers in country H are dumping shrimp in country M.
Question: Which of the following is necessary to evaluate the dumping behavior mentioned above?

Choices:
A. ""Production cost"" in the definition of dumping refers to the production cost of the origin of the commodity or the production cost of similar commodities in the place of sale
B. If country H has been selling shrimp in country M at a price lower than the production cost of shrimp in country M, the shrimp industry in country M will go bankrupt
C. The experts reached a consensus on whether the dumping behavior is harmful or beneficial to the economies of the two countries, or whether it is harmful or beneficial to only one of them
D. Due to the different methods of calculating the production cost of commodities, it is difficult to obtain accurate comparison values ​​of the production costs of the same commodity in different countries
","Dumping"" is defined as the act of selling such commodities in another country at a price lower than the production cost of the commodities.The prawn producers in country H are selling prawns in country M at a price lower than the production cost of the river prawns in country M.Therefore, shrimp producers in country H are dumping shrimp in country M.
Question: Which of the following is necessary to evaluate the dumping behavior mentioned above?

Choices:
A. ""Production cost"" in the definition of dumping refers to the production cost of the origin of the commodity or the production cost of similar commodities in the place of sale
B. If country H has been selling shrimp in country M at a price lower than the production cost of shrimp in country M, the shrimp industry in country M will go bankrupt
C. The experts reached a consensus on whether the dumping behavior is harmful or beneficial to the economies of the two countries, or whether it is harmful or beneficial to only one of them
D. Due to the different methods of calculating the production cost of commodities, it is difficult to obtain accurate comparison values ​​of the production costs of the same commodity in different countries

Let's think step by step before providing your final answer. However, you must conclude your assessment with the statement: 'Thus, the correct answer is: X', where 'X' is simply the letter corresponding to the answer option you've determined to be correct.","A.""Production cost"" in the definition of dumping refers to the production cost of the origin of the commodity or the production cost of similar commodities in the place of sale",1
AGIEval,Civil Service Examination,LogiQA-en,MC,Civil Service Examination-LogiQA-en-370,N.A.,"The only way economists distinguish normal products from low-end products is to see how consumers respond to changes in income.If people's income increases, the demand for something becomes smaller, and such a thing is a low-end product.Similarly, if people's incomes decrease, their demand for low-end products will increase.
Question: Which of the following statements best matches the economist ’s description of the difference between normal and low-grade products?

Choices:
A. Poor students in the school often eat instant noodles, and they often go to restaurants after they find a job after graduation.For these students, instant noodles are inferior.
B. In family life, as people's incomes decrease, the demand for table salt has not increased.There is no doubt that table salt is a low-grade product.
C. In an increasingly aging community, the demand for gasoline is getting smaller and smaller, and the demand for home care services is growing.Compared with gasoline, home care services are inferior.
D. When people's income increases, parents will buy a few more brand-name clothes for their children.When income decreases, they will buy less.Brand-name clothing is not a low-end product, nor a normal product, but a high-end product.
","The only way economists distinguish normal products from low-end products is to see how consumers respond to changes in income.If people's income increases, the demand for something becomes smaller, and such a thing is a low-end product.Similarly, if people's incomes decrease, their demand for low-end products will increase.
Question: Which of the following statements best matches the economist ’s description of the difference between normal and low-grade products?

Choices:
A. Poor students in the school often eat instant noodles, and they often go to restaurants after they find a job after graduation.For these students, instant noodles are inferior.
B. In family life, as people's incomes decrease, the demand for table salt has not increased.There is no doubt that table salt is a low-grade product.
C. In an increasingly aging community, the demand for gasoline is getting smaller and smaller, and the demand for home care services is growing.Compared with gasoline, home care services are inferior.
D. When people's income increases, parents will buy a few more brand-name clothes for their children.When income decreases, they will buy less.Brand-name clothing is not a low-end product, nor a normal product, but a high-end product.

Let's think step by step before providing your final answer. However, you must conclude your assessment with the statement: 'Thus, the correct answer is: X', where 'X' is simply the letter corresponding to the answer option you've determined to be correct.","A.Poor students in the school often eat instant noodles, and they often go to restaurants after they find a job after graduation.For these students, instant noodles are inferior.",1
AGIEval,Civil Service Examination,LogiQA-en,MC,Civil Service Examination-LogiQA-en-125,N.A.,"Confucius said? ""Do not do what you don't want to do to others.""
Question: Which of the following options is not a logical inference from the above sentence?

Choices:
A. Only those who do what they want can do it to others.
B. If you want, then give it to others.
C. Don't treat others unless you want to.
D. Whatever is applied to people should be what they want.
","Confucius said? ""Do not do what you don't want to do to others.""
Question: Which of the following options is not a logical inference from the above sentence?

Choices:
A. Only those who do what they want can do it to others.
B. If you want, then give it to others.
C. Don't treat others unless you want to.
D. Whatever is applied to people should be what they want.

Let's think step by step before providing your final answer. However, you must conclude your assessment with the statement: 'Thus, the correct answer is: X', where 'X' is simply the letter corresponding to the answer option you've determined to be correct.","B.If you want, then give it to others.",0
AGIEval,Civil Service Examination,LogiQA-en,MC,Civil Service Examination-LogiQA-en-516,N.A.,"Even the most diligent people in the world cannot finish all the books in the world.
Question: Which of the following is the logical corollary of the statement above?

Choices:
A. The most diligent people in the world must not be able to read all the books in the world.
B. The most diligent people in the world may not be able to read all the books in the world.
C. The most diligent person in the world may finish all the books in the world.
D. The person who reads all the books in the world must be the most diligent person in the world.
","Even the most diligent people in the world cannot finish all the books in the world.
Question: Which of the following is the logical corollary of the statement above?

Choices:
A. The most diligent people in the world must not be able to read all the books in the world.
B. The most diligent people in the world may not be able to read all the books in the world.
C. The most diligent person in the world may finish all the books in the world.
D. The person who reads all the books in the world must be the most diligent person in the world.

Let's think step by step before providing your final answer. However, you must conclude your assessment with the statement: 'Thus, the correct answer is: X', where 'X' is simply the letter corresponding to the answer option you've determined to be correct.",A.The most diligent people in the world must not be able to read all the books in the world.,1
AGIEval,Civil Service Examination,LogiQA-en,MC,Civil Service Examination-LogiQA-en-623,N.A.,"Nero was the Roman emperor in the first century AD.Every Roman emperor drinks wine, and only uses tin jugs and tin goblets.No matter who it is, as long as it uses tin utensils to drink alcohol, even if it is only used once, it will cause poisoning.And poisoning always leads to insanity.
Question: If the above statements are true, which of the following statements must be true?

Choices:
A. Those who are insane have used tin ware at least once to drink wine.
B. Regardless of his other aspects, Emperor Nero must be insane.
C. The use of tin ware was a privilege of the Roman emperor.
D. Poisoning is a common phenomenon among the subjects of the Roman dynasty.
","Nero was the Roman emperor in the first century AD.Every Roman emperor drinks wine, and only uses tin jugs and tin goblets.No matter who it is, as long as it uses tin utensils to drink alcohol, even if it is only used once, it will cause poisoning.And poisoning always leads to insanity.
Question: If the above statements are true, which of the following statements must be true?

Choices:
A. Those who are insane have used tin ware at least once to drink wine.
B. Regardless of his other aspects, Emperor Nero must be insane.
C. The use of tin ware was a privilege of the Roman emperor.
D. Poisoning is a common phenomenon among the subjects of the Roman dynasty.

Let's think step by step before providing your final answer. However, you must conclude your assessment with the statement: 'Thus, the correct answer is: X', where 'X' is simply the letter corresponding to the answer option you've determined to be correct.","B.Regardless of his other aspects, Emperor Nero must be insane.",1
AGIEval,Civil Service Examination,LogiQA-en,MC,Civil Service Examination-LogiQA-en-375,N.A.,"Because the photo is light, the object is printed on the film.Therefore, in a sense, every photo is true.However, the use of photos to express things is always different from the things themselves.Photos cannot show complete authenticity.In this sense, it is fake.Therefore, just one photo cannot confirm anything.
Question: Which of the following statements is the assumption that led to the above conclusion?

Choices:
A. Complete authenticity is unknowable.
B. Anything that cannot show complete authenticity cannot constitute final evidence.
C. If there is other evidence indicating the authenticity of the shooting site, you can use the photo as auxiliary evidence.
D. The photos of the South China Tiger taken by Zhou cannot be used as evidence of the existence of the South China Tiger in Shaanxi.
","Because the photo is light, the object is printed on the film.Therefore, in a sense, every photo is true.However, the use of photos to express things is always different from the things themselves.Photos cannot show complete authenticity.In this sense, it is fake.Therefore, just one photo cannot confirm anything.
Question: Which of the following statements is the assumption that led to the above conclusion?

Choices:
A. Complete authenticity is unknowable.
B. Anything that cannot show complete authenticity cannot constitute final evidence.
C. If there is other evidence indicating the authenticity of the shooting site, you can use the photo as auxiliary evidence.
D. The photos of the South China Tiger taken by Zhou cannot be used as evidence of the existence of the South China Tiger in Shaanxi.

Let's think step by step before providing your final answer. However, you must conclude your assessment with the statement: 'Thus, the correct answer is: X', where 'X' is simply the letter corresponding to the answer option you've determined to be correct.",B.Anything that cannot show complete authenticity cannot constitute final evidence.,1
AGIEval,Civil Service Examination,LogiQA-en,MC,Civil Service Examination-LogiQA-en-351,N.A.,"A street comprehensive governance committee has 6 members? F, G, H, I, M and P.Each of these members must be a member of at least one of the three sub-committees under the Comprehensive Governance Committee.Each sub-committee is composed of 3 different members.The known information is as follows? one of the six members serves as a member of three subcommittees.F is not a member of the same subcommittee as G.H is not a member of the same subcommittee as I.
Question: Which of the following statements must be true?

Choices:
A. M and P are members of a subcommittee.
B. F and H are members of a subcommittee.
C. G and I are members of a subcommittee.
D. 1 member of any sub-committee.
","A street comprehensive governance committee has 6 members? F, G, H, I, M and P.Each of these members must be a member of at least one of the three sub-committees under the Comprehensive Governance Committee.Each sub-committee is composed of 3 different members.The known information is as follows? one of the six members serves as a member of three subcommittees.F is not a member of the same subcommittee as G.H is not a member of the same subcommittee as I.
Question: Which of the following statements must be true?

Choices:
A. M and P are members of a subcommittee.
B. F and H are members of a subcommittee.
C. G and I are members of a subcommittee.
D. 1 member of any sub-committee.

Let's think step by step before providing your final answer. However, you must conclude your assessment with the statement: 'Thus, the correct answer is: X', where 'X' is simply the letter corresponding to the answer option you've determined to be correct.",A.M and P are members of a subcommittee.,0
AGIEval,Civil Service Examination,LogiQA-en,MC,Civil Service Examination-LogiQA-en-642,N.A.,"A theater plans to perform 7 repertoires in the 7 weeks of the fall, they are F, G., J, K, O, R, S.One repertoire is performed every week, and each repertoire is exactly one week.The repertoire must meet the following conditions? (1) G must be performed in the third week.(2) O and S cannot perform continuously.(3) K must be arranged before J and S.(4) F and J must be arranged to perform in two consecutive weeks.
Question: If F is scheduled for the fifth week, which of the following correctly lists all the plays that can be scheduled for the seventh week?

Choices:
A. J, S
B. O, R
C. O, R, S
D. K, O, R
","A theater plans to perform 7 repertoires in the 7 weeks of the fall, they are F, G., J, K, O, R, S.One repertoire is performed every week, and each repertoire is exactly one week.The repertoire must meet the following conditions? (1) G must be performed in the third week.(2) O and S cannot perform continuously.(3) K must be arranged before J and S.(4) F and J must be arranged to perform in two consecutive weeks.
Question: If F is scheduled for the fifth week, which of the following correctly lists all the plays that can be scheduled for the seventh week?

Choices:
A. J, S
B. O, R
C. O, R, S
D. K, O, R

Let's think step by step before providing your final answer. However, you must conclude your assessment with the statement: 'Thus, the correct answer is: X', where 'X' is simply the letter corresponding to the answer option you've determined to be correct.","C.O, R, S",0
AGIEval,Civil Service Examination,LogiQA-en,MC,Civil Service Examination-LogiQA-en-600,N.A.,"There are 7 outstanding students G, H, L, M, U, W and Z in a school.During the summer vacation, the school will send them to the United Kingdom and the United States for inspection.The school has only 7 students participating in this activity, and each person happens to go to one of these two countries.Considering the specialty of each student, this activity must meet the following conditions? (1) If G goes to the UK, then H To the United States.(2) If L goes to the UK, both M and U go to the US.(3) The country w went to was different from the country Z went to.(4) The country where U goes is different from the country where G goes.(5) If Z goes to the UK, then H also goes to the UK.
Question: If both M and W go to the UK, which of the following can be true?

Choices:
A. G and L both go to the UK
B. G and U both go to America
C. H and Z go to the UK
D. L and U both go to America
","There are 7 outstanding students G, H, L, M, U, W and Z in a school.During the summer vacation, the school will send them to the United Kingdom and the United States for inspection.The school has only 7 students participating in this activity, and each person happens to go to one of these two countries.Considering the specialty of each student, this activity must meet the following conditions? (1) If G goes to the UK, then H To the United States.(2) If L goes to the UK, both M and U go to the US.(3) The country w went to was different from the country Z went to.(4) The country where U goes is different from the country where G goes.(5) If Z goes to the UK, then H also goes to the UK.
Question: If both M and W go to the UK, which of the following can be true?

Choices:
A. G and L both go to the UK
B. G and U both go to America
C. H and Z go to the UK
D. L and U both go to America

Let's think step by step before providing your final answer. However, you must conclude your assessment with the statement: 'Thus, the correct answer is: X', where 'X' is simply the letter corresponding to the answer option you've determined to be correct.",D.L and U both go to America,0
AGIEval,Civil Service Examination,LogiQA-en,MC,Civil Service Examination-LogiQA-en-143,N.A.,"Koreans love sauerkraut and Cuihua loves sauerkraut, so Cuihua is Korean.
Question: Which of the following options most clearly shows the absurdity of the above reasoning?

Choices:
A. All Cretans are lying, John is Cretan, so John is lying.
B. Walking animals have legs, and tables have legs, so tables are walking animals.
C. Nishimura loves Cuihua.Cuihua loves pickled cabbage.Therefore, Nishimura loves pickled cabbage.
D. All gold glitters, so some glitters are gold.
","Koreans love sauerkraut and Cuihua loves sauerkraut, so Cuihua is Korean.
Question: Which of the following options most clearly shows the absurdity of the above reasoning?

Choices:
A. All Cretans are lying, John is Cretan, so John is lying.
B. Walking animals have legs, and tables have legs, so tables are walking animals.
C. Nishimura loves Cuihua.Cuihua loves pickled cabbage.Therefore, Nishimura loves pickled cabbage.
D. All gold glitters, so some glitters are gold.

Let's think step by step before providing your final answer. However, you must conclude your assessment with the statement: 'Thus, the correct answer is: X', where 'X' is simply the letter corresponding to the answer option you've determined to be correct.","B.Walking animals have legs, and tables have legs, so tables are walking animals.",1
AGIEval,Civil Service Examination,LogiQA-en,MC,Civil Service Examination-LogiQA-en-142,N.A.,"European fern is a poisonous wild grass that has spread and destroyed many pastures in the northern hemisphere in recent years.One way to deal with this wild grass is to spend less money and be self-sustaining by introducing the natural enemy of this plant.Therefore, some scientists suggested that the moths that feed on the European fern produced in the southern hemisphere were released into the northern hemisphere affected by this wild grass to control the growth of the European fern.
Question: If the scientist ’s proposal to control the European fern is adopted, which of the following is necessary for its success?

Choices:
A. This northern fern of the northern hemisphere also grows in areas with similar climate and soil conditions in the southern hemisphere.
B. In addition to eating European ferns, the moths they stock also eat other wild grasses that grow in the northern hemisphere.
C. The stocked moths can survive in the northern hemisphere and can form a large enough group to reduce the number of European ferns and prevent their growth.
D. When the number of European ferns decreases, livestock will become immune to diseases caused by this wild grass.
","European fern is a poisonous wild grass that has spread and destroyed many pastures in the northern hemisphere in recent years.One way to deal with this wild grass is to spend less money and be self-sustaining by introducing the natural enemy of this plant.Therefore, some scientists suggested that the moths that feed on the European fern produced in the southern hemisphere were released into the northern hemisphere affected by this wild grass to control the growth of the European fern.
Question: If the scientist ’s proposal to control the European fern is adopted, which of the following is necessary for its success?

Choices:
A. This northern fern of the northern hemisphere also grows in areas with similar climate and soil conditions in the southern hemisphere.
B. In addition to eating European ferns, the moths they stock also eat other wild grasses that grow in the northern hemisphere.
C. The stocked moths can survive in the northern hemisphere and can form a large enough group to reduce the number of European ferns and prevent their growth.
D. When the number of European ferns decreases, livestock will become immune to diseases caused by this wild grass.

Let's think step by step before providing your final answer. However, you must conclude your assessment with the statement: 'Thus, the correct answer is: X', where 'X' is simply the letter corresponding to the answer option you've determined to be correct.",C.The stocked moths can survive in the northern hemisphere and can form a large enough group to reduce the number of European ferns and prevent their growth.,1
AGIEval,Civil Service Examination,LogiQA-en,MC,Civil Service Examination-LogiQA-en-350,N.A.,"A street comprehensive governance committee has 6 members? F, G, H, I, M and P.Each of these members must be a member of at least one of the three sub-committees under the Comprehensive Governance Committee.Each sub-committee is composed of 3 different members.The known information is as follows? one of the six members serves as a member of three subcommittees.F is not a member of the same subcommittee as G.H is not a member of the same subcommittee as I.
Question: If F and M are not members of the same subcommittee, which of the following statements must be true?

Choices:
A. F and H serve on the same subcommittee.
B. F and I serve on the same subcommittee.
C. I and P are members of the same subcommittee.
D. M and G serve on the same subcommittee.
","A street comprehensive governance committee has 6 members? F, G, H, I, M and P.Each of these members must be a member of at least one of the three sub-committees under the Comprehensive Governance Committee.Each sub-committee is composed of 3 different members.The known information is as follows? one of the six members serves as a member of three subcommittees.F is not a member of the same subcommittee as G.H is not a member of the same subcommittee as I.
Question: If F and M are not members of the same subcommittee, which of the following statements must be true?

Choices:
A. F and H serve on the same subcommittee.
B. F and I serve on the same subcommittee.
C. I and P are members of the same subcommittee.
D. M and G serve on the same subcommittee.

Let's think step by step before providing your final answer. However, you must conclude your assessment with the statement: 'Thus, the correct answer is: X', where 'X' is simply the letter corresponding to the answer option you've determined to be correct.",C.I and P are members of the same subcommittee.,0
AGIEval,Civil Service Examination,LogiQA-en,MC,Civil Service Examination-LogiQA-en-20,N.A.,"There are five stations set up from west to east along a section of the high-speed railway along the river.It is known that Fuyi Station is east of Haoyun Station and West of Huyao Station, and is adjacent to Huyao Station; Jiushang Station is adjacent to Yinling Station.
Question: If Haoyun Station is adjacent to Yinling Station, you can get?

Choices:
A. Yinling is standing west of Haoyun Station
B. Fuyi standing west of Jiushang Station
C. Hao Yun stands west of Yinling Station
D. Jiu Shang standing west of Fuyi Station
","There are five stations set up from west to east along a section of the high-speed railway along the river.It is known that Fuyi Station is east of Haoyun Station and West of Huyao Station, and is adjacent to Huyao Station; Jiushang Station is adjacent to Yinling Station.
Question: If Haoyun Station is adjacent to Yinling Station, you can get?

Choices:
A. Yinling is standing west of Haoyun Station
B. Fuyi standing west of Jiushang Station
C. Hao Yun stands west of Yinling Station
D. Jiu Shang standing west of Fuyi Station

Let's think step by step before providing your final answer. However, you must conclude your assessment with the statement: 'Thus, the correct answer is: X', where 'X' is simply the letter corresponding to the answer option you've determined to be correct.",D.Jiu Shang standing west of Fuyi Station,0
AGIEval,Civil Service Examination,LogiQA-en,MC,Civil Service Examination-LogiQA-en-13,N.A.,"A research report shows that the proportion of children of cadres in Peking University increased from 20% in the 1980s to nearly 40% in 1977, surpassing the children of workers, farmers and professional technicians, and becoming the largest source of students.According to this, some media believe that the proportion of students and children of Peking University students has been rising for 20 years, surpassing other classes.
Question: Which one, if true, most doubts the views of the above media

Choices:
A. Many of the cadres counted in the past 20 years are enterprise cadres, which used to include only government officials
B. Compared with foreign countries, Chinese education provides workers and peasants with more opportunities for education and social mobility
C. After the founding of New China, more and more children of workers and peasants entered the university
D. Some of the workers ’children in the statistics may be former farmers’ children
","A research report shows that the proportion of children of cadres in Peking University increased from 20% in the 1980s to nearly 40% in 1977, surpassing the children of workers, farmers and professional technicians, and becoming the largest source of students.According to this, some media believe that the proportion of students and children of Peking University students has been rising for 20 years, surpassing other classes.
Question: Which one, if true, most doubts the views of the above media

Choices:
A. Many of the cadres counted in the past 20 years are enterprise cadres, which used to include only government officials
B. Compared with foreign countries, Chinese education provides workers and peasants with more opportunities for education and social mobility
C. After the founding of New China, more and more children of workers and peasants entered the university
D. Some of the workers ’children in the statistics may be former farmers’ children

Let's think step by step before providing your final answer. However, you must conclude your assessment with the statement: 'Thus, the correct answer is: X', where 'X' is simply the letter corresponding to the answer option you've determined to be correct.","A.Many of the cadres counted in the past 20 years are enterprise cadres, which used to include only government officials",1
AGIEval,Civil Service Examination,LogiQA-en,MC,Civil Service Examination-LogiQA-en-26,N.A.,"Research has found that insects “breathe” through the stomata system on their bodies.The stomata are connected to the trachea, and more and more layers of smaller and smaller air are attached from top to bottom, thereby bringing oxygen to the whole body.At the current level of oxygen in the atmosphere, the total length of the stomata system has reached the limit; if the total length exceeds this limit, the oxygen supply capacity will be insufficient.Therefore, it can be judged that the amount of oxygen content can determine the size of insects.
Question: Which of the following, if true, would best support the above argument?

Choices:
A. Studies of invertebrates in the ocean have also found that in colder water and with higher oxygen content, the organisms there are also larger
B. During the Carboniferous period, the concentration of oxygen in the earth ’s atmosphere was as high as 35%, much higher than the current 21%.At that time, there were many giant insects on the earth, and the wingspan of the dragonfly was close to one meter.
C. Small locusts cannot survive in a low-oxygen environment, especially in an environment with an oxygen concentration below 15%.Adult locusts can survive in an environment with 2% oxygen
D. Under the environment with high oxygen content and high air pressure, the tested fruit flies lived to the fifth generation and their body size increased by 20%
","Research has found that insects “breathe” through the stomata system on their bodies.The stomata are connected to the trachea, and more and more layers of smaller and smaller air are attached from top to bottom, thereby bringing oxygen to the whole body.At the current level of oxygen in the atmosphere, the total length of the stomata system has reached the limit; if the total length exceeds this limit, the oxygen supply capacity will be insufficient.Therefore, it can be judged that the amount of oxygen content can determine the size of insects.
Question: Which of the following, if true, would best support the above argument?

Choices:
A. Studies of invertebrates in the ocean have also found that in colder water and with higher oxygen content, the organisms there are also larger
B. During the Carboniferous period, the concentration of oxygen in the earth ’s atmosphere was as high as 35%, much higher than the current 21%.At that time, there were many giant insects on the earth, and the wingspan of the dragonfly was close to one meter.
C. Small locusts cannot survive in a low-oxygen environment, especially in an environment with an oxygen concentration below 15%.Adult locusts can survive in an environment with 2% oxygen
D. Under the environment with high oxygen content and high air pressure, the tested fruit flies lived to the fifth generation and their body size increased by 20%

Let's think step by step before providing your final answer. However, you must conclude your assessment with the statement: 'Thus, the correct answer is: X', where 'X' is simply the letter corresponding to the answer option you've determined to be correct.","B.During the Carboniferous period, the concentration of oxygen in the earth ’s atmosphere was as high as 35%, much higher than the current 21%.At that time, there were many giant insects on the earth, and the wingspan of the dragonfly was close to one meter.",1
AGIEval,Civil Service Examination,LogiQA-en,MC,Civil Service Examination-LogiQA-en-453,N.A.,"Professors? The United States, Canada and other countries have long enrolled masters and doctoral students in writing, and we are still calling for the right to award degrees in writing.This is a very different attitude towards applied and technical disciplines.Are we wrong, or are we wrong?
Question: Which of the following questions is most important to assess the rationality of the above argument?

Choices:
A. If we are allowed to recruit masters and doctors in writing, how many people will apply for this major?
B. Do we have the qualifications for the faculty and subject research in writing to recruit masters and doctors?
C. Have we applied for masters and Ph.Ds in other applied and technical disciplines other than writing?
D. Should we pay attention to the cultivation of master's degree and doctoral degree in applied and technical disciplines?
","Professors? The United States, Canada and other countries have long enrolled masters and doctoral students in writing, and we are still calling for the right to award degrees in writing.This is a very different attitude towards applied and technical disciplines.Are we wrong, or are we wrong?
Question: Which of the following questions is most important to assess the rationality of the above argument?

Choices:
A. If we are allowed to recruit masters and doctors in writing, how many people will apply for this major?
B. Do we have the qualifications for the faculty and subject research in writing to recruit masters and doctors?
C. Have we applied for masters and Ph.Ds in other applied and technical disciplines other than writing?
D. Should we pay attention to the cultivation of master's degree and doctoral degree in applied and technical disciplines?

Let's think step by step before providing your final answer. However, you must conclude your assessment with the statement: 'Thus, the correct answer is: X', where 'X' is simply the letter corresponding to the answer option you've determined to be correct.",D.Should we pay attention to the cultivation of master's degree and doctoral degree in applied and technical disciplines?,0
AGIEval,Civil Service Examination,LogiQA-en,MC,Civil Service Examination-LogiQA-en-170,N.A.,"No notochords are catheter animals, and all pterosaurs are catheter animals.Therefore, no pterosaurs belong to the great ape family.
Question: Which of the following statements must be assumed in the above reasoning?

Choices:
A. All great apes are catheter animals.
B. All great apes are notochords.
C. No great apes are notochords.
D. No notochord is pterosaur.
","No notochords are catheter animals, and all pterosaurs are catheter animals.Therefore, no pterosaurs belong to the great ape family.
Question: Which of the following statements must be assumed in the above reasoning?

Choices:
A. All great apes are catheter animals.
B. All great apes are notochords.
C. No great apes are notochords.
D. No notochord is pterosaur.

Let's think step by step before providing your final answer. However, you must conclude your assessment with the statement: 'Thus, the correct answer is: X', where 'X' is simply the letter corresponding to the answer option you've determined to be correct.",B.All great apes are notochords.,1
AGIEval,Civil Service Examination,LogiQA-en,MC,Civil Service Examination-LogiQA-en-557,N.A.,"The unsophisticated mobile fraud messages like ""X X Group held the anniversary celebration, your mobile phone number won the 100,000 yuan prize"", even after being exposed by the media, it still appears repeatedly.Professional scammers prefer to use low-quality scam messages instead of designing more deceptive and more foolish text messages, which only shows that the scammers are too stupid and too undedicated.
Question: If the following statement is true, which one strongly refutes the above conclusion?-

Choices:
A. The liar must be smart, otherwise it is impossible to deceive others.
B. When a scammer swindles, he will find ways to avoid the police ’s attention.
C. If a scam has no effect, the scammer has eliminated it.
D. Scammers use such text messages to ""catch"" people who might be fooled.They want to filter out smart people from the beginning.
","The unsophisticated mobile fraud messages like ""X X Group held the anniversary celebration, your mobile phone number won the 100,000 yuan prize"", even after being exposed by the media, it still appears repeatedly.Professional scammers prefer to use low-quality scam messages instead of designing more deceptive and more foolish text messages, which only shows that the scammers are too stupid and too undedicated.
Question: If the following statement is true, which one strongly refutes the above conclusion?-

Choices:
A. The liar must be smart, otherwise it is impossible to deceive others.
B. When a scammer swindles, he will find ways to avoid the police ’s attention.
C. If a scam has no effect, the scammer has eliminated it.
D. Scammers use such text messages to ""catch"" people who might be fooled.They want to filter out smart people from the beginning.

Let's think step by step before providing your final answer. However, you must conclude your assessment with the statement: 'Thus, the correct answer is: X', where 'X' is simply the letter corresponding to the answer option you've determined to be correct.","C.If a scam has no effect, the scammer has eliminated it.",0
AGIEval,Civil Service Examination,LogiQA-en,MC,Civil Service Examination-LogiQA-en-357,N.A.,"The municipal government ’s bidding policy for post-earthquake restoration and reconstruction is that the lowest bidder can win the bid.Some people believe that if this policy is implemented, some successful bidders will cut corners and cut corners, resulting in poor project quality.This will not only cause the consequences of additional construction funds, but also endanger the lives of the people.If we want to put an end to the ""bean curd dregs project"", we must have the wrong policy of a coup.
Question: If any of the following statements are true, can the above argument be weakened most effectively?

Choices:
A. The need to rebuild damaged buildings can provide many employment opportunities for the city ’s residents.
B. The city ’s construction contracts rarely specify the quality of construction materials and the requirements for employees.
C. The policy also includes? Only those construction companies whose bids meet strict quality standards and meet certain qualifications can bid.
D. If the building design is flawed, even buildings built with the best building materials and first-class engineering quality are also dangerous.
","The municipal government ’s bidding policy for post-earthquake restoration and reconstruction is that the lowest bidder can win the bid.Some people believe that if this policy is implemented, some successful bidders will cut corners and cut corners, resulting in poor project quality.This will not only cause the consequences of additional construction funds, but also endanger the lives of the people.If we want to put an end to the ""bean curd dregs project"", we must have the wrong policy of a coup.
Question: If any of the following statements are true, can the above argument be weakened most effectively?

Choices:
A. The need to rebuild damaged buildings can provide many employment opportunities for the city ’s residents.
B. The city ’s construction contracts rarely specify the quality of construction materials and the requirements for employees.
C. The policy also includes? Only those construction companies whose bids meet strict quality standards and meet certain qualifications can bid.
D. If the building design is flawed, even buildings built with the best building materials and first-class engineering quality are also dangerous.

Let's think step by step before providing your final answer. However, you must conclude your assessment with the statement: 'Thus, the correct answer is: X', where 'X' is simply the letter corresponding to the answer option you've determined to be correct.",C.The policy also includes? Only those construction companies whose bids meet strict quality standards and meet certain qualifications can bid.,1
AGIEval,Civil Service Examination,LogiQA-en,MC,Civil Service Examination-LogiQA-en-246,N.A.,"The members of the printing group and the binding group are mainly from the following seven employees-F, G, H, J, K, L and M.The members of each group must meet the following conditions? (1) Each group has at least 3 employees .(2) F and K cannot be in the same group.(3) If K is in a certain group, J must also be in this group.(4) M is at least one of the members of these two groups.(5) At least one of the same employees in both groups.
Question: If both K and L are members of both groups, and the printing group has exactly three members, which of the following statements must be true?

Choices:
A. F in printing group
B. F in the binding group
C. G in the printing group
D. M in the bookbinding group
","The members of the printing group and the binding group are mainly from the following seven employees-F, G, H, J, K, L and M.The members of each group must meet the following conditions? (1) Each group has at least 3 employees .(2) F and K cannot be in the same group.(3) If K is in a certain group, J must also be in this group.(4) M is at least one of the members of these two groups.(5) At least one of the same employees in both groups.
Question: If both K and L are members of both groups, and the printing group has exactly three members, which of the following statements must be true?

Choices:
A. F in printing group
B. F in the binding group
C. G in the printing group
D. M in the bookbinding group

Let's think step by step before providing your final answer. However, you must conclude your assessment with the statement: 'Thus, the correct answer is: X', where 'X' is simply the letter corresponding to the answer option you've determined to be correct.",D.M in the bookbinding group,1
AGIEval,Civil Service Examination,LogiQA-en,MC,Civil Service Examination-LogiQA-en-381,N.A.,"The researchers divided the subjects into two groups? Group A did their own things for ten minutes but did not engage in things that would lead to lying; Group B was asked to steal test papers and lied during the test.After that, the researchers asked the subjects to put on special electrodes to record the blink frequency of the interrogation.It was found that the blinking frequency of group A increased slightly, but the blinking frequency of group B decreased first, and then increased significantly to 8 times the normal frequency.It can be seen from this? by observing a person's blink frequency, it can be judged whether he is lying.
Question: The answer to which of the following questions would hardly question the conclusion of this study?

Choices:
A. Are there significant differences in the psychological qualities of the subjects in groups A and B?
B. The subjects in group B were told to tell lies, rather than telling lies themselves.Is the correlation between telling lies and blinking reliable?
C. Are there any abnormalities in the equipment used in groups A and B?
D. Will telling lies cause a rapid heartbeat and increased blood pressure?
","The researchers divided the subjects into two groups? Group A did their own things for ten minutes but did not engage in things that would lead to lying; Group B was asked to steal test papers and lied during the test.After that, the researchers asked the subjects to put on special electrodes to record the blink frequency of the interrogation.It was found that the blinking frequency of group A increased slightly, but the blinking frequency of group B decreased first, and then increased significantly to 8 times the normal frequency.It can be seen from this? by observing a person's blink frequency, it can be judged whether he is lying.
Question: The answer to which of the following questions would hardly question the conclusion of this study?

Choices:
A. Are there significant differences in the psychological qualities of the subjects in groups A and B?
B. The subjects in group B were told to tell lies, rather than telling lies themselves.Is the correlation between telling lies and blinking reliable?
C. Are there any abnormalities in the equipment used in groups A and B?
D. Will telling lies cause a rapid heartbeat and increased blood pressure?

Let's think step by step before providing your final answer. However, you must conclude your assessment with the statement: 'Thus, the correct answer is: X', where 'X' is simply the letter corresponding to the answer option you've determined to be correct.",D.Will telling lies cause a rapid heartbeat and increased blood pressure?,1
AGIEval,Civil Service Examination,LogiQA-en,MC,Civil Service Examination-LogiQA-en-127,N.A.,"A supermarket often finds that customers steal goods without paying, which affects the profit of the supermarket.As a result, the management of the supermarket decided to install monitoring equipment in the supermarket and increase the number of shopping guides, thereby increasing the profit margin of the supermarket.
Question: Which of the following is most important for evaluating the decision of the supermarket management?

Choices:
A. The ratio of the purchase price to the selling price of the supermarket goods.
B. The quantity and price of goods sold by the supermarket every day.
C. The number of customers who shop at the supermarket every day and the level of consumption.
D. The ratio of the loss in the supermarket caused by customers stealing commodities, compared with the cost of operating monitoring equipment and increasing shopping guides.
","A supermarket often finds that customers steal goods without paying, which affects the profit of the supermarket.As a result, the management of the supermarket decided to install monitoring equipment in the supermarket and increase the number of shopping guides, thereby increasing the profit margin of the supermarket.
Question: Which of the following is most important for evaluating the decision of the supermarket management?

Choices:
A. The ratio of the purchase price to the selling price of the supermarket goods.
B. The quantity and price of goods sold by the supermarket every day.
C. The number of customers who shop at the supermarket every day and the level of consumption.
D. The ratio of the loss in the supermarket caused by customers stealing commodities, compared with the cost of operating monitoring equipment and increasing shopping guides.

Let's think step by step before providing your final answer. However, you must conclude your assessment with the statement: 'Thus, the correct answer is: X', where 'X' is simply the letter corresponding to the answer option you've determined to be correct.","D.The ratio of the loss in the supermarket caused by customers stealing commodities, compared with the cost of operating monitoring equipment and increasing shopping guides.",1
AGIEval,Civil Service Examination,LogiQA-en,MC,Civil Service Examination-LogiQA-en-412,N.A.,"Compared with Western medicine, Chinese medicine is safe because the ingredients of Chinese medicine are all natural.
Question: In all of the following statements, except for which one, refute the assumptions demonstrated above?

Choices:
A. Most natural things are safe.
B. Diarrhea is natural, but it can cause death.
C. Some natural things are not safe.
D. Things that are not natural are safe.
","Compared with Western medicine, Chinese medicine is safe because the ingredients of Chinese medicine are all natural.
Question: In all of the following statements, except for which one, refute the assumptions demonstrated above?

Choices:
A. Most natural things are safe.
B. Diarrhea is natural, but it can cause death.
C. Some natural things are not safe.
D. Things that are not natural are safe.

Let's think step by step before providing your final answer. However, you must conclude your assessment with the statement: 'Thus, the correct answer is: X', where 'X' is simply the letter corresponding to the answer option you've determined to be correct.",A.Most natural things are safe.,1
AGIEval,Civil Service Examination,LogiQA-en,MC,Civil Service Examination-LogiQA-en-288,N.A.,"Among the middle school students in a school, medical examinations were conducted for those who drank 2 to 3 bottles of beer every day for 60 days and found that 75% of the students had significantly deteriorated liver function.Experiments with a high degree of confidence have ruled out the possibility that ""these results happen to happen"".
Question: If the information in the stem is true, which of the following conclusions will be confirmed?

Choices:
A. Drinking alcohol causes liver function to deteriorate.
B. Drinking alcohol has a clear correlation with liver function deterioration in adolescents.
C. The researchers wanted to prove that young people should not drink alcohol.
D. Sex has nothing to do with drinking and liver function degradation.
","Among the middle school students in a school, medical examinations were conducted for those who drank 2 to 3 bottles of beer every day for 60 days and found that 75% of the students had significantly deteriorated liver function.Experiments with a high degree of confidence have ruled out the possibility that ""these results happen to happen"".
Question: If the information in the stem is true, which of the following conclusions will be confirmed?

Choices:
A. Drinking alcohol causes liver function to deteriorate.
B. Drinking alcohol has a clear correlation with liver function deterioration in adolescents.
C. The researchers wanted to prove that young people should not drink alcohol.
D. Sex has nothing to do with drinking and liver function degradation.

Let's think step by step before providing your final answer. However, you must conclude your assessment with the statement: 'Thus, the correct answer is: X', where 'X' is simply the letter corresponding to the answer option you've determined to be correct.",B.Drinking alcohol has a clear correlation with liver function deterioration in adolescents.,1
AGIEval,Civil Service Examination,LogiQA-en,MC,Civil Service Examination-LogiQA-en-114,N.A.,"A solid wood flooring seller solemnly promised in his contract text? ""The flooring sold in this shop is definitely made of wood; it is responsible for free installation, except for the cost of materials required for installation; free warranty for one year, but not the fault of the company Except for the losses caused.If there is fraud, the company is willing to bear legal responsibility and pay more than 1,000 times the compensation.The company reserves the right to interpret this contract.""
Question: Which of the following options is a correct evaluation of the company and its contract?

Choices:
A. The company must be very honest because it promises to pay more than 1,000 times in compensation if fraud is discovered.
B. The company's contract actually has no binding force on its behavior.
C. The floors sold by the company must be real solid wood floors.
D. From the customer's perspective, the company's contract terms are acceptable.
","A solid wood flooring seller solemnly promised in his contract text? ""The flooring sold in this shop is definitely made of wood; it is responsible for free installation, except for the cost of materials required for installation; free warranty for one year, but not the fault of the company Except for the losses caused.If there is fraud, the company is willing to bear legal responsibility and pay more than 1,000 times the compensation.The company reserves the right to interpret this contract.""
Question: Which of the following options is a correct evaluation of the company and its contract?

Choices:
A. The company must be very honest because it promises to pay more than 1,000 times in compensation if fraud is discovered.
B. The company's contract actually has no binding force on its behavior.
C. The floors sold by the company must be real solid wood floors.
D. From the customer's perspective, the company's contract terms are acceptable.

Let's think step by step before providing your final answer. However, you must conclude your assessment with the statement: 'Thus, the correct answer is: X', where 'X' is simply the letter corresponding to the answer option you've determined to be correct.",B.The company's contract actually has no binding force on its behavior.,1
AGIEval,Civil Service Examination,LogiQA-en,MC,Civil Service Examination-LogiQA-en-432,N.A.,"In the years following the implementation of the US Three Guarantees Act, auto companies suffered huge losses due to refunds to returnees.Therefore, before the implementation of China's ""Responsibility Regulations on the Repair, Replacement, and Return of Household Automobile Products"" in 2014 (referred to as the ""Three Guarantees Law""), industry insiders predicted that the Three Guarantees Law on Automobiles would have a great impact on automobile manufacturers.However, in the past year since the implementation of the Three Guarantees Law, investigations by reporters in many 4S stores in Beijing, Sichuan and other places have shown that there are zero cases of returning or replacing cars under the Three Guarantees Law.
Question: If the following statement is true, which one best explains the above anomalies?

Choices:
A. One year after the implementation of the Three Guarantees Law, only 7% of consumers understand the rights of the Three Guarantees before buying a car.
B. Most auto dealers did not introduce consumers to the rights and interests of the Three Guarantees as required by regulations.
C. The key provisions of the Three Guarantees Law protecting the interests of car owners lack operability, making it difficult to succeed in returning or replacing cars.
D. To avoid punishment by law, automakers and dealers have improved the quality of service in maintenance.
","In the years following the implementation of the US Three Guarantees Act, auto companies suffered huge losses due to refunds to returnees.Therefore, before the implementation of China's ""Responsibility Regulations on the Repair, Replacement, and Return of Household Automobile Products"" in 2014 (referred to as the ""Three Guarantees Law""), industry insiders predicted that the Three Guarantees Law on Automobiles would have a great impact on automobile manufacturers.However, in the past year since the implementation of the Three Guarantees Law, investigations by reporters in many 4S stores in Beijing, Sichuan and other places have shown that there are zero cases of returning or replacing cars under the Three Guarantees Law.
Question: If the following statement is true, which one best explains the above anomalies?

Choices:
A. One year after the implementation of the Three Guarantees Law, only 7% of consumers understand the rights of the Three Guarantees before buying a car.
B. Most auto dealers did not introduce consumers to the rights and interests of the Three Guarantees as required by regulations.
C. The key provisions of the Three Guarantees Law protecting the interests of car owners lack operability, making it difficult to succeed in returning or replacing cars.
D. To avoid punishment by law, automakers and dealers have improved the quality of service in maintenance.

Let's think step by step before providing your final answer. However, you must conclude your assessment with the statement: 'Thus, the correct answer is: X', where 'X' is simply the letter corresponding to the answer option you've determined to be correct.","C.The key provisions of the Three Guarantees Law protecting the interests of car owners lack operability, making it difficult to succeed in returning or replacing cars.",1
AGIEval,Civil Service Examination,LogiQA-en,MC,Civil Service Examination-LogiQA-en-174,N.A.,"As long as they stay in academia, novelists cannot become great.The observation and analysis skills accumulated by the discipline of college life are very useful for novelists.However, only by sinking into daily life can one grasp the various emotions of life by intuition, and college life is obviously incompatible with it.
Question: Which of the following statements is based on the assumptions that the above argument relies on?

Choices:
A. Great novelists have the ability to observe and analyze.
B. The grasp of emotions in daily life cannot be obtained only through observation and analysis.
C. Without an intuitive grasp of emotions in everyday life, novelists cannot achieve their greatness.
D. Along with the investment in life and sensible observation, the novelist will become great.
","As long as they stay in academia, novelists cannot become great.The observation and analysis skills accumulated by the discipline of college life are very useful for novelists.However, only by sinking into daily life can one grasp the various emotions of life by intuition, and college life is obviously incompatible with it.
Question: Which of the following statements is based on the assumptions that the above argument relies on?

Choices:
A. Great novelists have the ability to observe and analyze.
B. The grasp of emotions in daily life cannot be obtained only through observation and analysis.
C. Without an intuitive grasp of emotions in everyday life, novelists cannot achieve their greatness.
D. Along with the investment in life and sensible observation, the novelist will become great.

Let's think step by step before providing your final answer. However, you must conclude your assessment with the statement: 'Thus, the correct answer is: X', where 'X' is simply the letter corresponding to the answer option you've determined to be correct.","C.Without an intuitive grasp of emotions in everyday life, novelists cannot achieve their greatness.",1
AGIEval,Civil Service Examination,LogiQA-en,MC,Civil Service Examination-LogiQA-en-478,N.A.,"Some online media reported that let the rice listen to the song of thanksgiving can increase 15%.The results of three consecutive seasons of rice cultivation in Liangshan Village, Fujian confirmed that listening to the Dabei Mantra not only increased by 15%, but also the rice grains were fuller.Some agricultural experts said that music not only helps plants absorb, transfer and transform nutrients, but also achieves insect repellent effects
Question: The answer to which of the following questions is least relevant to assess the authenticity of the above report?

Choices:
A. Are the other growing conditions of the rice that listens to the Da Bei mantra exactly the same as those that do not listen to the Da Bei mantra?
B. Is this method feasible for large-scale promotion?
C. Can experts explain why Da Bei Man is beneficial to the growth of rice but not to the growth of pests?
D. Does the expert's explanation have reliable theoretical support?
","Some online media reported that let the rice listen to the song of thanksgiving can increase 15%.The results of three consecutive seasons of rice cultivation in Liangshan Village, Fujian confirmed that listening to the Dabei Mantra not only increased by 15%, but also the rice grains were fuller.Some agricultural experts said that music not only helps plants absorb, transfer and transform nutrients, but also achieves insect repellent effects
Question: The answer to which of the following questions is least relevant to assess the authenticity of the above report?

Choices:
A. Are the other growing conditions of the rice that listens to the Da Bei mantra exactly the same as those that do not listen to the Da Bei mantra?
B. Is this method feasible for large-scale promotion?
C. Can experts explain why Da Bei Man is beneficial to the growth of rice but not to the growth of pests?
D. Does the expert's explanation have reliable theoretical support?

Let's think step by step before providing your final answer. However, you must conclude your assessment with the statement: 'Thus, the correct answer is: X', where 'X' is simply the letter corresponding to the answer option you've determined to be correct.",B.Is this method feasible for large-scale promotion?,1
AGIEval,Civil Service Examination,LogiQA-en,MC,Civil Service Examination-LogiQA-en-223,N.A.,"The development prospect of Huaizhou City is not optimistic.Its development depends on industry.Industry provides jobs and wages for residents, and its natural environment depends on eliminating industrial pollution.Industrial pollution threatens its air, water and buildings.Unfortunately, its industry inevitably produces pollution.
Question: If all of the above are true, which of them strongly supports the following statement?

Choices:
A. The quality of life in Huaizhou depends only on its economic growth and natural living environment.
B. Huaizhou City will certainly encounter the problems of stagnation of economic development or deterioration of the natural environment.
C. The economic environment of Huaizhou has deteriorated in recent years.
D. The pollution of air, water and buildings in Huaizhou City is mainly caused by chemical companies.
","The development prospect of Huaizhou City is not optimistic.Its development depends on industry.Industry provides jobs and wages for residents, and its natural environment depends on eliminating industrial pollution.Industrial pollution threatens its air, water and buildings.Unfortunately, its industry inevitably produces pollution.
Question: If all of the above are true, which of them strongly supports the following statement?

Choices:
A. The quality of life in Huaizhou depends only on its economic growth and natural living environment.
B. Huaizhou City will certainly encounter the problems of stagnation of economic development or deterioration of the natural environment.
C. The economic environment of Huaizhou has deteriorated in recent years.
D. The pollution of air, water and buildings in Huaizhou City is mainly caused by chemical companies.

Let's think step by step before providing your final answer. However, you must conclude your assessment with the statement: 'Thus, the correct answer is: X', where 'X' is simply the letter corresponding to the answer option you've determined to be correct.",B.Huaizhou City will certainly encounter the problems of stagnation of economic development or deterioration of the natural environment.,1
AGIEval,Civil Service Examination,LogiQA-en,MC,Civil Service Examination-LogiQA-en-281,N.A.,"A survey shows that all parts of the country provide very favorable conditions for the introduction of foreign capital.However, foreign-funded enterprises require absolute control when acquiring Chinese companies, refuse to accept non-performing assets, and demand to own and restrict original Chinese brands.For example, China ’s largest construction machinery manufacturing company was acquired 85% of the equity by an American investment group; a German company acquired the leading enterprise of China ’s oil nozzle and oil pump; China ’s first listed bearing company was in a joint venture with a German company Years later, it became the exclusive company of Germany.therefore____________
Question: Which of the following can most logically complete the above discussion?

Choices:
A. The introduction of foreign capital on preferential terms may harm China's industry.
B. The introduction of foreign capital on preferential terms is to introduce advanced technology and management.
C. Under market economic conditions, capital and equity flow.
D. The introduction of foreign capital on preferential terms is due to China ’s current lack of funds.
","A survey shows that all parts of the country provide very favorable conditions for the introduction of foreign capital.However, foreign-funded enterprises require absolute control when acquiring Chinese companies, refuse to accept non-performing assets, and demand to own and restrict original Chinese brands.For example, China ’s largest construction machinery manufacturing company was acquired 85% of the equity by an American investment group; a German company acquired the leading enterprise of China ’s oil nozzle and oil pump; China ’s first listed bearing company was in a joint venture with a German company Years later, it became the exclusive company of Germany.therefore____________
Question: Which of the following can most logically complete the above discussion?

Choices:
A. The introduction of foreign capital on preferential terms may harm China's industry.
B. The introduction of foreign capital on preferential terms is to introduce advanced technology and management.
C. Under market economic conditions, capital and equity flow.
D. The introduction of foreign capital on preferential terms is due to China ’s current lack of funds.

Let's think step by step before providing your final answer. However, you must conclude your assessment with the statement: 'Thus, the correct answer is: X', where 'X' is simply the letter corresponding to the answer option you've determined to be correct.",A.The introduction of foreign capital on preferential terms may harm China's industry.,1
AGIEval,Civil Service Examination,LogiQA-en,MC,Civil Service Examination-LogiQA-en-614,N.A.,"At midnight, little John sat quietly.He very much hoped it was morning so that he could go out and play football.He calmed down and prayed that the sun would rise earlier.As he prayed, the sky slowly changed.He continued to pray.The sun gradually rose above the horizon and rose into the sky.Little John thought about what happened and came to the conclusion that if he prayed, he would be able to turn a cold and lonely night into a warm and bright day.He is proud of himself.
Question: Which of the following statements most appropriately points out a flaw in John ’s reasoning?

Choices:
A. Little John is just a child, he knows very little.
B. The sun moves around the earth, whether he prays or not.
C. One thing happened after he prayed does not mean that it happened because he prayed.
D. What evidence does he have that if he does n’t pray, that thing wo n’t happen?
","At midnight, little John sat quietly.He very much hoped it was morning so that he could go out and play football.He calmed down and prayed that the sun would rise earlier.As he prayed, the sky slowly changed.He continued to pray.The sun gradually rose above the horizon and rose into the sky.Little John thought about what happened and came to the conclusion that if he prayed, he would be able to turn a cold and lonely night into a warm and bright day.He is proud of himself.
Question: Which of the following statements most appropriately points out a flaw in John ’s reasoning?

Choices:
A. Little John is just a child, he knows very little.
B. The sun moves around the earth, whether he prays or not.
C. One thing happened after he prayed does not mean that it happened because he prayed.
D. What evidence does he have that if he does n’t pray, that thing wo n’t happen?

Let's think step by step before providing your final answer. However, you must conclude your assessment with the statement: 'Thus, the correct answer is: X', where 'X' is simply the letter corresponding to the answer option you've determined to be correct.",C.One thing happened after he prayed does not mean that it happened because he prayed.,1
AGIEval,Civil Service Examination,LogiQA-en,MC,Civil Service Examination-LogiQA-en-256,N.A.,"Turkey has applied for membership in the EU since 1987, and the two sides are still in difficult negotiations until now.From a strategic perspective, the EU needs Turkey.If you say ""no"" to Turkey, the EU will lose Turkey's cooperation in security, justice, and energy.However, if Turkey joins the EU, it will bring a series of problems such as inconsistent cultural and religious views, heavy burden of economic subsidies, and a large influx of immigrants into the job market.
Question: Which of the following conclusions can be derived from the above statement?

Choices:
A. In the long run, the EU cannot not only obtain Turkey's comprehensive cooperation, but also completely avoid the difficult problems caused by Turkey's accession to the EU.
B. If Turkey meets the EU's political and economic accession standards, it can join the EU.
C. The EU will either get full cooperation from Turkey or completely avoid the troubles caused by Turkey's accession to the EU.
D. Only 3% of Turkey ’s land is in Europe, and most Europeans do not recognize Turkey as a European country.
","Turkey has applied for membership in the EU since 1987, and the two sides are still in difficult negotiations until now.From a strategic perspective, the EU needs Turkey.If you say ""no"" to Turkey, the EU will lose Turkey's cooperation in security, justice, and energy.However, if Turkey joins the EU, it will bring a series of problems such as inconsistent cultural and religious views, heavy burden of economic subsidies, and a large influx of immigrants into the job market.
Question: Which of the following conclusions can be derived from the above statement?

Choices:
A. In the long run, the EU cannot not only obtain Turkey's comprehensive cooperation, but also completely avoid the difficult problems caused by Turkey's accession to the EU.
B. If Turkey meets the EU's political and economic accession standards, it can join the EU.
C. The EU will either get full cooperation from Turkey or completely avoid the troubles caused by Turkey's accession to the EU.
D. Only 3% of Turkey ’s land is in Europe, and most Europeans do not recognize Turkey as a European country.

Let's think step by step before providing your final answer. However, you must conclude your assessment with the statement: 'Thus, the correct answer is: X', where 'X' is simply the letter corresponding to the answer option you've determined to be correct.","A.In the long run, the EU cannot not only obtain Turkey's comprehensive cooperation, but also completely avoid the difficult problems caused by Turkey's accession to the EU.",1
AGIEval,Civil Service Examination,LogiQA-en,MC,Civil Service Examination-LogiQA-en-638,N.A.,"In August 2011, China's first aircraft carrier ""Varyag"" went to sea for sea trials.China's aircraft carrier poses a potential challenge to the US Navy's sea-making power in the Western Pacific, and the US military is concerned and takes a precautionary attitude.However, a naval expert with rich actual combat experience wants China to build more aircraft carriers.
Question: If any of the following statements are true, can this best explain the expert ’s seemingly contradictory attitude?

Choices:
A. In August 2011, Vietnam and the United States conducted joint military exercises in the South China Sea.
B. The United States, Japan, India and other countries took the opportunity of China ’s aircraft carrier trial flight to stir up new ""China threat theory"".
C. The Chinese navy has not fully deployed carrier and refueling vessels that support aircraft carriers.The destroyers and submarines that escort the aircraft carrier are also very fragile.
D. Aircraft carriers need support and escort.The more aircraft carriers are built, the less resources are used to manufacture other ships and aircraft that support the aircraft carriers.
","In August 2011, China's first aircraft carrier ""Varyag"" went to sea for sea trials.China's aircraft carrier poses a potential challenge to the US Navy's sea-making power in the Western Pacific, and the US military is concerned and takes a precautionary attitude.However, a naval expert with rich actual combat experience wants China to build more aircraft carriers.
Question: If any of the following statements are true, can this best explain the expert ’s seemingly contradictory attitude?

Choices:
A. In August 2011, Vietnam and the United States conducted joint military exercises in the South China Sea.
B. The United States, Japan, India and other countries took the opportunity of China ’s aircraft carrier trial flight to stir up new ""China threat theory"".
C. The Chinese navy has not fully deployed carrier and refueling vessels that support aircraft carriers.The destroyers and submarines that escort the aircraft carrier are also very fragile.
D. Aircraft carriers need support and escort.The more aircraft carriers are built, the less resources are used to manufacture other ships and aircraft that support the aircraft carriers.

Let's think step by step before providing your final answer. However, you must conclude your assessment with the statement: 'Thus, the correct answer is: X', where 'X' is simply the letter corresponding to the answer option you've determined to be correct.","B.The United States, Japan, India and other countries took the opportunity of China ’s aircraft carrier trial flight to stir up new ""China threat theory"".",0
AGIEval,Civil Service Examination,LogiQA-en,MC,Civil Service Examination-LogiQA-en-624,N.A.,"Palestine is preparing to apply for membership in the United Nations in September 2011, and has won support from 40 countries.If the United States uses the veto power in the Security Council to prevent Palestine from entering the United Nations, it will ignite anti-American sentiment throughout the Arab world.If the United States does not use the veto power, it will offend Israel and cause Obama to lose some of the voters who support Israel.
Question: If the above statement is true, which of the following statements must be true?

Choices:
A. The United States will use its veto power in the Security Council to prevent Palestine from entering the United Nations.
B. The United States will not offend Israel, but it will ignite anti-American sentiment throughout the Arab world.
C. The United States will ignite anti-American sentiment in the Arab world, or Obama will lose some voters who support Israel.
D. Even if the United States uses its veto power, the United Nations General Assembly still intends to vote to make Palestine an observer with national status.
","Palestine is preparing to apply for membership in the United Nations in September 2011, and has won support from 40 countries.If the United States uses the veto power in the Security Council to prevent Palestine from entering the United Nations, it will ignite anti-American sentiment throughout the Arab world.If the United States does not use the veto power, it will offend Israel and cause Obama to lose some of the voters who support Israel.
Question: If the above statement is true, which of the following statements must be true?

Choices:
A. The United States will use its veto power in the Security Council to prevent Palestine from entering the United Nations.
B. The United States will not offend Israel, but it will ignite anti-American sentiment throughout the Arab world.
C. The United States will ignite anti-American sentiment in the Arab world, or Obama will lose some voters who support Israel.
D. Even if the United States uses its veto power, the United Nations General Assembly still intends to vote to make Palestine an observer with national status.

Let's think step by step before providing your final answer. However, you must conclude your assessment with the statement: 'Thus, the correct answer is: X', where 'X' is simply the letter corresponding to the answer option you've determined to be correct.","C.The United States will ignite anti-American sentiment in the Arab world, or Obama will lose some voters who support Israel.",1
AGIEval,Civil Service Examination,LogiQA-en,MC,Civil Service Examination-LogiQA-en-191,N.A.,"If a person increases the number of meals per day but does not increase the total amount of meals, his cholesterol level will obviously decrease.However, most people consume more food while increasing the number of meals.
Question: If the above statement is true, which of the following options will it most strongly support?

Choices:
A. For most people, his daily food intake does not significantly affect his cholesterol level.
B. For most people, increasing the number of meals a day will not result in a significant reduction in cholesterol levels.
C. For most people, the amount of food eaten per day will not be affected by the number of foods eaten per day.
D. For most people, the amount of food consumed is greatly affected by the time taken to eat.
","If a person increases the number of meals per day but does not increase the total amount of meals, his cholesterol level will obviously decrease.However, most people consume more food while increasing the number of meals.
Question: If the above statement is true, which of the following options will it most strongly support?

Choices:
A. For most people, his daily food intake does not significantly affect his cholesterol level.
B. For most people, increasing the number of meals a day will not result in a significant reduction in cholesterol levels.
C. For most people, the amount of food eaten per day will not be affected by the number of foods eaten per day.
D. For most people, the amount of food consumed is greatly affected by the time taken to eat.

Let's think step by step before providing your final answer. However, you must conclude your assessment with the statement: 'Thus, the correct answer is: X', where 'X' is simply the letter corresponding to the answer option you've determined to be correct.","B.For most people, increasing the number of meals a day will not result in a significant reduction in cholesterol levels.",1
AGIEval,Civil Service Examination,LogiQA-en,MC,Civil Service Examination-LogiQA-en-384,N.A.,"With the increase of age, the daily demand for calories is decreasing, while the demand for vitamin B6 is gradually increasing.Unless the elderly take vitamin B6 as a supplement or eat foods that contain more vitamin B6 than they did when they were younger, they are unlikely to get the vitamin B6 they need.
Question: The answer to which of the following questions is most helpful in evaluating the appeal argument?

Choices:
A. Did most people's diet contain vitamin B6 far beyond the amount they needed every day?
B. Is vitamin B6 in fortified food more easily absorbed by the body than vitamin B6 in the daily diet?
C. Does the amount of calories needed to decrease each day be greater than the amount of vitamin B6 that needs to be increased each day?
D. Are the consequences of not getting enough vitamin B6 daily for the elderly more serious than for the young?
","With the increase of age, the daily demand for calories is decreasing, while the demand for vitamin B6 is gradually increasing.Unless the elderly take vitamin B6 as a supplement or eat foods that contain more vitamin B6 than they did when they were younger, they are unlikely to get the vitamin B6 they need.
Question: The answer to which of the following questions is most helpful in evaluating the appeal argument?

Choices:
A. Did most people's diet contain vitamin B6 far beyond the amount they needed every day?
B. Is vitamin B6 in fortified food more easily absorbed by the body than vitamin B6 in the daily diet?
C. Does the amount of calories needed to decrease each day be greater than the amount of vitamin B6 that needs to be increased each day?
D. Are the consequences of not getting enough vitamin B6 daily for the elderly more serious than for the young?

Let's think step by step before providing your final answer. However, you must conclude your assessment with the statement: 'Thus, the correct answer is: X', where 'X' is simply the letter corresponding to the answer option you've determined to be correct.",A.Did most people's diet contain vitamin B6 far beyond the amount they needed every day?,0
AGIEval,Civil Service Examination,LogiQA-en,MC,Civil Service Examination-LogiQA-en-572,N.A.,"Since the cancellation of mandatory pre-marriage inspections in City B in 2003, the pre-marriage inspection rate in the city has dropped from close to 100% 10 years ago to 7% in 2011, the lowest in the country.At the same time, the incidence of birth defects in the city has doubled.It can be seen that the abolition of the mandatory pre-marital inspection system has led to an increase in the rate of birth defects in newborns.
Question: The answers to the following questions are relevant to the evaluation of the above argument, except

Choices:
A. Has the city's living environment (air and water quality, etc.) been damaged in the past decade?
B. Have unhealthy lifestyles such as staying up late and online for a long time among the population of child-bearing age in this city increased significantly?
C. Has women in this city delayed childbirth in the past decade, and has the proportion of older pregnant women increased significantly?
D. Has the number of floating population in the city increased or decreased in the past decade?
","Since the cancellation of mandatory pre-marriage inspections in City B in 2003, the pre-marriage inspection rate in the city has dropped from close to 100% 10 years ago to 7% in 2011, the lowest in the country.At the same time, the incidence of birth defects in the city has doubled.It can be seen that the abolition of the mandatory pre-marital inspection system has led to an increase in the rate of birth defects in newborns.
Question: The answers to the following questions are relevant to the evaluation of the above argument, except

Choices:
A. Has the city's living environment (air and water quality, etc.) been damaged in the past decade?
B. Have unhealthy lifestyles such as staying up late and online for a long time among the population of child-bearing age in this city increased significantly?
C. Has women in this city delayed childbirth in the past decade, and has the proportion of older pregnant women increased significantly?
D. Has the number of floating population in the city increased or decreased in the past decade?

Let's think step by step before providing your final answer. However, you must conclude your assessment with the statement: 'Thus, the correct answer is: X', where 'X' is simply the letter corresponding to the answer option you've determined to be correct.",D.Has the number of floating population in the city increased or decreased in the past decade?,1
AGIEval,Civil Service Examination,LogiQA-en,MC,Civil Service Examination-LogiQA-en-329,N.A.,"When the number of cod in the North Atlantic Ocean decreased significantly, the number of seals increased from 1.5 million to about 2.5 million.Some people think that seals have caused a decrease in cod, but seals rarely eat cod, so it is unlikely that a large increase in the number of seals caused a significant decline in the number of cod.
Question: Which of the following statements, if true, can weaken the argument most strongly?

Choices:
A. In the traditional cod fishing belt, a large number of seals caused great inconvenience to the fishing boat.
B. The damage caused by seawater pollution to cod is more serious than that caused to seals.
C. Before the number of seals increased, the number of cod in the North Atlantic Ocean was greatly reduced.
D. Cod almost only eat capelin, and this fish is also the main food for seals.
","When the number of cod in the North Atlantic Ocean decreased significantly, the number of seals increased from 1.5 million to about 2.5 million.Some people think that seals have caused a decrease in cod, but seals rarely eat cod, so it is unlikely that a large increase in the number of seals caused a significant decline in the number of cod.
Question: Which of the following statements, if true, can weaken the argument most strongly?

Choices:
A. In the traditional cod fishing belt, a large number of seals caused great inconvenience to the fishing boat.
B. The damage caused by seawater pollution to cod is more serious than that caused to seals.
C. Before the number of seals increased, the number of cod in the North Atlantic Ocean was greatly reduced.
D. Cod almost only eat capelin, and this fish is also the main food for seals.

Let's think step by step before providing your final answer. However, you must conclude your assessment with the statement: 'Thus, the correct answer is: X', where 'X' is simply the letter corresponding to the answer option you've determined to be correct.","D.Cod almost only eat capelin, and this fish is also the main food for seals.",1
AGIEval,Civil Service Examination,LogiQA-en,MC,Civil Service Examination-LogiQA-en-95,N.A.,"Statistics show that in car accidents, the proportion of cars with airbags is higher than that of cars without airbags.Therefore, installing an airbag in a car does not make the car owner safer.
Question: Which of the following most appropriately points out the loophole of the above argument?

Choices:
A. Assume without explanation? Any car equipped with airbags may experience a car accident.
B. Ignore this possibility? Owners without airbags pay more attention to driving cautiously.
C. Improper assumption? In any car accident, the airbag will automatically open.
D. Improperly equate the possibility of a car accident with the seriousness of the car owner ’s injury in the accident.
","Statistics show that in car accidents, the proportion of cars with airbags is higher than that of cars without airbags.Therefore, installing an airbag in a car does not make the car owner safer.
Question: Which of the following most appropriately points out the loophole of the above argument?

Choices:
A. Assume without explanation? Any car equipped with airbags may experience a car accident.
B. Ignore this possibility? Owners without airbags pay more attention to driving cautiously.
C. Improper assumption? In any car accident, the airbag will automatically open.
D. Improperly equate the possibility of a car accident with the seriousness of the car owner ’s injury in the accident.

Let's think step by step before providing your final answer. However, you must conclude your assessment with the statement: 'Thus, the correct answer is: X', where 'X' is simply the letter corresponding to the answer option you've determined to be correct.",D.Improperly equate the possibility of a car accident with the seriousness of the car owner ’s injury in the accident.,1
AGIEval,Civil Service Examination,LogiQA-en,MC,Civil Service Examination-LogiQA-en-181,N.A.,"Research shows that people who rarely take antibiotics have a stronger immune system than people who take antibiotics regularly.However, there is no evidence that taking antibiotics weakens the immune system.
Question: Which of the following, if correct, will best reconcile the inconsistencies between the information in the question?

Choices:
A. Some people often take antibiotics because their doctors prescribe antibiotics for both viral and bacterial infections.
B. People with strong immunity rarely contract diseases that people usually treat with antibiotics.
C. Despite the many side effects of antibiotics, some people still use these drugs.
D. People with poor immunity can hardly recover from bacterial infections without taking antibiotics.
","Research shows that people who rarely take antibiotics have a stronger immune system than people who take antibiotics regularly.However, there is no evidence that taking antibiotics weakens the immune system.
Question: Which of the following, if correct, will best reconcile the inconsistencies between the information in the question?

Choices:
A. Some people often take antibiotics because their doctors prescribe antibiotics for both viral and bacterial infections.
B. People with strong immunity rarely contract diseases that people usually treat with antibiotics.
C. Despite the many side effects of antibiotics, some people still use these drugs.
D. People with poor immunity can hardly recover from bacterial infections without taking antibiotics.

Let's think step by step before providing your final answer. However, you must conclude your assessment with the statement: 'Thus, the correct answer is: X', where 'X' is simply the letter corresponding to the answer option you've determined to be correct.",B.People with strong immunity rarely contract diseases that people usually treat with antibiotics.,1
AGIEval,Civil Service Examination,LogiQA-en,MC,Civil Service Examination-LogiQA-en-302,N.A.,"There are 7 candidates hired by Haier? F, G, H, I, W, X and Y.One of them needs to be assigned to the public relations department, three to the production department, and three to the sales department.The personnel allocation of these 7 employees must meet the following conditions? (1) H and Y must be allocated in the same department.(2) F and G cannot be allocated in the same department (3) If X is allocated in the sales department, W is allocated in the production department.(4) F must be allocated in the production department.
Question: If X and F are assigned to the same department, which of the following statements cannot be true?

Choices:
A. G is assigned to the sales department
B. H is assigned to the production department.
C. I was assigned to the sales department.
D. W is assigned to the public relations department.
","There are 7 candidates hired by Haier? F, G, H, I, W, X and Y.One of them needs to be assigned to the public relations department, three to the production department, and three to the sales department.The personnel allocation of these 7 employees must meet the following conditions? (1) H and Y must be allocated in the same department.(2) F and G cannot be allocated in the same department (3) If X is allocated in the sales department, W is allocated in the production department.(4) F must be allocated in the production department.
Question: If X and F are assigned to the same department, which of the following statements cannot be true?

Choices:
A. G is assigned to the sales department
B. H is assigned to the production department.
C. I was assigned to the sales department.
D. W is assigned to the public relations department.

Let's think step by step before providing your final answer. However, you must conclude your assessment with the statement: 'Thus, the correct answer is: X', where 'X' is simply the letter corresponding to the answer option you've determined to be correct.",B.H is assigned to the production department.,1
AGIEval,Civil Service Examination,LogiQA-en,MC,Civil Service Examination-LogiQA-en-394,N.A.,"There are 7 athletes participating in the men's 5km finals? S, T, U, W, X, Y and Z.The costumes worn by athletes are either red or green.No athletes reach the finish line at the same time.The known information is as follows? Athletes who reach the finish line in succession are not all red.Y reached the end point at a time before T and W.Two athletes who reached the finish line before Y happened to be wearing red costumes.S is the sixth athlete to reach the finish line.Z reached the end at a certain moment before U.
Question: Which of the following athletes listed in the list of clothing can not be red?

Choices:
A. S and X
B. T and S
C. U and W
D. W and T
","There are 7 athletes participating in the men's 5km finals? S, T, U, W, X, Y and Z.The costumes worn by athletes are either red or green.No athletes reach the finish line at the same time.The known information is as follows? Athletes who reach the finish line in succession are not all red.Y reached the end point at a time before T and W.Two athletes who reached the finish line before Y happened to be wearing red costumes.S is the sixth athlete to reach the finish line.Z reached the end at a certain moment before U.
Question: Which of the following athletes listed in the list of clothing can not be red?

Choices:
A. S and X
B. T and S
C. U and W
D. W and T

Let's think step by step before providing your final answer. However, you must conclude your assessment with the statement: 'Thus, the correct answer is: X', where 'X' is simply the letter corresponding to the answer option you've determined to be correct.",B.T and S,1
AGIEval,Civil Service Examination,LogiQA-en,MC,Civil Service Examination-LogiQA-en-6,N.A.,"Zhang Ming, Li Ying, Wang Jia and Chen Rui work in a team.They come from four provinces of Jiangsu, Anhui, Fujian and Shandong.Each person can only speak a dialect of their origin.Speaking of southern Fujian dialects, Shandong people have the highest educational level and can speak Central Plains Mandarin.Wang Jia has a lower education level than Fujianese.Li Ying can speak Huizhou dialect and is a colleague with his classmates from Jiangsu.Chen Rui does not understand the dialect of southern Fujian.
Question: According to the above statement, you can get which of the following?

Choices:
A. hen Rui can't speak the Central Plains Mandarin
B. hang Ming speaks Minnan dialect
C. i Ying is from Shandong
D. ang Jia can speak Huizhou dialect
","Zhang Ming, Li Ying, Wang Jia and Chen Rui work in a team.They come from four provinces of Jiangsu, Anhui, Fujian and Shandong.Each person can only speak a dialect of their origin.Speaking of southern Fujian dialects, Shandong people have the highest educational level and can speak Central Plains Mandarin.Wang Jia has a lower education level than Fujianese.Li Ying can speak Huizhou dialect and is a colleague with his classmates from Jiangsu.Chen Rui does not understand the dialect of southern Fujian.
Question: According to the above statement, you can get which of the following?

Choices:
A. hen Rui can't speak the Central Plains Mandarin
B. hang Ming speaks Minnan dialect
C. i Ying is from Shandong
D. ang Jia can speak Huizhou dialect

Let's think step by step before providing your final answer. However, you must conclude your assessment with the statement: 'Thus, the correct answer is: X', where 'X' is simply the letter corresponding to the answer option you've determined to be correct.",B.hang Ming speaks Minnan dialect,0
AGIEval,Civil Service Examination,LogiQA-en,MC,Civil Service Examination-LogiQA-en-354,N.A.,"In recent years, the number of Sichuan restaurants in major cities in China is increasing.This shows that more people choose to go to the restaurant for dinner instead of feasting at home?
Question: In order for the above conclusion to be true, which of the following statements must be true?

Choices:
A. The increase in the number of Sichuan restaurants has not been accompanied by a decrease in the number of other restaurants.
B. The number of restaurants in big cities has not increased or decreased.
C. Szechuan restaurants are more popular than other restaurants in major cities across the country.
D. The new restaurant will only open if the existing restaurant cannot fit in.
","In recent years, the number of Sichuan restaurants in major cities in China is increasing.This shows that more people choose to go to the restaurant for dinner instead of feasting at home?
Question: In order for the above conclusion to be true, which of the following statements must be true?

Choices:
A. The increase in the number of Sichuan restaurants has not been accompanied by a decrease in the number of other restaurants.
B. The number of restaurants in big cities has not increased or decreased.
C. Szechuan restaurants are more popular than other restaurants in major cities across the country.
D. The new restaurant will only open if the existing restaurant cannot fit in.

Let's think step by step before providing your final answer. However, you must conclude your assessment with the statement: 'Thus, the correct answer is: X', where 'X' is simply the letter corresponding to the answer option you've determined to be correct.",D.The new restaurant will only open if the existing restaurant cannot fit in.,1
AGIEval,Civil Service Examination,LogiQA-en,MC,Civil Service Examination-LogiQA-en-468,N.A.,"Sophist? Because 6 is greater than 4, and 6 is less than 8, 6 is both large and small.
Question: Which of the following ways of reasoning is most similar to the reasoning of the above-mentioned sophisters

Choices:
A. Because Laozi is more intelligent than Mencius, Laozi has a better view of goodness than Mencius.
B. Because Zhang Qing drinks Tonghua glucose when he is healthy, it is sweet, and when he is sick, drinking Tonghua glucose is sour, so Tonghua glucose is both sweet and sour.
C. Because Zhao Feng is taller than Li Tong, and Zhao Feng is shorter than Wang Lei, Zhao Feng is both tall and short
D. Because a wooden stick is usually straight, but it looks curved in the water, this wooden stick is both straight and curved.
","Sophist? Because 6 is greater than 4, and 6 is less than 8, 6 is both large and small.
Question: Which of the following ways of reasoning is most similar to the reasoning of the above-mentioned sophisters

Choices:
A. Because Laozi is more intelligent than Mencius, Laozi has a better view of goodness than Mencius.
B. Because Zhang Qing drinks Tonghua glucose when he is healthy, it is sweet, and when he is sick, drinking Tonghua glucose is sour, so Tonghua glucose is both sweet and sour.
C. Because Zhao Feng is taller than Li Tong, and Zhao Feng is shorter than Wang Lei, Zhao Feng is both tall and short
D. Because a wooden stick is usually straight, but it looks curved in the water, this wooden stick is both straight and curved.

Let's think step by step before providing your final answer. However, you must conclude your assessment with the statement: 'Thus, the correct answer is: X', where 'X' is simply the letter corresponding to the answer option you've determined to be correct.","C.Because Zhao Feng is taller than Li Tong, and Zhao Feng is shorter than Wang Lei, Zhao Feng is both tall and short",1
AGIEval,Civil Service Examination,LogiQA-en,MC,Civil Service Examination-LogiQA-en-458,N.A.,"Laws protecting wild animal populations should not be compulsorily applied to hunting activities that depend on the capture of wild animals but do not threaten the continuation of wild animal populations
Question: If the following statement is true, which one is the strongest proof of the justification of the above principle?

Choices:
A. For any profit-taking purpose of capturing wild animals, the Wildlife Protection Law should be enforced
B. Although the eyeglass cord is protected by law, the act of killing the eyeglass cord due to the threat to human life will not be punished by law
C. The Inuit in the northernmost part of the polar region feed on bowhead whales, and the number of bowhead whales captured is much lower than the number of newly survived bowhead whales each year.
D. Humans have hunted elephants for thousands of years and have not extinct the elephant populations, so it is not necessary to enforce laws protecting wild elephants
","Laws protecting wild animal populations should not be compulsorily applied to hunting activities that depend on the capture of wild animals but do not threaten the continuation of wild animal populations
Question: If the following statement is true, which one is the strongest proof of the justification of the above principle?

Choices:
A. For any profit-taking purpose of capturing wild animals, the Wildlife Protection Law should be enforced
B. Although the eyeglass cord is protected by law, the act of killing the eyeglass cord due to the threat to human life will not be punished by law
C. The Inuit in the northernmost part of the polar region feed on bowhead whales, and the number of bowhead whales captured is much lower than the number of newly survived bowhead whales each year.
D. Humans have hunted elephants for thousands of years and have not extinct the elephant populations, so it is not necessary to enforce laws protecting wild elephants

Let's think step by step before providing your final answer. However, you must conclude your assessment with the statement: 'Thus, the correct answer is: X', where 'X' is simply the letter corresponding to the answer option you've determined to be correct.","C.The Inuit in the northernmost part of the polar region feed on bowhead whales, and the number of bowhead whales captured is much lower than the number of newly survived bowhead whales each year.",1
AGIEval,Civil Service Examination,LogiQA-en,MC,Civil Service Examination-LogiQA-en-17,N.A.,"There are five stations set up from west to east along a section of the high-speed railway along the river.It is known that Fuyi Station is east of Haoyun Station and West of Huyao Station, and is adjacent to Huyao Station; Jiushang Station is adjacent to Yinling Station.
Question: Based on the above information, regarding the order of the five stations from west to east, which of the following is possible?

Choices:
A. Yinling Station, Haoyun Station, Jiushang Station, Fuyi Station, Hu Yao Station;
B. Fuyi Station, Hu Yao Station, Jiushang Station, Yinling Station, Haoyun Station;
C. Haoyun Station, Yinling Station, Jiushang Station, Fuyi Station, Hu Yao Station;
D. Haoyun Station, Hu Yao Station, Fuyi Station, Yinling Station, Jiushang Station;
","There are five stations set up from west to east along a section of the high-speed railway along the river.It is known that Fuyi Station is east of Haoyun Station and West of Huyao Station, and is adjacent to Huyao Station; Jiushang Station is adjacent to Yinling Station.
Question: Based on the above information, regarding the order of the five stations from west to east, which of the following is possible?

Choices:
A. Yinling Station, Haoyun Station, Jiushang Station, Fuyi Station, Hu Yao Station;
B. Fuyi Station, Hu Yao Station, Jiushang Station, Yinling Station, Haoyun Station;
C. Haoyun Station, Yinling Station, Jiushang Station, Fuyi Station, Hu Yao Station;
D. Haoyun Station, Hu Yao Station, Fuyi Station, Yinling Station, Jiushang Station;

Let's think step by step before providing your final answer. However, you must conclude your assessment with the statement: 'Thus, the correct answer is: X', where 'X' is simply the letter corresponding to the answer option you've determined to be correct.","C.Haoyun Station, Yinling Station, Jiushang Station, Fuyi Station, Hu Yao Station;",1
AGIEval,Civil Service Examination,LogiQA-en,MC,Civil Service Examination-LogiQA-en-49,N.A.,"With the help of animal fossils and DNA retained in specimens, and using increasingly advanced cloning and genetic techniques, humans have been able to ""resurrect"" some already extinct animals, such as mammoths, dodos, dinosaurs, etc.At the same time, the scientific community also started a big discussion about whether humans should revive extinct animals.Supporters believe that reanimated animals are expected to restore the damaged ecological environment in some areas.For example, Mammoths live on the vast grasslands of Siberia, and their excrement is an excellent fertilizer to nourish the grasslands.After the mammoth became extinct, grasslands lacking fertilizer were gradually replaced by tundra.If the mammoth can be resurrected and returned to Siberia, it will help reduce the area of ​​tundra and gradually restore the grassland ecosystem.
Question: Which of the following, if true, would best refute the arguments of the above supporters?

Choices:
A. If you invest a lot of time, energy and cost to resurrect the disappeared creatures, it will inevitably contain and weaken the protection of existing endangered animals, and the result will not be worth the loss.
B. Merely cloning an individual of an extinct animal does not mean that humans have the ability to resurrect the entire population
C. Even if the extinct animals can be resurrected in batches, the habitat suitable for their growth may have long since disappeared.If you can not give heavy organisms a suitable environment for survival, all efforts will be in vain
D. The vast majority of these animals gradually disappeared in the course of human development.It was human activities that led to their extinction
","With the help of animal fossils and DNA retained in specimens, and using increasingly advanced cloning and genetic techniques, humans have been able to ""resurrect"" some already extinct animals, such as mammoths, dodos, dinosaurs, etc.At the same time, the scientific community also started a big discussion about whether humans should revive extinct animals.Supporters believe that reanimated animals are expected to restore the damaged ecological environment in some areas.For example, Mammoths live on the vast grasslands of Siberia, and their excrement is an excellent fertilizer to nourish the grasslands.After the mammoth became extinct, grasslands lacking fertilizer were gradually replaced by tundra.If the mammoth can be resurrected and returned to Siberia, it will help reduce the area of ​​tundra and gradually restore the grassland ecosystem.
Question: Which of the following, if true, would best refute the arguments of the above supporters?

Choices:
A. If you invest a lot of time, energy and cost to resurrect the disappeared creatures, it will inevitably contain and weaken the protection of existing endangered animals, and the result will not be worth the loss.
B. Merely cloning an individual of an extinct animal does not mean that humans have the ability to resurrect the entire population
C. Even if the extinct animals can be resurrected in batches, the habitat suitable for their growth may have long since disappeared.If you can not give heavy organisms a suitable environment for survival, all efforts will be in vain
D. The vast majority of these animals gradually disappeared in the course of human development.It was human activities that led to their extinction

Let's think step by step before providing your final answer. However, you must conclude your assessment with the statement: 'Thus, the correct answer is: X', where 'X' is simply the letter corresponding to the answer option you've determined to be correct.","C.Even if the extinct animals can be resurrected in batches, the habitat suitable for their growth may have long since disappeared.If you can not give heavy organisms a suitable environment for survival, all efforts will be in vain",1
AGIEval,Civil Service Examination,LogiQA-en,MC,Civil Service Examination-LogiQA-en-595,N.A.,"A music producer is recording 7 albums one after another? F, G, H, J, K, L and M, but it is not necessary to record in this order.When arranging the sequence of recording these 7 albums, the following conditions must be met? (l) F must be ranked second.(2) J cannot be ranked seventh.(3) G can neither be directly in front of H nor immediately after H.(4) H must be somewhere in front of L.(5) L must be somewhere before M.
Question: The earliest position for recording M is

Choices:
A. irst
B. hird
C. ourth
D. ifth
","A music producer is recording 7 albums one after another? F, G, H, J, K, L and M, but it is not necessary to record in this order.When arranging the sequence of recording these 7 albums, the following conditions must be met? (l) F must be ranked second.(2) J cannot be ranked seventh.(3) G can neither be directly in front of H nor immediately after H.(4) H must be somewhere in front of L.(5) L must be somewhere before M.
Question: The earliest position for recording M is

Choices:
A. irst
B. hird
C. ourth
D. ifth

Let's think step by step before providing your final answer. However, you must conclude your assessment with the statement: 'Thus, the correct answer is: X', where 'X' is simply the letter corresponding to the answer option you've determined to be correct.",C.ourth,0
AGIEval,Civil Service Examination,LogiQA-en,MC,Civil Service Examination-LogiQA-en-4,N.A.,"In recent years, graduate entrance examinations have continued to heat up.Correspondingly, a variety of postgraduate counseling classes have emerged, especially English and political counseling classes are almost a must for the postgraduates.Xiaozhuang, who has just started working, also intends to take the postgraduate entrance exam, so Xiaozhuang must take English tutoring classes
Question: Which of the following can best strengthen the above argument

Choices:
A. If you take an English tutoring class, you can pass the graduate entrance exam
B. Only those who intend to take the graduate entrance exam will participate in the English tutoring class
C. Even if you take an English tutoring class, you may not be able to pass the graduate entrance exam
D. If you do not participate in the English tutoring class, you cannot pass the graduate entrance exam
","In recent years, graduate entrance examinations have continued to heat up.Correspondingly, a variety of postgraduate counseling classes have emerged, especially English and political counseling classes are almost a must for the postgraduates.Xiaozhuang, who has just started working, also intends to take the postgraduate entrance exam, so Xiaozhuang must take English tutoring classes
Question: Which of the following can best strengthen the above argument

Choices:
A. If you take an English tutoring class, you can pass the graduate entrance exam
B. Only those who intend to take the graduate entrance exam will participate in the English tutoring class
C. Even if you take an English tutoring class, you may not be able to pass the graduate entrance exam
D. If you do not participate in the English tutoring class, you cannot pass the graduate entrance exam

Let's think step by step before providing your final answer. However, you must conclude your assessment with the statement: 'Thus, the correct answer is: X', where 'X' is simply the letter corresponding to the answer option you've determined to be correct.","D.If you do not participate in the English tutoring class, you cannot pass the graduate entrance exam",1
AGIEval,Civil Service Examination,LogiQA-en,MC,Civil Service Examination-LogiQA-en-558,N.A.,"Consider three numbers? 0.9, 1, 1.1.The difference between the latter number and the previous one is only 0.1.If you let each number multiply 10 times with itself, 0.9 becomes 0.31, 1 is still 1, 1.1 becomes 2.85, which is nearly 10 times 0.31 and nearly 3 times 1.This is how the gap is created!
Question: Which of the following conclusions cannot be reasonably drawn from the above statement?

Choices:
A. A few centimeters are lost, thousands of miles away.
B. Details determine success or failure, character determines fate.
C. The continuous accumulation and amplification of small differences can produce huge differences.
D. Everyone must be aware of every step in the life process? small wins may accumulate big wins, and small wins may make big mistakes.
","Consider three numbers? 0.9, 1, 1.1.The difference between the latter number and the previous one is only 0.1.If you let each number multiply 10 times with itself, 0.9 becomes 0.31, 1 is still 1, 1.1 becomes 2.85, which is nearly 10 times 0.31 and nearly 3 times 1.This is how the gap is created!
Question: Which of the following conclusions cannot be reasonably drawn from the above statement?

Choices:
A. A few centimeters are lost, thousands of miles away.
B. Details determine success or failure, character determines fate.
C. The continuous accumulation and amplification of small differences can produce huge differences.
D. Everyone must be aware of every step in the life process? small wins may accumulate big wins, and small wins may make big mistakes.

Let's think step by step before providing your final answer. However, you must conclude your assessment with the statement: 'Thus, the correct answer is: X', where 'X' is simply the letter corresponding to the answer option you've determined to be correct.","B.Details determine success or failure, character determines fate.",1
AGIEval,Civil Service Examination,LogiQA-en,MC,Civil Service Examination-LogiQA-en-362,N.A.,"The formation of the platoon pays attention to the shape and the situation, which is described as ""cooperation of troops"".The form is a ready-made medicine, which is placed in a pharmacy and can be purchased directly.It is a prescription made by an experienced doctor for the patient.According to the severity of the condition, the dosage is used to increase or decrease the odor.The charge is also focused on shape and potential, using boxing as an example.The shape is the height, weight and routine of the boxer; the potential is Sanda, which adapts randomly according to the opponent's moves.
Question: Which of the following statements is the most accurate summary of the features of form and potential mentioned above?

Choices:
A. Fighting with soldiers is like playing chess.It is a form of playing chess and a game.The potential is to take the opponent's move and break the opponent's move.The faster the response, the better.
B. Practicing medicine is to save people, and using troops to kill people is very different.However, there are similarities between platoon formations and the deployment of pharmacies.
C. The shape is like standing on a thousand-year-old mountain, the deeper the storage, the more fierce it is; the potential is like rolling a round stone on the top of the ten thousand yuan, the more dangerous the mountain, the faster the stone.
D. Shape is something that is visible, static, and set in advance; potential is something that is invisible, dynamic, and set for the enemy.
","The formation of the platoon pays attention to the shape and the situation, which is described as ""cooperation of troops"".The form is a ready-made medicine, which is placed in a pharmacy and can be purchased directly.It is a prescription made by an experienced doctor for the patient.According to the severity of the condition, the dosage is used to increase or decrease the odor.The charge is also focused on shape and potential, using boxing as an example.The shape is the height, weight and routine of the boxer; the potential is Sanda, which adapts randomly according to the opponent's moves.
Question: Which of the following statements is the most accurate summary of the features of form and potential mentioned above?

Choices:
A. Fighting with soldiers is like playing chess.It is a form of playing chess and a game.The potential is to take the opponent's move and break the opponent's move.The faster the response, the better.
B. Practicing medicine is to save people, and using troops to kill people is very different.However, there are similarities between platoon formations and the deployment of pharmacies.
C. The shape is like standing on a thousand-year-old mountain, the deeper the storage, the more fierce it is; the potential is like rolling a round stone on the top of the ten thousand yuan, the more dangerous the mountain, the faster the stone.
D. Shape is something that is visible, static, and set in advance; potential is something that is invisible, dynamic, and set for the enemy.

Let's think step by step before providing your final answer. However, you must conclude your assessment with the statement: 'Thus, the correct answer is: X', where 'X' is simply the letter corresponding to the answer option you've determined to be correct.","D.Shape is something that is visible, static, and set in advance; potential is something that is invisible, dynamic, and set for the enemy.",1
AGIEval,Civil Service Examination,LogiQA-en,MC,Civil Service Examination-LogiQA-en-284,N.A.,"There are five volcanic islands E, F, G, H, and I in the east coast of a country.They are arranged in a straight line from north to south, and they are found? (1) F is adjacent to H and is on the north side of H.(2) I and E are adjacent.(3) G is somewhere in the north of F.
Question: If G is adjacent to I and to the north of I, which of the following statements must be true?

Choices:
A. H is on the southernmost side of the island
B. F is on the northernmost side of the island
C. E is on the southernmost side of the island
D. I is on the northernmost side of the island
","There are five volcanic islands E, F, G, H, and I in the east coast of a country.They are arranged in a straight line from north to south, and they are found? (1) F is adjacent to H and is on the north side of H.(2) I and E are adjacent.(3) G is somewhere in the north of F.
Question: If G is adjacent to I and to the north of I, which of the following statements must be true?

Choices:
A. H is on the southernmost side of the island
B. F is on the northernmost side of the island
C. E is on the southernmost side of the island
D. I is on the northernmost side of the island

Let's think step by step before providing your final answer. However, you must conclude your assessment with the statement: 'Thus, the correct answer is: X', where 'X' is simply the letter corresponding to the answer option you've determined to be correct.",A.H is on the southernmost side of the island,1
AGIEval,Civil Service Examination,LogiQA-en,MC,Civil Service Examination-LogiQA-en-286,N.A.,"There are five volcanic islands E, F, G, H, and I in the east coast of a country.They are arranged in a straight line from north to south, and they are found? (1) F is adjacent to H and is on the north side of H.(2) I and E are adjacent.(3) G is somewhere in the north of F.
Question: If it is found that G is the northernmost island, how many possible arrangements are there for this group of islands?

Choices:
A. 2
B. 3
C. 4
D. 5
","There are five volcanic islands E, F, G, H, and I in the east coast of a country.They are arranged in a straight line from north to south, and they are found? (1) F is adjacent to H and is on the north side of H.(2) I and E are adjacent.(3) G is somewhere in the north of F.
Question: If it is found that G is the northernmost island, how many possible arrangements are there for this group of islands?

Choices:
A. 2
B. 3
C. 4
D. 5

Let's think step by step before providing your final answer. However, you must conclude your assessment with the statement: 'Thus, the correct answer is: X', where 'X' is simply the letter corresponding to the answer option you've determined to be correct.",C.4,0
AGIEval,Civil Service Examination,LogiQA-en,MC,Civil Service Examination-LogiQA-en-363,N.A.,"The United States plans to establish a radar base in the Czech Republic, and it will form a missile shield with the missile base in Poland to deal with Iranian missile attacks.To this end, the United States and the Czech Republic signed two military agreements in 2008.Czech officials believe that the signing of the agreement will enable the Czech alliance with NATO allies to ensure the safety of the country with the best technical equipment.
Question: If which of the following statements is true, can the Czech official's assertion be questioned the most?

Choices:
A. According to the agreement between the Czech Republic and the United States, the United States has the right to direct and manage its bases in the Czech Republic.
B. Most people in the Czech Republic opposed the establishment of an anti-missile radar base by the United States in the Czech Republic.
C. Most people in the Czech Republic believe that the establishment of an anti-missile radar base by the United States in the Czech Republic will seriously damage the safety and interests of local people.
D. The day the Czech Republic and the United States signed an agreement on radar bases, Russia claimed that Russian missiles were aimed at the base.
","The United States plans to establish a radar base in the Czech Republic, and it will form a missile shield with the missile base in Poland to deal with Iranian missile attacks.To this end, the United States and the Czech Republic signed two military agreements in 2008.Czech officials believe that the signing of the agreement will enable the Czech alliance with NATO allies to ensure the safety of the country with the best technical equipment.
Question: If which of the following statements is true, can the Czech official's assertion be questioned the most?

Choices:
A. According to the agreement between the Czech Republic and the United States, the United States has the right to direct and manage its bases in the Czech Republic.
B. Most people in the Czech Republic opposed the establishment of an anti-missile radar base by the United States in the Czech Republic.
C. Most people in the Czech Republic believe that the establishment of an anti-missile radar base by the United States in the Czech Republic will seriously damage the safety and interests of local people.
D. The day the Czech Republic and the United States signed an agreement on radar bases, Russia claimed that Russian missiles were aimed at the base.

Let's think step by step before providing your final answer. However, you must conclude your assessment with the statement: 'Thus, the correct answer is: X', where 'X' is simply the letter corresponding to the answer option you've determined to be correct.","D.The day the Czech Republic and the United States signed an agreement on radar bases, Russia claimed that Russian missiles were aimed at the base.",0
AGIEval,Civil Service Examination,LogiQA-en,MC,Civil Service Examination-LogiQA-en-27,N.A.,"A certain class intends to select two of three girls from Fang Rufen, Guo Yanran, He Zhilian, and three from five male students such as Peng Youwen, Qiu Zhijie, Ren Xiangyang, Song Wenkai, Tang Xiaohua to form a five-person support group for college students to volunteer teaching in the mountains.Requirements? (1) Guo Yanran and Tang Xiaohua are not selected at the same time; (2) Peng Youwen and Song Kaiwen are not selected at the same time; (3) Qiu Zhijie and Tang Xiaohua are not selected at the same time.
Question: Which of the following must be selected?

Choices:
A. Fang Rufen
B. Guo Yanran
C. Song Kaiwen
D. Ren Xiangyang
","A certain class intends to select two of three girls from Fang Rufen, Guo Yanran, He Zhilian, and three from five male students such as Peng Youwen, Qiu Zhijie, Ren Xiangyang, Song Wenkai, Tang Xiaohua to form a five-person support group for college students to volunteer teaching in the mountains.Requirements? (1) Guo Yanran and Tang Xiaohua are not selected at the same time; (2) Peng Youwen and Song Kaiwen are not selected at the same time; (3) Qiu Zhijie and Tang Xiaohua are not selected at the same time.
Question: Which of the following must be selected?

Choices:
A. Fang Rufen
B. Guo Yanran
C. Song Kaiwen
D. Ren Xiangyang

Let's think step by step before providing your final answer. However, you must conclude your assessment with the statement: 'Thus, the correct answer is: X', where 'X' is simply the letter corresponding to the answer option you've determined to be correct.",D.Ren Xiangyang,1
AGIEval,Civil Service Examination,LogiQA-en,MC,Civil Service Examination-LogiQA-en-512,N.A.,"A small academic seminar on ""Dream of Red Mansions"" was held somewhere.Of the participants, 4 were Northerners, 3 were Heilongjiang, 1 was Guizhou; 3 were writers, 2 were literary critics, and 1 was a professor; the above mentioned were all participants.
Question: According to the above statement, how many people are the least likely to attend the seminar? How many people are the most likely?

Choices:
A. There may be a minimum of 4 people and a maximum of 6 people.
B. There may be at least 5 people and at most 11 people.
C. There may be a minimum of 6 people and a maximum of 14 people.
D. There may be at least 8 people and at most 10 people.
","A small academic seminar on ""Dream of Red Mansions"" was held somewhere.Of the participants, 4 were Northerners, 3 were Heilongjiang, 1 was Guizhou; 3 were writers, 2 were literary critics, and 1 was a professor; the above mentioned were all participants.
Question: According to the above statement, how many people are the least likely to attend the seminar? How many people are the most likely?

Choices:
A. There may be a minimum of 4 people and a maximum of 6 people.
B. There may be at least 5 people and at most 11 people.
C. There may be a minimum of 6 people and a maximum of 14 people.
D. There may be at least 8 people and at most 10 people.

Let's think step by step before providing your final answer. However, you must conclude your assessment with the statement: 'Thus, the correct answer is: X', where 'X' is simply the letter corresponding to the answer option you've determined to be correct.",B.There may be at least 5 people and at most 11 people.,1
AGIEval,Civil Service Examination,LogiQA-en,MC,Civil Service Examination-LogiQA-en-264,N.A.,"In a large barber shop, all hairdressers are northerners, all female employees are southerners, and all married people are female employees, so all married people are not barbers.
Question: Which of the following is true will prove that at least one of the premises of the above reasoning is false?

Choices:
A. There is an unmarried male hairdresser born in the north.
B. There is an unmarried female employee who is not a hairdresser in the shop.
C. There is a female hairdresser born in the south.
D. There is a married female employee born in the south.
","In a large barber shop, all hairdressers are northerners, all female employees are southerners, and all married people are female employees, so all married people are not barbers.
Question: Which of the following is true will prove that at least one of the premises of the above reasoning is false?

Choices:
A. There is an unmarried male hairdresser born in the north.
B. There is an unmarried female employee who is not a hairdresser in the shop.
C. There is a female hairdresser born in the south.
D. There is a married female employee born in the south.

Let's think step by step before providing your final answer. However, you must conclude your assessment with the statement: 'Thus, the correct answer is: X', where 'X' is simply the letter corresponding to the answer option you've determined to be correct.",C.There is a female hairdresser born in the south.,1
AGIEval,Civil Service Examination,LogiQA-en,MC,Civil Service Examination-LogiQA-en-51,N.A.,"The education system has two aspects, one is compulsory education and the other is higher education.A reasonable education system requires everyone to have the right to compulsory education and to have access to higher education through fair competition.
Question: Which of the following conclusions can be drawn from the above conclusions?

Choices:
A. An education system that does not allow everyone to go to college is unreasonable.
B. An education system that guarantees everyone to enjoy compulsory education is reasonable.
C. An education system that does not allow everyone to enjoy the right to compulsory education is unreasonable.
D. There should be more requirements for a reasonable education system.
","The education system has two aspects, one is compulsory education and the other is higher education.A reasonable education system requires everyone to have the right to compulsory education and to have access to higher education through fair competition.
Question: Which of the following conclusions can be drawn from the above conclusions?

Choices:
A. An education system that does not allow everyone to go to college is unreasonable.
B. An education system that guarantees everyone to enjoy compulsory education is reasonable.
C. An education system that does not allow everyone to enjoy the right to compulsory education is unreasonable.
D. There should be more requirements for a reasonable education system.

Let's think step by step before providing your final answer. However, you must conclude your assessment with the statement: 'Thus, the correct answer is: X', where 'X' is simply the letter corresponding to the answer option you've determined to be correct.",C.An education system that does not allow everyone to enjoy the right to compulsory education is unreasonable.,1
AGIEval,Civil Service Examination,LogiQA-en,MC,Civil Service Examination-LogiQA-en-230,N.A.,"In the history of China, officials are generally given a relatively low salary, so that the emperor can control him, because after the salary is low, the officials must be corrupt.The emperor can grasp this handle and heal him if he wants to heal him.If the salary is high and the officials do not have to be embezzled, the emperor will not be able to govern him.
Question: Which of the following is the hypothesis that the above argument relies on?

Choices:
A. Forcing officials to embezzle is the most stupid way for emperors to control officials.
B. Forcing officials to embezzle is the cheapest way for the emperor to control officials.
C. Forcing officials to embezzle is the only way for the emperor to control officials.
D. Forcing officials to embezzle is the best way for the emperor to control officials.
","In the history of China, officials are generally given a relatively low salary, so that the emperor can control him, because after the salary is low, the officials must be corrupt.The emperor can grasp this handle and heal him if he wants to heal him.If the salary is high and the officials do not have to be embezzled, the emperor will not be able to govern him.
Question: Which of the following is the hypothesis that the above argument relies on?

Choices:
A. Forcing officials to embezzle is the most stupid way for emperors to control officials.
B. Forcing officials to embezzle is the cheapest way for the emperor to control officials.
C. Forcing officials to embezzle is the only way for the emperor to control officials.
D. Forcing officials to embezzle is the best way for the emperor to control officials.

Let's think step by step before providing your final answer. However, you must conclude your assessment with the statement: 'Thus, the correct answer is: X', where 'X' is simply the letter corresponding to the answer option you've determined to be correct.",C.Forcing officials to embezzle is the only way for the emperor to control officials.,1
AGIEval,Civil Service Examination,LogiQA-en,MC,Civil Service Examination-LogiQA-en-38,N.A.,"A company has a 6-story office building.The company's finance department, planning department, administration department, sales department, human resources department, and research and development department work here, and each department occupies one of the floors.Known? (1) The two floors of the human resources department and the sales department are not adjacent; (2) The finance department is on the next floor of the planning department; (3) The floor of the administrative department is above the planning department, but in the manpower Below the Resources Department.
Question: If the human resources department is not on the top floor, the floors that the R & D department may be on are?

Choices:
A. 3, 4, 6
B. 3, 4, 5
C. 4, 5
D. 5, 6
","A company has a 6-story office building.The company's finance department, planning department, administration department, sales department, human resources department, and research and development department work here, and each department occupies one of the floors.Known? (1) The two floors of the human resources department and the sales department are not adjacent; (2) The finance department is on the next floor of the planning department; (3) The floor of the administrative department is above the planning department, but in the manpower Below the Resources Department.
Question: If the human resources department is not on the top floor, the floors that the R & D department may be on are?

Choices:
A. 3, 4, 6
B. 3, 4, 5
C. 4, 5
D. 5, 6

Let's think step by step before providing your final answer. However, you must conclude your assessment with the statement: 'Thus, the correct answer is: X', where 'X' is simply the letter corresponding to the answer option you've determined to be correct.","D.5, 6",0
AGIEval,Civil Service Examination,LogiQA-en,MC,Civil Service Examination-LogiQA-en-158,N.A.,"There are six statements A.B, C, D, E, and F in a database, but this database is currently uncoordinated, and certain statements must be deleted to restore the coordination of the database.Known? (1) If statement A is retained, then statement B and statement C must be retained.(2) If statement E is retained, statement D and statement C must be deleted at the same time.(3) Statement F can only be retained if statement E is retained.(4) Statement A is important information and cannot be deleted.
Question: If the above items are true, which of the following must be true?

Choices:
A. Keep statement E and delete statement C.
B. At the same time retain the statement C and statement D.
C. Keep statement E and delete statement D.
D. Delete statement E and statement F at the same time.
","There are six statements A.B, C, D, E, and F in a database, but this database is currently uncoordinated, and certain statements must be deleted to restore the coordination of the database.Known? (1) If statement A is retained, then statement B and statement C must be retained.(2) If statement E is retained, statement D and statement C must be deleted at the same time.(3) Statement F can only be retained if statement E is retained.(4) Statement A is important information and cannot be deleted.
Question: If the above items are true, which of the following must be true?

Choices:
A. Keep statement E and delete statement C.
B. At the same time retain the statement C and statement D.
C. Keep statement E and delete statement D.
D. Delete statement E and statement F at the same time.

Let's think step by step before providing your final answer. However, you must conclude your assessment with the statement: 'Thus, the correct answer is: X', where 'X' is simply the letter corresponding to the answer option you've determined to be correct.",D.Delete statement E and statement F at the same time.,1
AGIEval,Civil Service Examination,LogiQA-en,MC,Civil Service Examination-LogiQA-en-238,N.A.,"The grace of today ’s Paris is as beautiful as ever, because the German commander who occupied him decided to disobey when he received Hitler ’s order to “completely destroy Paris before retreating,” and saved an ancient city at the expense of his life.When Liang Shuming's shells of Japanese military aircraft exploded beside him, he was quietly sitting in the garden, continuing to study, thinking about the issues of culture and education in the East and West-insisting on ""value"" and ""order"", and destroying this ""value"" ""Order"" is resistant to culture.
Question: Which of the following cannot be derived from the meaning of the title?

Choices:
A. Being able to read literately does not mean being literate.
B. Having extensive knowledge does not mean literacy.
C. Culture means doing something, not doing something? a little intolerable thought is the root of living creatures; a period of inaction is a pillar of support.
D. Culture is a sign that different people of different nationalities distinguish each other.
","The grace of today ’s Paris is as beautiful as ever, because the German commander who occupied him decided to disobey when he received Hitler ’s order to “completely destroy Paris before retreating,” and saved an ancient city at the expense of his life.When Liang Shuming's shells of Japanese military aircraft exploded beside him, he was quietly sitting in the garden, continuing to study, thinking about the issues of culture and education in the East and West-insisting on ""value"" and ""order"", and destroying this ""value"" ""Order"" is resistant to culture.
Question: Which of the following cannot be derived from the meaning of the title?

Choices:
A. Being able to read literately does not mean being literate.
B. Having extensive knowledge does not mean literacy.
C. Culture means doing something, not doing something? a little intolerable thought is the root of living creatures; a period of inaction is a pillar of support.
D. Culture is a sign that different people of different nationalities distinguish each other.

Let's think step by step before providing your final answer. However, you must conclude your assessment with the statement: 'Thus, the correct answer is: X', where 'X' is simply the letter corresponding to the answer option you've determined to be correct.",D.Culture is a sign that different people of different nationalities distinguish each other.,0
AGIEval,Civil Service Examination,LogiQA-en,MC,Civil Service Examination-LogiQA-en-625,N.A.,"Companies created through venture capital financing have a lower failure rate than companies created through other channels.It can be seen that, compared with the personal qualities of entrepreneurs, company strategic planning or company management structure, financing channels are more important factors for the successful development of a new company.
Question: If which of the following statements is true, will the above statement be weakened most effectively?

Choices:
A. About half of the new companies went bankrupt within 5 years of establishment.
B. The management structure of startups is usually not as reasonable as that of developing companies.
C. Compared with other investors, venture capitalists are more sensitive to changes in the financial needs of startups.
D. When deciding whether to fund startups, venture capitalists must consider the personal qualities of the entrepreneur, the company ’s strategic planning and other factors.
","Companies created through venture capital financing have a lower failure rate than companies created through other channels.It can be seen that, compared with the personal qualities of entrepreneurs, company strategic planning or company management structure, financing channels are more important factors for the successful development of a new company.
Question: If which of the following statements is true, will the above statement be weakened most effectively?

Choices:
A. About half of the new companies went bankrupt within 5 years of establishment.
B. The management structure of startups is usually not as reasonable as that of developing companies.
C. Compared with other investors, venture capitalists are more sensitive to changes in the financial needs of startups.
D. When deciding whether to fund startups, venture capitalists must consider the personal qualities of the entrepreneur, the company ’s strategic planning and other factors.

Let's think step by step before providing your final answer. However, you must conclude your assessment with the statement: 'Thus, the correct answer is: X', where 'X' is simply the letter corresponding to the answer option you've determined to be correct.","D.When deciding whether to fund startups, venture capitalists must consider the personal qualities of the entrepreneur, the company ’s strategic planning and other factors.",1
AGIEval,Civil Service Examination,LogiQA-en,MC,Civil Service Examination-LogiQA-en-176,N.A.,"Zhang Shan said? The cruel murderer should be sentenced to capital punishment, which is a wise act.Because it can stop abhorrent crimes and minimize the suffering of the entire society over a long period of time.The death penalty is a self-prevention for a sound society.Li Si said? You have ignored a statement about whether a country or society has the right to deprive anyone.If there is no such right, it does not matter whether the death penalty can prevent crime.
Question: Assuming that the death penalty cannot prevent crime, then in which of the following ways will Zhang Shan and Li Si ’s views be affected?

Choices:
A. Neither Zhang Shan nor Li Si ’s views will be strengthened or weakened.
B. Li Si ’s view was weakened, and Zhang Shan ’s view was strengthened.
C. Zhang Shan's view was weakened, Li Si's view was not affected.
D. Both Zhang Shan and Li Si's views were weakened.
","Zhang Shan said? The cruel murderer should be sentenced to capital punishment, which is a wise act.Because it can stop abhorrent crimes and minimize the suffering of the entire society over a long period of time.The death penalty is a self-prevention for a sound society.Li Si said? You have ignored a statement about whether a country or society has the right to deprive anyone.If there is no such right, it does not matter whether the death penalty can prevent crime.
Question: Assuming that the death penalty cannot prevent crime, then in which of the following ways will Zhang Shan and Li Si ’s views be affected?

Choices:
A. Neither Zhang Shan nor Li Si ’s views will be strengthened or weakened.
B. Li Si ’s view was weakened, and Zhang Shan ’s view was strengthened.
C. Zhang Shan's view was weakened, Li Si's view was not affected.
D. Both Zhang Shan and Li Si's views were weakened.

Let's think step by step before providing your final answer. However, you must conclude your assessment with the statement: 'Thus, the correct answer is: X', where 'X' is simply the letter corresponding to the answer option you've determined to be correct.","C.Zhang Shan's view was weakened, Li Si's view was not affected.",1
AGIEval,Civil Service Examination,LogiQA-en,MC,Civil Service Examination-LogiQA-en-548,N.A.,"Seven people from G, H, J, K, L, M and O traveled together.In their 4-day camping life, two people are scheduled to cook for everyone every day.It is required that the four-day staff arrangement cannot be repeated, and there is exactly one person on duty for two days.In addition, the duty arrangement must also meet the following conditions? (1) J should be placed on the next day of duty H.(2) The person on duty for two days must be on the fourth day, not the third day.(3) G must be on the same day as one of J and O.(4) Arrange K at least one day on the first or second day.(5) O must be on the third day.
Question: Which of the following must be ranked the next day?

Choices:
A. G
B. J
C. K
D. L
","Seven people from G, H, J, K, L, M and O traveled together.In their 4-day camping life, two people are scheduled to cook for everyone every day.It is required that the four-day staff arrangement cannot be repeated, and there is exactly one person on duty for two days.In addition, the duty arrangement must also meet the following conditions? (1) J should be placed on the next day of duty H.(2) The person on duty for two days must be on the fourth day, not the third day.(3) G must be on the same day as one of J and O.(4) Arrange K at least one day on the first or second day.(5) O must be on the third day.
Question: Which of the following must be ranked the next day?

Choices:
A. G
B. J
C. K
D. L

Let's think step by step before providing your final answer. However, you must conclude your assessment with the statement: 'Thus, the correct answer is: X', where 'X' is simply the letter corresponding to the answer option you've determined to be correct.",B.J,1
AGIEval,Civil Service Examination,LogiQA-en,MC,Civil Service Examination-LogiQA-en-550,N.A.,"Seven people from G, H, J, K, L, M and O traveled together.In their 4-day camping life, two people are scheduled to cook for everyone every day.It is required that the four-day staff arrangement cannot be repeated, and there is exactly one person on duty for two days.In addition, the duty arrangement must also meet the following conditions? (1) J should be placed on the next day of duty H.(2) The person on duty for two days must be on the fourth day, not the third day.(3) G must be on the same day as one of J and O.(4) Arrange K at least one day on the first or second day.(5) O must be on the third day.
Question: If L is a two-day shift, which of the following must be on the same day as L?

Choices:
A. G
B. H
C. J
D. M
","Seven people from G, H, J, K, L, M and O traveled together.In their 4-day camping life, two people are scheduled to cook for everyone every day.It is required that the four-day staff arrangement cannot be repeated, and there is exactly one person on duty for two days.In addition, the duty arrangement must also meet the following conditions? (1) J should be placed on the next day of duty H.(2) The person on duty for two days must be on the fourth day, not the third day.(3) G must be on the same day as one of J and O.(4) Arrange K at least one day on the first or second day.(5) O must be on the third day.
Question: If L is a two-day shift, which of the following must be on the same day as L?

Choices:
A. G
B. H
C. J
D. M

Let's think step by step before providing your final answer. However, you must conclude your assessment with the statement: 'Thus, the correct answer is: X', where 'X' is simply the letter corresponding to the answer option you've determined to be correct.",D.M,0
AGIEval,Civil Service Examination,LogiQA-en,MC,Civil Service Examination-LogiQA-en-391,N.A.,"Vermilion? Red squirrels make holes in the bark of sugar pine to absorb the sap.Since the sap of sugar pine is mainly composed of water and a small amount of sugar, it can be roughly determined that the red squirrel is looking for water or sugar.Water is easily obtained by other means where pine trees grow.Therefore, the red pine trees will not make holes for finding water, they may be looking for sugar.Lin Na? It must not be looking for sugar but something else, because the concentration of sugar in the sugar pine sap is too low, red squirrels must drink a lot of sap to get a little sugar.
Question: Which of the following ways did Zhu Hong's argument take place?

Choices:
A. A general law is stated, and the argument is an example of using this law.
B. Describes a larger portion of observable behavior.
C. Analogy based on the similarities between clearly understood and unexplained phenomena.
D. Exclude one explanation of an observed phenomenon and arrive at another possible explanation.
","Vermilion? Red squirrels make holes in the bark of sugar pine to absorb the sap.Since the sap of sugar pine is mainly composed of water and a small amount of sugar, it can be roughly determined that the red squirrel is looking for water or sugar.Water is easily obtained by other means where pine trees grow.Therefore, the red pine trees will not make holes for finding water, they may be looking for sugar.Lin Na? It must not be looking for sugar but something else, because the concentration of sugar in the sugar pine sap is too low, red squirrels must drink a lot of sap to get a little sugar.
Question: Which of the following ways did Zhu Hong's argument take place?

Choices:
A. A general law is stated, and the argument is an example of using this law.
B. Describes a larger portion of observable behavior.
C. Analogy based on the similarities between clearly understood and unexplained phenomena.
D. Exclude one explanation of an observed phenomenon and arrive at another possible explanation.

Let's think step by step before providing your final answer. However, you must conclude your assessment with the statement: 'Thus, the correct answer is: X', where 'X' is simply the letter corresponding to the answer option you've determined to be correct.",D.Exclude one explanation of an observed phenomenon and arrive at another possible explanation.,1
AGIEval,Civil Service Examination,LogiQA-en,MC,Civil Service Examination-LogiQA-en-629,N.A.,"The value of ideology and concepts will be revealed in competition and tested in practice.""I disagree with you, but I vow to defend your right to speak."" This is a kind of mind, it is a kind of self-confidence.The kind of debates that buckle up hats and hold braids, and the ""different is hostile"" mode of thinking are essentially narrow and weak performances, which are not conducive to the construction of a harmonious society.The whole society should treat ""heterogeneous thinking"" with an inclusive mentality, especially those in power.
Question: The following statements support the above views and arguments, except

Choices:
A. Let people speak the sky will not fall, science is constantly subverting or improving the ""orthodox"" concept.
B. Individual heterogeneous thinkers are paranoid, whose words and deeds are almost crazy, and should be strictly controlled.
C. Everyone, even those in power today, may one day become heterogeneous thinkers and become a minority.
D. If the members' thoughts and emotions are not properly expressed and vented, they may easily lead to various extreme behaviors.
","The value of ideology and concepts will be revealed in competition and tested in practice.""I disagree with you, but I vow to defend your right to speak."" This is a kind of mind, it is a kind of self-confidence.The kind of debates that buckle up hats and hold braids, and the ""different is hostile"" mode of thinking are essentially narrow and weak performances, which are not conducive to the construction of a harmonious society.The whole society should treat ""heterogeneous thinking"" with an inclusive mentality, especially those in power.
Question: The following statements support the above views and arguments, except

Choices:
A. Let people speak the sky will not fall, science is constantly subverting or improving the ""orthodox"" concept.
B. Individual heterogeneous thinkers are paranoid, whose words and deeds are almost crazy, and should be strictly controlled.
C. Everyone, even those in power today, may one day become heterogeneous thinkers and become a minority.
D. If the members' thoughts and emotions are not properly expressed and vented, they may easily lead to various extreme behaviors.

Let's think step by step before providing your final answer. However, you must conclude your assessment with the statement: 'Thus, the correct answer is: X', where 'X' is simply the letter corresponding to the answer option you've determined to be correct.","B.Individual heterogeneous thinkers are paranoid, whose words and deeds are almost crazy, and should be strictly controlled.",1
AGIEval,Civil Service Examination,LogiQA-en,MC,Civil Service Examination-LogiQA-en-584,N.A.,"This year, Taifeng, a subsidiary of Huatai Group, set a new annual sales record.This is quite surprising, because Taifeng's potential market is the smallest, and it has always been the lowest sales department of all Huatai Group's subsidiaries.
Question: Which of the following statements points out the problems in the above discussion?

Choices:
A. Since Taifeng has the smallest potential market, it is not surprising that it is the lowest sales department of Huatai Group.
B. If the total sales of Huatai Group increased this year, it is not surprising that the sales of Taifeng Company increased.
C. Whether the sales of each branch company sets an annual sales record is only the result of the company's self-comparison, and does not need to be compared with other branch companies.
D. If the other subsidiaries of the group have created annual sales records, it is not surprising that Taifeng has set a new annual sales record.
","This year, Taifeng, a subsidiary of Huatai Group, set a new annual sales record.This is quite surprising, because Taifeng's potential market is the smallest, and it has always been the lowest sales department of all Huatai Group's subsidiaries.
Question: Which of the following statements points out the problems in the above discussion?

Choices:
A. Since Taifeng has the smallest potential market, it is not surprising that it is the lowest sales department of Huatai Group.
B. If the total sales of Huatai Group increased this year, it is not surprising that the sales of Taifeng Company increased.
C. Whether the sales of each branch company sets an annual sales record is only the result of the company's self-comparison, and does not need to be compared with other branch companies.
D. If the other subsidiaries of the group have created annual sales records, it is not surprising that Taifeng has set a new annual sales record.

Let's think step by step before providing your final answer. However, you must conclude your assessment with the statement: 'Thus, the correct answer is: X', where 'X' is simply the letter corresponding to the answer option you've determined to be correct.","C.Whether the sales of each branch company sets an annual sales record is only the result of the company's self-comparison, and does not need to be compared with other branch companies.",1
AGIEval,Civil Service Examination,LogiQA-en,MC,Civil Service Examination-LogiQA-en-447,N.A.,"There are 6 clear flower porcelains? S, Y, M, Q, K, X.The production time of each piece is different.From left to right, the exhibitions are sorted in order from the earliest to the latest.The known sorting conditions are as follows? (1) M is older than X.(2) If Y is earlier than M, then Q is earlier than K and X.(3) If the age of M is earlier than Y, the age of K is earlier than Q and X.(4) The age of S is either earlier than Y or earlier than M, and both have neither.
Question: If the age of M is earlier than Q but later than K, which of the following statements might be true?

Choices:
A. Y is older than S.
B. S is older than M.
C. Q is older than X.
D. Y is older than M.
","There are 6 clear flower porcelains? S, Y, M, Q, K, X.The production time of each piece is different.From left to right, the exhibitions are sorted in order from the earliest to the latest.The known sorting conditions are as follows? (1) M is older than X.(2) If Y is earlier than M, then Q is earlier than K and X.(3) If the age of M is earlier than Y, the age of K is earlier than Q and X.(4) The age of S is either earlier than Y or earlier than M, and both have neither.
Question: If the age of M is earlier than Q but later than K, which of the following statements might be true?

Choices:
A. Y is older than S.
B. S is older than M.
C. Q is older than X.
D. Y is older than M.

Let's think step by step before providing your final answer. However, you must conclude your assessment with the statement: 'Thus, the correct answer is: X', where 'X' is simply the letter corresponding to the answer option you've determined to be correct.",C.Q is older than X.,1
AGIEval,Civil Service Examination,LogiQA-en,MC,Civil Service Examination-LogiQA-en-169,N.A.,"It is generally believed that the result of tossing a coin of uniform quality is random.But in fact, the result of tossing is determined by the momentum of the coin toss and the initial height.Nonetheless, it is very difficult to accurately predict the outcome of a coin toss.
Question: Which of the following is most helpful in explaining the phenomenon mentioned in the title, that is, the result of the throw is determined by certain factors, but it is difficult to predict?

Choices:
A. For a long time, tossing coins has been used as a typical example of random events.
B. If you toss a coin of uneven quality, the result can always be accurately predicted.
C. If the initial height of the coin toss remains stable, the result of the coin toss will be determined solely by the tossing force.
D. Accurate prediction of coin tossing results requires accurate estimation of the initial height and impulse of coin tossing.
","It is generally believed that the result of tossing a coin of uniform quality is random.But in fact, the result of tossing is determined by the momentum of the coin toss and the initial height.Nonetheless, it is very difficult to accurately predict the outcome of a coin toss.
Question: Which of the following is most helpful in explaining the phenomenon mentioned in the title, that is, the result of the throw is determined by certain factors, but it is difficult to predict?

Choices:
A. For a long time, tossing coins has been used as a typical example of random events.
B. If you toss a coin of uneven quality, the result can always be accurately predicted.
C. If the initial height of the coin toss remains stable, the result of the coin toss will be determined solely by the tossing force.
D. Accurate prediction of coin tossing results requires accurate estimation of the initial height and impulse of coin tossing.

Let's think step by step before providing your final answer. However, you must conclude your assessment with the statement: 'Thus, the correct answer is: X', where 'X' is simply the letter corresponding to the answer option you've determined to be correct.",D.Accurate prediction of coin tossing results requires accurate estimation of the initial height and impulse of coin tossing.,1
AGIEval,Civil Service Examination,LogiQA-en,MC,Civil Service Examination-LogiQA-en-589,N.A.,"With the advent of the Mid-Autumn Festival, in order to attract consumers, a supermarket launched a promotional campaign of giving away a box of moon cakes with a purchase of over 500 yuan.Supermarket managers said that since the start of the promotional activity, orders with a single payment of more than 500 yuan at the cash register have increased by nearly 30%, which indicates that the promotional activity is very successful and has achieved the purpose of expanding market share.
Question: If the following statement is true, which one weakens the manager's assertion the most?

Choices:
A. Customers who are used to small shopping are less likely to be affected by promotional activities.
B. Some customers who make a purchase of more than 500 yuan at a time during the event usually make purchases higher than 500 yuan.
C. In the promotional activities, most people who make a purchase of more than 500 yuan at a time are long-term customers of this supermarket.They increase the amount of a single purchase, but reduce the number of purchases.
D. Customers who are attracted to shopping in the supermarket by the promotion may not come again after the event.
","With the advent of the Mid-Autumn Festival, in order to attract consumers, a supermarket launched a promotional campaign of giving away a box of moon cakes with a purchase of over 500 yuan.Supermarket managers said that since the start of the promotional activity, orders with a single payment of more than 500 yuan at the cash register have increased by nearly 30%, which indicates that the promotional activity is very successful and has achieved the purpose of expanding market share.
Question: If the following statement is true, which one weakens the manager's assertion the most?

Choices:
A. Customers who are used to small shopping are less likely to be affected by promotional activities.
B. Some customers who make a purchase of more than 500 yuan at a time during the event usually make purchases higher than 500 yuan.
C. In the promotional activities, most people who make a purchase of more than 500 yuan at a time are long-term customers of this supermarket.They increase the amount of a single purchase, but reduce the number of purchases.
D. Customers who are attracted to shopping in the supermarket by the promotion may not come again after the event.

Let's think step by step before providing your final answer. However, you must conclude your assessment with the statement: 'Thus, the correct answer is: X', where 'X' is simply the letter corresponding to the answer option you've determined to be correct.","C.In the promotional activities, most people who make a purchase of more than 500 yuan at a time are long-term customers of this supermarket.They increase the amount of a single purchase, but reduce the number of purchases.",1
AGIEval,Civil Service Examination,LogiQA-en,MC,Civil Service Examination-LogiQA-en-163,N.A.,"The media has recently been filled with gossip news about a celebrity, which puts the celebrity in an awkward situation? if she does not come forward to clarify and refute, those rumors will be believed by the public; if she comes forward to clarify and refute, This will attract more people's attention and make those gossip news spread faster and wider.This may be the price that celebrities have to pay.
Question: If the statement in the stem is true, which of the following must be true?

Choices:
A. The celebrity can't actually stop the gossip news from damaging her personal reputation.
B. The reputation of a celebrity will not be affected by gossip news in the media.
C. When faced with gossip news, the best strategy the celebrity can take is to clarify the truth.
D. Some friends of the celebrity came forward to praise her, which would have a counter-effect.
","The media has recently been filled with gossip news about a celebrity, which puts the celebrity in an awkward situation? if she does not come forward to clarify and refute, those rumors will be believed by the public; if she comes forward to clarify and refute, This will attract more people's attention and make those gossip news spread faster and wider.This may be the price that celebrities have to pay.
Question: If the statement in the stem is true, which of the following must be true?

Choices:
A. The celebrity can't actually stop the gossip news from damaging her personal reputation.
B. The reputation of a celebrity will not be affected by gossip news in the media.
C. When faced with gossip news, the best strategy the celebrity can take is to clarify the truth.
D. Some friends of the celebrity came forward to praise her, which would have a counter-effect.

Let's think step by step before providing your final answer. However, you must conclude your assessment with the statement: 'Thus, the correct answer is: X', where 'X' is simply the letter corresponding to the answer option you've determined to be correct.",A.The celebrity can't actually stop the gossip news from damaging her personal reputation.,1
AGIEval,Civil Service Examination,LogiQA-en,MC,Civil Service Examination-LogiQA-en-366,N.A.,"Those who protect freedom of thought argue that freedom of thought is a prerequisite for intellectual progress.Because freedom of thought allows thinkers to follow their own ideas regardless of who they offend and lead them in.However, a person must dig out sufficient connections related to certain ideas in order to promote intellectual progress.To this end, thinkers need to think about the law.Therefore, the argument about freedom of thought is untenable.
Question: If any of the following statements, can the above conclusion be reached logically?

Choices:
A. In societies that protect freedom of thought, thinkers always lack the rules of thinking.
B. The thinker limits his line of thought to a certain orthodox thought, which will hinder their intellectual progress.
C. Freedom of thought can trigger creativity, and creativity can help discover truth.
D. Without the law of thought, thinkers cannot have freedom of thought.
","Those who protect freedom of thought argue that freedom of thought is a prerequisite for intellectual progress.Because freedom of thought allows thinkers to follow their own ideas regardless of who they offend and lead them in.However, a person must dig out sufficient connections related to certain ideas in order to promote intellectual progress.To this end, thinkers need to think about the law.Therefore, the argument about freedom of thought is untenable.
Question: If any of the following statements, can the above conclusion be reached logically?

Choices:
A. In societies that protect freedom of thought, thinkers always lack the rules of thinking.
B. The thinker limits his line of thought to a certain orthodox thought, which will hinder their intellectual progress.
C. Freedom of thought can trigger creativity, and creativity can help discover truth.
D. Without the law of thought, thinkers cannot have freedom of thought.

Let's think step by step before providing your final answer. However, you must conclude your assessment with the statement: 'Thus, the correct answer is: X', where 'X' is simply the letter corresponding to the answer option you've determined to be correct.","A.In societies that protect freedom of thought, thinkers always lack the rules of thinking.",0
AGIEval,Civil Service Examination,LogiQA-en,MC,Civil Service Examination-LogiQA-en-431,N.A.,"Since the beginning of the Zhou Dynasty, China has practised the etiquette of not marrying with the same surname.""Qu Li"" said? ""The same surname is the ancestor, and it has the meaning of the family, so it is the surname ...Although the hundred ancestry, the marriage is not connected, Zhou Zhouran also."" ""Mandarin"" said? ""Marry a wife to avoid his surname."" ? ""The same surname does not marry, neither evil nor colonization."" From this, the ancients in China have long understood the principles of eugenics and eugenics in modern genetics, otherwise they would not realize the harm of close marriage.
Question: If any of the following statements is true, will it weaken the author's interpretation of ""unmarried with the same surname""?

Choices:
A. The etiquette system of inter-marriage lays the foundation of etiquette for the political marriage between countries.
B. The ancients in our country formulated the etiquette for unmarried people of the same surname based on the experience that marriage of the same surname leads to incest and poor fertility.
C. Qin and Jin's intermarriage is called Qin Jin's good, Qin Jin's good is a model of the same surname not to marry.
D. The etiquette of unmarriage of the same surname encourages inter-marriage intermarriage, which promotes the integration of all ethnic groups.
","Since the beginning of the Zhou Dynasty, China has practised the etiquette of not marrying with the same surname.""Qu Li"" said? ""The same surname is the ancestor, and it has the meaning of the family, so it is the surname ...Although the hundred ancestry, the marriage is not connected, Zhou Zhouran also."" ""Mandarin"" said? ""Marry a wife to avoid his surname."" ? ""The same surname does not marry, neither evil nor colonization."" From this, the ancients in China have long understood the principles of eugenics and eugenics in modern genetics, otherwise they would not realize the harm of close marriage.
Question: If any of the following statements is true, will it weaken the author's interpretation of ""unmarried with the same surname""?

Choices:
A. The etiquette system of inter-marriage lays the foundation of etiquette for the political marriage between countries.
B. The ancients in our country formulated the etiquette for unmarried people of the same surname based on the experience that marriage of the same surname leads to incest and poor fertility.
C. Qin and Jin's intermarriage is called Qin Jin's good, Qin Jin's good is a model of the same surname not to marry.
D. The etiquette of unmarriage of the same surname encourages inter-marriage intermarriage, which promotes the integration of all ethnic groups.

Let's think step by step before providing your final answer. However, you must conclude your assessment with the statement: 'Thus, the correct answer is: X', where 'X' is simply the letter corresponding to the answer option you've determined to be correct.","D.The etiquette of unmarriage of the same surname encourages inter-marriage intermarriage, which promotes the integration of all ethnic groups.",1
AGIEval,Civil Service Examination,LogiQA-en,MC,Civil Service Examination-LogiQA-en-153,N.A.,"Xiao Qiang and Xiao Gang are two brothers.Xiao Qiang's study time is longer than that of Xiao Gang's, and Xiao Qiang has more books than Xiao Gang.
Question: Based on the question, can you determine which of the following options is true?

Choices:
A. Xiao Qiang's knowledge is richer than Xiao Gang's.
B. Xiao Qiang himself is smarter than Xiao Gang.
C. Xiao Qiang's treatment of life is more effective than Xiao Gang's treatment.
D. The information in the question stem is not enough to compare the difference between Xiao Qiang and Xiao Gang in other aspects.
","Xiao Qiang and Xiao Gang are two brothers.Xiao Qiang's study time is longer than that of Xiao Gang's, and Xiao Qiang has more books than Xiao Gang.
Question: Based on the question, can you determine which of the following options is true?

Choices:
A. Xiao Qiang's knowledge is richer than Xiao Gang's.
B. Xiao Qiang himself is smarter than Xiao Gang.
C. Xiao Qiang's treatment of life is more effective than Xiao Gang's treatment.
D. The information in the question stem is not enough to compare the difference between Xiao Qiang and Xiao Gang in other aspects.

Let's think step by step before providing your final answer. However, you must conclude your assessment with the statement: 'Thus, the correct answer is: X', where 'X' is simply the letter corresponding to the answer option you've determined to be correct.",D.The information in the question stem is not enough to compare the difference between Xiao Qiang and Xiao Gang in other aspects.,1
AGIEval,Civil Service Examination,LogiQA-en,MC,Civil Service Examination-LogiQA-en-538,N.A.,"The function of the government is to satisfy the real needs of the people.Unless the government knows what the people really need, the government cannot meet those needs.Free speech can ensure that government officials hear such demand information.Therefore, for a healthy country, free speech is essential.
Question: If the following statement is true, which one cannot weaken the conclusion of the above argument?

Choices:
A. Freedom of expression is not sufficient to meet the needs of the people, and good social order is also indispensable.
B. The legitimate function of the government is not to meet the needs of the people, but to provide the people with equal opportunities.
C. Government officials are diligent and loyal to the people and do their due diligence.They already know what the people need and are dissatisfied.
D. Free speech leads to a lot of noise and is easy to disrupt the social order, and good social order is a prerequisite for the government to meet the needs of the people.
","The function of the government is to satisfy the real needs of the people.Unless the government knows what the people really need, the government cannot meet those needs.Free speech can ensure that government officials hear such demand information.Therefore, for a healthy country, free speech is essential.
Question: If the following statement is true, which one cannot weaken the conclusion of the above argument?

Choices:
A. Freedom of expression is not sufficient to meet the needs of the people, and good social order is also indispensable.
B. The legitimate function of the government is not to meet the needs of the people, but to provide the people with equal opportunities.
C. Government officials are diligent and loyal to the people and do their due diligence.They already know what the people need and are dissatisfied.
D. Free speech leads to a lot of noise and is easy to disrupt the social order, and good social order is a prerequisite for the government to meet the needs of the people.

Let's think step by step before providing your final answer. However, you must conclude your assessment with the statement: 'Thus, the correct answer is: X', where 'X' is simply the letter corresponding to the answer option you've determined to be correct.","A.Freedom of expression is not sufficient to meet the needs of the people, and good social order is also indispensable.",1
AGIEval,Civil Service Examination,LogiQA-en,MC,Civil Service Examination-LogiQA-en-405,N.A.,"On July 14, 2015, after difficult negotiations in the euro area, the Greek debt crisis was temporarily quelled.If the Greek debt crisis is not resolved, it will have a negative impact on the economy of the euro zone.But only through extensive reforms can Greece return to the path of economic development.Greece will either reduce welfare or achieve substantial economic development, otherwise, the debt crisis will be a difficult problem.
Question: If the above statement is true, which of the following statements must be true?

Choices:
A. If Greece reduces welfare or achieves substantial economic development, it can solve the debt crisis.
B. If the Greek debt crisis is properly resolved, it will not have a negative impact on the economy of the euro area.
C. If Greece wants to solve the debt crisis, but can not achieve substantial economic development, it must reduce welfare.
D. If Greece does not reduce welfare or cannot achieve substantial economic development, it will have a negative impact on the economy of the euro area.
","On July 14, 2015, after difficult negotiations in the euro area, the Greek debt crisis was temporarily quelled.If the Greek debt crisis is not resolved, it will have a negative impact on the economy of the euro zone.But only through extensive reforms can Greece return to the path of economic development.Greece will either reduce welfare or achieve substantial economic development, otherwise, the debt crisis will be a difficult problem.
Question: If the above statement is true, which of the following statements must be true?

Choices:
A. If Greece reduces welfare or achieves substantial economic development, it can solve the debt crisis.
B. If the Greek debt crisis is properly resolved, it will not have a negative impact on the economy of the euro area.
C. If Greece wants to solve the debt crisis, but can not achieve substantial economic development, it must reduce welfare.
D. If Greece does not reduce welfare or cannot achieve substantial economic development, it will have a negative impact on the economy of the euro area.

Let's think step by step before providing your final answer. However, you must conclude your assessment with the statement: 'Thus, the correct answer is: X', where 'X' is simply the letter corresponding to the answer option you've determined to be correct.","C.If Greece wants to solve the debt crisis, but can not achieve substantial economic development, it must reduce welfare.",0
AGIEval,Civil Service Examination,LogiQA-en,MC,Civil Service Examination-LogiQA-en-227,N.A.,"History is not a net prepared by the innocent hand.Of all the causes of depravity and moral loss, rights are the most eternal and active.Therefore, some systems should be designed to limit and prevent the abuse of power.
Question: The following hypothesis can give the strongest support for the above reasoning?

Choices:
A. We should try to avoid depravity and moral loss.
B. Power often depraves and destroys morality.
C. People without rights have no chance to degenerate morally.
D. Some depraved and morally degraded people usually have great power.
","History is not a net prepared by the innocent hand.Of all the causes of depravity and moral loss, rights are the most eternal and active.Therefore, some systems should be designed to limit and prevent the abuse of power.
Question: The following hypothesis can give the strongest support for the above reasoning?

Choices:
A. We should try to avoid depravity and moral loss.
B. Power often depraves and destroys morality.
C. People without rights have no chance to degenerate morally.
D. Some depraved and morally degraded people usually have great power.

Let's think step by step before providing your final answer. However, you must conclude your assessment with the statement: 'Thus, the correct answer is: X', where 'X' is simply the letter corresponding to the answer option you've determined to be correct.",B.Power often depraves and destroys morality.,1
AGIEval,Civil Service Examination,LogiQA-en,MC,Civil Service Examination-LogiQA-en-399,N.A.,"There are seven recruits recruited at a university? F, G, H, I, W, X and Y, one of which is a communications soldier, three are engineering soldiers, and the other three are transport soldiers.The conditions for the assignment of recruits to the army are as follows? H and Y must be assigned to the same arm.F and G cannot be assigned to the same arm.If X is assigned as a transport soldier, then W is assigned as an engineering soldier.Assign F as an engineering soldier.
Question: Which of the following lists is a list of all recruits who are unlikely to be engineering soldiers?

Choices:
A. F, I and X
B. G, H and Y
C. H and Y
D. G
","There are seven recruits recruited at a university? F, G, H, I, W, X and Y, one of which is a communications soldier, three are engineering soldiers, and the other three are transport soldiers.The conditions for the assignment of recruits to the army are as follows? H and Y must be assigned to the same arm.F and G cannot be assigned to the same arm.If X is assigned as a transport soldier, then W is assigned as an engineering soldier.Assign F as an engineering soldier.
Question: Which of the following lists is a list of all recruits who are unlikely to be engineering soldiers?

Choices:
A. F, I and X
B. G, H and Y
C. H and Y
D. G

Let's think step by step before providing your final answer. However, you must conclude your assessment with the statement: 'Thus, the correct answer is: X', where 'X' is simply the letter corresponding to the answer option you've determined to be correct.",D.G,0
AGIEval,Civil Service Examination,LogiQA-en,MC,Civil Service Examination-LogiQA-en-522,N.A.,"The sun about 2 billion years ago was 30% darker than the current sun.If the current sun is as dim as the sun at that time, the ocean on earth will completely freeze into ice.However, there is fossil evidence that as early as 3.8 billion years ago, liquid water and life existed on Earth.
Question: If the following statement is true, which one is most helpful to eliminate the obvious inconsistencies in the above description?

Choices:
A. 3.8 billion years ago, the earth ’s atmosphere could retain significantly more heat than the current atmosphere.
B. The liquid water that appeared on the earth 3.8 billion years ago later froze again, and only re-melted about 2 billion years ago.
C. About 2 billion years ago, a powerful heat source that did not come from the sun melted large chunks of ice on the earth.
D. There is evidence that certain areas of the ocean have been frozen until a period later than 2 billion years ago.
","The sun about 2 billion years ago was 30% darker than the current sun.If the current sun is as dim as the sun at that time, the ocean on earth will completely freeze into ice.However, there is fossil evidence that as early as 3.8 billion years ago, liquid water and life existed on Earth.
Question: If the following statement is true, which one is most helpful to eliminate the obvious inconsistencies in the above description?

Choices:
A. 3.8 billion years ago, the earth ’s atmosphere could retain significantly more heat than the current atmosphere.
B. The liquid water that appeared on the earth 3.8 billion years ago later froze again, and only re-melted about 2 billion years ago.
C. About 2 billion years ago, a powerful heat source that did not come from the sun melted large chunks of ice on the earth.
D. There is evidence that certain areas of the ocean have been frozen until a period later than 2 billion years ago.

Let's think step by step before providing your final answer. However, you must conclude your assessment with the statement: 'Thus, the correct answer is: X', where 'X' is simply the letter corresponding to the answer option you've determined to be correct.","A.3.8 billion years ago, the earth ’s atmosphere could retain significantly more heat than the current atmosphere.",1
AGIEval,Civil Service Examination,LogiQA-en,MC,Civil Service Examination-LogiQA-en-75,N.A.,"It is wrong to say that foods with a high content of refined sugar will not cause acquired diabetes, because foods with a high content of refined sugar will cause obesity, and obesity is an important cause of acquired diabetes.
Question: Which of the following is most similar to the above argument?

Choices:
A. It is wrong to say that Alexander is a Plato student.In fact, Alexander was a student of Aristotle, and Aristotle was a student of Plato.
B. It is true that excessive fertilization is the main cause of lawn diseases and insect pests.Because excessive fertilization can cause the grass to grow madly, and the grass that grows madly has little resistance to diseases and insect pests.
C. It is wrong for people who frequently participate in strenuous exercise to cause sudden death.Because the violent cause is cardiovascular and cerebrovascular diseases, and vigorous exercise does not necessarily cause cardiovascular and cerebrovascular diseases.
D. It is wrong to say that inferior gasoline will not cause abnormal fuel consumption.Because inferior gasoline can cause very normal aging of engine valves, and abnormal aging of motive valves can cause abnormal fuel consumption.
","It is wrong to say that foods with a high content of refined sugar will not cause acquired diabetes, because foods with a high content of refined sugar will cause obesity, and obesity is an important cause of acquired diabetes.
Question: Which of the following is most similar to the above argument?

Choices:
A. It is wrong to say that Alexander is a Plato student.In fact, Alexander was a student of Aristotle, and Aristotle was a student of Plato.
B. It is true that excessive fertilization is the main cause of lawn diseases and insect pests.Because excessive fertilization can cause the grass to grow madly, and the grass that grows madly has little resistance to diseases and insect pests.
C. It is wrong for people who frequently participate in strenuous exercise to cause sudden death.Because the violent cause is cardiovascular and cerebrovascular diseases, and vigorous exercise does not necessarily cause cardiovascular and cerebrovascular diseases.
D. It is wrong to say that inferior gasoline will not cause abnormal fuel consumption.Because inferior gasoline can cause very normal aging of engine valves, and abnormal aging of motive valves can cause abnormal fuel consumption.

Let's think step by step before providing your final answer. However, you must conclude your assessment with the statement: 'Thus, the correct answer is: X', where 'X' is simply the letter corresponding to the answer option you've determined to be correct.","D.It is wrong to say that inferior gasoline will not cause abnormal fuel consumption.Because inferior gasoline can cause very normal aging of engine valves, and abnormal aging of motive valves can cause abnormal fuel consumption.",1
AGIEval,Civil Service Examination,LogiQA-en,MC,Civil Service Examination-LogiQA-en-120,N.A.,"Scientists have found that the content of a protein called ""SK3"" in the brains of experimental rats of different ages is closely related to their memory ability? the brain content of SK3 protein in the brains of old experimental rats is higher, but the content in younger experimental rats is less; and Older rats have worse memory than younger rats.Therefore, scientists believe that increased brain SK3 protein content will lead to memory loss in the experimental mice.
Question: Which of the following, if true, best supports the scientist ’s conclusion?

Choices:
A. In young experimental rats, it is also found that the brain SK3 protein content is high.
B. It has been found that the human brain also contains SK3 protein.
C. When the scientists tried to reduce the content of SK3 protein in the brains of old experimental mice, their memory improved.
D. Scientists have figured out the molecular structure of SK3 protein.
","Scientists have found that the content of a protein called ""SK3"" in the brains of experimental rats of different ages is closely related to their memory ability? the brain content of SK3 protein in the brains of old experimental rats is higher, but the content in younger experimental rats is less; and Older rats have worse memory than younger rats.Therefore, scientists believe that increased brain SK3 protein content will lead to memory loss in the experimental mice.
Question: Which of the following, if true, best supports the scientist ’s conclusion?

Choices:
A. In young experimental rats, it is also found that the brain SK3 protein content is high.
B. It has been found that the human brain also contains SK3 protein.
C. When the scientists tried to reduce the content of SK3 protein in the brains of old experimental mice, their memory improved.
D. Scientists have figured out the molecular structure of SK3 protein.

Let's think step by step before providing your final answer. However, you must conclude your assessment with the statement: 'Thus, the correct answer is: X', where 'X' is simply the letter corresponding to the answer option you've determined to be correct.","C.When the scientists tried to reduce the content of SK3 protein in the brains of old experimental mice, their memory improved.",1
AGIEval,Civil Service Examination,LogiQA-en,MC,Civil Service Examination-LogiQA-en-643,N.A.,"A theater plans to perform 7 repertoires in the 7 weeks of the fall, they are F, G., J, K, O, R, S.One repertoire is performed every week, and each repertoire is exactly one week.The repertoire must meet the following conditions? (1) G must be performed in the third week.(2) O and S cannot perform continuously.(3) K must be arranged before J and S.(4) F and J must be arranged to perform in two consecutive weeks.
Question: For any acceptable arrangement, which of the following must be true?

Choices:
A. F is scheduled a week after K.
B. G was scheduled for the week before O.
C. J is scheduled for the first week.
D. R is scheduled for the second or seventh week.
","A theater plans to perform 7 repertoires in the 7 weeks of the fall, they are F, G., J, K, O, R, S.One repertoire is performed every week, and each repertoire is exactly one week.The repertoire must meet the following conditions? (1) G must be performed in the third week.(2) O and S cannot perform continuously.(3) K must be arranged before J and S.(4) F and J must be arranged to perform in two consecutive weeks.
Question: For any acceptable arrangement, which of the following must be true?

Choices:
A. F is scheduled a week after K.
B. G was scheduled for the week before O.
C. J is scheduled for the first week.
D. R is scheduled for the second or seventh week.

Let's think step by step before providing your final answer. However, you must conclude your assessment with the statement: 'Thus, the correct answer is: X', where 'X' is simply the letter corresponding to the answer option you've determined to be correct.",A.F is scheduled a week after K.,0
AGIEval,Civil Service Examination,LogiQA-en,MC,Civil Service Examination-LogiQA-en-494,N.A.,"A unit arranges for 6 people on duty on the first day, second day, third day of the new year.They are G., H, K, L, P, and S.Two people are required per day.The personnel arrangement must meet the following conditions? (1) L and P must be on duty on the same day.(2) G and H cannot be on duty on the same day.(3) If K is on the first day of duty, then G is on the second day of duty.) If S is on the third day of duty, then H is on the second day of duty.
Question: Which of the following must be true?

Choices:
A. G and S are on duty on the same day
B. S and H are not on the same day
C. K and S are not on duty on the same day
D. K and G are not on the same day
","A unit arranges for 6 people on duty on the first day, second day, third day of the new year.They are G., H, K, L, P, and S.Two people are required per day.The personnel arrangement must meet the following conditions? (1) L and P must be on duty on the same day.(2) G and H cannot be on duty on the same day.(3) If K is on the first day of duty, then G is on the second day of duty.) If S is on the third day of duty, then H is on the second day of duty.
Question: Which of the following must be true?

Choices:
A. G and S are on duty on the same day
B. S and H are not on the same day
C. K and S are not on duty on the same day
D. K and G are not on the same day

Let's think step by step before providing your final answer. However, you must conclude your assessment with the statement: 'Thus, the correct answer is: X', where 'X' is simply the letter corresponding to the answer option you've determined to be correct.",C.K and S are not on duty on the same day,1
AGIEval,Civil Service Examination,LogiQA-en,MC,Civil Service Examination-LogiQA-en-400,N.A.,"There are seven recruits recruited at a university? F, G, H, I, W, X and Y, one of which is a communications soldier, three are engineering soldiers, and the other three are transport soldiers.The conditions for the assignment of recruits to the army are as follows? H and Y must be assigned to the same arm.F and G cannot be assigned to the same arm.If X is assigned as a transport soldier, then W is assigned as an engineering soldier.Assign F as an engineering soldier.
Question: If which of the following statements is true, can you fully determine the arms of the seven recruits?

Choices:
A. F and W are assigned as engineering soldiers.
B. G and Y are assigned as transport soldiers
C. I and W are assigned as transport soldiers
D. I and W are assigned as engineering soldiers.
","There are seven recruits recruited at a university? F, G, H, I, W, X and Y, one of which is a communications soldier, three are engineering soldiers, and the other three are transport soldiers.The conditions for the assignment of recruits to the army are as follows? H and Y must be assigned to the same arm.F and G cannot be assigned to the same arm.If X is assigned as a transport soldier, then W is assigned as an engineering soldier.Assign F as an engineering soldier.
Question: If which of the following statements is true, can you fully determine the arms of the seven recruits?

Choices:
A. F and W are assigned as engineering soldiers.
B. G and Y are assigned as transport soldiers
C. I and W are assigned as transport soldiers
D. I and W are assigned as engineering soldiers.

Let's think step by step before providing your final answer. However, you must conclude your assessment with the statement: 'Thus, the correct answer is: X', where 'X' is simply the letter corresponding to the answer option you've determined to be correct.",C.I and W are assigned as transport soldiers,0
AGIEval,Civil Service Examination,LogiQA-en,MC,Civil Service Examination-LogiQA-en-424,N.A.,"twenty two.WiFi transmitters generate electromagnetic radiation.Five Danish middle school students put cress seeds in a room with a WiFi transmitter and without a WiFi transmitter for cultivation.After 12 days, they found that the germination rate of the seeds in the room without a WiFi transmitter was 95.4%, with WiFi transmission The germination rate of seeds in the machine room was 85.3%.Many people worry that WiFi radiation will affect human health.However, many experts believe that the above experiment is not rigorous, and it cannot be concluded that WiFi radiation is harmful to humans.
Question: Which of the following assertions can support the opinions of these experts?

Choices:
A. The impact of WiFi radiation on the human body is related not only to its frequency, but also to the distance between the WiFi transmitter and the human body.
B. Keep other conditions unchanged in the same room, and repeat the experiment with and without a WiFi transmitter.
C. There are many factors that affect the germination of seeds, and experiments by Danish middle school students cannot exclude the interference of other factors.
D. Animal experiments should be done to determine the effects of WiFi radiation on the human body, not just plant experiments.
","twenty two.WiFi transmitters generate electromagnetic radiation.Five Danish middle school students put cress seeds in a room with a WiFi transmitter and without a WiFi transmitter for cultivation.After 12 days, they found that the germination rate of the seeds in the room without a WiFi transmitter was 95.4%, with WiFi transmission The germination rate of seeds in the machine room was 85.3%.Many people worry that WiFi radiation will affect human health.However, many experts believe that the above experiment is not rigorous, and it cannot be concluded that WiFi radiation is harmful to humans.
Question: Which of the following assertions can support the opinions of these experts?

Choices:
A. The impact of WiFi radiation on the human body is related not only to its frequency, but also to the distance between the WiFi transmitter and the human body.
B. Keep other conditions unchanged in the same room, and repeat the experiment with and without a WiFi transmitter.
C. There are many factors that affect the germination of seeds, and experiments by Danish middle school students cannot exclude the interference of other factors.
D. Animal experiments should be done to determine the effects of WiFi radiation on the human body, not just plant experiments.

Let's think step by step before providing your final answer. However, you must conclude your assessment with the statement: 'Thus, the correct answer is: X', where 'X' is simply the letter corresponding to the answer option you've determined to be correct.","A.The impact of WiFi radiation on the human body is related not only to its frequency, but also to the distance between the WiFi transmitter and the human body.",0
AGIEval,Civil Service Examination,LogiQA-en,MC,Civil Service Examination-LogiQA-en-410,N.A.,"All game rules are fair, official rules are game rules.Therefore, the officialdom rules are fair.
Question: Which of the following inferences is most similar to the above inferences?

Choices:
A. Some moral hazards cannot be passed on, and personal reputation risk is moral hazard.Therefore, personal reputation risk cannot be passed on.
B. College students are useful talents of the country, and Zhang Hua is a college student.Therefore, Zhang Hua is a useful talent of the country.
C. College students are people with higher education, and Wang Lei is a college student, so Wang Lei is a higher education person.
D. All talented teenagers are very conceited, and some talented teenagers are Go players, so some Go players are conceited.
","All game rules are fair, official rules are game rules.Therefore, the officialdom rules are fair.
Question: Which of the following inferences is most similar to the above inferences?

Choices:
A. Some moral hazards cannot be passed on, and personal reputation risk is moral hazard.Therefore, personal reputation risk cannot be passed on.
B. College students are useful talents of the country, and Zhang Hua is a college student.Therefore, Zhang Hua is a useful talent of the country.
C. College students are people with higher education, and Wang Lei is a college student, so Wang Lei is a higher education person.
D. All talented teenagers are very conceited, and some talented teenagers are Go players, so some Go players are conceited.

Let's think step by step before providing your final answer. However, you must conclude your assessment with the statement: 'Thus, the correct answer is: X', where 'X' is simply the letter corresponding to the answer option you've determined to be correct.","B.College students are useful talents of the country, and Zhang Hua is a college student.Therefore, Zhang Hua is a useful talent of the country.",1
AGIEval,Civil Service Examination,LogiQA-en,MC,Civil Service Examination-LogiQA-en-487,N.A.,"Because the conclusion of quantum theory violates intuition, some scientists have different views on this theory.Although they try to strictly indicate that the assertion of quantum theory is inaccurate (that is, try to strictly falsify it), they find that the error lies in Usually within the acceptable statistical range.These results of quantum theory are different from those of competing theories, which makes it reasonable to accept quantum theory.
Question: Which of the following principles is most helpful to show the rationality of the above reasoning?

Choices:
A. A theory should not be considered reasonable before it is tried to strictly falsify
B. Only if the assertion of a theory has not been falsified by experiments can this theory be accepted.
C. If a scientific theory violates intuitive conclusions less than competing theories, then it should be accepted
D. If you try to strictly falsify a theory, but the theory has withstood all the tests, then you should accept it
","Because the conclusion of quantum theory violates intuition, some scientists have different views on this theory.Although they try to strictly indicate that the assertion of quantum theory is inaccurate (that is, try to strictly falsify it), they find that the error lies in Usually within the acceptable statistical range.These results of quantum theory are different from those of competing theories, which makes it reasonable to accept quantum theory.
Question: Which of the following principles is most helpful to show the rationality of the above reasoning?

Choices:
A. A theory should not be considered reasonable before it is tried to strictly falsify
B. Only if the assertion of a theory has not been falsified by experiments can this theory be accepted.
C. If a scientific theory violates intuitive conclusions less than competing theories, then it should be accepted
D. If you try to strictly falsify a theory, but the theory has withstood all the tests, then you should accept it

Let's think step by step before providing your final answer. However, you must conclude your assessment with the statement: 'Thus, the correct answer is: X', where 'X' is simply the letter corresponding to the answer option you've determined to be correct.","D.If you try to strictly falsify a theory, but the theory has withstood all the tests, then you should accept it",1
AGIEval,Civil Service Examination,LogiQA-en,MC,Civil Service Examination-LogiQA-en-9,N.A.,"Compared with small and medium-sized cities, especially small cities and towns, large cities have higher living costs, which inevitably limits the entry of rural population.Therefore, the development of large cities alone cannot actually achieve urbanization
Question: Which of the following is the conclusion must be assumed

Choices:
A. Urbanization is the only way for China's development
B. Simple development of large cities is not conducive to the promotion of urbanization
C. To achieve urbanization, the city must fully absorb the rural population
D. The attractiveness of large cities to the rural population in the outside world is significantly lower than that of small and medium-sized cities
","Compared with small and medium-sized cities, especially small cities and towns, large cities have higher living costs, which inevitably limits the entry of rural population.Therefore, the development of large cities alone cannot actually achieve urbanization
Question: Which of the following is the conclusion must be assumed

Choices:
A. Urbanization is the only way for China's development
B. Simple development of large cities is not conducive to the promotion of urbanization
C. To achieve urbanization, the city must fully absorb the rural population
D. The attractiveness of large cities to the rural population in the outside world is significantly lower than that of small and medium-sized cities

Let's think step by step before providing your final answer. However, you must conclude your assessment with the statement: 'Thus, the correct answer is: X', where 'X' is simply the letter corresponding to the answer option you've determined to be correct.","C.To achieve urbanization, the city must fully absorb the rural population",0
AGIEval,Civil Service Examination,LogiQA-en,MC,Civil Service Examination-LogiQA-en-540,N.A.,"Genetic testing of the fetus is morally wrong.People have no right to kill a potential living organism simply because it does not accept the sex of a potential living organism, or because it has a certain physiological defect.
Question: If the following statement is true, which one provides the strongest support for the above statement?

Choices:
A. If the baby's sex is allowed to be selected in advance, it will cause the imbalance of the sex ratio of the next generation and cause serious social problems.
B. All human beings are created equal, whether male or female, or whether their body is defective.
C. People with physical disabilities can also make great contributions.For example, Hawking's physical condition is terrible, but he is known as contemporary Einstein.
D. Women can also achieve excellent results and win the respect of society.
","Genetic testing of the fetus is morally wrong.People have no right to kill a potential living organism simply because it does not accept the sex of a potential living organism, or because it has a certain physiological defect.
Question: If the following statement is true, which one provides the strongest support for the above statement?

Choices:
A. If the baby's sex is allowed to be selected in advance, it will cause the imbalance of the sex ratio of the next generation and cause serious social problems.
B. All human beings are created equal, whether male or female, or whether their body is defective.
C. People with physical disabilities can also make great contributions.For example, Hawking's physical condition is terrible, but he is known as contemporary Einstein.
D. Women can also achieve excellent results and win the respect of society.

Let's think step by step before providing your final answer. However, you must conclude your assessment with the statement: 'Thus, the correct answer is: X', where 'X' is simply the letter corresponding to the answer option you've determined to be correct.","B.All human beings are created equal, whether male or female, or whether their body is defective.",1
AGIEval,Civil Service Examination,LogiQA-en,MC,Civil Service Examination-LogiQA-en-37,N.A.,"A company has a 6-story office building.The company's finance department, planning department, administration department, sales department, human resources department, and research and development department work here, and each department occupies one of the floors.Known? (1) The two floors of the human resources department and the sales department are not adjacent; (2) The finance department is on the next floor of the planning department; (3) The floor of the administrative department is above the planning department, but in the manpower Below the Resources Department.
Question: If the Human Resources Department is not at the upper level of the Administration Department, which of the following may be correct?

Choices:
A. The sales department is on the upper level of the R & D department
B. The sales department is one level above the administrative department
C. The sales department is at the next level of the planning department
D. Sales Department is on the second floor
","A company has a 6-story office building.The company's finance department, planning department, administration department, sales department, human resources department, and research and development department work here, and each department occupies one of the floors.Known? (1) The two floors of the human resources department and the sales department are not adjacent; (2) The finance department is on the next floor of the planning department; (3) The floor of the administrative department is above the planning department, but in the manpower Below the Resources Department.
Question: If the Human Resources Department is not at the upper level of the Administration Department, which of the following may be correct?

Choices:
A. The sales department is on the upper level of the R & D department
B. The sales department is one level above the administrative department
C. The sales department is at the next level of the planning department
D. Sales Department is on the second floor

Let's think step by step before providing your final answer. However, you must conclude your assessment with the statement: 'Thus, the correct answer is: X', where 'X' is simply the letter corresponding to the answer option you've determined to be correct.",B.The sales department is one level above the administrative department,0
AGIEval,Civil Service Examination,LogiQA-en,MC,Civil Service Examination-LogiQA-en-140,N.A.,"There are four assertions about a criminal case? (1) There is evidence that Chen Hu did not commit the crime; (2) The perpetrator is either Wang Guang, Chen Hu, or Zhu Tong; (3) There is also evidence that Wang Guang did not commit the crime; (4) The TV screen showed? At the time of the incident, Zhu Tong was in the auditorium of a football game away from the crime scene.
Question: Which of the following is a correct description of the four assertions in the stem?

Choices:
A. It can be deduced from the above assertion? there is only one crime.
B. At least one of the above assertions is false.
C. From these assertions, it can be concluded that the evidence that Wang Guang did not commit the crime is false.
D. Zhu Tong is definitely not in the audience of the football match.
","There are four assertions about a criminal case? (1) There is evidence that Chen Hu did not commit the crime; (2) The perpetrator is either Wang Guang, Chen Hu, or Zhu Tong; (3) There is also evidence that Wang Guang did not commit the crime; (4) The TV screen showed? At the time of the incident, Zhu Tong was in the auditorium of a football game away from the crime scene.
Question: Which of the following is a correct description of the four assertions in the stem?

Choices:
A. It can be deduced from the above assertion? there is only one crime.
B. At least one of the above assertions is false.
C. From these assertions, it can be concluded that the evidence that Wang Guang did not commit the crime is false.
D. Zhu Tong is definitely not in the audience of the football match.

Let's think step by step before providing your final answer. However, you must conclude your assessment with the statement: 'Thus, the correct answer is: X', where 'X' is simply the letter corresponding to the answer option you've determined to be correct.",B.At least one of the above assertions is false.,1
AGIEval,Civil Service Examination,LogiQA-en,MC,Civil Service Examination-LogiQA-en-254,N.A.,"In an electoral society, every politician must cater to voters in order to be elected.Cheng Bian is a super politician and especially wants to be elected; therefore, he will do his best to cater to voters.In many cases, it is impossible to cater to voters without writing many empty checks.In fact, Cheng Bian was elected.
Question: Which conclusion is most appropriate to derive from the question stem?

Choices:
A. Cheng Bian certainly wrote many empty checks to voters.
B. Cheng Bian certainly did not write many empty checks to voters.
C. Cheng Bian probably wrote many empty checks to voters.
D. Cheng Bian probably did not write many empty checks to voters.
","In an electoral society, every politician must cater to voters in order to be elected.Cheng Bian is a super politician and especially wants to be elected; therefore, he will do his best to cater to voters.In many cases, it is impossible to cater to voters without writing many empty checks.In fact, Cheng Bian was elected.
Question: Which conclusion is most appropriate to derive from the question stem?

Choices:
A. Cheng Bian certainly wrote many empty checks to voters.
B. Cheng Bian certainly did not write many empty checks to voters.
C. Cheng Bian probably wrote many empty checks to voters.
D. Cheng Bian probably did not write many empty checks to voters.

Let's think step by step before providing your final answer. However, you must conclude your assessment with the statement: 'Thus, the correct answer is: X', where 'X' is simply the letter corresponding to the answer option you've determined to be correct.",C.Cheng Bian probably wrote many empty checks to voters.,1
AGIEval,Civil Service Examination,LogiQA-en,MC,Civil Service Examination-LogiQA-en-304,N.A.,"Reporter? ""You are one of the most popular speakers in CCTV's"" 100 Forums "".People call you a master of Chinese studies and an academic superboy.Which of these two names do you prefer? The master is not an academic superboy, just a cultural communicator.""
Question: In answering the reporter's question, the professor used the strategy expressed in which of the following statements?

Choices:
A. Split a multiple question into a single question and answer them separately.
B. Get rid of the dilemma and choose another appropriate answer.
C. Avoid answering questions by restating the assumptions of the question.
D. Answer unanswered questions by answering another interesting question.
","Reporter? ""You are one of the most popular speakers in CCTV's"" 100 Forums "".People call you a master of Chinese studies and an academic superboy.Which of these two names do you prefer? The master is not an academic superboy, just a cultural communicator.""
Question: In answering the reporter's question, the professor used the strategy expressed in which of the following statements?

Choices:
A. Split a multiple question into a single question and answer them separately.
B. Get rid of the dilemma and choose another appropriate answer.
C. Avoid answering questions by restating the assumptions of the question.
D. Answer unanswered questions by answering another interesting question.

Let's think step by step before providing your final answer. However, you must conclude your assessment with the statement: 'Thus, the correct answer is: X', where 'X' is simply the letter corresponding to the answer option you've determined to be correct.",B.Get rid of the dilemma and choose another appropriate answer.,1
AGIEval,Civil Service Examination,LogiQA-en,MC,Civil Service Examination-LogiQA-en-570,N.A.,"Convergence is a process in which different types of organisms develop one or more similar physical features in order to adapt to the same environment.The similarity between ichthyosaurs and fish is an example of convergence.Ichthyosaurs are marine reptiles and do not belong to the same class as fish.In order to adapt to the marine environment, ichthyosaurs tend to make their physical features consistent with those of fish.The most striking thing is that ichthyosaurs have fins like fish.
Question: If the above statement is true, which of the following is a reasonable inference from the above statement?

Choices:
A. Members of the same type of creatures living in the same environment must have identical physical characteristics.
B. It is not possible to classify an organism just because it has similar physical characteristics as members of a certain type of organism.
C. An organism develops physical features similar to other types of organisms, which is entirely the result of their adaptation to the living environment.
D. Members of the same type of organism must have one or more physical characteristics that distinguish them from other types of organisms.
","Convergence is a process in which different types of organisms develop one or more similar physical features in order to adapt to the same environment.The similarity between ichthyosaurs and fish is an example of convergence.Ichthyosaurs are marine reptiles and do not belong to the same class as fish.In order to adapt to the marine environment, ichthyosaurs tend to make their physical features consistent with those of fish.The most striking thing is that ichthyosaurs have fins like fish.
Question: If the above statement is true, which of the following is a reasonable inference from the above statement?

Choices:
A. Members of the same type of creatures living in the same environment must have identical physical characteristics.
B. It is not possible to classify an organism just because it has similar physical characteristics as members of a certain type of organism.
C. An organism develops physical features similar to other types of organisms, which is entirely the result of their adaptation to the living environment.
D. Members of the same type of organism must have one or more physical characteristics that distinguish them from other types of organisms.

Let's think step by step before providing your final answer. However, you must conclude your assessment with the statement: 'Thus, the correct answer is: X', where 'X' is simply the letter corresponding to the answer option you've determined to be correct.",B.It is not possible to classify an organism just because it has similar physical characteristics as members of a certain type of organism.,1
AGIEval,Civil Service Examination,LogiQA-en,MC,Civil Service Examination-LogiQA-en-470,N.A.,"Many colleges and universities in China held four job fairs in Toronto, New York, Boston, and San Francisco.The questionnaire survey for Chinese students attending the fair showed that 67% of people want to return to work, 33% of people will be serious Consider the option of returning home.It can be seen that the international students in the US task force have lost their attraction, and the popular feelings have become common practice.
Question: If the following statement is true, which one would most strongly weaken the above argument?

Choices:
A. Chinese students participating in the questionnaire survey may not express their best wishes
B. If Chinese students in North America cannot find a job when they return home, it will disappoint them
C. 67 ﹪ and 33 ﹪ add up to 100 ﹪, which means zero people want to stay and work in North America
D. Among the Chinese students in North America, those who do not intend to return to work did not attend the job fair
","Many colleges and universities in China held four job fairs in Toronto, New York, Boston, and San Francisco.The questionnaire survey for Chinese students attending the fair showed that 67% of people want to return to work, 33% of people will be serious Consider the option of returning home.It can be seen that the international students in the US task force have lost their attraction, and the popular feelings have become common practice.
Question: If the following statement is true, which one would most strongly weaken the above argument?

Choices:
A. Chinese students participating in the questionnaire survey may not express their best wishes
B. If Chinese students in North America cannot find a job when they return home, it will disappoint them
C. 67 ﹪ and 33 ﹪ add up to 100 ﹪, which means zero people want to stay and work in North America
D. Among the Chinese students in North America, those who do not intend to return to work did not attend the job fair

Let's think step by step before providing your final answer. However, you must conclude your assessment with the statement: 'Thus, the correct answer is: X', where 'X' is simply the letter corresponding to the answer option you've determined to be correct.","D.Among the Chinese students in North America, those who do not intend to return to work did not attend the job fair",1
AGIEval,Civil Service Examination,LogiQA-en,MC,Civil Service Examination-LogiQA-en-369,N.A.,"Cross-species studies of animal populations indicate that cubs isolated from their mothers within a month of birth often show strong aggressiveness.For example, when fighting for food and fighting for food, other cubs give up and they are still fighting.The hypothesis explaining this phenomenon is that the formation of aggressive aggression is due to the lack of social training led by the parents at the newborn stage.
Question: If any of the following statements are true, can the above argument be strengthened most effectively?

Choices:
A. The early antelopes isolated from their mothers showed great aggression during the conflict to establish their dominant position in the population.
B. Chimpanzees who grew up in the social training environment of their parents were much less aggressive in mating conflicts than chimpanzees who did not grow up in this environment.
C. Babies who are adopted in the first three months of life often appear aggressive during childhood.
D. Many polar bears are more aggressive in food conflicts than in mating conflicts.
","Cross-species studies of animal populations indicate that cubs isolated from their mothers within a month of birth often show strong aggressiveness.For example, when fighting for food and fighting for food, other cubs give up and they are still fighting.The hypothesis explaining this phenomenon is that the formation of aggressive aggression is due to the lack of social training led by the parents at the newborn stage.
Question: If any of the following statements are true, can the above argument be strengthened most effectively?

Choices:
A. The early antelopes isolated from their mothers showed great aggression during the conflict to establish their dominant position in the population.
B. Chimpanzees who grew up in the social training environment of their parents were much less aggressive in mating conflicts than chimpanzees who did not grow up in this environment.
C. Babies who are adopted in the first three months of life often appear aggressive during childhood.
D. Many polar bears are more aggressive in food conflicts than in mating conflicts.

Let's think step by step before providing your final answer. However, you must conclude your assessment with the statement: 'Thus, the correct answer is: X', where 'X' is simply the letter corresponding to the answer option you've determined to be correct.",B.Chimpanzees who grew up in the social training environment of their parents were much less aggressive in mating conflicts than chimpanzees who did not grow up in this environment.,1
AGIEval,Civil Service Examination,LogiQA-en,MC,Civil Service Examination-LogiQA-en-60,N.A.,"The proliferation of private cars in a certain city has aggravated the air pollution in the city, and often caused severe congestion on multiple road sections during the morning and evening peaks.In order to solve this problem, the city government decided to implement all-weather single and double number travel restrictions for private cars, that is, only private cars with ending numbers on odd days are allowed to travel, and only private cars with ending numbers are allowed on even days.
Question: Which of the following can best question the decision of the city government?

Choices:
A. There is a large automobile production company in the city, and the order restriction will definitely affect the automobile sales of the enterprise.
B. Private car owners in the city generally have two or more private cars.
C. The owners of private cars in the city are generally wealthy, and they do not care about the fines for violations.
D. Mass transit is being developed in the city, which will help overcome congestion.
","The proliferation of private cars in a certain city has aggravated the air pollution in the city, and often caused severe congestion on multiple road sections during the morning and evening peaks.In order to solve this problem, the city government decided to implement all-weather single and double number travel restrictions for private cars, that is, only private cars with ending numbers on odd days are allowed to travel, and only private cars with ending numbers are allowed on even days.
Question: Which of the following can best question the decision of the city government?

Choices:
A. There is a large automobile production company in the city, and the order restriction will definitely affect the automobile sales of the enterprise.
B. Private car owners in the city generally have two or more private cars.
C. The owners of private cars in the city are generally wealthy, and they do not care about the fines for violations.
D. Mass transit is being developed in the city, which will help overcome congestion.

Let's think step by step before providing your final answer. However, you must conclude your assessment with the statement: 'Thus, the correct answer is: X', where 'X' is simply the letter corresponding to the answer option you've determined to be correct.",B.Private car owners in the city generally have two or more private cars.,1
AGIEval,Civil Service Examination,LogiQA-en,MC,Civil Service Examination-LogiQA-en-112,N.A.,"On the last day of military training, a class of students fired live ammunition.Several instructors talked about the shooting results of a class.Instructor Zhang said? ""This time the military training time is too short, no one in this class will have excellent shooting results."" Instructor Sun said? ""No, several people have trained before, and their shooting performance will be excellent."" The instructor said? ""I think the monitor or the sports commissioner can achieve excellent results.""
Question: It turned out that only one of the three instructors was right.Which one of the following must be true?

Choices:
A. The shooting performance of everyone in the class is not excellent.
B. Someone in the class has excellent shooting performance.
C. The squad leader's shooting performance is excellent.
D. The shooting performance of the Sports Committee is not excellent.
","On the last day of military training, a class of students fired live ammunition.Several instructors talked about the shooting results of a class.Instructor Zhang said? ""This time the military training time is too short, no one in this class will have excellent shooting results."" Instructor Sun said? ""No, several people have trained before, and their shooting performance will be excellent."" The instructor said? ""I think the monitor or the sports commissioner can achieve excellent results.""
Question: It turned out that only one of the three instructors was right.Which one of the following must be true?

Choices:
A. The shooting performance of everyone in the class is not excellent.
B. Someone in the class has excellent shooting performance.
C. The squad leader's shooting performance is excellent.
D. The shooting performance of the Sports Committee is not excellent.

Let's think step by step before providing your final answer. However, you must conclude your assessment with the statement: 'Thus, the correct answer is: X', where 'X' is simply the letter corresponding to the answer option you've determined to be correct.",D.The shooting performance of the Sports Committee is not excellent.,0
AGIEval,Civil Service Examination,LogiQA-en,MC,Civil Service Examination-LogiQA-en-425,N.A.,"twenty three.Zhang Hua said to Wang Lei? You told me that as the legal owner of the company, as long as I want, I have the right to sell it.However, you told me that if I sold it, the loyal employees would suffer misfortune, so I have no right to do so.Obviously, your two claims are inconsistent.
Question: Which of the following statements best describes the flaws in Zhang Hua ’s inference?

Choices:
A. Zhang Hua ignored that his employees also had the rights related to the sale of the company.
B. Zhang Hua did not provide sufficient and reliable reasons for selling his company.
C. Zhang Hua's right not to sell his company now does not mean that he never has the right to sell it.
D. Zhang Hua confuses company ownership with responsibility for loyal employees.
","twenty three.Zhang Hua said to Wang Lei? You told me that as the legal owner of the company, as long as I want, I have the right to sell it.However, you told me that if I sold it, the loyal employees would suffer misfortune, so I have no right to do so.Obviously, your two claims are inconsistent.
Question: Which of the following statements best describes the flaws in Zhang Hua ’s inference?

Choices:
A. Zhang Hua ignored that his employees also had the rights related to the sale of the company.
B. Zhang Hua did not provide sufficient and reliable reasons for selling his company.
C. Zhang Hua's right not to sell his company now does not mean that he never has the right to sell it.
D. Zhang Hua confuses company ownership with responsibility for loyal employees.

Let's think step by step before providing your final answer. However, you must conclude your assessment with the statement: 'Thus, the correct answer is: X', where 'X' is simply the letter corresponding to the answer option you've determined to be correct.",D.Zhang Hua confuses company ownership with responsibility for loyal employees.,1
AGIEval,Civil Service Examination,LogiQA-en,MC,Civil Service Examination-LogiQA-en-437,N.A.,"In the 1940s, more than 7,000 books were published in the United States, of which only over 10 became bestsellers.A New York publisher found that the best-selling book of the year was related to three themes, one related to President Lincoln, one related to doctors, and one related to dogs.He thinks that if these three kinds of content are combined, it will definitely sell well.So he planned to publish the ""President of the American President's Physician"", and the result of this book was extremely poor.
Question: Which of the following statements best illustrates the shortcomings of the above reasoning?

Choices:
A. It is believed that the attributes possessed by the whole are also possessed by the parts.
B. It is believed that the attributes possessed by parts are also possessed by the whole.
C. Ignore other possible causes.
D. Treat the result of a phenomenon as the cause of this phenomenon.
","In the 1940s, more than 7,000 books were published in the United States, of which only over 10 became bestsellers.A New York publisher found that the best-selling book of the year was related to three themes, one related to President Lincoln, one related to doctors, and one related to dogs.He thinks that if these three kinds of content are combined, it will definitely sell well.So he planned to publish the ""President of the American President's Physician"", and the result of this book was extremely poor.
Question: Which of the following statements best illustrates the shortcomings of the above reasoning?

Choices:
A. It is believed that the attributes possessed by the whole are also possessed by the parts.
B. It is believed that the attributes possessed by parts are also possessed by the whole.
C. Ignore other possible causes.
D. Treat the result of a phenomenon as the cause of this phenomenon.

Let's think step by step before providing your final answer. However, you must conclude your assessment with the statement: 'Thus, the correct answer is: X', where 'X' is simply the letter corresponding to the answer option you've determined to be correct.",B.It is believed that the attributes possessed by parts are also possessed by the whole.,1
AGIEval,Civil Service Examination,LogiQA-en,MC,Civil Service Examination-LogiQA-en-597,N.A.,"There are 7 outstanding students G, H, L, M, U, W and Z in a school.During the summer vacation, the school will send them to the United Kingdom and the United States for inspection.The school has only 7 students participating in this activity, and each person happens to go to one of these two countries.Considering the specialty of each student, this activity must meet the following conditions? (1) If G goes to the UK, then H To the United States.(2) If L goes to the UK, both M and U go to the US.(3) The country w went to was different from the country Z went to.(4) The country where U goes is different from the country where G goes.(5) If Z goes to the UK, then H also goes to the UK.
Question: Which of the following can be used as a complete and accurate list of students going to the UK?

Choices:
A. G, H, M, W
B. G, L, Z
C. H, M, Z
D. M, U, W
","There are 7 outstanding students G, H, L, M, U, W and Z in a school.During the summer vacation, the school will send them to the United Kingdom and the United States for inspection.The school has only 7 students participating in this activity, and each person happens to go to one of these two countries.Considering the specialty of each student, this activity must meet the following conditions? (1) If G goes to the UK, then H To the United States.(2) If L goes to the UK, both M and U go to the US.(3) The country w went to was different from the country Z went to.(4) The country where U goes is different from the country where G goes.(5) If Z goes to the UK, then H also goes to the UK.
Question: Which of the following can be used as a complete and accurate list of students going to the UK?

Choices:
A. G, H, M, W
B. G, L, Z
C. H, M, Z
D. M, U, W

Let's think step by step before providing your final answer. However, you must conclude your assessment with the statement: 'Thus, the correct answer is: X', where 'X' is simply the letter corresponding to the answer option you've determined to be correct.","D.M, U, W",0
AGIEval,Civil Service Examination,LogiQA-en,MC,Civil Service Examination-LogiQA-en-263,N.A.,"The Nanjing Yangtze River Bridge, built in 1968, has a clear height of 24 meters in the Fengshui area.Theoretically, it can pass a maximum of 3,000 tons of ships.Today, with the rapid economic development, it has become a building that “cuts the waist” of the Yangtze River waterway and hinders the passage of giant ships.A bridge expert asserted that the Nanjing Yangtze River Bridge must be demolished and rebuilt in order to dredge the golden waterways of the Yangtze River completely.
Question: If any of the following is true, can you raise the most doubts about this expert's point of view?

Choices:
A. Due to the inability of large ships to pass through the Nanjing Bridge, a large number of exported goods in the middle and upper reaches of the Yangtze River can only be taken by road or railway.
B. 99% of international ships entering the Yangtze River are moored at ports below the Nanjing Bridge, and dozens of foreign trade terminals above Nanjing rarely have large external ships berthed.
C. It is not enough to dismantle only the Nanjing Bridge.The Yangtze River Bridge, which was built in Wuhu, Tongling, Anqing and other places, has a clear height of 24 meters.
D. Shipbuilding technology is highly developed, and 8000-ton ships designed for adapting to the passage of the Yangtze River abroad have passed through Nanjing to Wuhan.
","The Nanjing Yangtze River Bridge, built in 1968, has a clear height of 24 meters in the Fengshui area.Theoretically, it can pass a maximum of 3,000 tons of ships.Today, with the rapid economic development, it has become a building that “cuts the waist” of the Yangtze River waterway and hinders the passage of giant ships.A bridge expert asserted that the Nanjing Yangtze River Bridge must be demolished and rebuilt in order to dredge the golden waterways of the Yangtze River completely.
Question: If any of the following is true, can you raise the most doubts about this expert's point of view?

Choices:
A. Due to the inability of large ships to pass through the Nanjing Bridge, a large number of exported goods in the middle and upper reaches of the Yangtze River can only be taken by road or railway.
B. 99% of international ships entering the Yangtze River are moored at ports below the Nanjing Bridge, and dozens of foreign trade terminals above Nanjing rarely have large external ships berthed.
C. It is not enough to dismantle only the Nanjing Bridge.The Yangtze River Bridge, which was built in Wuhu, Tongling, Anqing and other places, has a clear height of 24 meters.
D. Shipbuilding technology is highly developed, and 8000-ton ships designed for adapting to the passage of the Yangtze River abroad have passed through Nanjing to Wuhan.

Let's think step by step before providing your final answer. However, you must conclude your assessment with the statement: 'Thus, the correct answer is: X', where 'X' is simply the letter corresponding to the answer option you've determined to be correct.","D.Shipbuilding technology is highly developed, and 8000-ton ships designed for adapting to the passage of the Yangtze River abroad have passed through Nanjing to Wuhan.",1
AGIEval,Civil Service Examination,LogiQA-en,MC,Civil Service Examination-LogiQA-en-298,N.A.,"There are 7 candidates hired by Haier? F, G, H, I, W, X and Y.One of them needs to be assigned to the public relations department, three to the production department, and the other three to the sales department.The personnel allocation of these 7 employees must meet the following conditions? (1) H and Y must be allocated in the same department.(2) F and G cannot be allocated in the same department (3) If X is allocated in the sales department, W is allocated in the production department.(4) F must be allocated in the production department.
Question: Which of the following may list the final distribution of these 7 employees?

Choices:
A. Public Relations Department? W; Production Department? F, H, Y; Sales Department? G, I, X
B. Public Relations Department? W; Production Department? G, I, X; Sales Department? F, H, Y
C. Public Relations Department? X; Production Department? F, G, H; Sales Department? I, Y, W
D. Public Relations Department? X; Production Department? F, I, W; Sales Department? G, H, Y
","There are 7 candidates hired by Haier? F, G, H, I, W, X and Y.One of them needs to be assigned to the public relations department, three to the production department, and the other three to the sales department.The personnel allocation of these 7 employees must meet the following conditions? (1) H and Y must be allocated in the same department.(2) F and G cannot be allocated in the same department (3) If X is allocated in the sales department, W is allocated in the production department.(4) F must be allocated in the production department.
Question: Which of the following may list the final distribution of these 7 employees?

Choices:
A. Public Relations Department? W; Production Department? F, H, Y; Sales Department? G, I, X
B. Public Relations Department? W; Production Department? G, I, X; Sales Department? F, H, Y
C. Public Relations Department? X; Production Department? F, G, H; Sales Department? I, Y, W
D. Public Relations Department? X; Production Department? F, I, W; Sales Department? G, H, Y

Let's think step by step before providing your final answer. However, you must conclude your assessment with the statement: 'Thus, the correct answer is: X', where 'X' is simply the letter corresponding to the answer option you've determined to be correct.","D.Public Relations Department? X; Production Department? F, I, W; Sales Department? G, H, Y",1
AGIEval,Civil Service Examination,LogiQA-en,MC,Civil Service Examination-LogiQA-en-151,N.A.,"Three Chinese students Zhang Lin, Zhao Qiang, Li Shan and three foreign students John, Jesse, and Anna went on a summer vacation.Alternative tourist destinations include Xi'an, Hangzhou, Dalian and Zhangjiajie.It is already known that? (1) each person can only go to one place; (2) wherever Chinese students go, foreign students must go; (3) where there are foreign students, Chinese students must go; (4) John went to Xi'an or Hangzhou, and Zhao Qiang went to Zhangjiajie.
Question: If Jesse goes to Dalian, which of the following must be true?

Choices:
A. Anna went to Zhangjiajie.
B. Li Shan went to Xi'an.
C. Zhang Lin went to Dalian.
D. John went to Hangzhou.
","Three Chinese students Zhang Lin, Zhao Qiang, Li Shan and three foreign students John, Jesse, and Anna went on a summer vacation.Alternative tourist destinations include Xi'an, Hangzhou, Dalian and Zhangjiajie.It is already known that? (1) each person can only go to one place; (2) wherever Chinese students go, foreign students must go; (3) where there are foreign students, Chinese students must go; (4) John went to Xi'an or Hangzhou, and Zhao Qiang went to Zhangjiajie.
Question: If Jesse goes to Dalian, which of the following must be true?

Choices:
A. Anna went to Zhangjiajie.
B. Li Shan went to Xi'an.
C. Zhang Lin went to Dalian.
D. John went to Hangzhou.

Let's think step by step before providing your final answer. However, you must conclude your assessment with the statement: 'Thus, the correct answer is: X', where 'X' is simply the letter corresponding to the answer option you've determined to be correct.",A.Anna went to Zhangjiajie.,0
AGIEval,Civil Service Examination,LogiQA-en,MC,Civil Service Examination-LogiQA-en-267,N.A.,"In recent years, although the government has taken many measures to curb housing prices, housing prices are still rising rapidly, and this situation cannot be fundamentally changed in the short term.
Question: The following options all support the point of view in the question, except?

Choices:
A. Welfare distribution is cancelled, and the surplus of money in the hands of residents increases, resulting in a strong demand for house purchases.
B. It is impossible for the government to restrain house prices excessively, because that will severely hit the housing industry, leading to many risks such as finance and employment.
C. The price of affordable housing is still too high for some socially disadvantaged groups.
D. China has limited land resources, and the government must strictly control the supply of land used for building houses.
","In recent years, although the government has taken many measures to curb housing prices, housing prices are still rising rapidly, and this situation cannot be fundamentally changed in the short term.
Question: The following options all support the point of view in the question, except?

Choices:
A. Welfare distribution is cancelled, and the surplus of money in the hands of residents increases, resulting in a strong demand for house purchases.
B. It is impossible for the government to restrain house prices excessively, because that will severely hit the housing industry, leading to many risks such as finance and employment.
C. The price of affordable housing is still too high for some socially disadvantaged groups.
D. China has limited land resources, and the government must strictly control the supply of land used for building houses.

Let's think step by step before providing your final answer. However, you must conclude your assessment with the statement: 'Thus, the correct answer is: X', where 'X' is simply the letter corresponding to the answer option you've determined to be correct.",C.The price of affordable housing is still too high for some socially disadvantaged groups.,0
AGIEval,Civil Service Examination,LogiQA-en,MC,Civil Service Examination-LogiQA-en-617,N.A.,"There are so many people in China who are rich in Qiu, but they just lie to the scammers, just because they lie to the rich.I dare to conclude that those who scold the rich are dreaming of becoming rich every day.If they have a chance to become rich, they may not be cleaner than those they scold.Moreover, not all rich people are rich, but at least the rich people around me are not.I saw them working hard and compassionate.—— Some netizens commented on the Da Vinci furniture fraud incident online.
Question: According to the netizen, it is not logical to determine which of the following statements is true or false?

Choices:
A. Some rich haters are Chinese.
B. Some rich people are not rich.
C. Those who dream of becoming rich every day are scolding the rich.
D. Some people who work hard and have compassion are rich.
","There are so many people in China who are rich in Qiu, but they just lie to the scammers, just because they lie to the rich.I dare to conclude that those who scold the rich are dreaming of becoming rich every day.If they have a chance to become rich, they may not be cleaner than those they scold.Moreover, not all rich people are rich, but at least the rich people around me are not.I saw them working hard and compassionate.—— Some netizens commented on the Da Vinci furniture fraud incident online.
Question: According to the netizen, it is not logical to determine which of the following statements is true or false?

Choices:
A. Some rich haters are Chinese.
B. Some rich people are not rich.
C. Those who dream of becoming rich every day are scolding the rich.
D. Some people who work hard and have compassion are rich.

Let's think step by step before providing your final answer. However, you must conclude your assessment with the statement: 'Thus, the correct answer is: X', where 'X' is simply the letter corresponding to the answer option you've determined to be correct.",C.Those who dream of becoming rich every day are scolding the rich.,0
AGIEval,Civil Service Examination,LogiQA-en,MC,Civil Service Examination-LogiQA-en-360,N.A.,"In recent years, there has been a popular opinion in Western public opinion that the huge demand from China has caused the prices of oil, grain, steel and other raw materials to skyrocket.
Question: If any of the following statements is true, can the biggest question be raised?

Choices:
A. Due to the promotion of agricultural technology, especially hybrid rice, China has greatly increased crop yields.
B. From July to September this year, demand from China is still growing, but oil prices in the international market have fallen by nearly a third.
C. Large investors in the United States are hoarding and buying large quantities of petroleum products and petroleum futures.
D. With the development of India's economy, its people's demand for food products is increasing.
","In recent years, there has been a popular opinion in Western public opinion that the huge demand from China has caused the prices of oil, grain, steel and other raw materials to skyrocket.
Question: If any of the following statements is true, can the biggest question be raised?

Choices:
A. Due to the promotion of agricultural technology, especially hybrid rice, China has greatly increased crop yields.
B. From July to September this year, demand from China is still growing, but oil prices in the international market have fallen by nearly a third.
C. Large investors in the United States are hoarding and buying large quantities of petroleum products and petroleum futures.
D. With the development of India's economy, its people's demand for food products is increasing.

Let's think step by step before providing your final answer. However, you must conclude your assessment with the statement: 'Thus, the correct answer is: X', where 'X' is simply the letter corresponding to the answer option you've determined to be correct.","B.From July to September this year, demand from China is still growing, but oil prices in the international market have fallen by nearly a third.",1
AGIEval,Civil Service Examination,LogiQA-en,MC,Civil Service Examination-LogiQA-en-575,N.A.,"In China, strong compulsory insurance is an insurance company's choice of insurance.Since its launch in 2006, only a small profit has been made in 2008, and the rest of the years have suffered losses.Strangely, the current strong traffic losses under huge losses are still the businesses that insurance companies are fighting for.
Question: If the following statement is true, which one best explains the strange phenomenon of insurance companies competing for strong insurance business?

Choices:
A. In 2011, 3 of the 36 companies undertaking compulsory insurance were profitable in this type of insurance.
B. In the payment of compulsory insurance, some vehicles are paid too much, and some cases that should not be paid are awarded.
C. Tractors enjoy the agricultural benefit policy, and many places register ""transport vehicles"" as ""tractors"", thereby enjoying low tax rates.
D. Commercial auto insurance is lucrative, and car owners usually do not insure compulsory insurance and commercial auto insurance separately.
","In China, strong compulsory insurance is an insurance company's choice of insurance.Since its launch in 2006, only a small profit has been made in 2008, and the rest of the years have suffered losses.Strangely, the current strong traffic losses under huge losses are still the businesses that insurance companies are fighting for.
Question: If the following statement is true, which one best explains the strange phenomenon of insurance companies competing for strong insurance business?

Choices:
A. In 2011, 3 of the 36 companies undertaking compulsory insurance were profitable in this type of insurance.
B. In the payment of compulsory insurance, some vehicles are paid too much, and some cases that should not be paid are awarded.
C. Tractors enjoy the agricultural benefit policy, and many places register ""transport vehicles"" as ""tractors"", thereby enjoying low tax rates.
D. Commercial auto insurance is lucrative, and car owners usually do not insure compulsory insurance and commercial auto insurance separately.

Let's think step by step before providing your final answer. However, you must conclude your assessment with the statement: 'Thus, the correct answer is: X', where 'X' is simply the letter corresponding to the answer option you've determined to be correct.","D.Commercial auto insurance is lucrative, and car owners usually do not insure compulsory insurance and commercial auto insurance separately.",1
AGIEval,Civil Service Examination,LogiQA-en,MC,Civil Service Examination-LogiQA-en-128,N.A.,"In the early days of its formation, the earth was a fast rotating body in the state of lava, most of the iron element was in its core part; some molten liquid was thrown from the surface of this rotating body, and later condensed to form the moon.
Question: If the above theory about the origin of the moon is correct, which one of the following conclusions can best be supported?

Choices:
A. The moon is the only fairly large object that orbits the earth.
B. The iron content of the core part of the moon is smaller than that of the core part of the earth.
C. The solidification of the lunar surface is after the solidification of the earth's surface.
D. Like the earth, the moon has a solid surface structure and a core of lava.
","In the early days of its formation, the earth was a fast rotating body in the state of lava, most of the iron element was in its core part; some molten liquid was thrown from the surface of this rotating body, and later condensed to form the moon.
Question: If the above theory about the origin of the moon is correct, which one of the following conclusions can best be supported?

Choices:
A. The moon is the only fairly large object that orbits the earth.
B. The iron content of the core part of the moon is smaller than that of the core part of the earth.
C. The solidification of the lunar surface is after the solidification of the earth's surface.
D. Like the earth, the moon has a solid surface structure and a core of lava.

Let's think step by step before providing your final answer. However, you must conclude your assessment with the statement: 'Thus, the correct answer is: X', where 'X' is simply the letter corresponding to the answer option you've determined to be correct.",B.The iron content of the core part of the moon is smaller than that of the core part of the earth.,1
AGIEval,Civil Service Examination,LogiQA-en,MC,Civil Service Examination-LogiQA-en-417,N.A.,"Some people think that only by establishing a good institutional mechanism can corruption be fundamentally eliminated.However, once a trend is formed in Chinese society, even a powerful system will be torn apart by it.""Correcting the people's hearts and then the world"", in order to solve the problem fundamentally, ""rectifying the people's hearts"" must be taken as the foundation.Only when the hearts of the people are right can the winds of corruption and utilitarianism be eliminated, and the anti-corruption system can be truly established and effectively implemented.
Question: Which of the following statements is the assumption upon which the above argument relies?

Choices:
A. There is corruption in any society, and no matter what method is used, it can only weaken corruption and not eradicate it.
B. The formation of corruption and utilitarian winds is not caused by imperfect systems or imprecise implementation.
C. The effective way to change the customs is to select the virtuous and competent, narrow the gap between the rich and the poor, and ideological education for profit.
D. The system is fundamental to correct people's hearts.With the anti-corruption system and strict implementation, the atmosphere will change.
","Some people think that only by establishing a good institutional mechanism can corruption be fundamentally eliminated.However, once a trend is formed in Chinese society, even a powerful system will be torn apart by it.""Correcting the people's hearts and then the world"", in order to solve the problem fundamentally, ""rectifying the people's hearts"" must be taken as the foundation.Only when the hearts of the people are right can the winds of corruption and utilitarianism be eliminated, and the anti-corruption system can be truly established and effectively implemented.
Question: Which of the following statements is the assumption upon which the above argument relies?

Choices:
A. There is corruption in any society, and no matter what method is used, it can only weaken corruption and not eradicate it.
B. The formation of corruption and utilitarian winds is not caused by imperfect systems or imprecise implementation.
C. The effective way to change the customs is to select the virtuous and competent, narrow the gap between the rich and the poor, and ideological education for profit.
D. The system is fundamental to correct people's hearts.With the anti-corruption system and strict implementation, the atmosphere will change.

Let's think step by step before providing your final answer. However, you must conclude your assessment with the statement: 'Thus, the correct answer is: X', where 'X' is simply the letter corresponding to the answer option you've determined to be correct.",B.The formation of corruption and utilitarian winds is not caused by imperfect systems or imprecise implementation.,1
AGIEval,Civil Service Examination,LogiQA-en,MC,Civil Service Examination-LogiQA-en-308,N.A.,"Critics? Officials prohibit fireworks in the city on the grounds of firecrackers hurting people and causing fires, instead of trying to guide them to seek benefits and avoid harm, which implies conscious or unconscious cultural discrimination.Every year, smoking causes more diseases or fires than there are injuries caused by fireworks.Why can't you help? The ban on fireworks not only implies cultural discrimination, but also wipes out the last festive atmosphere of the Spring Festival.
Question: Which of the following statements is the hypothesis on which this critic ’s conclusion relies?

Choices:
A. Customs such as sticking couplets, offering ancestors, and welcoming the gods of wealth, etc., which have added a festive atmosphere, have disappeared during the Spring Festival in the city.
B. Traditional festivals such as eating dumplings and giving out New Year's money are still flourishing during the Spring Festival in the city.
C. Purely rational crowds such as ""Ideal Country"" and ""The Matrix"" do not need to have a romantic holiday.
D. Traditional Chinese festivals such as the Dragon Boat Festival, Mid-Autumn Festival, Chongyang, etc.are not officially official festivals.
","Critics? Officials prohibit fireworks in the city on the grounds of firecrackers hurting people and causing fires, instead of trying to guide them to seek benefits and avoid harm, which implies conscious or unconscious cultural discrimination.Every year, smoking causes more diseases or fires than there are injuries caused by fireworks.Why can't you help? The ban on fireworks not only implies cultural discrimination, but also wipes out the last festive atmosphere of the Spring Festival.
Question: Which of the following statements is the hypothesis on which this critic ’s conclusion relies?

Choices:
A. Customs such as sticking couplets, offering ancestors, and welcoming the gods of wealth, etc., which have added a festive atmosphere, have disappeared during the Spring Festival in the city.
B. Traditional festivals such as eating dumplings and giving out New Year's money are still flourishing during the Spring Festival in the city.
C. Purely rational crowds such as ""Ideal Country"" and ""The Matrix"" do not need to have a romantic holiday.
D. Traditional Chinese festivals such as the Dragon Boat Festival, Mid-Autumn Festival, Chongyang, etc.are not officially official festivals.

Let's think step by step before providing your final answer. However, you must conclude your assessment with the statement: 'Thus, the correct answer is: X', where 'X' is simply the letter corresponding to the answer option you've determined to be correct.","A.Customs such as sticking couplets, offering ancestors, and welcoming the gods of wealth, etc., which have added a festive atmosphere, have disappeared during the Spring Festival in the city.",1
AGIEval,Civil Service Examination,LogiQA-en,MC,Civil Service Examination-LogiQA-en-199,N.A.,"A provincial Go team coach selects 4 of the 7 players from E, F, G, H, J, K and M to participate in the professional league.The selection must meet the following conditions? E or F has one person to participate, but not both .One of J or K will participate, but not both.If J participates, then G participates.Unless F participates, M does not participate.
Question: Which of the following players will definitely participate in the game?

Choices:
A. F or M, or both.
B. H or J, or both.
C. G or H, or both.
D. J or M, or both.
","A provincial Go team coach selects 4 of the 7 players from E, F, G, H, J, K and M to participate in the professional league.The selection must meet the following conditions? E or F has one person to participate, but not both .One of J or K will participate, but not both.If J participates, then G participates.Unless F participates, M does not participate.
Question: Which of the following players will definitely participate in the game?

Choices:
A. F or M, or both.
B. H or J, or both.
C. G or H, or both.
D. J or M, or both.

Let's think step by step before providing your final answer. However, you must conclude your assessment with the statement: 'Thus, the correct answer is: X', where 'X' is simply the letter corresponding to the answer option you've determined to be correct.","B.H or J, or both.",0
AGIEval,Civil Service Examination,LogiQA-en,MC,Civil Service Examination-LogiQA-en-352,N.A.,"A street comprehensive governance committee has 6 members? F, G, H, I, M and P.Each of these members must be a member of at least one of the three sub-committees under the Comprehensive Governance Committee.Each sub-committee is composed of 3 different members.The known information is as follows? one of the six members serves as a member of three subcommittees.F is not a member of the same subcommittee as G.H is not a member of the same subcommittee as I.
Question: Which of the following statements must be true?

Choices:
A. One of F or G is a member of three subcommittees.
B. One of H or I is a member of three subcommittees.
C. P or M only serve on one subcommittee.
D. One member happens to be a member of the two subcommittees.
","A street comprehensive governance committee has 6 members? F, G, H, I, M and P.Each of these members must be a member of at least one of the three sub-committees under the Comprehensive Governance Committee.Each sub-committee is composed of 3 different members.The known information is as follows? one of the six members serves as a member of three subcommittees.F is not a member of the same subcommittee as G.H is not a member of the same subcommittee as I.
Question: Which of the following statements must be true?

Choices:
A. One of F or G is a member of three subcommittees.
B. One of H or I is a member of three subcommittees.
C. P or M only serve on one subcommittee.
D. One member happens to be a member of the two subcommittees.

Let's think step by step before providing your final answer. However, you must conclude your assessment with the statement: 'Thus, the correct answer is: X', where 'X' is simply the letter corresponding to the answer option you've determined to be correct.",D.One member happens to be a member of the two subcommittees.,1
AGIEval,Civil Service Examination,LogiQA-en,MC,Civil Service Examination-LogiQA-en-429,N.A.,"The core subject of the University of Sydney Business School is ""Critical Thinking in Business"".At the end of the final exam, 1200 students took part, but more than 400 failed.Among them, 80% were Chinese students.The University of Sydney explained? “Chinese students lack critical thinking and their English is not good.” Student representative L complained about this? “Students admitted to the school are all accredited by the school, and the business school entrance examination requires IELTS 7 points., We have all reached this level.""
Question: Which of the following statements is the hypothesis on which student representative L’ s complaint relies?

Choices:
A. The school may discriminate unfairly when evaluating the scores of Chinese students.
B. The school has an unshirkable responsibility for failing students, and the cost of renewal should be halved.
C. The school's requirements for students' English language entry are the same as those required for completion of all subjects after enrollment.
D. The renewal fee for each course is 5,000 Australian dollars.This high failure rate is due to the school's desire to earn renewal fees.
","The core subject of the University of Sydney Business School is ""Critical Thinking in Business"".At the end of the final exam, 1200 students took part, but more than 400 failed.Among them, 80% were Chinese students.The University of Sydney explained? “Chinese students lack critical thinking and their English is not good.” Student representative L complained about this? “Students admitted to the school are all accredited by the school, and the business school entrance examination requires IELTS 7 points., We have all reached this level.""
Question: Which of the following statements is the hypothesis on which student representative L’ s complaint relies?

Choices:
A. The school may discriminate unfairly when evaluating the scores of Chinese students.
B. The school has an unshirkable responsibility for failing students, and the cost of renewal should be halved.
C. The school's requirements for students' English language entry are the same as those required for completion of all subjects after enrollment.
D. The renewal fee for each course is 5,000 Australian dollars.This high failure rate is due to the school's desire to earn renewal fees.

Let's think step by step before providing your final answer. However, you must conclude your assessment with the statement: 'Thus, the correct answer is: X', where 'X' is simply the letter corresponding to the answer option you've determined to be correct.",C.The school's requirements for students' English language entry are the same as those required for completion of all subjects after enrollment.,1
AGIEval,Civil Service Examination,LogiQA-en,MC,Civil Service Examination-LogiQA-en-147,N.A.,"There are 7 heart disease patients E, F, G, H, I, J, K to be assigned to 4 doctors for treatment, they are Dr.Zhang, Dr.Li, Dr.Wang and Dr.Liu.Only one doctor is responsible for each patient, and each doctor is responsible for the treatment of up to two patients.Among the patients, J and K are children, and the remaining 5 are adults; E, F, and J are males, and the remaining 4 are females.The following conditions must be met? (1) Dr.Zhang is only responsible for treating male patients.(2) Dr.Li can only be responsible for the treatment of 1 patient.(3) If a doctor is responsible for treating a child patient, then he must be responsible for the treatment of an adult patient of the same sex as the child.
Question: Each of the following patients can be treated by Dr.Li, except which one?

Choices:
A. E
B. G
C. I
D. K
","There are 7 heart disease patients E, F, G, H, I, J, K to be assigned to 4 doctors for treatment, they are Dr.Zhang, Dr.Li, Dr.Wang and Dr.Liu.Only one doctor is responsible for each patient, and each doctor is responsible for the treatment of up to two patients.Among the patients, J and K are children, and the remaining 5 are adults; E, F, and J are males, and the remaining 4 are females.The following conditions must be met? (1) Dr.Zhang is only responsible for treating male patients.(2) Dr.Li can only be responsible for the treatment of 1 patient.(3) If a doctor is responsible for treating a child patient, then he must be responsible for the treatment of an adult patient of the same sex as the child.
Question: Each of the following patients can be treated by Dr.Li, except which one?

Choices:
A. E
B. G
C. I
D. K

Let's think step by step before providing your final answer. However, you must conclude your assessment with the statement: 'Thus, the correct answer is: X', where 'X' is simply the letter corresponding to the answer option you've determined to be correct.",D.K,1
AGIEval,Civil Service Examination,LogiQA-en,MC,Civil Service Examination-LogiQA-en-603,N.A.,"When Einstein published the special theory of relativity, someone asked him what kind of reaction would the public expect? He replied? Very simple.If my theory is correct, then the Germans will say that I am German, the French will say that I am European, and the Americans will say that I am a citizen of the world; if my theory is incorrect , Then Americans will say I am European, French will say I am German, Germans will say I am Jewish.
Question: If Einstein is true, which of the following statements must be true?

Choices:
A. Some people will say that Einstein is German.
B. Some would say that Einstein is a citizen of the world.
C. Some would say that Einstein is Jewish.
D. The French will say that Einstein is European.
","When Einstein published the special theory of relativity, someone asked him what kind of reaction would the public expect? He replied? Very simple.If my theory is correct, then the Germans will say that I am German, the French will say that I am European, and the Americans will say that I am a citizen of the world; if my theory is incorrect , Then Americans will say I am European, French will say I am German, Germans will say I am Jewish.
Question: If Einstein is true, which of the following statements must be true?

Choices:
A. Some people will say that Einstein is German.
B. Some would say that Einstein is a citizen of the world.
C. Some would say that Einstein is Jewish.
D. The French will say that Einstein is European.

Let's think step by step before providing your final answer. However, you must conclude your assessment with the statement: 'Thus, the correct answer is: X', where 'X' is simply the letter corresponding to the answer option you've determined to be correct.",A.Some people will say that Einstein is German.,1
AGIEval,Civil Service Examination,LogiQA-en,MC,Civil Service Examination-LogiQA-en-543,N.A.,"There are 6 warehouses in a warehouse, in order from 1 to 6.There are 6 kinds of goods F, G, L, M, P, T.Each warehouse stores exactly one of 6 kinds of goods, and different kinds of goods cannot be stored in the same warehouse.The following conditions must also be met when storing goods? (1) The warehouse number for storing G is larger than the warehouse number for storing L.(2) The warehouse number storing L is larger than the warehouse number storing T.(3) The warehouse number storing P is larger than the warehouse number storing F.(4) The warehouse storing T is next to the warehouse storing P.
Question: Which of the following goods cannot be stored in warehouse No.4?

Choices:
A. L
B. G
C. M
D. P
","There are 6 warehouses in a warehouse, in order from 1 to 6.There are 6 kinds of goods F, G, L, M, P, T.Each warehouse stores exactly one of 6 kinds of goods, and different kinds of goods cannot be stored in the same warehouse.The following conditions must also be met when storing goods? (1) The warehouse number for storing G is larger than the warehouse number for storing L.(2) The warehouse number storing L is larger than the warehouse number storing T.(3) The warehouse number storing P is larger than the warehouse number storing F.(4) The warehouse storing T is next to the warehouse storing P.
Question: Which of the following goods cannot be stored in warehouse No.4?

Choices:
A. L
B. G
C. M
D. P

Let's think step by step before providing your final answer. However, you must conclude your assessment with the statement: 'Thus, the correct answer is: X', where 'X' is simply the letter corresponding to the answer option you've determined to be correct.",B.G,1
AGIEval,Civil Service Examination,LogiQA-en,MC,Civil Service Examination-LogiQA-en-577,N.A.,"Many netizens have doubts about the proposal to solve the pension gap problem by delaying the retirement age.They believe that leaving elderly people who should be retired in their positions will squeeze the employment space of young people and increase the difficulty of finding jobs for young people.The problem.Experts explained that the late retirees are both producers and consumers, and their consumption can create new jobs.
Question: If the following statement is true, which one strongly questioned the expert's interpretation?

Choices:
A. Delaying the retirement age will be opposed by people working in private enterprises.
B. Only by stimulating economic development can the unemployment rate be radically reduced.
C. The pension gap stems from the unreasonable design of China's pension system.
D. The expert's explanation is based on the unproven assumption that the spending power of working seniors is significantly higher than that of retired peers.
","Many netizens have doubts about the proposal to solve the pension gap problem by delaying the retirement age.They believe that leaving elderly people who should be retired in their positions will squeeze the employment space of young people and increase the difficulty of finding jobs for young people.The problem.Experts explained that the late retirees are both producers and consumers, and their consumption can create new jobs.
Question: If the following statement is true, which one strongly questioned the expert's interpretation?

Choices:
A. Delaying the retirement age will be opposed by people working in private enterprises.
B. Only by stimulating economic development can the unemployment rate be radically reduced.
C. The pension gap stems from the unreasonable design of China's pension system.
D. The expert's explanation is based on the unproven assumption that the spending power of working seniors is significantly higher than that of retired peers.

Let's think step by step before providing your final answer. However, you must conclude your assessment with the statement: 'Thus, the correct answer is: X', where 'X' is simply the letter corresponding to the answer option you've determined to be correct.",D.The expert's explanation is based on the unproven assumption that the spending power of working seniors is significantly higher than that of retired peers.,1
AGIEval,Civil Service Examination,LogiQA-en,MC,Civil Service Examination-LogiQA-en-148,N.A.,"There are 7 heart disease patients E, F, G, H, I, J, K to be assigned to 4 doctors for treatment, they are Dr.Zhang, Dr.Li, Dr.Wang and Dr.Liu.Only one doctor is responsible for each patient, and each doctor is responsible for the treatment of up to two patients.Among the patients, J and K are children, and the remaining 5 are adults; E, F, and J are males, and the remaining 4 are females.The following conditions must be met? (1) Dr.Zhang is only responsible for treating male patients.(2) Dr.Li can only be responsible for the treatment of 1 patient.(3) If a doctor is responsible for treating a child patient, then he must be responsible for the treatment of an adult patient of the same sex as the child.
Question: If E is treated by Dr.Wang, which of the following must be true?

Choices:
A. Doctor F is responsible for treatment.
B. H is treated by Dr.Liu.
C. G is treated by Dr.Wang.
D. K is treated by Dr.Liu.
","There are 7 heart disease patients E, F, G, H, I, J, K to be assigned to 4 doctors for treatment, they are Dr.Zhang, Dr.Li, Dr.Wang and Dr.Liu.Only one doctor is responsible for each patient, and each doctor is responsible for the treatment of up to two patients.Among the patients, J and K are children, and the remaining 5 are adults; E, F, and J are males, and the remaining 4 are females.The following conditions must be met? (1) Dr.Zhang is only responsible for treating male patients.(2) Dr.Li can only be responsible for the treatment of 1 patient.(3) If a doctor is responsible for treating a child patient, then he must be responsible for the treatment of an adult patient of the same sex as the child.
Question: If E is treated by Dr.Wang, which of the following must be true?

Choices:
A. Doctor F is responsible for treatment.
B. H is treated by Dr.Liu.
C. G is treated by Dr.Wang.
D. K is treated by Dr.Liu.

Let's think step by step before providing your final answer. However, you must conclude your assessment with the statement: 'Thus, the correct answer is: X', where 'X' is simply the letter corresponding to the answer option you've determined to be correct.",C.G is treated by Dr.Wang.,0
AGIEval,Civil Service Examination,LogiQA-en,MC,Civil Service Examination-LogiQA-en-349,N.A.,"A street comprehensive governance committee has 6 members? F, G, H, I, M and P.Each of these members must be a member of at least one of the three sub-committees under the Comprehensive Governance Committee.Each sub-committee is composed of 3 different members.The known information is as follows? one of the six members serves as a member of three subcommittees.F is not a member of the same subcommittee as G.H is not a member of the same subcommittee as I.
Question: If there is an I in the subcommittee where M serves, which of the following statements may be true?

Choices:
A. M is a member of each sub-committee.
B. 1 Member of the two sub-committees.
C. I have I in the sub-committee where P serves.
D. F and M serve on the same subcommittee.
","A street comprehensive governance committee has 6 members? F, G, H, I, M and P.Each of these members must be a member of at least one of the three sub-committees under the Comprehensive Governance Committee.Each sub-committee is composed of 3 different members.The known information is as follows? one of the six members serves as a member of three subcommittees.F is not a member of the same subcommittee as G.H is not a member of the same subcommittee as I.
Question: If there is an I in the subcommittee where M serves, which of the following statements may be true?

Choices:
A. M is a member of each sub-committee.
B. 1 Member of the two sub-committees.
C. I have I in the sub-committee where P serves.
D. F and M serve on the same subcommittee.

Let's think step by step before providing your final answer. However, you must conclude your assessment with the statement: 'Thus, the correct answer is: X', where 'X' is simply the letter corresponding to the answer option you've determined to be correct.",C.I have I in the sub-committee where P serves.,1
AGIEval,Civil Service Examination,LogiQA-en,MC,Civil Service Examination-LogiQA-en-326,N.A.,"twenty four.In recent years, China's housing prices have skyrocketed.In August 2007, the State Council decided to expand the low-rent housing system to solve the housing problem of 10 million low-income families in the city.To achieve this goal, the government needs to provide rental subsidies or provide low-rent housing; and to build housing, it requires land and funds.A reporter reported on the topic of ""Low-income families stepping into the era of low-rent housing"", which shows that he is confident in achieving this goal.
Question: If the following items are true, they will enhance the confidence of this reporter, except

Choices:
A. The State Council requires that local governments must use at least 10% of the net proceeds of land transfers for low-rent housing security funds.
B. Even in developed countries, most low-income families rely on renting rather than buying a house to solve their housing problems.
C. The State Council requires local governments to include low-rent housing security funds in their local fiscal annual budgets, and the central government will support the central and western regions with financial difficulties.
D. The Ministry of Land and Resources requires local land and resources management departments to prioritize the settlement of land for low-rent housing.
","twenty four.In recent years, China's housing prices have skyrocketed.In August 2007, the State Council decided to expand the low-rent housing system to solve the housing problem of 10 million low-income families in the city.To achieve this goal, the government needs to provide rental subsidies or provide low-rent housing; and to build housing, it requires land and funds.A reporter reported on the topic of ""Low-income families stepping into the era of low-rent housing"", which shows that he is confident in achieving this goal.
Question: If the following items are true, they will enhance the confidence of this reporter, except

Choices:
A. The State Council requires that local governments must use at least 10% of the net proceeds of land transfers for low-rent housing security funds.
B. Even in developed countries, most low-income families rely on renting rather than buying a house to solve their housing problems.
C. The State Council requires local governments to include low-rent housing security funds in their local fiscal annual budgets, and the central government will support the central and western regions with financial difficulties.
D. The Ministry of Land and Resources requires local land and resources management departments to prioritize the settlement of land for low-rent housing.

Let's think step by step before providing your final answer. However, you must conclude your assessment with the statement: 'Thus, the correct answer is: X', where 'X' is simply the letter corresponding to the answer option you've determined to be correct.","B.Even in developed countries, most low-income families rely on renting rather than buying a house to solve their housing problems.",1
AGIEval,Civil Service Examination,LogiQA-en,MC,Civil Service Examination-LogiQA-en-488,N.A.,"Homo erectus originated in Africa about 2 million years ago and spread to Eurasia; modern people appeared about 200,000 years ago.Both human fossils are distributed in China.For example, the ""Beijing people"" unearthed in the ancient stratum of Zhoukoudian, Beijing belonged to Homo erectus; the ""shandingdong people"" in the stratum of the previous year belonged to modern people.A study of the contemporary Chinese population found that the Y chromosome inherited from the paternal lineage originated in Africa and originated in 8.9 10,000 years to 35,000 years ago; the mitochondrial DNA inherited from the maternal line originated in Africa, with a time of origin within 100,000 years; no genetic component of H.erectus was detected
Question: If the above statement is true, which hypothesis is best supported?

Choices:
A. The descendants of ""Beijing people"" may be extinct.The ancestors of Chinese contemporary people came to Asia from Africa about 100,000 years ago
B. Chinese Homo erectus and modern people are from the African continent, and their hybrid descendants are the ancestors of contemporary Chinese
C. The ""Stop Cave Man"" in Zhoukoudian, Beijing evolved from ""Beijing People""
D. Contemporary Chinese are descendants of Homo erectus that spread from Africa to Eurasia 2 million years ago
","Homo erectus originated in Africa about 2 million years ago and spread to Eurasia; modern people appeared about 200,000 years ago.Both human fossils are distributed in China.For example, the ""Beijing people"" unearthed in the ancient stratum of Zhoukoudian, Beijing belonged to Homo erectus; the ""shandingdong people"" in the stratum of the previous year belonged to modern people.A study of the contemporary Chinese population found that the Y chromosome inherited from the paternal lineage originated in Africa and originated in 8.9 10,000 years to 35,000 years ago; the mitochondrial DNA inherited from the maternal line originated in Africa, with a time of origin within 100,000 years; no genetic component of H.erectus was detected
Question: If the above statement is true, which hypothesis is best supported?

Choices:
A. The descendants of ""Beijing people"" may be extinct.The ancestors of Chinese contemporary people came to Asia from Africa about 100,000 years ago
B. Chinese Homo erectus and modern people are from the African continent, and their hybrid descendants are the ancestors of contemporary Chinese
C. The ""Stop Cave Man"" in Zhoukoudian, Beijing evolved from ""Beijing People""
D. Contemporary Chinese are descendants of Homo erectus that spread from Africa to Eurasia 2 million years ago

Let's think step by step before providing your final answer. However, you must conclude your assessment with the statement: 'Thus, the correct answer is: X', where 'X' is simply the letter corresponding to the answer option you've determined to be correct.","A.The descendants of ""Beijing people"" may be extinct.The ancestors of Chinese contemporary people came to Asia from Africa about 100,000 years ago",1
AGIEval,Civil Service Examination,LogiQA-en,MC,Civil Service Examination-LogiQA-en-124,N.A.,"One year before the graduates of Harvard University came out of the school, the school conducted a survey on their life goals.The result was that 27% of them had no goals at all, 60% had blurred goals, and 10% had a close relationship Goals, only 3% of people have long-term and clear goals.Twenty-five years later, those 3% of people have made unremitting efforts towards a goal and become the elite of the society, while the rest have much worse achievements.this means______
Question: Which sentence is most appropriate for the following?

Choices:
A. You should determine your life goals as soon as possible.
B. Life has no meaning, but we should add a meaning to it.
C. Whether there is a long-term and clear life goal has a very important impact on the size of life achievements.
D. If you have a long-term and clear life goal, you will be successful in life.
","One year before the graduates of Harvard University came out of the school, the school conducted a survey on their life goals.The result was that 27% of them had no goals at all, 60% had blurred goals, and 10% had a close relationship Goals, only 3% of people have long-term and clear goals.Twenty-five years later, those 3% of people have made unremitting efforts towards a goal and become the elite of the society, while the rest have much worse achievements.this means______
Question: Which sentence is most appropriate for the following?

Choices:
A. You should determine your life goals as soon as possible.
B. Life has no meaning, but we should add a meaning to it.
C. Whether there is a long-term and clear life goal has a very important impact on the size of life achievements.
D. If you have a long-term and clear life goal, you will be successful in life.

Let's think step by step before providing your final answer. However, you must conclude your assessment with the statement: 'Thus, the correct answer is: X', where 'X' is simply the letter corresponding to the answer option you've determined to be correct.",C.Whether there is a long-term and clear life goal has a very important impact on the size of life achievements.,1
AGIEval,Civil Service Examination,LogiQA-en,MC,Civil Service Examination-LogiQA-en-549,N.A.,"Seven people from G, H, J, K, L, M and O traveled together.In their 4-day camping life, two people are scheduled to cook for everyone every day.It is required that the four-day staff arrangement cannot be repeated, and there is exactly one person on duty for two days.In addition, the duty arrangement must also meet the following conditions? (1) J should be placed on the next day of duty H.(2) The person on duty for two days must be on the fourth day, not the third day.(3) G must be on the same day as one of J and O.(4) Arrange K at least one day on the first or second day.(5) O must be on the third day.
Question: Which of the following people can't be on duty for two days?

Choices:
A. G
B. H
C. K
D. L
","Seven people from G, H, J, K, L, M and O traveled together.In their 4-day camping life, two people are scheduled to cook for everyone every day.It is required that the four-day staff arrangement cannot be repeated, and there is exactly one person on duty for two days.In addition, the duty arrangement must also meet the following conditions? (1) J should be placed on the next day of duty H.(2) The person on duty for two days must be on the fourth day, not the third day.(3) G must be on the same day as one of J and O.(4) Arrange K at least one day on the first or second day.(5) O must be on the third day.
Question: Which of the following people can't be on duty for two days?

Choices:
A. G
B. H
C. K
D. L

Let's think step by step before providing your final answer. However, you must conclude your assessment with the statement: 'Thus, the correct answer is: X', where 'X' is simply the letter corresponding to the answer option you've determined to be correct.",A.G,0
AGIEval,Civil Service Examination,LogiQA-en,MC,Civil Service Examination-LogiQA-en-97,N.A.,"A school classifies students' academic performance into four grades of excellent, good, middle and poor by grade level.In a school year, the top 10% of the total score of each exam is excellent; the latter 30% is poor, and the rest are good and medium.In the previous school year, more students with excellent grades in the second grade were more than those with excellent grades in the first grade.
Question: If the above determination is true, which of the following must be true?

Choices:
A. Students with poor grades in the second grade are less than those with poor grades in the first grade.
B. There are more students with poor grades in the second grade than those with poor grades in the first grade.
C. There are more students with good grades in the second grade than those with good grades in the first grade.
D. The students with good grades in the second grade are less than those with good grades in the first grade.
","A school classifies students' academic performance into four grades of excellent, good, middle and poor by grade level.In a school year, the top 10% of the total score of each exam is excellent; the latter 30% is poor, and the rest are good and medium.In the previous school year, more students with excellent grades in the second grade were more than those with excellent grades in the first grade.
Question: If the above determination is true, which of the following must be true?

Choices:
A. Students with poor grades in the second grade are less than those with poor grades in the first grade.
B. There are more students with poor grades in the second grade than those with poor grades in the first grade.
C. There are more students with good grades in the second grade than those with good grades in the first grade.
D. The students with good grades in the second grade are less than those with good grades in the first grade.

Let's think step by step before providing your final answer. However, you must conclude your assessment with the statement: 'Thus, the correct answer is: X', where 'X' is simply the letter corresponding to the answer option you've determined to be correct.",B.There are more students with poor grades in the second grade than those with poor grades in the first grade.,1
AGIEval,Civil Service Examination,LogiQA-en,MC,Civil Service Examination-LogiQA-en-144,N.A.,"Workers of state-owned enterprises are laid off and migrant workers enter the city, causing a high unemployment rate and a great threat to social stability.Therefore, we must increase the scale of economic development and accelerate the speed of economic development.
Question: Which of the following provides the strongest support for the argument in the question stem?

Choices:
A. Only by increasing the scale of economic development and accelerating the speed of economic development can more jobs be created.
B. There is a certain relationship between the scale and speed of economic development and the social employment rate.
C. If a person is unemployed, it will affect the life of himself and his family.
D. Unemployed people are easily irritable, emotionally depressed, and deviant.
","Workers of state-owned enterprises are laid off and migrant workers enter the city, causing a high unemployment rate and a great threat to social stability.Therefore, we must increase the scale of economic development and accelerate the speed of economic development.
Question: Which of the following provides the strongest support for the argument in the question stem?

Choices:
A. Only by increasing the scale of economic development and accelerating the speed of economic development can more jobs be created.
B. There is a certain relationship between the scale and speed of economic development and the social employment rate.
C. If a person is unemployed, it will affect the life of himself and his family.
D. Unemployed people are easily irritable, emotionally depressed, and deviant.

Let's think step by step before providing your final answer. However, you must conclude your assessment with the statement: 'Thus, the correct answer is: X', where 'X' is simply the letter corresponding to the answer option you've determined to be correct.",B.There is a certain relationship between the scale and speed of economic development and the social employment rate.,0
AGIEval,Civil Service Examination,LogiQA-en,MC,Civil Service Examination-LogiQA-en-240,N.A.,"The Amendment (Draft) of China's Personal Income Tax Law raises the deduction standard for salary income from the original 800 yuan / month to 1500 yuan / month; when the person's monthly income is less than 1500 yuan, no tax is required; After taxing the income after 1,500 yuan, an official commented that the starting point for personal income tax should not be too high, because taxation is also a citizen's right.If the starting point is too high, it will deprive low-income earners the honor of being the most taxpayers.
Question: Which of the following is true and can raise the most doubts about this official ’s argument?

Choices:
A. All countries in the world levy pre-tax deductions on residents' basic living expenses when collecting personal income tax to ensure the reproduction of social labor.
B. A low personal income tax will also affect the honor of low-income earners as taxpayers.
C. One of the functions of personal income tax is to regulate social distribution and narrow the gap between rich and poor.
D. China's tax system is dominated by commodity taxes.As long as a person buys and consumes commodities, he pays taxes to the state.
","The Amendment (Draft) of China's Personal Income Tax Law raises the deduction standard for salary income from the original 800 yuan / month to 1500 yuan / month; when the person's monthly income is less than 1500 yuan, no tax is required; After taxing the income after 1,500 yuan, an official commented that the starting point for personal income tax should not be too high, because taxation is also a citizen's right.If the starting point is too high, it will deprive low-income earners the honor of being the most taxpayers.
Question: Which of the following is true and can raise the most doubts about this official ’s argument?

Choices:
A. All countries in the world levy pre-tax deductions on residents' basic living expenses when collecting personal income tax to ensure the reproduction of social labor.
B. A low personal income tax will also affect the honor of low-income earners as taxpayers.
C. One of the functions of personal income tax is to regulate social distribution and narrow the gap between rich and poor.
D. China's tax system is dominated by commodity taxes.As long as a person buys and consumes commodities, he pays taxes to the state.

Let's think step by step before providing your final answer. However, you must conclude your assessment with the statement: 'Thus, the correct answer is: X', where 'X' is simply the letter corresponding to the answer option you've determined to be correct.","D.China's tax system is dominated by commodity taxes.As long as a person buys and consumes commodities, he pays taxes to the state.",0
AGIEval,Civil Service Examination,LogiQA-en,MC,Civil Service Examination-LogiQA-en-372,N.A.,"In recent years, experts have called for a ban on the addition of biphenyl compounds as oxytocin to animal feed, because this substance is harmful to humans.In the past ten years, it has been found that the residues of biphenyls in the feeds of many Dutch dairy cows raised by herders.
Question: If which of the following statements is true, which strongly supports the expert's point of view?

Choices:
A. In the past two years, the incidence of bladder cancer among Dutch dairy cow and dairy consumers has been particularly high.
B. Biphenyl residues have been found in the blood and urine of many Dutch cows.
C. The incidence of cancer in the dairy production areas of the Netherlands ranks first in the country.
D. The infertility rate of Dutch cows is higher than the average of other cows.
","In recent years, experts have called for a ban on the addition of biphenyl compounds as oxytocin to animal feed, because this substance is harmful to humans.In the past ten years, it has been found that the residues of biphenyls in the feeds of many Dutch dairy cows raised by herders.
Question: If which of the following statements is true, which strongly supports the expert's point of view?

Choices:
A. In the past two years, the incidence of bladder cancer among Dutch dairy cow and dairy consumers has been particularly high.
B. Biphenyl residues have been found in the blood and urine of many Dutch cows.
C. The incidence of cancer in the dairy production areas of the Netherlands ranks first in the country.
D. The infertility rate of Dutch cows is higher than the average of other cows.

Let's think step by step before providing your final answer. However, you must conclude your assessment with the statement: 'Thus, the correct answer is: X', where 'X' is simply the letter corresponding to the answer option you've determined to be correct.","A.In the past two years, the incidence of bladder cancer among Dutch dairy cow and dairy consumers has been particularly high.",1
AGIEval,Civil Service Examination,LogiQA-en,MC,Civil Service Examination-LogiQA-en-325,N.A.,"twenty three.The growth of energy consumption in a region is positively correlated with economic growth, and the difference in growth between the two is usually no more than 15%.In 2003, a statistical report from Zhejiang Province showed that the province ’s energy consumption increased by 30%, while the economic growth rate was 12.7%.
Question: If the following items are true, all inconsistencies in the above may be reasonably explained, except

Choices:
A. The private economy accounts for a large proportion of Zhejiang's economy, and the growth of some private economy is difficult to be counted.
B. In order to leave room for economic development in the region, some local officials underreported the economic growth figures.
C. Due to the sharp increase in energy prices, the economic growth of large state-owned enterprises with high energy consumption generally declined.?
D. Due to the sharp increase in energy prices, 90% of the newly invested enterprises in Zhejiang are low-energy enterprises.
","twenty three.The growth of energy consumption in a region is positively correlated with economic growth, and the difference in growth between the two is usually no more than 15%.In 2003, a statistical report from Zhejiang Province showed that the province ’s energy consumption increased by 30%, while the economic growth rate was 12.7%.
Question: If the following items are true, all inconsistencies in the above may be reasonably explained, except

Choices:
A. The private economy accounts for a large proportion of Zhejiang's economy, and the growth of some private economy is difficult to be counted.
B. In order to leave room for economic development in the region, some local officials underreported the economic growth figures.
C. Due to the sharp increase in energy prices, the economic growth of large state-owned enterprises with high energy consumption generally declined.?
D. Due to the sharp increase in energy prices, 90% of the newly invested enterprises in Zhejiang are low-energy enterprises.

Let's think step by step before providing your final answer. However, you must conclude your assessment with the statement: 'Thus, the correct answer is: X', where 'X' is simply the letter corresponding to the answer option you've determined to be correct.","D.Due to the sharp increase in energy prices, 90% of the newly invested enterprises in Zhejiang are low-energy enterprises.",0
AGIEval,Civil Service Examination,LogiQA-en,MC,Civil Service Examination-LogiQA-en-280,N.A.,"After suppressing the Taiping Heavenly Kingdom, Zeng Guofan asked the imperial court to dismiss the Hunan army, but he did not mention the question of his personal stay.Because he knows that if he asks to stay in the court during the break, he will be suspicious of greed; if he asks for his dismissal to return to his hometown during the break, he will leave the impression that he is unwilling to continue to serve the court.
Question: The reasoning in which of the following is most similar to the one above?

Choices:
A. Among those who join life insurance, if you have good luck, you will bring bad luck to lose money; if you have bad luck, you will bring good luck to win money.Positive and negative growth, profit and loss.
B. A poor farmer likes to call his children like this? ""In this world, you are either rich or poor, honest or dishonest.Because all poor people are honest, every rich person is dishonest of.""
C. In dealing with a case of fraud in the imperial court of the Yongzheng dynasty, if Zhang Tingyu went to the court to advocate the killing of Zhang Tinglu, his family would think he was unjust; if Zhang Tingyu went to the court to defend Zhang Tinglu, Yong Zheng would think he was unfaithful.Therefore, Zhang Tingyu's home improvement is ill, and he hasn't made it.
D. Between Emperor Liang Wu and Xiao Hong, if Emperor Xiao Hong gave up power and craved money, Emperor Liang Wu wouldn't worry that he would seize power; if Emperor Xiao Hong was both greedy and competing for power, Emperor Liang Wu would prevent it.Despite Xiao Hong's excessive accumulation of money, Emperor Liang Wu trusted him very much.
","After suppressing the Taiping Heavenly Kingdom, Zeng Guofan asked the imperial court to dismiss the Hunan army, but he did not mention the question of his personal stay.Because he knows that if he asks to stay in the court during the break, he will be suspicious of greed; if he asks for his dismissal to return to his hometown during the break, he will leave the impression that he is unwilling to continue to serve the court.
Question: The reasoning in which of the following is most similar to the one above?

Choices:
A. Among those who join life insurance, if you have good luck, you will bring bad luck to lose money; if you have bad luck, you will bring good luck to win money.Positive and negative growth, profit and loss.
B. A poor farmer likes to call his children like this? ""In this world, you are either rich or poor, honest or dishonest.Because all poor people are honest, every rich person is dishonest of.""
C. In dealing with a case of fraud in the imperial court of the Yongzheng dynasty, if Zhang Tingyu went to the court to advocate the killing of Zhang Tinglu, his family would think he was unjust; if Zhang Tingyu went to the court to defend Zhang Tinglu, Yong Zheng would think he was unfaithful.Therefore, Zhang Tingyu's home improvement is ill, and he hasn't made it.
D. Between Emperor Liang Wu and Xiao Hong, if Emperor Xiao Hong gave up power and craved money, Emperor Liang Wu wouldn't worry that he would seize power; if Emperor Xiao Hong was both greedy and competing for power, Emperor Liang Wu would prevent it.Despite Xiao Hong's excessive accumulation of money, Emperor Liang Wu trusted him very much.

Let's think step by step before providing your final answer. However, you must conclude your assessment with the statement: 'Thus, the correct answer is: X', where 'X' is simply the letter corresponding to the answer option you've determined to be correct.","C.In dealing with a case of fraud in the imperial court of the Yongzheng dynasty, if Zhang Tingyu went to the court to advocate the killing of Zhang Tinglu, his family would think he was unjust; if Zhang Tingyu went to the court to defend Zhang Tinglu, Yong Zheng would think he was unfaithful.Therefore, Zhang Tingyu's home improvement is ill, and he hasn't made it.",1
AGIEval,Civil Service Examination,LogiQA-en,MC,Civil Service Examination-LogiQA-en-294,N.A.,"A microorganism in Weiming Lake usually breeds above freezing.It is winter now and the lake water has frozen.Therefore, if there is indeed the kind of microorganism we studied in Weiming Lake, they will not reproduce now.
Question: If the premises in the question stem are true, you can infer?

Choices:
A. The conclusion cannot be untrue.
B. It is highly likely that its conclusion is true, but it may also be false.
C. The probability of its conclusion being false is high, but it may also be true.
D. The conclusion cannot be true.
","A microorganism in Weiming Lake usually breeds above freezing.It is winter now and the lake water has frozen.Therefore, if there is indeed the kind of microorganism we studied in Weiming Lake, they will not reproduce now.
Question: If the premises in the question stem are true, you can infer?

Choices:
A. The conclusion cannot be untrue.
B. It is highly likely that its conclusion is true, but it may also be false.
C. The probability of its conclusion being false is high, but it may also be true.
D. The conclusion cannot be true.

Let's think step by step before providing your final answer. However, you must conclude your assessment with the statement: 'Thus, the correct answer is: X', where 'X' is simply the letter corresponding to the answer option you've determined to be correct.","B.It is highly likely that its conclusion is true, but it may also be false.",0
AGIEval,Civil Service Examination,LogiQA-en,MC,Civil Service Examination-LogiQA-en-255,N.A.,"If the senior management personnel do not participate in the formulation of the compensation policy, the company's finalized compensation policy will not succeed.In addition, if more management personnel participate in the formulation of the compensation policy, tell the company that they think the important compensation policy, the company's final compensation policy will be more effective.
Question: If the above statement is true, which of the following statements cannot be false?

Choices:
A. Unless more managers participate in the formulation of the compensation policy, the company's final compensation policy will not succeed.
B. Either the senior management personnel themselves participate in the formulation of the compensation policy, or the company's finalized compensation policy will not succeed.
C. If the senior management himself participates in the formulation of the compensation policy, the company's finalized compensation policy will succeed.
D. If more managers participate in the formulation of the compensation policy, the company's finalized compensation policy will be more effective.
","If the senior management personnel do not participate in the formulation of the compensation policy, the company's finalized compensation policy will not succeed.In addition, if more management personnel participate in the formulation of the compensation policy, tell the company that they think the important compensation policy, the company's final compensation policy will be more effective.
Question: If the above statement is true, which of the following statements cannot be false?

Choices:
A. Unless more managers participate in the formulation of the compensation policy, the company's final compensation policy will not succeed.
B. Either the senior management personnel themselves participate in the formulation of the compensation policy, or the company's finalized compensation policy will not succeed.
C. If the senior management himself participates in the formulation of the compensation policy, the company's finalized compensation policy will succeed.
D. If more managers participate in the formulation of the compensation policy, the company's finalized compensation policy will be more effective.

Let's think step by step before providing your final answer. However, you must conclude your assessment with the statement: 'Thus, the correct answer is: X', where 'X' is simply the letter corresponding to the answer option you've determined to be correct.","B.Either the senior management personnel themselves participate in the formulation of the compensation policy, or the company's finalized compensation policy will not succeed.",1
AGIEval,Civil Service Examination,LogiQA-en,MC,Civil Service Examination-LogiQA-en-123,N.A.,"The football game in the ""Master Cup 2003 China Robot Competition"" is in progress.Three professors predicted the final result? Professor Zhao said? ""The champion is not the Tsinghua University team nor the Zhejiang University team."" Professor Qian said ? ""The champion is not the Tsinghua University team, but the University of Science and Technology of China."" Professor Sun said? ""The champion is not the China University of Science and Technology team, but the Tsinghua University team.The results of the competition showed that only one of them judged both, one 'S judgment is one-to-one wrong, the other one is wrong.
Question: According to the above situation, we know that the winner is

Choices:
A. Tsinghua University Team
B. China University of Science and Technology Team
C. Zhejiang University Team
D. Beijing University of Aeronautics and Astronautics
","The football game in the ""Master Cup 2003 China Robot Competition"" is in progress.Three professors predicted the final result? Professor Zhao said? ""The champion is not the Tsinghua University team nor the Zhejiang University team."" Professor Qian said ? ""The champion is not the Tsinghua University team, but the University of Science and Technology of China."" Professor Sun said? ""The champion is not the China University of Science and Technology team, but the Tsinghua University team.The results of the competition showed that only one of them judged both, one 'S judgment is one-to-one wrong, the other one is wrong.
Question: According to the above situation, we know that the winner is

Choices:
A. Tsinghua University Team
B. China University of Science and Technology Team
C. Zhejiang University Team
D. Beijing University of Aeronautics and Astronautics

Let's think step by step before providing your final answer. However, you must conclude your assessment with the statement: 'Thus, the correct answer is: X', where 'X' is simply the letter corresponding to the answer option you've determined to be correct.",A.Tsinghua University Team,0
AGIEval,Civil Service Examination,LogiQA-en,MC,Civil Service Examination-LogiQA-en-184,N.A.,"It is difficult to keep the deep part of the wound free from bacterial infections, even high-efficiency antibiotics cannot kill the bacteria living deep in the wound.However, many doctors have wrapped the wound with a sweet substance such as sucrose to remove the bacteria deep in the wound.
Question: If any of the following is true, it is most helpful to explain why sucrose kills bacteria deep in the wound?

Choices:
A. Bacteria deep in the wound thrive in a humid environment, and sucrose has a dehydrating effect.
B. Many kinds of bacteria take sucrose as a nutrient, and when they get sugar, they multiply quickly.
C. Some foods containing sucrose can weaken the effects of certain antibiotics.
D. High-efficiency antibiotics have only been developed recently, and the use of sucrose to treat wounds has a long history.
","It is difficult to keep the deep part of the wound free from bacterial infections, even high-efficiency antibiotics cannot kill the bacteria living deep in the wound.However, many doctors have wrapped the wound with a sweet substance such as sucrose to remove the bacteria deep in the wound.
Question: If any of the following is true, it is most helpful to explain why sucrose kills bacteria deep in the wound?

Choices:
A. Bacteria deep in the wound thrive in a humid environment, and sucrose has a dehydrating effect.
B. Many kinds of bacteria take sucrose as a nutrient, and when they get sugar, they multiply quickly.
C. Some foods containing sucrose can weaken the effects of certain antibiotics.
D. High-efficiency antibiotics have only been developed recently, and the use of sucrose to treat wounds has a long history.

Let's think step by step before providing your final answer. However, you must conclude your assessment with the statement: 'Thus, the correct answer is: X', where 'X' is simply the letter corresponding to the answer option you've determined to be correct.","A.Bacteria deep in the wound thrive in a humid environment, and sucrose has a dehydrating effect.",1
AGIEval,Civil Service Examination,LogiQA-en,MC,Civil Service Examination-LogiQA-en-203,N.A.,"No religious proposition can be verified as true by observation or experiment.Therefore, it is impossible to know the truth of any proposition of religion.
Question: In order to deduce the above conclusions logically, it is necessary to assume which of the following is the premise?

Choices:
A. If a proposition can be proved to be true by observation or experiment, its truth can be known.
B. Observation or experiment alone cannot confirm the truth of any proposition.
C. To know the truth of a proposition, it needs to be proved to be true through observation or experiment.
D. People determine the authenticity of religious propositions through faith.
","No religious proposition can be verified as true by observation or experiment.Therefore, it is impossible to know the truth of any proposition of religion.
Question: In order to deduce the above conclusions logically, it is necessary to assume which of the following is the premise?

Choices:
A. If a proposition can be proved to be true by observation or experiment, its truth can be known.
B. Observation or experiment alone cannot confirm the truth of any proposition.
C. To know the truth of a proposition, it needs to be proved to be true through observation or experiment.
D. People determine the authenticity of religious propositions through faith.

Let's think step by step before providing your final answer. However, you must conclude your assessment with the statement: 'Thus, the correct answer is: X', where 'X' is simply the letter corresponding to the answer option you've determined to be correct.","C.To know the truth of a proposition, it needs to be proved to be true through observation or experiment.",1
AGIEval,Civil Service Examination,LogiQA-en,MC,Civil Service Examination-LogiQA-en-439,N.A.,"Among vertebrate fossils, shark teeth are one of the most common fossils.However, the fossils of shark skeletons are very rare.Compared with the discovery of skeleton fossils of other vertebrates, the discovery of shark skeleton fossils is better than nothing.
Question: If any of the following statements are true, will it be most helpful to resolve the doubts above?

Choices:
A. The shark's teeth need to be replaced many times in its lifetime, but the shark's skeleton is not changed for life, only one skeleton.
B. Compared to the skeletons of teeth or other vertebrates, shark cartilage skeletons are less likely to form fossils.
C. The process of petrification of the shark skeleton is the same as the physical changes experienced by the petrification of the shark teeth.
D. It is indeed confusing to find the skeleton fossil where the shark tooth fossil was found.
","Among vertebrate fossils, shark teeth are one of the most common fossils.However, the fossils of shark skeletons are very rare.Compared with the discovery of skeleton fossils of other vertebrates, the discovery of shark skeleton fossils is better than nothing.
Question: If any of the following statements are true, will it be most helpful to resolve the doubts above?

Choices:
A. The shark's teeth need to be replaced many times in its lifetime, but the shark's skeleton is not changed for life, only one skeleton.
B. Compared to the skeletons of teeth or other vertebrates, shark cartilage skeletons are less likely to form fossils.
C. The process of petrification of the shark skeleton is the same as the physical changes experienced by the petrification of the shark teeth.
D. It is indeed confusing to find the skeleton fossil where the shark tooth fossil was found.

Let's think step by step before providing your final answer. However, you must conclude your assessment with the statement: 'Thus, the correct answer is: X', where 'X' is simply the letter corresponding to the answer option you've determined to be correct.","B.Compared to the skeletons of teeth or other vertebrates, shark cartilage skeletons are less likely to form fossils.",1
AGIEval,Civil Service Examination,LogiQA-en,MC,Civil Service Examination-LogiQA-en-324,N.A.,"twenty two.Reasonable people will not resist the law violently, unless the consequences of resisting the law are no worse than obeying the law, thus desperate.
Question: Which of the following expressions does not agree with the expression above?

Choices:
A. Only if the consequences of violent resistance to the law are no worse than obedience to the law, rational people will desperately and violently resist the law.
B. If the consequences of violent resistance to the law are worse than obedience to the law, rational people will not desperately violently resist the law.
C. If the consequences of obeying the law are better than violent resistance, the rational person will not desperately violently resist the law.
D. Only the consequences of violent resistance to the law are worse than obedience to the law.Reasonable people will not desperately violently resist the law.
","twenty two.Reasonable people will not resist the law violently, unless the consequences of resisting the law are no worse than obeying the law, thus desperate.
Question: Which of the following expressions does not agree with the expression above?

Choices:
A. Only if the consequences of violent resistance to the law are no worse than obedience to the law, rational people will desperately and violently resist the law.
B. If the consequences of violent resistance to the law are worse than obedience to the law, rational people will not desperately violently resist the law.
C. If the consequences of obeying the law are better than violent resistance, the rational person will not desperately violently resist the law.
D. Only the consequences of violent resistance to the law are worse than obedience to the law.Reasonable people will not desperately violently resist the law.

Let's think step by step before providing your final answer. However, you must conclude your assessment with the statement: 'Thus, the correct answer is: X', where 'X' is simply the letter corresponding to the answer option you've determined to be correct.",D.Only the consequences of violent resistance to the law are worse than obedience to the law.Reasonable people will not desperately violently resist the law.,1
AGIEval,Civil Service Examination,LogiQA-en,MC,Civil Service Examination-LogiQA-en-247,N.A.,"The members of the printing group and the binding group are mainly from the following seven employees-F, G, H, J, K, L and M.The members of each group must meet the following conditions? (1) Each group has at least 3 employees .(2) F and K cannot be in the same group.(3) If K is in a certain group, J must also be in this group.(4) M is at least one of the members of these two groups.(5) At least one of the same employees in both groups.
Question: How many employees can be a member of printing group and binding group at most?

Choices:
A. 4
B. 5
C. 6
D. 7
","The members of the printing group and the binding group are mainly from the following seven employees-F, G, H, J, K, L and M.The members of each group must meet the following conditions? (1) Each group has at least 3 employees .(2) F and K cannot be in the same group.(3) If K is in a certain group, J must also be in this group.(4) M is at least one of the members of these two groups.(5) At least one of the same employees in both groups.
Question: How many employees can be a member of printing group and binding group at most?

Choices:
A. 4
B. 5
C. 6
D. 7

Let's think step by step before providing your final answer. However, you must conclude your assessment with the statement: 'Thus, the correct answer is: X', where 'X' is simply the letter corresponding to the answer option you've determined to be correct.",C.6,0
AGIEval,Civil Service Examination,LogiQA-en,MC,Civil Service Examination-LogiQA-en-416,N.A.,"The smog in City B is mainly caused by pollutants such as fine particulate matter (PM2.5), nitrogen-hydrogen compounds and inhalable particulate matter (PM10).Statistical research shows that the number of smog and haze weather in City B dropped significantly last year compared with the previous year, and it was the year with the largest decline since relevant statistics.However, the statistical survey shows that the public's anxiety and anxiety about the smog weather in City B has increased greatly in the past year.
Question: If any of the following statements are true, is it most helpful to eliminate the obvious inconsistencies in the above description?

Choices:
A. Last year, the news media reports and comments on the smog weather in City B almost doubled from the previous year.
B. Some people in City B who are anxious about the haze weather live in areas where PM2.5 is more polluted.
C. Last year, City B held a large-scale international conference.Temporary measures such as vehicle restrictions and construction site shutdowns were the main reasons for the reduction in haze.
D. The vast majority of residents in City B are aware of the hazards of smog to humans.
","The smog in City B is mainly caused by pollutants such as fine particulate matter (PM2.5), nitrogen-hydrogen compounds and inhalable particulate matter (PM10).Statistical research shows that the number of smog and haze weather in City B dropped significantly last year compared with the previous year, and it was the year with the largest decline since relevant statistics.However, the statistical survey shows that the public's anxiety and anxiety about the smog weather in City B has increased greatly in the past year.
Question: If any of the following statements are true, is it most helpful to eliminate the obvious inconsistencies in the above description?

Choices:
A. Last year, the news media reports and comments on the smog weather in City B almost doubled from the previous year.
B. Some people in City B who are anxious about the haze weather live in areas where PM2.5 is more polluted.
C. Last year, City B held a large-scale international conference.Temporary measures such as vehicle restrictions and construction site shutdowns were the main reasons for the reduction in haze.
D. The vast majority of residents in City B are aware of the hazards of smog to humans.

Let's think step by step before providing your final answer. However, you must conclude your assessment with the statement: 'Thus, the correct answer is: X', where 'X' is simply the letter corresponding to the answer option you've determined to be correct.","C.Last year, City B held a large-scale international conference.Temporary measures such as vehicle restrictions and construction site shutdowns were the main reasons for the reduction in haze.",0
AGIEval,Civil Service Examination,LogiQA-en,MC,Civil Service Examination-LogiQA-en-554,N.A.,"On August 10, 2012, South Korean President Li Mingbo visited Dokdo (Japan called ""Takeshima""), which has a sovereignty dispute with Japan.According to public opinion survey results, after Li Mingbo visited Dokdo, his approval rating increased from 25.7% to 34.7%.
Question: If the investigation result is true, which of the following statements must be true?

Choices:
A. There are more Koreans who support Li Mingbo's visit to Dokdo than those who do not.
B. After Li Mingbo visited Dokdo, some people who did not support him now turned to support him.
C. Koreans who supported Li Mingbo before August 10, 2012 now continue to support him.
D. Li Mingbo's visit to Dokdo is the reason for his increased support rate o
","On August 10, 2012, South Korean President Li Mingbo visited Dokdo (Japan called ""Takeshima""), which has a sovereignty dispute with Japan.According to public opinion survey results, after Li Mingbo visited Dokdo, his approval rating increased from 25.7% to 34.7%.
Question: If the investigation result is true, which of the following statements must be true?

Choices:
A. There are more Koreans who support Li Mingbo's visit to Dokdo than those who do not.
B. After Li Mingbo visited Dokdo, some people who did not support him now turned to support him.
C. Koreans who supported Li Mingbo before August 10, 2012 now continue to support him.
D. Li Mingbo's visit to Dokdo is the reason for his increased support rate o

Let's think step by step before providing your final answer. However, you must conclude your assessment with the statement: 'Thus, the correct answer is: X', where 'X' is simply the letter corresponding to the answer option you've determined to be correct.","B.After Li Mingbo visited Dokdo, some people who did not support him now turned to support him.",1
AGIEval,Civil Service Examination,LogiQA-en,MC,Civil Service Examination-LogiQA-en-541,N.A.,"Statistics show that those who perpetually practice Tai Chi have the same average life expectancy as those who never practice Tai Chi.This shows that Tai Chi can't strengthen your body and prolong life.
Question: If the following statement is true, which one can weaken the above argument most powerfully?

Choices:
A. Some athletes are physically strong, but their life expectancy is lower than that of ordinary people.
B. Tai Chi movement is gentle and soothing, persevering all year round, it can relieve muscles and promote blood circulation, nourish qi and calm the mind.
C. Among those who insist on playing Tai Chi all the year round, there are many frail and sick people.
D. Tai Chi exercise is easy to develop, and there are no requirements for the venue and the physical fitness of athletes.
","Statistics show that those who perpetually practice Tai Chi have the same average life expectancy as those who never practice Tai Chi.This shows that Tai Chi can't strengthen your body and prolong life.
Question: If the following statement is true, which one can weaken the above argument most powerfully?

Choices:
A. Some athletes are physically strong, but their life expectancy is lower than that of ordinary people.
B. Tai Chi movement is gentle and soothing, persevering all year round, it can relieve muscles and promote blood circulation, nourish qi and calm the mind.
C. Among those who insist on playing Tai Chi all the year round, there are many frail and sick people.
D. Tai Chi exercise is easy to develop, and there are no requirements for the venue and the physical fitness of athletes.

Let's think step by step before providing your final answer. However, you must conclude your assessment with the statement: 'Thus, the correct answer is: X', where 'X' is simply the letter corresponding to the answer option you've determined to be correct.","C.Among those who insist on playing Tai Chi all the year round, there are many frail and sick people.",1
AGIEval,Civil Service Examination,LogiQA-en,MC,Civil Service Examination-LogiQA-en-495,N.A.,"A unit arranges for 6 people on duty on the first day, second day, third day of the new year.They are G., H, K, L, P, and S.Two people are required per day.The personnel arrangement must meet the following conditions? (1) L and P must be on duty on the same day.(2) G and H cannot be on duty on the same day.(3) If K is on the first day of duty, then G is on the second day of duty.) If S is on the third day of duty, then H is on the second day of duty.
Question: If P is on duty in the second day, which of the following can be true?

Choices:
A. S on duty in the third day
B. H is on duty in the second day
C. K on duty in the first day
D. G on duty at the first day
","A unit arranges for 6 people on duty on the first day, second day, third day of the new year.They are G., H, K, L, P, and S.Two people are required per day.The personnel arrangement must meet the following conditions? (1) L and P must be on duty on the same day.(2) G and H cannot be on duty on the same day.(3) If K is on the first day of duty, then G is on the second day of duty.) If S is on the third day of duty, then H is on the second day of duty.
Question: If P is on duty in the second day, which of the following can be true?

Choices:
A. S on duty in the third day
B. H is on duty in the second day
C. K on duty in the first day
D. G on duty at the first day

Let's think step by step before providing your final answer. However, you must conclude your assessment with the statement: 'Thus, the correct answer is: X', where 'X' is simply the letter corresponding to the answer option you've determined to be correct.",D.G on duty at the first day,1
AGIEval,Civil Service Examination,LogiQA-en,MC,Civil Service Examination-LogiQA-en-469,N.A.,"In August 2014, more than 200 Russian trucks carrying relief supplies entered eastern Ukraine.If the Ukrainian government ’s military operations in the east directly or indirectly attacked the Russian convoy, it may trigger the Russian side to take strong measures; if the Ukrainian government army temporarily Stopping military operations in the east to ensure the safety of the Russian convoy will give the civilian armed forces in a disadvantage a breathing opportunity
Question: If the above statement is true, which of the following must be true?

Choices:
A. If the Ukrainian government forces attack the Russian convoy, there will be no chance for the civilian armed forces to take a breather
B. If the Ukrainian government army does not give the civilian armed forces a breathing opportunity, it may trigger the Russian side to take strong measures
C. If civilian armed forces in eastern Ukraine take a breather, Russia will not take strong measures
D. The Russian convoy entered Ukraine to help civilian armed forces in eastern Ukraine
","In August 2014, more than 200 Russian trucks carrying relief supplies entered eastern Ukraine.If the Ukrainian government ’s military operations in the east directly or indirectly attacked the Russian convoy, it may trigger the Russian side to take strong measures; if the Ukrainian government army temporarily Stopping military operations in the east to ensure the safety of the Russian convoy will give the civilian armed forces in a disadvantage a breathing opportunity
Question: If the above statement is true, which of the following must be true?

Choices:
A. If the Ukrainian government forces attack the Russian convoy, there will be no chance for the civilian armed forces to take a breather
B. If the Ukrainian government army does not give the civilian armed forces a breathing opportunity, it may trigger the Russian side to take strong measures
C. If civilian armed forces in eastern Ukraine take a breather, Russia will not take strong measures
D. The Russian convoy entered Ukraine to help civilian armed forces in eastern Ukraine

Let's think step by step before providing your final answer. However, you must conclude your assessment with the statement: 'Thus, the correct answer is: X', where 'X' is simply the letter corresponding to the answer option you've determined to be correct.","B.If the Ukrainian government army does not give the civilian armed forces a breathing opportunity, it may trigger the Russian side to take strong measures",0
AGIEval,Civil Service Examination,LogiQA-en,MC,Civil Service Examination-LogiQA-en-126,N.A.,"Most people think that the thinking of scientists is based on strict logical reasoning, not on image thinking means such as analogy, intuition, and epiphany.However, research shows that Nobel Prize winners make more use of these image thinking methods than general scientists.Therefore, image thinking methods help to achieve major scientific breakthroughs.
Question: The above conclusion is based on which of the following assumptions?

Choices:
A. Organized, step-by-step reasoning is essential for general scientific research.
B. Nobel Prize winners have the ability to think creatively through analogy, intuition, and insight.
C. Nobel winners have made major scientific breakthroughs.
D. Nobel Prize winners are smarter and harder than ordinary scientists.
","Most people think that the thinking of scientists is based on strict logical reasoning, not on image thinking means such as analogy, intuition, and epiphany.However, research shows that Nobel Prize winners make more use of these image thinking methods than general scientists.Therefore, image thinking methods help to achieve major scientific breakthroughs.
Question: The above conclusion is based on which of the following assumptions?

Choices:
A. Organized, step-by-step reasoning is essential for general scientific research.
B. Nobel Prize winners have the ability to think creatively through analogy, intuition, and insight.
C. Nobel winners have made major scientific breakthroughs.
D. Nobel Prize winners are smarter and harder than ordinary scientists.

Let's think step by step before providing your final answer. However, you must conclude your assessment with the statement: 'Thus, the correct answer is: X', where 'X' is simply the letter corresponding to the answer option you've determined to be correct.",C.Nobel winners have made major scientific breakthroughs.,0
AGIEval,Civil Service Examination,LogiQA-en,MC,Civil Service Examination-LogiQA-en-403,N.A.,"Commentator? Many historians assert that they are objective, like any natural scientist, when discussing historical issues, and are rarely affected by ethical or aesthetic preconceptions.We obviously cannot accept the claims of these historians, because it is easy to find some wrong historical treatises, which show the author's preconceptions in ideological or other aspects.
Question: This commenter ’s reasoning is flawed because he

Choices:
A. It is wrong to believe that many historians who emphasize methodologies intend to completely eliminate preconceptions.
B. It stands to reason that the objective requirements put forward by natural scientists should be applicable to other fields.
C. It is inappropriate to think that all ideological historical works are wrong.
D. Naturally, certain historical works with preconceptions were written by historians who claimed to be objective.
","Commentator? Many historians assert that they are objective, like any natural scientist, when discussing historical issues, and are rarely affected by ethical or aesthetic preconceptions.We obviously cannot accept the claims of these historians, because it is easy to find some wrong historical treatises, which show the author's preconceptions in ideological or other aspects.
Question: This commenter ’s reasoning is flawed because he

Choices:
A. It is wrong to believe that many historians who emphasize methodologies intend to completely eliminate preconceptions.
B. It stands to reason that the objective requirements put forward by natural scientists should be applicable to other fields.
C. It is inappropriate to think that all ideological historical works are wrong.
D. Naturally, certain historical works with preconceptions were written by historians who claimed to be objective.

Let's think step by step before providing your final answer. However, you must conclude your assessment with the statement: 'Thus, the correct answer is: X', where 'X' is simply the letter corresponding to the answer option you've determined to be correct.","D.Naturally, certain historical works with preconceptions were written by historians who claimed to be objective.",1
AGIEval,Civil Service Examination,LogiQA-en,MC,Civil Service Examination-LogiQA-en-514,N.A.,"A study shows that eating celery helps to suppress aggressive emotions.151 women were surveyed.Of the women who said they often eat celery, 95% said they rarely have aggressive feelings or are irritated.Among women who do not eat celery often, 53% report that they often have anxiety, anger and combative emotions.
Question: The following statements all weaken the conclusions above, except

Choices:
A. Those women who often eat celery pay more attention to fitness, and fitness consumes a lot of physical energy, is very tired, and suppresses the aggressive mood.
B. Female interviewees are susceptible to hints and are more willing to cooperate.They will cooperate with researchers intentionally or unintentionally to answer questions in the direction they want.
C. Like the effect of placebo, eating celery will suppress the aggressive mood, which stimulated a series of psychological and mental activities of female respondents and made them feel less aggressive.
D. Celery has the effects of calming the liver, clearing away heat, removing annoyance and reducing swelling, detoxifying the lungs, strengthening the stomach and blood, lowering blood pressure, and brain sedation.
","A study shows that eating celery helps to suppress aggressive emotions.151 women were surveyed.Of the women who said they often eat celery, 95% said they rarely have aggressive feelings or are irritated.Among women who do not eat celery often, 53% report that they often have anxiety, anger and combative emotions.
Question: The following statements all weaken the conclusions above, except

Choices:
A. Those women who often eat celery pay more attention to fitness, and fitness consumes a lot of physical energy, is very tired, and suppresses the aggressive mood.
B. Female interviewees are susceptible to hints and are more willing to cooperate.They will cooperate with researchers intentionally or unintentionally to answer questions in the direction they want.
C. Like the effect of placebo, eating celery will suppress the aggressive mood, which stimulated a series of psychological and mental activities of female respondents and made them feel less aggressive.
D. Celery has the effects of calming the liver, clearing away heat, removing annoyance and reducing swelling, detoxifying the lungs, strengthening the stomach and blood, lowering blood pressure, and brain sedation.

Let's think step by step before providing your final answer. However, you must conclude your assessment with the statement: 'Thus, the correct answer is: X', where 'X' is simply the letter corresponding to the answer option you've determined to be correct.","D.Celery has the effects of calming the liver, clearing away heat, removing annoyance and reducing swelling, detoxifying the lungs, strengthening the stomach and blood, lowering blood pressure, and brain sedation.",1
AGIEval,Civil Service Examination,LogiQA-en,MC,Civil Service Examination-LogiQA-en-224,N.A.,"For listed companies, only companies with dividends can issue new stocks.However, if a company has a dividend, it does not need funds.If it needs financing, there is no way to pay dividends.
Question: If the above statement is true, which of the following statements cannot be false?

Choices:
A. A listed company does not need financing, or is not a company with dividends.
B. A listed company needs financing, or a company without dividends.
C. A listed company does not need to issue new stocks, or is not a company with dividends.
D. The only way for a listed company to finance is to issue new stocks.
","For listed companies, only companies with dividends can issue new stocks.However, if a company has a dividend, it does not need funds.If it needs financing, there is no way to pay dividends.
Question: If the above statement is true, which of the following statements cannot be false?

Choices:
A. A listed company does not need financing, or is not a company with dividends.
B. A listed company needs financing, or a company without dividends.
C. A listed company does not need to issue new stocks, or is not a company with dividends.
D. The only way for a listed company to finance is to issue new stocks.

Let's think step by step before providing your final answer. However, you must conclude your assessment with the statement: 'Thus, the correct answer is: X', where 'X' is simply the letter corresponding to the answer option you've determined to be correct.","A.A listed company does not need financing, or is not a company with dividends.",0
AGIEval,Civil Service Examination,LogiQA-en,MC,Civil Service Examination-LogiQA-en-343,N.A.,"There are 6 rectangular vegetable ponds of the same size in a plastic shed, arranged in order from left to right? 1, 2, 3, 4, 5 and 6.And No.1 and No.6 are not adjacent.There are exactly 6 kinds of vegetables that need to be planted in the greenhouse? Q, L, H, x, S and Y.Each vegetable pond can only grow one of them.The planting arrangement must meet the following conditions? Q is planted in a vegetable pond on the left side of H.X species are in No.1 or No.6 vegetable ponds.No.3 vegetable pond is planted with Y or s.L is planted right next to S.
Question: Which of the following may list eligible cultivation arrangements?

Choices:
A. 1 Plant Y; 2 Plant Q; 3 Plant S; 4 Plant L; 5 Plant H; 6 Plant X.
B. 1 planting X; 2 planting Y? 3 planting Q; 4 planting s; 5 planting L; 6 planting H.
C. 1 Plant H; 2 Plant Q; 3 Plant Y; 4 Plant S; 5 Plant L; 6 Plant x.
D. 1 Plant L; 2 Plant S; 3 Plant Y; 4 Plant Q; 5 Plant H; 6 Plant X.
","There are 6 rectangular vegetable ponds of the same size in a plastic shed, arranged in order from left to right? 1, 2, 3, 4, 5 and 6.And No.1 and No.6 are not adjacent.There are exactly 6 kinds of vegetables that need to be planted in the greenhouse? Q, L, H, x, S and Y.Each vegetable pond can only grow one of them.The planting arrangement must meet the following conditions? Q is planted in a vegetable pond on the left side of H.X species are in No.1 or No.6 vegetable ponds.No.3 vegetable pond is planted with Y or s.L is planted right next to S.
Question: Which of the following may list eligible cultivation arrangements?

Choices:
A. 1 Plant Y; 2 Plant Q; 3 Plant S; 4 Plant L; 5 Plant H; 6 Plant X.
B. 1 planting X; 2 planting Y? 3 planting Q; 4 planting s; 5 planting L; 6 planting H.
C. 1 Plant H; 2 Plant Q; 3 Plant Y; 4 Plant S; 5 Plant L; 6 Plant x.
D. 1 Plant L; 2 Plant S; 3 Plant Y; 4 Plant Q; 5 Plant H; 6 Plant X.

Let's think step by step before providing your final answer. However, you must conclude your assessment with the statement: 'Thus, the correct answer is: X', where 'X' is simply the letter corresponding to the answer option you've determined to be correct.",A.1 Plant Y; 2 Plant Q; 3 Plant S; 4 Plant L; 5 Plant H; 6 Plant X.,1
AGIEval,Civil Service Examination,LogiQA-en,MC,Civil Service Examination-LogiQA-en-54,N.A.,"With the rapid development of the Internet, it has become a reality to buy your favorite products without leaving home.Even in countries and regions with low economic development levels, people can satisfy their pursuit of material life through online shopping.
Question: Which of the following can most question the above view?

Choices:
A. As online shopping sales increase, related taxes and fees will also increase.
B. Even in the era when there is no Internet, people can still buy their favorite products through physical stores.
C. The display of goods on the Internet cannot fully reflect the real situation.
D. People's satisfaction with the pursuit of material life depends only on the level of economic development in the region.
","With the rapid development of the Internet, it has become a reality to buy your favorite products without leaving home.Even in countries and regions with low economic development levels, people can satisfy their pursuit of material life through online shopping.
Question: Which of the following can most question the above view?

Choices:
A. As online shopping sales increase, related taxes and fees will also increase.
B. Even in the era when there is no Internet, people can still buy their favorite products through physical stores.
C. The display of goods on the Internet cannot fully reflect the real situation.
D. People's satisfaction with the pursuit of material life depends only on the level of economic development in the region.

Let's think step by step before providing your final answer. However, you must conclude your assessment with the statement: 'Thus, the correct answer is: X', where 'X' is simply the letter corresponding to the answer option you've determined to be correct.",D.People's satisfaction with the pursuit of material life depends only on the level of economic development in the region.,1
AGIEval,Civil Service Examination,LogiQA-en,MC,Civil Service Examination-LogiQA-en-220,N.A.,"Researchers have found that eating more than five servings of yam, corn, carrots, onions, or other similar vegetables every day can reduce the risk of pancreatic cancer.They surveyed 2,230 respondents, including 532 patients with pancreatic cancer, and then classified the agricultural products consumed by the cancer, and asked them about other lifestyle habits, such as overall diet and smoking, and compared it with 1701 other people.Compare living habits.It was found that people who ate at least five servings of vegetables per day were half as likely to develop pancreatic cancer as those who ate less than two servings of vegetables per day.
Question: Which of the following questions does not constitute a doubt about the reliability of the above research conclusion?

Choices:
A. Are all the interviewees saying in the survey true?
B. What is the proportion of men and women in patients with pancreatic cancer?
C. Is there an important omission in the differences in living habits between patients with pancreatic cancer and non-pancreatic cancer involved in the investigation?
D. Are there genetic causes for patients with pancreatic cancer?
","Researchers have found that eating more than five servings of yam, corn, carrots, onions, or other similar vegetables every day can reduce the risk of pancreatic cancer.They surveyed 2,230 respondents, including 532 patients with pancreatic cancer, and then classified the agricultural products consumed by the cancer, and asked them about other lifestyle habits, such as overall diet and smoking, and compared it with 1701 other people.Compare living habits.It was found that people who ate at least five servings of vegetables per day were half as likely to develop pancreatic cancer as those who ate less than two servings of vegetables per day.
Question: Which of the following questions does not constitute a doubt about the reliability of the above research conclusion?

Choices:
A. Are all the interviewees saying in the survey true?
B. What is the proportion of men and women in patients with pancreatic cancer?
C. Is there an important omission in the differences in living habits between patients with pancreatic cancer and non-pancreatic cancer involved in the investigation?
D. Are there genetic causes for patients with pancreatic cancer?

Let's think step by step before providing your final answer. However, you must conclude your assessment with the statement: 'Thus, the correct answer is: X', where 'X' is simply the letter corresponding to the answer option you've determined to be correct.",B.What is the proportion of men and women in patients with pancreatic cancer?,1
AGIEval,Civil Service Examination,LogiQA-en,MC,Civil Service Examination-LogiQA-en-130,N.A.,"Before the finals of the men ’s team division of the World Table Tennis Championships, the coach of Country S was lining up.His idea was? if the No.4 player ’s competitive state is good and the injury has healed, then let No.4 player play; only Player No.4 can't play, only player No.6 is sent out.
Question: If the No.6 player plays in the final, which of the following must be true?

Choices:
A. Player 4 is seriously injured.
B. Player 4's competitive state is not good.
C. No.6 player was not injured.
D. If player 4's injury has healed, then his competitive state is not good.
","Before the finals of the men ’s team division of the World Table Tennis Championships, the coach of Country S was lining up.His idea was? if the No.4 player ’s competitive state is good and the injury has healed, then let No.4 player play; only Player No.4 can't play, only player No.6 is sent out.
Question: If the No.6 player plays in the final, which of the following must be true?

Choices:
A. Player 4 is seriously injured.
B. Player 4's competitive state is not good.
C. No.6 player was not injured.
D. If player 4's injury has healed, then his competitive state is not good.

Let's think step by step before providing your final answer. However, you must conclude your assessment with the statement: 'Thus, the correct answer is: X', where 'X' is simply the letter corresponding to the answer option you've determined to be correct.","D.If player 4's injury has healed, then his competitive state is not good.",1
AGIEval,Civil Service Examination,LogiQA-en,MC,Civil Service Examination-LogiQA-en-590,N.A.,"Nutritionist? It is deceptive to promote any kind of health products to cure diseases.However, for people with irregular diets, it is necessary to take certain health products.
Question: If you accept the nutritionist's opinion, you must accept which of the following statements?

Choices:
A. Some health products are necessary for some people to take.
B. People who are already ill should not take health supplements because they cannot cure the disease.
C. Not all people need to take health supplements.
D. For people with regular diet, taking any health products is unnecessary.
","Nutritionist? It is deceptive to promote any kind of health products to cure diseases.However, for people with irregular diets, it is necessary to take certain health products.
Question: If you accept the nutritionist's opinion, you must accept which of the following statements?

Choices:
A. Some health products are necessary for some people to take.
B. People who are already ill should not take health supplements because they cannot cure the disease.
C. Not all people need to take health supplements.
D. For people with regular diet, taking any health products is unnecessary.

Let's think step by step before providing your final answer. However, you must conclude your assessment with the statement: 'Thus, the correct answer is: X', where 'X' is simply the letter corresponding to the answer option you've determined to be correct.",A.Some health products are necessary for some people to take.,1
AGIEval,Civil Service Examination,LogiQA-en,MC,Civil Service Examination-LogiQA-en-622,N.A.,"British doctor John Snow's ""wastewater theory"" started the history of epidemiological research.In 1854, a large-scale cholera broke out in London.John Snow found that most deaths had been drinking from the same pump, and people who used other pumps or wells did not initially contract cholera.After investigation, the wastewater from the sewer contaminated the pump, which caused cholera.
Question: Which of the following options is a method or principle not used by John Snow ’s reasoning?

Choices:
A. The factors that are present on all occasions where the phenomenon under study is likely to be the cause of the phenomenon.
B. Factors that do not appear on all occasions where the subject does not appear are probably not the cause of this phenomenon.
C. When the object under study changes, the factor that changes synchronously is likely to be the cause of this phenomenon.
D. Proposal between the occasion where the researched object appears and the occasion where the phenomenon does not appear is likely to be the cause of the phenomenon.
","British doctor John Snow's ""wastewater theory"" started the history of epidemiological research.In 1854, a large-scale cholera broke out in London.John Snow found that most deaths had been drinking from the same pump, and people who used other pumps or wells did not initially contract cholera.After investigation, the wastewater from the sewer contaminated the pump, which caused cholera.
Question: Which of the following options is a method or principle not used by John Snow ’s reasoning?

Choices:
A. The factors that are present on all occasions where the phenomenon under study is likely to be the cause of the phenomenon.
B. Factors that do not appear on all occasions where the subject does not appear are probably not the cause of this phenomenon.
C. When the object under study changes, the factor that changes synchronously is likely to be the cause of this phenomenon.
D. Proposal between the occasion where the researched object appears and the occasion where the phenomenon does not appear is likely to be the cause of the phenomenon.

Let's think step by step before providing your final answer. However, you must conclude your assessment with the statement: 'Thus, the correct answer is: X', where 'X' is simply the letter corresponding to the answer option you've determined to be correct.","C.When the object under study changes, the factor that changes synchronously is likely to be the cause of this phenomenon.",1
AGIEval,Civil Service Examination,LogiQA-en,MC,Civil Service Examination-LogiQA-en-187,N.A.,"Aluminum alloys have widely replaced steel in military equipment because they provide the same protection and are lighter in weight.But the manufacturing cost of an aluminum alloy armored vehicle is twice that of a newly armored vehicle.Therefore, from a financial point of view, it is not advisable to replace steel armored vehicles with aluminum alloy armored vehicles with the same protective properties.
Question: Which of the following is true can raise greater doubts about the above conclusion?

Choices:
A. After the aluminum alloy armored vehicle is put into use, the running cost is one-third of the steel armored vehicle with the same performance.
B. After the introduction of aluminum alloy armored vehicles, the army must retain maintenance personnel and purchase new tools and parts.
C. The maintenance cost of steel armored vehicles is the lowest among all armored vehicles currently used by the military.
D. It is expected that the price of aluminum alloy materials will remain stable, while the price of steel materials may decline.
","Aluminum alloys have widely replaced steel in military equipment because they provide the same protection and are lighter in weight.But the manufacturing cost of an aluminum alloy armored vehicle is twice that of a newly armored vehicle.Therefore, from a financial point of view, it is not advisable to replace steel armored vehicles with aluminum alloy armored vehicles with the same protective properties.
Question: Which of the following is true can raise greater doubts about the above conclusion?

Choices:
A. After the aluminum alloy armored vehicle is put into use, the running cost is one-third of the steel armored vehicle with the same performance.
B. After the introduction of aluminum alloy armored vehicles, the army must retain maintenance personnel and purchase new tools and parts.
C. The maintenance cost of steel armored vehicles is the lowest among all armored vehicles currently used by the military.
D. It is expected that the price of aluminum alloy materials will remain stable, while the price of steel materials may decline.

Let's think step by step before providing your final answer. However, you must conclude your assessment with the statement: 'Thus, the correct answer is: X', where 'X' is simply the letter corresponding to the answer option you've determined to be correct.","A.After the aluminum alloy armored vehicle is put into use, the running cost is one-third of the steel armored vehicle with the same performance.",1
AGIEval,Civil Service Examination,LogiQA-en,MC,Civil Service Examination-LogiQA-en-440,N.A.,"The nutritional value is evaluated based on the content of 27 kinds of human essential nutrients.Vegetables with particularly high water content have low nutritional value.The water content of yam is low, so the nutritional value of yam will be high.
Question: Which of the following reasoning has the same form as the above reasoning?

Choices:
A. Stars are all self-luminous, Venus is not a star, so Venus is not self-luminous.
B. Commodities have use value, and of course air has use value, so air is a commodity.
C. Everyone who desires success works hard, he does not work hard, so he is not a person who desires success.
D. All contracts concluded by fraud are invalid, and invalid contracts are not binding.Therefore, all non-binding contracts are concluded by fraud.
","The nutritional value is evaluated based on the content of 27 kinds of human essential nutrients.Vegetables with particularly high water content have low nutritional value.The water content of yam is low, so the nutritional value of yam will be high.
Question: Which of the following reasoning has the same form as the above reasoning?

Choices:
A. Stars are all self-luminous, Venus is not a star, so Venus is not self-luminous.
B. Commodities have use value, and of course air has use value, so air is a commodity.
C. Everyone who desires success works hard, he does not work hard, so he is not a person who desires success.
D. All contracts concluded by fraud are invalid, and invalid contracts are not binding.Therefore, all non-binding contracts are concluded by fraud.

Let's think step by step before providing your final answer. However, you must conclude your assessment with the statement: 'Thus, the correct answer is: X', where 'X' is simply the letter corresponding to the answer option you've determined to be correct.","A.Stars are all self-luminous, Venus is not a star, so Venus is not self-luminous.",1
AGIEval,Civil Service Examination,LogiQA-en,MC,Civil Service Examination-LogiQA-en-586,N.A.,"A public service advertisement suggests that people who drink alcohol should wait until they can drive safely.However, a hospital survey found that people who were questioned immediately after drinking had underestimated the time it took them to restore their ability to drive.This result shows that many people who drink before driving have difficulties in following the advertising recommendations.
Question: If the following statement is true, which one strongly supports the above statement 2

Choices:
A. If some people have to go home after drinking, they will resist not drinking.
B. Many people who plan to drink will arrange for a person who does not drink to drive them home.
C. The respondents in the hospital were also asked about the length of time required to restore those abilities that have little impact on safe driving.
D. Compared with the respondents outside the hospital, the respondents in the hospital have a conservative estimate of their own abilities.
","A public service advertisement suggests that people who drink alcohol should wait until they can drive safely.However, a hospital survey found that people who were questioned immediately after drinking had underestimated the time it took them to restore their ability to drive.This result shows that many people who drink before driving have difficulties in following the advertising recommendations.
Question: If the following statement is true, which one strongly supports the above statement 2

Choices:
A. If some people have to go home after drinking, they will resist not drinking.
B. Many people who plan to drink will arrange for a person who does not drink to drive them home.
C. The respondents in the hospital were also asked about the length of time required to restore those abilities that have little impact on safe driving.
D. Compared with the respondents outside the hospital, the respondents in the hospital have a conservative estimate of their own abilities.

Let's think step by step before providing your final answer. However, you must conclude your assessment with the statement: 'Thus, the correct answer is: X', where 'X' is simply the letter corresponding to the answer option you've determined to be correct.","D.Compared with the respondents outside the hospital, the respondents in the hospital have a conservative estimate of their own abilities.",1
AGIEval,Civil Service Examination,LogiQA-en,MC,Civil Service Examination-LogiQA-en-532,N.A.,"In the novel ""Article 22 Military Regulations"" of the American writer Joseph Heller, Article 22 Military Regulations stipulates that only when a soldier's mental status is abnormal and he applies for suspension of flight, can he be allowed to stop flying.According to common sense, if a soldier is aware of the danger of flying and submits an application to stop flying, it shows that his mind is clear and his spirit cannot be abnormal.
Question: Which of the following statements is the logical inference above?

Choices:
A. If a person is mentally abnormal, he will be allowed to stop flying.
B. No one can be allowed to stop flying.
C. If a person can realize that there is a danger of flying, it shows that he is mentally normal.
D. If a person can file an application to stop flying, it shows that his spirit cannot be abnormal.
","In the novel ""Article 22 Military Regulations"" of the American writer Joseph Heller, Article 22 Military Regulations stipulates that only when a soldier's mental status is abnormal and he applies for suspension of flight, can he be allowed to stop flying.According to common sense, if a soldier is aware of the danger of flying and submits an application to stop flying, it shows that his mind is clear and his spirit cannot be abnormal.
Question: Which of the following statements is the logical inference above?

Choices:
A. If a person is mentally abnormal, he will be allowed to stop flying.
B. No one can be allowed to stop flying.
C. If a person can realize that there is a danger of flying, it shows that he is mentally normal.
D. If a person can file an application to stop flying, it shows that his spirit cannot be abnormal.

Let's think step by step before providing your final answer. However, you must conclude your assessment with the statement: 'Thus, the correct answer is: X', where 'X' is simply the letter corresponding to the answer option you've determined to be correct.",B.No one can be allowed to stop flying.,0
AGIEval,Civil Service Examination,LogiQA-en,MC,Civil Service Examination-LogiQA-en-387,N.A.,"When inflation or economic overheating occurs in a country, the government often adopts tight monetary policies such as tightening monetary policy, raising interest rates, and increasing discount rates.However, in 1990, the Japanese government continued to increase the discount rate in order to suppress the excessive stock market and real estate bubbles, and finally caused deflation, which caused the Japanese economy to stagnate for more than a decade.From 1995 to 1996, the Central Bank of Thailand continued to tighten the monetary policy to suppress asset price bubbles, continue to raise interest rates, and suppressed investment and consumption, which led to a major economic recession.
Question: Which of the following statements is most suitable as the conclusion of the above discussion?

Choices:
A. Increasing bank deposit interest rates can suppress inflation.
B. Tight monetary policy may lead to economic decline.
C. Economic development is cyclical.
D. Using monetary policy can control economic development
","When inflation or economic overheating occurs in a country, the government often adopts tight monetary policies such as tightening monetary policy, raising interest rates, and increasing discount rates.However, in 1990, the Japanese government continued to increase the discount rate in order to suppress the excessive stock market and real estate bubbles, and finally caused deflation, which caused the Japanese economy to stagnate for more than a decade.From 1995 to 1996, the Central Bank of Thailand continued to tighten the monetary policy to suppress asset price bubbles, continue to raise interest rates, and suppressed investment and consumption, which led to a major economic recession.
Question: Which of the following statements is most suitable as the conclusion of the above discussion?

Choices:
A. Increasing bank deposit interest rates can suppress inflation.
B. Tight monetary policy may lead to economic decline.
C. Economic development is cyclical.
D. Using monetary policy can control economic development

Let's think step by step before providing your final answer. However, you must conclude your assessment with the statement: 'Thus, the correct answer is: X', where 'X' is simply the letter corresponding to the answer option you've determined to be correct.",B.Tight monetary policy may lead to economic decline.,1
AGIEval,Civil Service Examination,LogiQA-en,MC,Civil Service Examination-LogiQA-en-295,N.A.,"The early universe contained only the lightest elements? hydrogen and helium.Heavier elements like carbon can only be formed in the star's nuclear reaction and diffuse when the star explodes.A nebula recently discovered contained carbon formed billions of years ago, when the universe was no more than 1.5 billion years old.
Question: If the above statement is true, which of the following must be true?

Choices:
A. The earliest stars contained only hydrogen.
B. When the universe was less than 1.5 billion years old, some stars had already formed.
C. This nebula also contains hydrogen and helium.
D. The carbon in this nebula later formed part of some stars.
","The early universe contained only the lightest elements? hydrogen and helium.Heavier elements like carbon can only be formed in the star's nuclear reaction and diffuse when the star explodes.A nebula recently discovered contained carbon formed billions of years ago, when the universe was no more than 1.5 billion years old.
Question: If the above statement is true, which of the following must be true?

Choices:
A. The earliest stars contained only hydrogen.
B. When the universe was less than 1.5 billion years old, some stars had already formed.
C. This nebula also contains hydrogen and helium.
D. The carbon in this nebula later formed part of some stars.

Let's think step by step before providing your final answer. However, you must conclude your assessment with the statement: 'Thus, the correct answer is: X', where 'X' is simply the letter corresponding to the answer option you've determined to be correct.","B.When the universe was less than 1.5 billion years old, some stars had already formed.",1
AGIEval,Civil Service Examination,LogiQA-en,MC,Civil Service Examination-LogiQA-en-268,N.A.,"After winning the Nobel Prize in Literature, Marquez could actually write a compact and fascinating story such as ""A Man's Homicide Case"".A truly tragic work is really surprising.
Question: The assumptions relied upon by the above comments are?

Choices:
A. Before winning the Nobel Prize in Literature, Marquez wrote many outstanding works.
B. After the writer has won the Nobel Prize in Literature, all his works will be surprising.
C. After Marquez won the Bell Prize in Literature, his works are still quite fascinating.
D. After winning the Nobel Prize in Literature, writers can hardly write fascinating works.
","After winning the Nobel Prize in Literature, Marquez could actually write a compact and fascinating story such as ""A Man's Homicide Case"".A truly tragic work is really surprising.
Question: The assumptions relied upon by the above comments are?

Choices:
A. Before winning the Nobel Prize in Literature, Marquez wrote many outstanding works.
B. After the writer has won the Nobel Prize in Literature, all his works will be surprising.
C. After Marquez won the Bell Prize in Literature, his works are still quite fascinating.
D. After winning the Nobel Prize in Literature, writers can hardly write fascinating works.

Let's think step by step before providing your final answer. However, you must conclude your assessment with the statement: 'Thus, the correct answer is: X', where 'X' is simply the letter corresponding to the answer option you've determined to be correct.","D.After winning the Nobel Prize in Literature, writers can hardly write fascinating works.",1
AGIEval,Civil Service Examination,LogiQA-en,MC,Civil Service Examination-LogiQA-en-442,N.A.,"In the past 100 years, in the Dali Lake area, a long-term drought has shrunk a lot of grassy wetlands into saline land.The grassy wetland is where ducks, geese and other species of waterbirds nest and hatch.However, with the continuous shrinkage of the wetlands, the average rate of decline in the number of red ducks in this area is far lower than the average rate of decline in the number of swans.
Question: If which of the following statements is true, gives the best explanation for the inconsistency above?

Choices:
A. Red ducks hatch 8 to 10 eggs per nest, and swans hatch 2 to 3 eggs per nest.The survival rate is about the same.
B. The strengthening of environmental protection measures has slowed down the average decline in the number of red ducks, swans and other species of waterbirds.
C. Both red ducks and swans are migratory birds, and red ducks are more likely to be killed during the migration process.
D. In addition to the wetlands, red ducks gradually learned to nest in tree caves and cliff caves, but swan failed to do so.
","In the past 100 years, in the Dali Lake area, a long-term drought has shrunk a lot of grassy wetlands into saline land.The grassy wetland is where ducks, geese and other species of waterbirds nest and hatch.However, with the continuous shrinkage of the wetlands, the average rate of decline in the number of red ducks in this area is far lower than the average rate of decline in the number of swans.
Question: If which of the following statements is true, gives the best explanation for the inconsistency above?

Choices:
A. Red ducks hatch 8 to 10 eggs per nest, and swans hatch 2 to 3 eggs per nest.The survival rate is about the same.
B. The strengthening of environmental protection measures has slowed down the average decline in the number of red ducks, swans and other species of waterbirds.
C. Both red ducks and swans are migratory birds, and red ducks are more likely to be killed during the migration process.
D. In addition to the wetlands, red ducks gradually learned to nest in tree caves and cliff caves, but swan failed to do so.

Let's think step by step before providing your final answer. However, you must conclude your assessment with the statement: 'Thus, the correct answer is: X', where 'X' is simply the letter corresponding to the answer option you've determined to be correct.","D.In addition to the wetlands, red ducks gradually learned to nest in tree caves and cliff caves, but swan failed to do so.",1
AGIEval,Civil Service Examination,LogiQA-en,MC,Civil Service Examination-LogiQA-en-500,N.A.,"After all the cold dishes at the banquet at one table were served, there were 7 hot dishes.Among them, three Sichuan dishes? K, L, M? three Cantonese dishes? Q, N, P? one Shandong dish? X.Only one hot dish can be served at a time, and the order of serving must meet the following conditions? (1) Cannot serve Sichuan cuisine or Cantonese cuisine continuously.(2) Unless the second is on Q, P cannot be on before Q.(3) P must be on before X.(4) M must be on before K, and K must be on before N.
Question: Which of the following may be true?

Choices:
A. The second on P
B. The third on N
C. The second on K
D. Second on L
","After all the cold dishes at the banquet at one table were served, there were 7 hot dishes.Among them, three Sichuan dishes? K, L, M? three Cantonese dishes? Q, N, P? one Shandong dish? X.Only one hot dish can be served at a time, and the order of serving must meet the following conditions? (1) Cannot serve Sichuan cuisine or Cantonese cuisine continuously.(2) Unless the second is on Q, P cannot be on before Q.(3) P must be on before X.(4) M must be on before K, and K must be on before N.
Question: Which of the following may be true?

Choices:
A. The second on P
B. The third on N
C. The second on K
D. Second on L

Let's think step by step before providing your final answer. However, you must conclude your assessment with the statement: 'Thus, the correct answer is: X', where 'X' is simply the letter corresponding to the answer option you've determined to be correct.",D.Second on L,1
AGIEval,Civil Service Examination,LogiQA-en,MC,Civil Service Examination-LogiQA-en-113,N.A.,"There is an authoritative public opinion polling agency that investigates the causes of the terrorist attacks on September 11, and found that 40% of the people believed that they were caused by unfair foreign policy of the United States, and 55% It is believed that it is due to the conflict between Islamic civilization and Western civilization.23% of people believe that it is due to the evil nature of terrorists, and 19% of them did not express their views.
Question: Which of the following best explains the contradictory statement above?

Choices:
A. The sampling of the survey sample is not random and therefore not representative.
B. Some respondents later changed their views.
C. Many investigators believe that the causes of the ""September 11"" terrorist attacks were not single but compound.
D. There are technical errors in the calculation of the investigation results.
","There is an authoritative public opinion polling agency that investigates the causes of the terrorist attacks on September 11, and found that 40% of the people believed that they were caused by unfair foreign policy of the United States, and 55% It is believed that it is due to the conflict between Islamic civilization and Western civilization.23% of people believe that it is due to the evil nature of terrorists, and 19% of them did not express their views.
Question: Which of the following best explains the contradictory statement above?

Choices:
A. The sampling of the survey sample is not random and therefore not representative.
B. Some respondents later changed their views.
C. Many investigators believe that the causes of the ""September 11"" terrorist attacks were not single but compound.
D. There are technical errors in the calculation of the investigation results.

Let's think step by step before providing your final answer. However, you must conclude your assessment with the statement: 'Thus, the correct answer is: X', where 'X' is simply the letter corresponding to the answer option you've determined to be correct.","C.Many investigators believe that the causes of the ""September 11"" terrorist attacks were not single but compound.",1
AGIEval,Civil Service Examination,LogiQA-en,MC,Civil Service Examination-LogiQA-en-180,N.A.,"Compared with us, people who lived a century ago have far fewer recreational projects.Therefore, they like reading more than we do today.
Question: Which of the following statements is true, which weakens the argument most strongly?

Choices:
A. Many books published a century ago have poor literacy.
B. The number of books sold today is much greater than it was a century ago.
C. One of the more popular recreational projects is playing mahjong.
D. On average, people who lived a century ago have far less leisure time than people who are now.
","Compared with us, people who lived a century ago have far fewer recreational projects.Therefore, they like reading more than we do today.
Question: Which of the following statements is true, which weakens the argument most strongly?

Choices:
A. Many books published a century ago have poor literacy.
B. The number of books sold today is much greater than it was a century ago.
C. One of the more popular recreational projects is playing mahjong.
D. On average, people who lived a century ago have far less leisure time than people who are now.

Let's think step by step before providing your final answer. However, you must conclude your assessment with the statement: 'Thus, the correct answer is: X', where 'X' is simply the letter corresponding to the answer option you've determined to be correct.","D.On average, people who lived a century ago have far less leisure time than people who are now.",1
AGIEval,Civil Service Examination,LogiQA-en,MC,Civil Service Examination-LogiQA-en-592,N.A.,"A music producer is recording 7 albums one after another? F, G, H, J, K, L and M, but it is not necessary to record in this order.When arranging the sequence of recording these 7 albums, the following conditions must be met? (l) F must be ranked second.(2) J cannot be ranked seventh.(3) G can neither be directly in front of H nor immediately after H.(4) H must be somewhere in front of L.(5) L must be somewhere before M.
Question: Which of the following can be the order of recording these 7 records from 1 to 7?

Choices:
A. F, K, G, L, H, J, M
B. G, F, H, K, L, J, M
C. G, F, H, K, L, M, J
D. K, F, G, H, J, L, M
","A music producer is recording 7 albums one after another? F, G, H, J, K, L and M, but it is not necessary to record in this order.When arranging the sequence of recording these 7 albums, the following conditions must be met? (l) F must be ranked second.(2) J cannot be ranked seventh.(3) G can neither be directly in front of H nor immediately after H.(4) H must be somewhere in front of L.(5) L must be somewhere before M.
Question: Which of the following can be the order of recording these 7 records from 1 to 7?

Choices:
A. F, K, G, L, H, J, M
B. G, F, H, K, L, J, M
C. G, F, H, K, L, M, J
D. K, F, G, H, J, L, M

Let's think step by step before providing your final answer. However, you must conclude your assessment with the statement: 'Thus, the correct answer is: X', where 'X' is simply the letter corresponding to the answer option you've determined to be correct.","B.G, F, H, K, L, J, M",1
AGIEval,Civil Service Examination,LogiQA-en,MC,Civil Service Examination-LogiQA-en-533,N.A.,"Judges in some states of the United States are elected.Elections usually require financial support from interest groups, which may directly or indirectly affect judicial justice.A study showed that in cases where the party involved was its own campaign sponsor, 65% of the judges of the Supreme Court of Louisiana supported the campaign sponsor.This shows that there is a correlation between the campaign funding granted to the judge and the judgment in favor of the sponsor.
Question: Which of the following statements best points out the problems in the above argument?

Choices:
A. The argument improperly presupposes that in a case where the party involved is a campaign sponsor, the proportion of judgments supporting the sponsor should not exceed 50%.
B. The argument failed to explain the impact of the amount of campaign funding on the judgment.
C. The argument ignores the fact that under the circumstances that campaign funding and judicial decisions are completely transparent, the media's supervision of justice is everywhere.
D. The argument does not give the proportion of campaign sponsors among all involved parties.
","Judges in some states of the United States are elected.Elections usually require financial support from interest groups, which may directly or indirectly affect judicial justice.A study showed that in cases where the party involved was its own campaign sponsor, 65% of the judges of the Supreme Court of Louisiana supported the campaign sponsor.This shows that there is a correlation between the campaign funding granted to the judge and the judgment in favor of the sponsor.
Question: Which of the following statements best points out the problems in the above argument?

Choices:
A. The argument improperly presupposes that in a case where the party involved is a campaign sponsor, the proportion of judgments supporting the sponsor should not exceed 50%.
B. The argument failed to explain the impact of the amount of campaign funding on the judgment.
C. The argument ignores the fact that under the circumstances that campaign funding and judicial decisions are completely transparent, the media's supervision of justice is everywhere.
D. The argument does not give the proportion of campaign sponsors among all involved parties.

Let's think step by step before providing your final answer. However, you must conclude your assessment with the statement: 'Thus, the correct answer is: X', where 'X' is simply the letter corresponding to the answer option you've determined to be correct.",D.The argument does not give the proportion of campaign sponsors among all involved parties.,1
AGIEval,Civil Service Examination,LogiQA-en,MC,Civil Service Examination-LogiQA-en-526,N.A.,"Recently, Fonterra Dairy Group of New Zealand reported to the government that one of its raw material samples contained botulinum.In fact, New Zealand and China do not include botulinum in milk powder testing projects, and there are no reports of pathogenic products.Fonterra's exposure of its ugliness may be due to the moral conscience of the company, or it may be concerned about punishment, because in New Zealand, if the company cannot deal with food safety issues in time, it will be severely punished.This shows that Fonterra's self-exposure is not really out of moral conscience.
Question: Which of the following reasoning has the same logical error as the above reasoning?

Choices:
A. Fish and bear paws can't have both.
B. The offender is either A or B.It has been found that the perpetrator is A.so the perpetrator is not B.
C. If one is immersed in worldly life, one cannot become a philosopher.Therefore, if you want to be a philosopher, you should give up the lifestyle of ordinary people.
D. Food and clothing are enough to know honor and shame.
","Recently, Fonterra Dairy Group of New Zealand reported to the government that one of its raw material samples contained botulinum.In fact, New Zealand and China do not include botulinum in milk powder testing projects, and there are no reports of pathogenic products.Fonterra's exposure of its ugliness may be due to the moral conscience of the company, or it may be concerned about punishment, because in New Zealand, if the company cannot deal with food safety issues in time, it will be severely punished.This shows that Fonterra's self-exposure is not really out of moral conscience.
Question: Which of the following reasoning has the same logical error as the above reasoning?

Choices:
A. Fish and bear paws can't have both.
B. The offender is either A or B.It has been found that the perpetrator is A.so the perpetrator is not B.
C. If one is immersed in worldly life, one cannot become a philosopher.Therefore, if you want to be a philosopher, you should give up the lifestyle of ordinary people.
D. Food and clothing are enough to know honor and shame.

Let's think step by step before providing your final answer. However, you must conclude your assessment with the statement: 'Thus, the correct answer is: X', where 'X' is simply the letter corresponding to the answer option you've determined to be correct.",B.The offender is either A or B.It has been found that the perpetrator is A.so the perpetrator is not B.,1
AGIEval,Civil Service Examination,LogiQA-en,MC,Civil Service Examination-LogiQA-en-374,N.A.,"A chemical plant that produces an insecticide that can make small mammals such as otters infertile.After the factory started to operate, the incidence of infertility of an otter living in a nearby river increased rapidly.Therefore, this factory must have polluted the river water when producing pesticides.
Question: Which of the following statements contains the reasoning errors most similar to the ones above?

Choices:
A. A low-calcium diet can lead to decreased egg production in poultry.After the chickens on a farm were released for food in spring, their egg production decreased significantly.Therefore, the calcium content of the food they find and ingest must be very low.
B. The bacteria that cause tetanus survive in the digestive tract of horses.Tetanus is a highly contagious disease.Therefore, horses must be more susceptible to tetanus than most other animals.
C. Malnourished animals are easily infected with diseases, and animals in big city zoos are not malnourished.Therefore, they are definitely not easily infected.
D. The ape is characterized by a reversed thumb and no tail.Recently, a fossil remnant of an unknown animal has been discovered.Because this animal has a reversible thumb, it must be an ape.
","A chemical plant that produces an insecticide that can make small mammals such as otters infertile.After the factory started to operate, the incidence of infertility of an otter living in a nearby river increased rapidly.Therefore, this factory must have polluted the river water when producing pesticides.
Question: Which of the following statements contains the reasoning errors most similar to the ones above?

Choices:
A. A low-calcium diet can lead to decreased egg production in poultry.After the chickens on a farm were released for food in spring, their egg production decreased significantly.Therefore, the calcium content of the food they find and ingest must be very low.
B. The bacteria that cause tetanus survive in the digestive tract of horses.Tetanus is a highly contagious disease.Therefore, horses must be more susceptible to tetanus than most other animals.
C. Malnourished animals are easily infected with diseases, and animals in big city zoos are not malnourished.Therefore, they are definitely not easily infected.
D. The ape is characterized by a reversed thumb and no tail.Recently, a fossil remnant of an unknown animal has been discovered.Because this animal has a reversible thumb, it must be an ape.

Let's think step by step before providing your final answer. However, you must conclude your assessment with the statement: 'Thus, the correct answer is: X', where 'X' is simply the letter corresponding to the answer option you've determined to be correct.","A.A low-calcium diet can lead to decreased egg production in poultry.After the chickens on a farm were released for food in spring, their egg production decreased significantly.Therefore, the calcium content of the food they find and ingest must be very low.",1
AGIEval,Civil Service Examination,LogiQA-en,MC,Civil Service Examination-LogiQA-en-463,N.A.,"A netizen? Almost no one will support proposals that damage their interests.However, according to the ""Beijing Times"" report, in the 17-day ""I offer advice on public transport price reform"" activity, most of the tens of thousands of people who participated in the event agreed to raise subway and bus fares.Let everyone pay more and like it.This result must be fake.
Question: If the following statement is true, all but one of them question the netizen's judgment?

Choices:
A. Only those who are interested in the reform of public transport pricing participate in the activity, and the statistical results only reflect the opinions of this group of people
B. People who participate in the activity rarely take the subway and bus, and raising the fare will not harm their interests
C. Some people who commute by subway and bus think that raising the fare can ease congestion during peak hours
D. Many citizens hope to increase the fare to improve the ride environment
","A netizen? Almost no one will support proposals that damage their interests.However, according to the ""Beijing Times"" report, in the 17-day ""I offer advice on public transport price reform"" activity, most of the tens of thousands of people who participated in the event agreed to raise subway and bus fares.Let everyone pay more and like it.This result must be fake.
Question: If the following statement is true, all but one of them question the netizen's judgment?

Choices:
A. Only those who are interested in the reform of public transport pricing participate in the activity, and the statistical results only reflect the opinions of this group of people
B. People who participate in the activity rarely take the subway and bus, and raising the fare will not harm their interests
C. Some people who commute by subway and bus think that raising the fare can ease congestion during peak hours
D. Many citizens hope to increase the fare to improve the ride environment

Let's think step by step before providing your final answer. However, you must conclude your assessment with the statement: 'Thus, the correct answer is: X', where 'X' is simply the letter corresponding to the answer option you've determined to be correct.",D.Many citizens hope to increase the fare to improve the ride environment,0
AGIEval,Civil Service Examination,LogiQA-en,MC,Civil Service Examination-LogiQA-en-152,N.A.,"Three Chinese students Zhang Lin, Zhao Qiang, Li Shan and three foreign students John, Jesse, and Anna went on a summer vacation.Alternative tourist destinations include Xi'an, Hangzhou, Dalian and Zhangjiajie.It is already known that? (1) each person can only go to one place; (2) wherever Chinese students go, foreign students must go; (3) where there are foreign students, Chinese students must go; (4) John went to Xi'an or Hangzhou, and Zhao Qiang went to Zhangjiajie.
Question: If the conclusion of the question is true, which two people cannot go to Hangzhou at the same time?

Choices:
A. Zhang Lin and Li Shan
B. Li Shan and Anna
C. Jesse and Anna
D. Zhang Lin and Jessie
","Three Chinese students Zhang Lin, Zhao Qiang, Li Shan and three foreign students John, Jesse, and Anna went on a summer vacation.Alternative tourist destinations include Xi'an, Hangzhou, Dalian and Zhangjiajie.It is already known that? (1) each person can only go to one place; (2) wherever Chinese students go, foreign students must go; (3) where there are foreign students, Chinese students must go; (4) John went to Xi'an or Hangzhou, and Zhao Qiang went to Zhangjiajie.
Question: If the conclusion of the question is true, which two people cannot go to Hangzhou at the same time?

Choices:
A. Zhang Lin and Li Shan
B. Li Shan and Anna
C. Jesse and Anna
D. Zhang Lin and Jessie

Let's think step by step before providing your final answer. However, you must conclude your assessment with the statement: 'Thus, the correct answer is: X', where 'X' is simply the letter corresponding to the answer option you've determined to be correct.",C.Jesse and Anna,0
AGIEval,Civil Service Examination,LogiQA-en,MC,Civil Service Examination-LogiQA-en-234,N.A.,"The money earned by the employees of an enterprise is a wage that is included in the cost, and the money earned by the boss is a profit that is not included in the cost.If the cost is high, the profit is low, and if the profit is high, the cost is low.
Question: If the above statement is true, which of the following conclusions is most strongly supported?

Choices:
A. Employees hold shares in the enterprise, and there is a conflict of interest with the boss.
B. If the employee holds shares in the enterprise, there is no conflict in the interests of the boss and the employee.
C. If the employee does not have shares in the enterprise, the boss and the employee will have conflicts of interest.
D. The boss always makes more money than the employees.
","The money earned by the employees of an enterprise is a wage that is included in the cost, and the money earned by the boss is a profit that is not included in the cost.If the cost is high, the profit is low, and if the profit is high, the cost is low.
Question: If the above statement is true, which of the following conclusions is most strongly supported?

Choices:
A. Employees hold shares in the enterprise, and there is a conflict of interest with the boss.
B. If the employee holds shares in the enterprise, there is no conflict in the interests of the boss and the employee.
C. If the employee does not have shares in the enterprise, the boss and the employee will have conflicts of interest.
D. The boss always makes more money than the employees.

Let's think step by step before providing your final answer. However, you must conclude your assessment with the statement: 'Thus, the correct answer is: X', where 'X' is simply the letter corresponding to the answer option you've determined to be correct.","C.If the employee does not have shares in the enterprise, the boss and the employee will have conflicts of interest.",1
AGIEval,Civil Service Examination,LogiQA-en,MC,Civil Service Examination-LogiQA-en-307,N.A.,"In order to alleviate the shortage of oil, China began industrializing the technology of converting corn into fuel ethanol five years ago, commonly known as ""grain to oil"", and has now become a relatively mature industry.From 2004 to 2006, China's grain harvest has been three consecutive years.This year, international oil prices have reached a new high, but the National Development and Reform Commission has notified the project to stop the production of fuel ethanol from grain.
Question: Which of the following statements, if true, can best explain the seemingly contradictory phenomenon?

Choices:
A. The ""grain to oil"" project five years ago was an initiative to digest aged grain.
B. The ""grain to oil"" project will affect China's food security, which is more important than alleviating oil shortages.
C. China has developed key technologies for producing fuel ethanol from straw.
D. In China's corn planting areas, new ethanol plants have started to compete with feed manufacturers for raw materials in recent years.
","In order to alleviate the shortage of oil, China began industrializing the technology of converting corn into fuel ethanol five years ago, commonly known as ""grain to oil"", and has now become a relatively mature industry.From 2004 to 2006, China's grain harvest has been three consecutive years.This year, international oil prices have reached a new high, but the National Development and Reform Commission has notified the project to stop the production of fuel ethanol from grain.
Question: Which of the following statements, if true, can best explain the seemingly contradictory phenomenon?

Choices:
A. The ""grain to oil"" project five years ago was an initiative to digest aged grain.
B. The ""grain to oil"" project will affect China's food security, which is more important than alleviating oil shortages.
C. China has developed key technologies for producing fuel ethanol from straw.
D. In China's corn planting areas, new ethanol plants have started to compete with feed manufacturers for raw materials in recent years.

Let's think step by step before providing your final answer. However, you must conclude your assessment with the statement: 'Thus, the correct answer is: X', where 'X' is simply the letter corresponding to the answer option you've determined to be correct.",C.China has developed key technologies for producing fuel ethanol from straw.,0
AGIEval,Civil Service Examination,LogiQA-en,MC,Civil Service Examination-LogiQA-en-318,N.A.,"A new medical technology can only be used clinically if its efficacy and safety are truly reliable.In 1998, American scientists successfully made human embryonic stem cells grow and proliferate in vitro.If this stem cell technology is combined with cloning technology, it will be able to cultivate the desired tissue cells from the patient's body cells to replace the patient's damaged cells.Treating various difficult diseases, this is called ""therapeutic cloning"".But now ""therapeutic cloning"" is still a long way from clinical use.
Question: Which of the following will be the strongest support for the above conclusion if it is true?

Choices:
A. Because ""therapeutic cloning"" involves the problem of destroying human early embryos, it has caused strong opposition from the Roman Church and the governments of the United States, France, and Germany.
B. So far, the acquisition of human embryonic stem cells has been quite difficult.
C. South Korean scholar Huang Yuxi promised to repair stem cells for a child paralyzed by a car accident, but all his research on stem cells is counterfeit.
D. Scientists are still far from clearing the mechanism of directional differentiation of human embryonic stem cells into various cells and how to prevent it from turning into cancer cells.
","A new medical technology can only be used clinically if its efficacy and safety are truly reliable.In 1998, American scientists successfully made human embryonic stem cells grow and proliferate in vitro.If this stem cell technology is combined with cloning technology, it will be able to cultivate the desired tissue cells from the patient's body cells to replace the patient's damaged cells.Treating various difficult diseases, this is called ""therapeutic cloning"".But now ""therapeutic cloning"" is still a long way from clinical use.
Question: Which of the following will be the strongest support for the above conclusion if it is true?

Choices:
A. Because ""therapeutic cloning"" involves the problem of destroying human early embryos, it has caused strong opposition from the Roman Church and the governments of the United States, France, and Germany.
B. So far, the acquisition of human embryonic stem cells has been quite difficult.
C. South Korean scholar Huang Yuxi promised to repair stem cells for a child paralyzed by a car accident, but all his research on stem cells is counterfeit.
D. Scientists are still far from clearing the mechanism of directional differentiation of human embryonic stem cells into various cells and how to prevent it from turning into cancer cells.

Let's think step by step before providing your final answer. However, you must conclude your assessment with the statement: 'Thus, the correct answer is: X', where 'X' is simply the letter corresponding to the answer option you've determined to be correct.",D.Scientists are still far from clearing the mechanism of directional differentiation of human embryonic stem cells into various cells and how to prevent it from turning into cancer cells.,1
